user_id,feature_name,usage_count,date
3583,dashboard,6.0,2024-01-15
3455,dashboard,18.0,2025-12-29
1347,export,3.0,2025-02-22
4061,ai_insights,36.0,2024-02-24
1594,export,4.0,14-05-2025
97,ai_insights,22.0,2024-06-30
4144,export,45.0,2024-07-25
4170,dashboard,1.0,21-06-2024
943,ai_insights,50.0,2025-05-27
112,reports,39.0,01/02/2025
3482,analytics,1.0,2025-11-08
1364,dashboard,29.0,24-02-2025
2895,dashboard,3.0,2024-06-04
3326,dashboard,10.0,2024-03-19
1093,ai_insights,2.0,2024-09-02
1848,analytics,28.0,2024-02-17
4548,reports,17.0,2025-10-06
2051,export,3.0,2025-04-26
40,reports,22.0,2024-09-02
1347,ai_insights,31.0,2025-10-26
1160,analytics,39.0,2025-02-03
1898,ai_insights,37.0,2024-09-13
4196,ai_insights,21.0,2024-05-06
2429,ai_insights,,2024-04-26
3253,dashboard,42.0,01/26/2025
1383,ai_insights,44.0,2024-05-19
3938,ai_insights,43.0,2025-01-06
4310,reports,32.0,2025-10-07
3703,reports,27.0,2025-01-20
4959,analytics,3.0,2024-06-20
2339,reports,42.0,2024-08-30
589,dashboard,6.0,2024-10-09
1705,reports,43.0,2025-02-02
3972,reports,22.0,2024-01-02
4203,ai_insights,26.0,2024-09-12
838,analytics,47.0,2024-07-21
2625,dashboard,37.0,2025-07-15
4940,ai_insights,2.0,2025-06-20
1443,ai_insights,6.0,2025-06-05
827,export,24.0,03/12/2025
1419,analytics,,2024-06-10
3863,reports,15.0,2024-06-01
4243,export,33.0,04/03/2025
4508,export,4.0,2024-08-22
1790,analytics,32.0,2025-09-10
3253,analytics,41.0,2024-04-13
1390,dashboard,35.0,04/13/2024
372,dashboard,12.0,2024-06-19
3227,ai_insights,35.0,2025-08-19
2769,export,49.0,2025-02-25
391,dashboard,1.0,2025-11-23
256,export,13.0,2025-04-30
3317,analytics,,2025-08-20
4456,ai_insights,44.0,2024-01-21
4044,analytics,28.0,2025-03-22
951,analytics,1.0,08/14/2025
1154,dashboard,5.0,2025-05-22
556,ai_insights,46.0,08/18/2024
3259,analytics,28.0,05/14/2025
1382,dashboard,35.0,03-02-2025
696,export,35.0,2024-04-26
2005,export,26.0,2024-01-07
1330,export,,2025-09-10
4627,ai_insights,31.0,03/11/2024
3538,reports,,2024-07-06
1538,analytics,27.0,2024-01-25
2012,export,41.0,2024-02-04
343,reports,11.0,2025-11-21
4236,ai_insights,27.0,2025-05-03
2710,dashboard,44.0,2025-06-28
2522,dashboard,43.0,2024-12-30
3688,analytics,6.0,11/11/2024
1514,ai_insights,41.0,2024-06-13
4100,ai_insights,34.0,2024-01-12
3332,reports,20.0,12/22/2025
4852,reports,42.0,2025-10-20
3065,ai_insights,19.0,02/13/2024
1247,dashboard,25.0,2025-11-30
263,export,35.0,02/24/2025
1112,ai_insights,34.0,02/25/2025
1039,analytics,11.0,13-02-2025
2938,dashboard,25.0,2024-10-09
1223,reports,48.0,2024-02-03
439,analytics,43.0,2024-01-19
2588,reports,,2025-02-10
2855,ai_insights,48.0,2024-12-05
4030,export,46.0,2025-02-26
1903,analytics,20.0,2024-05-05
3915,export,50.0,2025-08-31
868,reports,,2025-10-23
3701,ai_insights,34.0,
4196,export,9.0,2025-10-11
2242,reports,7.0,2025-01-27
2864,dashboard,24.0,08/28/2024
2542,export,37.0,2024-03-06
4113,dashboard,18.0,2025-01-16
1670,reports,16.0,2024-05-20
1134,ai_insights,21.0,2024-03-01
4143,reports,3.0,2025-12-16
272,dashboard,6.0,2024-07-29
3388,ai_insights,33.0,2025-04-07
3482,reports,2.0,2025-07-07
3374,export,37.0,2025-01-01
3506,reports,39.0,2024-04-18
1444,ai_insights,22.0,04/17/2025
3998,reports,9.0,2024-04-10
980,dashboard,35.0,2025-04-09
837,analytics,31.0,2025-12-19
3934,analytics,26.0,2024-02-14
1511,ai_insights,17.0,2025-02-17
2109,dashboard,37.0,2025-12-22
322,analytics,22.0,2025-05-07
3957,export,15.0,2024-08-07
4863,export,9.0,2024-02-11
1997,reports,1.0,2024-08-01
324,export,39.0,04/27/2025
820,dashboard,32.0,
3720,reports,38.0,2024-09-29
999,dashboard,4.0,2025-02-18
4185,dashboard,30.0,2025-03-03
4509,reports,43.0,2025-02-19
1344,reports,21.0,2025-03-16
4437,analytics,50.0,2024-02-21
4005,analytics,49.0,16-02-2024
2529,analytics,12.0,2024-10-05
1402,analytics,4.0,2024-04-14
425,export,25.0,2025-11-06
2811,analytics,12.0,2025-07-30
4174,ai_insights,25.0,2025-07-18
2057,reports,19.0,08/13/2024
4487,analytics,17.0,2024-07-16
4649,dashboard,39.0,2024-06-10
3960,analytics,25.0,2024-07-22
1995,reports,25.0,05/05/2025
461,export,30.0,2024-06-13
3738,ai_insights,46.0,2025-08-24
1515,ai_insights,42.0,2024-04-10
4732,ai_insights,29.0,2025-03-07
1522,ai_insights,23.0,2024-09-14
4232,reports,45.0,2024-09-22
1453,dashboard,37.0,2025-01-24
764,analytics,18.0,07/23/2025
3330,export,4.0,2025-10-01
1231,analytics,2.0,2024-04-28
3513,dashboard,32.0,2024-08-07
4672,dashboard,31.0,2024-05-01
482,ai_insights,31.0,2024-01-04
2564,reports,10.0,2025-10-20
18,export,24.0,2025-04-24
4847,reports,15.0,2024-12-02
3288,export,3.0,2025-06-17
4294,dashboard,39.0,
2658,ai_insights,19.0,2024-10-07
2611,dashboard,1.0,2024-03-02
3430,analytics,25.0,2025-02-28
558,export,5.0,2024-12-26
932,ai_insights,19.0,2024-02-17
2524,dashboard,27.0,2025-02-12
687,dashboard,3.0,2025-05-25
4023,export,32.0,
2552,reports,13.0,2025-09-12
4170,ai_insights,,2024-06-24
2623,ai_insights,49.0,2025-09-27
1732,dashboard,34.0,09/06/2024
1676,analytics,20.0,2024-06-20
2141,ai_insights,30.0,2025-12-24
2508,dashboard,34.0,2024-01-08
3979,dashboard,29.0,12/16/2025
2948,ai_insights,36.0,08/28/2024
4539,dashboard,13.0,2024-08-18
408,dashboard,5.0,2025-04-07
282,reports,26.0,2024-06-16
2844,ai_insights,29.0,2024-02-29
442,export,37.0,
4719,analytics,42.0,12/30/2025
3580,export,23.0,2024-11-09
4356,dashboard,9.0,2024-11-07
2767,analytics,14.0,2025-11-22
3004,ai_insights,3.0,2024-04-27
3575,reports,14.0,2025-05-10
2481,analytics,2.0,2024-03-26
1337,dashboard,,2024-03-23
856,export,36.0,2025-03-01
613,export,,2025-04-05
4422,export,16.0,
2361,analytics,28.0,16-01-2025
2621,analytics,12.0,2025-12-23
2722,analytics,19.0,2024-04-13
2685,analytics,21.0,2024-10-18
3466,analytics,2.0,
3324,dashboard,10.0,2025-08-07
4419,ai_insights,27.0,2025-04-04
3083,export,43.0,10/27/2025
1765,dashboard,26.0,03/08/2025
1796,dashboard,25.0,2024-12-03
1969,export,32.0,02/13/2025
732,ai_insights,19.0,2025-08-25
4387,ai_insights,47.0,02/12/2025
3366,dashboard,7.0,2024-10-09
3378,export,30.0,2025-05-09
4952,analytics,23.0,2025-11-15
4762,reports,2.0,2025-08-30
195,analytics,23.0,2025-09-09
3083,analytics,14.0,2025-05-21
758,ai_insights,4.0,2024-10-28
1306,dashboard,49.0,2024-03-27
4452,dashboard,43.0,2025-03-13
3652,ai_insights,6.0,2024-09-30
3394,ai_insights,14.0,2025-11-26
2568,dashboard,12.0,2025-06-09
455,dashboard,31.0,05-03-2024
1892,ai_insights,1.0,2024-01-25
3752,analytics,6.0,2024-11-20
3027,reports,7.0,2025-03-26
2186,analytics,30.0,04/02/2025
2217,ai_insights,13.0,2024-12-18
1514,ai_insights,4.0,2024-10-12
745,analytics,8.0,2025-01-02
3117,ai_insights,6.0,2024-07-10
605,reports,3.0,2025-02-04
3048,ai_insights,14.0,2024-09-22
1133,ai_insights,16.0,2024-01-01
2622,reports,22.0,2024-09-01
4344,dashboard,6.0,2024-01-05
3832,dashboard,19.0,2025-04-29
3087,dashboard,26.0,2025-01-13
2879,reports,15.0,2024-09-30
925,dashboard,4.0,01/08/2025
2641,reports,8.0,2025-09-25
2801,dashboard,19.0,2025-08-07
3225,dashboard,36.0,09/02/2024
1151,ai_insights,39.0,2025-08-26
2192,reports,42.0,17-07-2025
2513,reports,35.0,2025-02-06
640,export,27.0,2024-10-21
4591,dashboard,36.0,2024-04-23
3055,dashboard,41.0,2025-04-06
3669,dashboard,27.0,2025-10-23
1772,reports,39.0,2024-04-06
4982,reports,21.0,2025-01-26
4246,dashboard,1.0,06/10/2025
545,reports,33.0,2024-11-13
1640,ai_insights,42.0,12/28/2025
1595,dashboard,25.0,2025-11-06
4585,analytics,40.0,
2839,export,7.0,2025-12-20
4150,dashboard,48.0,2025-02-18
2010,analytics,26.0,2024-08-03
331,analytics,5.0,09/04/2025
2544,analytics,47.0,2024-09-11
2945,export,50.0,10/01/2025
3876,export,42.0,14-07-2024
882,analytics,35.0,2024-10-29
3156,dashboard,2.0,2025-06-18
4680,export,2.0,09/30/2024
3574,reports,41.0,2025-05-06
4983,reports,50.0,2024-01-31
3407,reports,12.0,2025-09-13
3102,export,46.0,2025-06-22
294,ai_insights,18.0,2025-07-01
4098,export,5.0,01/22/2025
134,export,17.0,2025-11-15
2638,export,17.0,2025-06-24
610,export,40.0,2024-11-06
4726,dashboard,36.0,2025-06-15
4551,analytics,43.0,
2491,export,22.0,2025-10-27
4502,reports,41.0,2025-03-03
3359,reports,43.0,2025-03-24
465,analytics,16.0,08/25/2024
3231,reports,,2024-10-06
3085,export,40.0,31-01-2025
3540,reports,50.0,2025-04-18
3623,dashboard,25.0,2024-09-03
1379,analytics,23.0,10/06/2025
1544,ai_insights,12.0,2025-05-18
2667,analytics,9.0,2024-12-31
15,reports,27.0,2024-07-08
4722,ai_insights,1.0,2025-01-29
4737,export,9.0,2025-03-26
4577,analytics,6.0,2024-10-04
1062,ai_insights,18.0,2024-12-19
4542,dashboard,50.0,2025-06-29
2575,dashboard,20.0,2024-12-21
893,dashboard,2.0,12/09/2025
362,reports,37.0,2025-01-27
1106,export,37.0,04/18/2025
4646,dashboard,44.0,
2271,reports,13.0,02/01/2024
1428,dashboard,20.0,05/17/2024
2491,ai_insights,43.0,2024-05-04
3079,export,2.0,2024-09-10
3941,reports,20.0,22-12-2024
2011,ai_insights,13.0,02/11/2025
3656,reports,32.0,2024-09-29
846,ai_insights,,03/19/2025
2290,dashboard,10.0,2025-04-05
3919,analytics,4.0,2025-02-03
3938,ai_insights,5.0,2025-06-18
3201,analytics,13.0,2024-08-22
1129,ai_insights,46.0,2024-06-27
1663,ai_insights,28.0,12/29/2025
2655,reports,24.0,2025-05-04
2214,dashboard,14.0,2025-09-02
4948,export,3.0,04/08/2024
1795,reports,20.0,09/05/2024
1249,analytics,14.0,2025-05-25
4611,export,10.0,2025-03-04
4956,reports,34.0,2025-11-04
3035,dashboard,46.0,2024-11-13
4463,reports,27.0,2024-11-21
3311,export,31.0,
673,analytics,22.0,2024-02-03
4051,analytics,42.0,2024-08-21
3000,ai_insights,28.0,2025-10-12
2426,reports,7.0,2025-08-28
1313,analytics,14.0,2024-08-27
3487,reports,42.0,
4868,analytics,46.0,07/23/2024
1760,ai_insights,20.0,2025-12-11
1872,dashboard,27.0,2024-05-06
4977,export,19.0,08/21/2024
3179,ai_insights,12.0,2024-07-05
1756,analytics,43.0,2025-01-01
2160,reports,6.0,2024-03-09
1558,analytics,1.0,2024-12-25
4255,export,39.0,03-01-2024
2748,reports,34.0,2025-10-11
4167,reports,43.0,2024-07-11
1761,dashboard,30.0,2024-07-18
3464,ai_insights,16.0,2025-01-17
3262,dashboard,36.0,04/09/2025
4345,export,24.0,2024-06-17
3296,analytics,49.0,2025-03-15
3394,dashboard,42.0,2024-09-23
17,analytics,35.0,2024-12-02
2946,analytics,38.0,2024-08-06
2342,ai_insights,22.0,
3840,ai_insights,3.0,2025-08-20
4977,dashboard,38.0,
192,reports,24.0,01/31/2024
2937,ai_insights,43.0,2025-03-17
3477,reports,7.0,2025-02-28
1236,export,40.0,2025-06-02
4934,reports,37.0,2025-09-26
114,analytics,9.0,12/12/2025
2447,reports,46.0,2025-05-03
90,reports,32.0,
2626,analytics,49.0,2025-12-20
4029,reports,41.0,2025-02-08
4637,dashboard,32.0,2024-03-02
4905,ai_insights,39.0,2024-01-04
3093,dashboard,27.0,03/10/2024
4704,reports,49.0,2025-08-19
4064,dashboard,18.0,16-05-2025
2796,export,31.0,2025-01-03
2600,export,7.0,22-04-2025
282,reports,4.0,2024-01-16
688,export,46.0,04/30/2024
1923,export,24.0,2024-10-30
1889,dashboard,9.0,2024-05-02
1258,export,42.0,06/19/2025
1101,reports,44.0,2024-12-18
2918,reports,12.0,2025-06-09
2752,analytics,16.0,2025-12-19
1222,ai_insights,42.0,2025-12-22
1475,analytics,32.0,2025-12-29
2779,reports,1.0,10/20/2025
232,analytics,18.0,2024-05-13
1426,export,44.0,2025-10-12
916,export,29.0,05/17/2025
4766,ai_insights,28.0,03/04/2025
3274,analytics,31.0,09/05/2024
2839,dashboard,4.0,2024-06-17
1327,export,27.0,2024-05-31
3122,ai_insights,21.0,2024-08-14
2558,dashboard,1.0,2024-03-04
2468,dashboard,46.0,02/01/2025
4008,ai_insights,24.0,2025-03-03
923,ai_insights,16.0,2025-03-28
4842,ai_insights,36.0,2024-08-25
2396,analytics,36.0,2024-07-02
3307,dashboard,50.0,2024-12-07
3144,reports,45.0,2024-03-09
4202,reports,15.0,29-05-2024
4592,export,,10/31/2025
3666,analytics,29.0,05/10/2025
4757,analytics,44.0,06-03-2025
795,analytics,28.0,2024-09-27
3964,export,1.0,2024-01-13
296,ai_insights,42.0,2024-02-29
3893,ai_insights,18.0,2024-09-27
720,dashboard,23.0,2025-12-29
4392,dashboard,44.0,2024-08-13
2175,analytics,14.0,2024-07-22
4361,dashboard,8.0,
2047,analytics,34.0,12/27/2025
2769,dashboard,,2024-08-11
1283,export,27.0,2024-01-23
2872,export,32.0,2024-04-01
181,analytics,13.0,
2820,export,15.0,2025-11-23
3368,reports,27.0,2024-02-19
3896,analytics,8.0,2025-07-05
2881,ai_insights,23.0,2024-08-13
4296,analytics,25.0,2025-10-21
2073,export,17.0,09/04/2025
2379,dashboard,8.0,2025-05-20
33,reports,13.0,2024-05-16
4031,reports,5.0,10/03/2025
509,export,42.0,2024-10-08
435,ai_insights,29.0,2024-03-17
1648,dashboard,28.0,2025-05-11
2228,dashboard,46.0,2025-11-24
2484,analytics,,2024-01-25
1650,analytics,20.0,
3657,export,26.0,2025-09-02
3073,ai_insights,47.0,12/26/2024
4322,dashboard,23.0,2024-06-06
3861,reports,39.0,2025-07-14
3096,dashboard,2.0,23-01-2025
2579,reports,33.0,03/01/2025
3133,reports,14.0,06/24/2024
2160,dashboard,21.0,2025-11-15
444,dashboard,10.0,2024-04-14
4732,reports,31.0,2024-06-22
2202,export,35.0,2025-10-20
127,export,3.0,2025-05-15
2567,analytics,10.0,2025-09-03
2024,ai_insights,16.0,2025-03-04
2360,dashboard,36.0,2025-05-03
1008,analytics,20.0,12/03/2024
1525,ai_insights,11.0,05/29/2025
94,dashboard,31.0,2024-01-13
3528,analytics,31.0,2025-08-05
3557,ai_insights,30.0,10/09/2025
4497,dashboard,18.0,09/05/2024
4680,analytics,19.0,12/05/2025
4012,analytics,26.0,2025-06-07
192,ai_insights,7.0,2024-09-17
414,analytics,40.0,2025-02-12
1259,reports,25.0,2025-11-06
1552,ai_insights,40.0,10/10/2025
3332,ai_insights,15.0,2025-12-27
2389,analytics,11.0,2025-05-03
546,analytics,33.0,2024-06-28
4862,reports,40.0,2024-08-27
3816,export,16.0,2024-12-09
269,ai_insights,12.0,2025-05-14
875,analytics,16.0,2024-09-20
539,dashboard,27.0,2025-04-03
456,export,6.0,2024-09-17
937,dashboard,36.0,04/08/2025
3882,analytics,30.0,04/22/2025
925,dashboard,9.0,2025-10-06
2302,analytics,23.0,2024-08-30
3728,export,9.0,2024-08-28
1259,ai_insights,20.0,2025-01-11
181,export,11.0,2025-06-01
3562,export,40.0,2025-11-11
714,reports,13.0,2024-04-19
4105,dashboard,38.0,2025-04-27
1793,export,49.0,2025-08-11
4385,reports,50.0,2024-03-23
1119,ai_insights,29.0,2024-02-10
4986,export,,2025-11-19
789,reports,22.0,
2256,ai_insights,11.0,2024-07-02
61,dashboard,7.0,11/27/2025
3867,dashboard,23.0,2024-05-02
1765,reports,12.0,2025-02-21
3519,export,28.0,08/02/2024
2496,analytics,36.0,2025-09-29
2479,dashboard,39.0,2024-05-30
3459,analytics,42.0,2024-12-28
4502,dashboard,10.0,2025-04-17
4693,dashboard,20.0,06/10/2025
3357,reports,49.0,2024-05-23
1603,reports,24.0,2024-06-23
3797,reports,2.0,2025-09-28
4969,analytics,20.0,03/25/2024
417,export,47.0,2024-01-07
4455,export,37.0,2025-06-15
2857,ai_insights,15.0,2024-03-31
1147,ai_insights,44.0,2024-02-27
4784,analytics,33.0,10/02/2025
2534,analytics,44.0,2025-08-15
4311,analytics,13.0,2025-06-12
4278,ai_insights,11.0,2024-06-11
1559,ai_insights,48.0,2025-10-10
2241,analytics,20.0,2024-09-04
1685,dashboard,45.0,01/08/2025
1440,ai_insights,,2024-11-01
2413,analytics,41.0,2025-02-09
2081,export,26.0,2025-01-24
1105,analytics,41.0,2025-12-12
582,reports,40.0,2024-10-27
2990,dashboard,46.0,30-04-2024
4103,analytics,5.0,08/01/2025
1657,analytics,17.0,2025-12-29
2041,analytics,18.0,04/19/2024
2162,ai_insights,10.0,07/25/2025
2769,analytics,13.0,2025-10-01
3944,reports,,2025-11-14
4783,export,6.0,04-12-2025
4629,ai_insights,20.0,2025-10-31
1790,analytics,5.0,2025-07-28
2415,reports,21.0,03/01/2025
288,ai_insights,28.0,05/12/2024
1439,reports,7.0,2024-05-06
822,analytics,41.0,2024-03-04
3349,ai_insights,,2024-02-25
35,analytics,9.0,2025-01-05
4119,ai_insights,48.0,2025-08-12
3754,dashboard,20.0,11/05/2024
1790,dashboard,32.0,10/04/2024
2398,analytics,23.0,2025-04-23
330,reports,8.0,10/15/2024
2885,ai_insights,23.0,2025-03-23
1407,export,45.0,2024-05-31
3709,ai_insights,37.0,2024-04-27
763,ai_insights,7.0,2025-09-29
3742,ai_insights,,12/13/2025
1735,reports,24.0,2025-05-28
390,reports,29.0,2025-03-25
3892,ai_insights,12.0,15-07-2024
4314,export,42.0,2024-08-05
4603,analytics,14.0,01-01-2025
1874,dashboard,49.0,2025-11-18
1508,reports,50.0,2024-01-21
2970,export,16.0,2024-02-09
3428,dashboard,28.0,05/04/2025
3625,ai_insights,11.0,2025-07-10
2742,ai_insights,37.0,2025-01-31
3900,ai_insights,50.0,2025-11-04
4941,reports,45.0,2025-03-29
863,reports,42.0,2025-10-01
4310,analytics,,2024-12-07
704,analytics,31.0,07/07/2025
1495,ai_insights,39.0,2025-05-05
2170,reports,39.0,29-06-2025
4335,analytics,46.0,2025-09-16
4865,reports,46.0,2025-11-25
4475,export,,2024-12-13
2794,dashboard,30.0,2024-07-26
623,analytics,4.0,2025-08-23
2713,dashboard,17.0,2025-09-16
3540,export,18.0,08-06-2025
1993,export,12.0,2025-02-28
2514,reports,42.0,2024-10-28
1862,analytics,16.0,2025-12-27
2028,analytics,12.0,2025-01-09
678,dashboard,26.0,2024-03-19
83,reports,4.0,2024-06-29
2342,ai_insights,27.0,2024-09-17
3356,reports,45.0,2024-01-24
1967,dashboard,9.0,2025-08-16
2303,ai_insights,48.0,03-06-2024
1368,dashboard,42.0,2024-07-05
3546,analytics,6.0,2025-11-06
4040,export,11.0,2024-02-03
3205,export,18.0,2024-12-26
909,analytics,30.0,2025-07-08
342,analytics,31.0,2024-04-20
546,reports,4.0,2024-05-30
4759,analytics,30.0,2024-10-01
233,dashboard,15.0,
4437,dashboard,32.0,2025-10-27
3314,export,,2024-01-22
3751,export,40.0,2024-06-30
2867,analytics,24.0,2025-11-27
4886,analytics,9.0,2024-03-23
1837,dashboard,15.0,2024-07-20
1687,export,,2025-04-04
2481,ai_insights,5.0,
4852,ai_insights,33.0,2024-04-13
3708,reports,41.0,2024-07-30
691,ai_insights,41.0,2025-12-31
4636,analytics,21.0,10/04/2025
874,export,41.0,2024-01-29
1979,reports,34.0,01-12-2025
870,export,13.0,2024-04-05
2758,analytics,,2025-05-28
2269,analytics,13.0,03/03/2024
497,analytics,20.0,2025-01-24
3018,analytics,31.0,2024-11-11
3694,analytics,35.0,06/01/2024
431,ai_insights,21.0,10/09/2024
1540,reports,10.0,2025-02-10
4462,reports,24.0,2025-05-10
3136,export,24.0,2024-08-08
3167,ai_insights,29.0,2024-10-25
943,export,46.0,2024-05-30
3059,analytics,24.0,2024-08-29
3310,export,37.0,2025-08-09
865,analytics,,2024-12-07
3314,dashboard,47.0,2025-11-14
200,reports,22.0,2024-03-19
2600,analytics,11.0,2024-01-06
1936,ai_insights,50.0,02/13/2024
364,ai_insights,20.0,2025-10-15
4073,analytics,16.0,2024-07-01
4898,ai_insights,41.0,2024-05-02
895,analytics,38.0,2024-12-22
1670,reports,31.0,2024-09-04
1777,reports,50.0,2024-06-28
3927,ai_insights,41.0,2024-02-29
626,analytics,33.0,2025-04-02
2403,reports,11.0,2025-04-26
1949,analytics,34.0,05/22/2024
4610,export,9.0,2024-11-27
2330,analytics,28.0,08/31/2024
1836,export,43.0,2025-10-13
4114,ai_insights,44.0,2024-04-17
3426,analytics,14.0,2024-12-29
3102,export,2.0,2025-01-27
23,dashboard,15.0,2025-01-28
3120,dashboard,40.0,2025-07-17
4535,export,16.0,2024-04-27
4308,dashboard,38.0,2025-07-15
3566,dashboard,25.0,2024-06-24
506,ai_insights,1.0,2024-07-27
23,ai_insights,41.0,2025-03-14
2600,ai_insights,46.0,2025-11-23
2624,dashboard,15.0,07/15/2024
72,export,43.0,2025-04-25
3470,ai_insights,4.0,2024-11-22
3452,export,22.0,2025-01-05
4567,ai_insights,44.0,2024-08-27
4974,dashboard,36.0,02-09-2025
1402,analytics,5.0,2024-01-06
4,reports,20.0,2025-12-08
2075,analytics,25.0,
3087,analytics,45.0,2024-04-07
4420,ai_insights,37.0,2024-02-24
2276,ai_insights,21.0,2025-04-15
1817,reports,35.0,2025-05-18
3836,export,38.0,2025-03-08
71,reports,12.0,2025-11-12
740,reports,41.0,
1432,reports,30.0,2025-10-21
2160,reports,46.0,2025-10-26
1193,export,32.0,2025-09-18
493,analytics,,2024-01-19
3359,reports,4.0,2024-03-31
2453,dashboard,11.0,2025-11-12
2123,analytics,7.0,2025-10-30
462,ai_insights,42.0,2024-06-08
4366,reports,17.0,2024-11-21
4434,export,49.0,2024-06-19
1736,analytics,2.0,2024-09-20
2585,ai_insights,,2025-11-21
4066,ai_insights,31.0,2025-04-26
4204,reports,9.0,2025-11-03
18,reports,48.0,02/07/2025
3938,analytics,48.0,2024-12-28
1706,reports,43.0,2025-03-06
1859,analytics,8.0,2024-06-06
1164,reports,30.0,09/22/2025
2373,ai_insights,48.0,2024-11-12
2131,ai_insights,43.0,2025-08-18
273,reports,10.0,2024-09-30
4267,analytics,38.0,2025-11-02
3350,ai_insights,36.0,2024-01-14
4800,analytics,15.0,2025-07-16
3466,reports,6.0,2024-03-28
2409,analytics,18.0,
3718,ai_insights,20.0,2025-07-08
2380,export,16.0,10/14/2024
1471,ai_insights,,2024-02-16
3782,export,24.0,03/27/2025
491,analytics,8.0,2025-08-07
4018,reports,20.0,06-07-2024
3268,reports,,01/01/2025
1945,export,48.0,2025-09-03
1057,export,6.0,2024-09-03
761,reports,45.0,08/02/2024
1615,analytics,34.0,2025-08-23
2193,ai_insights,24.0,2024-02-16
2490,ai_insights,30.0,2024-11-27
3219,reports,14.0,2025-05-24
1394,reports,32.0,
4435,ai_insights,,2025-09-13
2644,export,4.0,2024-01-29
3841,dashboard,7.0,08/28/2025
1680,export,26.0,2024-02-13
1688,dashboard,45.0,2025-10-02
2240,analytics,48.0,11/29/2024
1978,reports,,2024-06-18
3296,reports,43.0,09/15/2025
4989,ai_insights,23.0,2024-06-29
3768,analytics,10.0,2025-01-15
4959,export,45.0,2025-08-24
783,dashboard,37.0,10/09/2025
4929,export,38.0,08/22/2025
1905,export,20.0,2024-03-03
1420,ai_insights,5.0,2024-04-04
2778,dashboard,29.0,2024-04-16
4107,dashboard,,2025-02-23
3004,dashboard,33.0,2024-09-10
3872,analytics,27.0,
3842,ai_insights,43.0,2025-11-22
3466,export,8.0,12/08/2025
2172,ai_insights,43.0,2024-10-05
1198,analytics,40.0,2025-02-04
1142,reports,39.0,2024-05-09
4539,reports,35.0,2025-12-13
4382,dashboard,21.0,2024-08-05
1717,analytics,41.0,2024-10-21
789,analytics,37.0,2025-04-02
4946,reports,11.0,2024-06-14
3304,ai_insights,15.0,2024-10-22
1488,ai_insights,30.0,2024-03-25
3441,analytics,6.0,2025-06-14
1191,reports,16.0,2024-02-04
2589,ai_insights,16.0,2024-03-23
3438,dashboard,20.0,2025-01-16
568,export,49.0,2024-07-06
2224,reports,46.0,2024-10-22
1312,ai_insights,43.0,
3898,export,38.0,2025-04-23
1358,analytics,2.0,2024-01-14
1349,export,7.0,2025-08-03
28,analytics,9.0,2024-04-06
2888,export,28.0,2024-11-20
3824,ai_insights,43.0,2025-06-14
481,analytics,47.0,2024-02-10
4877,analytics,18.0,07/25/2025
4564,ai_insights,16.0,2025-11-22
1298,analytics,40.0,2025-11-02
2995,ai_insights,38.0,2025-08-31
4146,dashboard,22.0,2024-10-23
3028,analytics,44.0,2024-09-17
2785,reports,6.0,2025-01-20
3925,dashboard,37.0,2024-12-10
3374,ai_insights,34.0,2024-05-01
24,analytics,28.0,11-01-2024
3036,dashboard,41.0,12/29/2024
2053,reports,,2024-09-13
3998,ai_insights,15.0,2025-05-15
3687,export,43.0,2025-04-10
1764,analytics,30.0,2024-03-15
3492,ai_insights,14.0,2025-07-21
1783,dashboard,11.0,2024-03-28
4328,reports,44.0,2025-04-25
2837,export,21.0,06/18/2024
2394,dashboard,6.0,2024-01-18
4648,export,16.0,2024-10-02
3278,analytics,47.0,2024-03-11
811,analytics,49.0,14-10-2025
571,dashboard,19.0,2024-12-12
2609,ai_insights,1.0,2025-01-22
2223,export,15.0,2024-11-30
292,analytics,11.0,
378,reports,20.0,2025-11-28
1886,ai_insights,50.0,2024-07-06
1900,export,16.0,2024-05-04
2081,ai_insights,29.0,2025-04-02
620,analytics,3.0,2024-01-11
1407,dashboard,10.0,2025-03-14
343,reports,28.0,2024-08-12
830,ai_insights,48.0,2025-02-05
1961,export,37.0,2025-12-31
461,ai_insights,49.0,03/15/2025
2268,reports,11.0,2025-06-07
3292,dashboard,,2025-05-10
4883,reports,8.0,10/14/2024
3615,dashboard,36.0,01/26/2025
1586,export,35.0,2025-03-23
2730,analytics,1.0,2025-05-25
3943,ai_insights,6.0,2025-02-19
17,export,31.0,2024-01-20
732,dashboard,50.0,2024-05-02
1340,reports,33.0,2024-10-18
787,dashboard,45.0,2025-10-16
2746,export,32.0,2025-06-18
2263,reports,45.0,2025-07-09
1576,reports,39.0,2024-04-25
4909,reports,41.0,2024-10-12
4138,analytics,41.0,2025-05-24
1862,reports,33.0,2025-08-24
3797,ai_insights,35.0,2025-04-28
4430,analytics,13.0,2024-05-12
145,analytics,12.0,30-06-2025
2171,export,26.0,2025-02-12
3187,dashboard,21.0,15-12-2025
4095,ai_insights,35.0,02/07/2024
878,export,19.0,21-02-2025
931,reports,8.0,2025-04-29
706,reports,38.0,02/24/2025
4642,analytics,21.0,2025-07-06
3137,dashboard,14.0,2025-08-26
2671,analytics,47.0,
1920,ai_insights,,25-12-2024
443,ai_insights,43.0,26-08-2025
3094,ai_insights,49.0,2024-02-05
4522,ai_insights,46.0,2025-07-01
2436,reports,39.0,2025-05-17
100,export,31.0,2025-07-02
1804,reports,14.0,2025-04-24
3365,dashboard,8.0,2025-11-30
4848,ai_insights,39.0,2025-02-04
1082,dashboard,7.0,2025-10-02
2111,dashboard,13.0,2024-01-02
1351,ai_insights,,2024-05-18
4997,analytics,42.0,2025-09-19
91,export,50.0,06/01/2024
3601,reports,48.0,2024-11-02
1911,analytics,17.0,2024-10-26
1947,dashboard,49.0,2025-11-24
689,ai_insights,44.0,2025-12-25
4189,ai_insights,7.0,2024-12-22
3388,export,,2024-04-18
1563,analytics,28.0,2024-01-10
593,export,1.0,10/03/2024
637,dashboard,26.0,2025-06-29
1360,export,42.0,29-03-2025
1929,reports,23.0,11/01/2024
3841,export,30.0,2025-09-14
3593,export,32.0,2024-08-11
1330,ai_insights,48.0,2024-03-23
3527,ai_insights,6.0,12/21/2024
933,export,44.0,2025-02-03
755,reports,14.0,2024-10-07
508,dashboard,4.0,2024-09-15
4230,export,1.0,2024-10-22
2213,ai_insights,12.0,03/08/2025
1150,dashboard,7.0,2025-11-27
2855,export,43.0,2025-05-05
1445,export,49.0,2025-05-18
3592,dashboard,11.0,2025-06-21
535,analytics,11.0,2025-06-21
1268,analytics,36.0,2024-08-01
1863,ai_insights,,2025-12-12
3445,dashboard,25.0,2025-03-12
1215,ai_insights,,07/18/2024
1602,export,4.0,2024-02-05
2342,export,6.0,2024-11-07
4756,dashboard,5.0,27-01-2024
1951,analytics,3.0,2025-03-12
3742,analytics,33.0,2024-02-09
3801,analytics,30.0,2024-06-29
4106,export,9.0,12/09/2024
700,ai_insights,22.0,2025-02-24
3977,reports,18.0,2024-12-28
3947,export,36.0,2025-10-09
4922,reports,14.0,2024-05-25
1952,dashboard,30.0,2025-03-23
1112,ai_insights,16.0,2024-02-05
2448,analytics,,2024-10-17
110,export,27.0,2025-12-11
2467,reports,4.0,2024-04-30
3317,dashboard,19.0,2025-10-02
943,ai_insights,3.0,2024-03-13
1518,dashboard,9.0,06/06/2024
3729,analytics,24.0,2024-06-11
4292,export,24.0,2024-12-09
1683,export,36.0,2025-04-08
4310,ai_insights,39.0,2025-09-01
517,dashboard,3.0,2025-02-26
2225,reports,44.0,2025-07-16
4607,reports,38.0,2025-08-30
2528,export,21.0,07/31/2025
1788,reports,33.0,2024-06-11
2945,analytics,43.0,2025-02-20
4564,analytics,16.0,2025-03-08
2937,export,46.0,2025-08-20
2422,export,36.0,10/10/2024
4581,export,15.0,2025-12-06
508,export,21.0,2025-08-23
2066,export,49.0,2024-02-23
3701,dashboard,48.0,08/18/2025
301,ai_insights,23.0,2024-09-25
3635,ai_insights,32.0,2025-10-26
3487,export,38.0,2024-05-10
706,dashboard,7.0,2025-12-29
2861,reports,36.0,2024-12-09
2619,analytics,19.0,2025-10-09
1922,ai_insights,32.0,09/21/2024
2386,analytics,19.0,2024-06-20
696,dashboard,12.0,2025-12-19
1827,ai_insights,23.0,06/18/2024
4880,analytics,44.0,2025-03-11
3694,analytics,46.0,2025-02-23
1732,ai_insights,43.0,2025-09-07
3360,export,23.0,
3316,reports,8.0,2025-07-18
2388,export,43.0,2025-03-26
4495,dashboard,4.0,2024-01-28
2450,export,45.0,21-11-2025
4035,analytics,16.0,2024-09-28
3272,dashboard,14.0,2024-04-16
2845,export,12.0,2024-02-15
4225,dashboard,,
2411,ai_insights,36.0,2025-07-12
2166,export,50.0,
2279,ai_insights,22.0,2024-11-12
2626,reports,,2025-08-15
4501,analytics,16.0,2024-11-23
4257,dashboard,25.0,2024-02-07
1912,export,21.0,01-10-2024
4199,export,,2024-04-17
1977,reports,16.0,08/19/2024
3624,dashboard,8.0,2024-08-15
1223,ai_insights,40.0,2025-07-29
1551,ai_insights,50.0,2024-11-24
457,analytics,35.0,2025-05-26
4766,analytics,36.0,2024-06-21
1836,export,6.0,2025-11-08
1719,export,44.0,2025-08-31
1525,dashboard,46.0,2025-07-18
3089,analytics,34.0,04/15/2025
2022,dashboard,4.0,12-07-2024
1959,export,5.0,09/26/2024
1877,analytics,2.0,2025-03-09
3971,analytics,50.0,2024-04-25
1445,reports,13.0,
4093,analytics,49.0,2025-07-31
3574,dashboard,6.0,2024-08-28
3787,reports,39.0,2025-11-24
4298,analytics,30.0,2025-05-08
202,dashboard,30.0,2025-10-01
1561,reports,6.0,2024-12-27
2576,analytics,32.0,2025-12-29
4791,analytics,16.0,2024-04-26
3174,reports,28.0,2025-03-03
2294,export,13.0,2024-07-06
3263,export,23.0,2025-01-29
52,export,7.0,2024-04-02
4493,analytics,49.0,2025-12-13
3435,ai_insights,25.0,2025-07-01
2921,reports,30.0,2025-07-17
3080,export,35.0,2025-08-16
1529,analytics,47.0,05-02-2024
2463,analytics,37.0,2024-04-30
2038,export,36.0,2024-01-15
1642,analytics,2.0,2025-08-04
2366,analytics,27.0,2024-12-10
4002,export,25.0,2024-11-02
980,dashboard,34.0,2024-03-01
3163,analytics,49.0,2025-07-10
613,ai_insights,33.0,2024-12-11
3103,analytics,15.0,2025-04-06
1185,ai_insights,22.0,
1632,analytics,6.0,2024-08-01
849,dashboard,16.0,2024-09-19
3863,reports,5.0,02/19/2024
3056,ai_insights,46.0,09-07-2025
4137,dashboard,37.0,2024-07-29
3835,analytics,45.0,2024-02-21
4985,export,28.0,2024-05-13
3665,dashboard,31.0,2024-02-01
1648,ai_insights,29.0,2024-11-05
3602,reports,4.0,2024-08-24
3982,reports,,2025-01-01
3068,ai_insights,,2025-06-01
2173,export,34.0,
1731,export,12.0,2024-10-26
2957,export,41.0,2024-08-23
3879,analytics,43.0,16-11-2025
573,ai_insights,48.0,12/08/2024
3792,reports,37.0,09-12-2024
1308,export,22.0,05/03/2024
3141,export,13.0,2024-10-13
392,export,25.0,2025-10-28
3471,reports,32.0,05/15/2025
2249,reports,14.0,2024-01-15
1938,ai_insights,19.0,2025-09-03
532,ai_insights,9.0,
2276,reports,25.0,2025-12-25
3757,ai_insights,44.0,2025-12-24
748,dashboard,,2025-11-15
1986,analytics,40.0,2024-11-18
934,dashboard,4.0,2024-12-31
1926,reports,15.0,18-01-2024
3,dashboard,42.0,05/22/2025
3543,analytics,40.0,2025-07-12
4913,reports,21.0,2024-10-11
2554,dashboard,19.0,08/29/2024
2044,export,44.0,2024-08-15
3488,reports,12.0,2025-06-03
368,export,36.0,2024-03-21
2818,ai_insights,24.0,2024-07-20
2992,export,22.0,2024-11-15
360,ai_insights,30.0,2024-07-23
1831,export,5.0,2025-03-04
1696,analytics,,2024-09-22
4891,dashboard,4.0,2025-06-23
1966,analytics,17.0,2025-11-03
1871,analytics,22.0,2024-05-28
3260,dashboard,9.0,2024-02-24
1635,analytics,11.0,2024-07-29
3307,ai_insights,20.0,03/01/2024
963,analytics,27.0,24-03-2025
1871,reports,17.0,10/27/2025
4677,export,36.0,06/06/2024
2652,ai_insights,41.0,2025-12-12
1710,ai_insights,23.0,2024-01-06
4054,ai_insights,24.0,2024-07-22
3459,dashboard,47.0,2025-06-02
2226,analytics,4.0,2024-12-15
4838,dashboard,24.0,2025-06-11
4196,ai_insights,12.0,2024-11-01
1858,dashboard,30.0,
4278,dashboard,,2025-09-29
1977,reports,5.0,2025-03-18
1753,dashboard,14.0,2024-02-06
1022,export,30.0,2024-06-29
1350,export,48.0,2024-12-04
58,reports,33.0,2025-11-16
84,reports,,11/26/2024
4164,ai_insights,34.0,2024-06-27
4789,ai_insights,11.0,2024-02-02
3490,ai_insights,26.0,2025-03-02
1211,analytics,15.0,2024-11-28
3898,reports,32.0,2025-01-18
4262,reports,3.0,2025-06-25
908,reports,31.0,2024-10-08
206,analytics,16.0,05-12-2024
2104,analytics,6.0,2025-03-01
3840,dashboard,49.0,2025-01-09
3470,ai_insights,27.0,2024-08-28
2393,analytics,40.0,08/20/2024
275,reports,,2024-02-02
1657,reports,41.0,2024-11-04
241,ai_insights,18.0,2025-04-10
1920,export,43.0,2024-09-23
4675,ai_insights,3.0,2024-09-28
2889,analytics,45.0,2025-06-04
4701,ai_insights,35.0,2024-02-24
28,analytics,25.0,2025-07-12
2293,dashboard,21.0,2025-09-08
3798,analytics,29.0,08/28/2024
2945,dashboard,24.0,
908,ai_insights,2.0,2025-10-07
4091,reports,2.0,2025-03-09
3713,export,29.0,2024-12-24
3715,ai_insights,,2025-11-25
4099,ai_insights,30.0,2024-09-04
2936,dashboard,11.0,06/13/2025
2194,export,49.0,2024-01-22
4600,export,43.0,2025-08-15
2710,analytics,40.0,08/23/2025
3580,analytics,31.0,2024-05-03
1875,ai_insights,24.0,07/23/2024
4422,reports,24.0,2024-12-05
4818,export,19.0,2024-10-23
3200,analytics,21.0,06/11/2024
3053,export,34.0,2025-08-30
527,analytics,49.0,2024-03-13
4086,export,49.0,
2460,export,37.0,2025-08-10
677,analytics,40.0,2024-08-07
1259,ai_insights,,2024-12-05
1203,export,44.0,2025-04-22
2106,analytics,7.0,2025-02-10
9,reports,31.0,2024-09-04
2081,analytics,6.0,2025-07-28
449,ai_insights,50.0,12/24/2024
3208,reports,17.0,2025-02-10
2935,reports,11.0,2025-06-18
3810,ai_insights,18.0,2025-12-09
2864,dashboard,1.0,06/01/2024
2111,export,5.0,2024-04-11
3047,ai_insights,23.0,2024-06-19
89,analytics,27.0,2024-11-19
3425,reports,3.0,11/23/2025
457,analytics,40.0,2025-09-04
3960,export,6.0,2025-03-29
4588,analytics,18.0,2025-04-08
1265,ai_insights,9.0,2024-11-25
377,dashboard,17.0,2025-03-15
83,dashboard,45.0,2024-04-07
4361,reports,2.0,2025-05-07
1685,export,31.0,2025-08-21
3604,reports,32.0,
1932,reports,38.0,2025-04-06
3303,analytics,14.0,2024-05-16
2994,reports,16.0,2025-12-05
4559,export,41.0,05/05/2024
1542,dashboard,39.0,2024-02-17
3897,reports,27.0,2024-09-24
4421,dashboard,15.0,2025-02-16
79,reports,12.0,
224,analytics,33.0,2025-07-15
2627,analytics,18.0,03/05/2024
4739,reports,19.0,2024-02-20
176,analytics,6.0,2024-09-16
2888,export,45.0,14-03-2024
1903,analytics,20.0,2024-12-18
3600,export,4.0,2025-07-24
1077,reports,6.0,12/07/2025
1809,ai_insights,42.0,2025-12-01
4903,export,16.0,2024-04-06
1925,analytics,25.0,2025-11-16
4696,reports,13.0,2025-09-25
4377,dashboard,19.0,2024-07-23
136,dashboard,5.0,2025-03-31
4387,export,25.0,2025-05-20
282,export,32.0,2025-05-25
3940,export,48.0,2024-12-31
1506,reports,32.0,2025-05-26
803,analytics,28.0,2024-05-02
1527,ai_insights,50.0,09-05-2024
2831,export,28.0,09/06/2025
2473,reports,48.0,2025-02-19
4260,analytics,19.0,2024-07-01
2484,ai_insights,46.0,2025-12-03
107,export,33.0,2025-03-20
3960,ai_insights,32.0,2025-03-29
1466,ai_insights,1.0,21-03-2024
1182,reports,39.0,2024-01-12
637,reports,32.0,2025-11-30
1978,analytics,37.0,10/31/2025
2001,analytics,25.0,
3403,ai_insights,38.0,2024-12-05
955,reports,4.0,2024-06-02
1647,ai_insights,,2024-11-27
4511,export,20.0,2025-12-20
2636,reports,35.0,09/28/2024
2201,analytics,10.0,2025-08-12
4058,dashboard,33.0,2024-11-05
423,export,50.0,2025-12-17
56,ai_insights,14.0,2025-08-02
1485,analytics,41.0,2024-11-16
4355,ai_insights,21.0,2024-03-18
543,analytics,8.0,2025-06-01
1152,reports,29.0,2025-01-14
1237,ai_insights,5.0,2024-10-25
675,ai_insights,47.0,2025-12-24
141,ai_insights,,2025-03-05
1822,reports,11.0,2025-08-09
454,dashboard,18.0,12/14/2024
1163,ai_insights,8.0,2024-07-07
1803,reports,5.0,2024-06-19
242,analytics,6.0,2025-11-05
3426,dashboard,43.0,2025-09-19
287,dashboard,49.0,2024-02-28
1628,analytics,30.0,2024-12-03
415,dashboard,13.0,2024-04-29
3415,dashboard,19.0,2024-02-27
4259,dashboard,16.0,2024-03-01
4437,ai_insights,19.0,2024-11-20
2901,reports,41.0,2025-12-07
522,reports,28.0,2024-10-05
3323,reports,50.0,2025-06-08
460,reports,10.0,2025-04-04
2715,analytics,24.0,2024-02-11
869,reports,22.0,03/11/2025
2903,reports,50.0,2025-01-01
3670,dashboard,30.0,2024-10-30
3543,analytics,25.0,2024-01-18
4695,export,22.0,2025-07-09
1935,analytics,24.0,2024-03-10
4762,reports,38.0,2024-01-31
4508,dashboard,17.0,11/10/2025
2445,dashboard,33.0,08/31/2024
2147,export,16.0,2024-09-03
4652,dashboard,25.0,2025-02-17
38,export,9.0,2025-01-08
2820,analytics,11.0,01/01/2025
206,ai_insights,38.0,2024-06-23
4399,ai_insights,22.0,2025-06-20
2021,dashboard,18.0,2025-12-06
520,dashboard,50.0,2025-03-06
4034,export,22.0,11/15/2024
1544,export,38.0,08-12-2025
3065,dashboard,7.0,2024-06-14
1753,analytics,8.0,08/17/2024
2635,ai_insights,15.0,2024-07-08
4474,export,16.0,2024-03-31
3641,export,,
2186,reports,15.0,01/12/2025
2170,reports,27.0,2024-04-13
3926,export,45.0,2025-06-12
1536,dashboard,37.0,2024-11-20
409,export,35.0,31-03-2025
1166,export,41.0,04/04/2024
2229,ai_insights,9.0,2024-11-18
2411,export,17.0,2025-06-23
1346,analytics,4.0,2025-05-04
3157,reports,23.0,2025-03-08
3376,dashboard,46.0,11/12/2025
4221,reports,,2024-07-20
2495,ai_insights,18.0,2024-03-18
4960,ai_insights,32.0,05/02/2025
4452,export,,2024-11-09
1461,analytics,40.0,2025-10-17
2523,reports,10.0,06/15/2024
283,analytics,8.0,2025-02-21
4714,export,45.0,05/10/2024
2967,dashboard,34.0,2024-04-07
3340,analytics,21.0,2025-02-10
1195,reports,16.0,2025-09-10
4248,export,15.0,2025-09-16
1125,ai_insights,46.0,2024-08-15
1049,dashboard,49.0,10/15/2024
1199,reports,38.0,
3757,dashboard,44.0,2025-08-26
741,reports,38.0,2024-06-05
1158,reports,23.0,2024-11-13
2160,analytics,,08/14/2024
1146,analytics,43.0,07-11-2024
625,ai_insights,36.0,2024-06-25
322,dashboard,36.0,2025-12-11
3189,reports,27.0,2024-01-04
4584,reports,16.0,
3501,dashboard,44.0,2024-10-14
3982,reports,16.0,2024-10-01
1242,analytics,7.0,07/05/2024
4090,export,21.0,2024-12-31
4824,dashboard,5.0,06/13/2025
3453,export,31.0,04/26/2025
1548,reports,39.0,10/17/2025
4100,ai_insights,,2025-10-15
588,ai_insights,6.0,2025-09-29
173,dashboard,43.0,2024-02-22
3723,export,48.0,2024-12-08
3932,ai_insights,26.0,2024-10-31
1526,export,12.0,2024-10-12
3605,reports,24.0,2024-11-08
2699,dashboard,46.0,08/25/2024
4124,analytics,1.0,2025-10-18
4047,analytics,42.0,2025-10-09
1649,analytics,24.0,08/04/2024
1152,dashboard,28.0,02/21/2025
4717,dashboard,19.0,2024-12-30
2200,dashboard,25.0,2025-10-28
4728,export,38.0,2024-06-29
3331,ai_insights,14.0,29-09-2024
4235,analytics,50.0,2024-09-29
4018,export,40.0,2024-04-19
3124,reports,47.0,04-03-2024
4129,analytics,3.0,08/23/2025
753,ai_insights,50.0,07-04-2025
657,export,46.0,2025-01-11
4392,analytics,28.0,2025-10-02
4754,export,43.0,
1324,analytics,1.0,2025-09-29
623,reports,25.0,2025-04-30
2308,analytics,36.0,2024-10-06
752,analytics,49.0,2025-12-26
1265,ai_insights,18.0,2025-01-25
4521,analytics,12.0,2024-05-29
417,reports,17.0,2024-01-02
2752,dashboard,41.0,13-04-2025
1886,reports,11.0,2025-06-22
436,ai_insights,17.0,2025-08-15
2222,ai_insights,49.0,2024-09-07
3420,reports,,2025-05-14
4194,analytics,7.0,2025-12-20
4022,dashboard,14.0,09/23/2025
231,ai_insights,7.0,2024-02-12
4431,analytics,,2024-08-05
2220,export,50.0,2025-05-11
4596,dashboard,22.0,2024-09-24
2782,dashboard,12.0,2025-04-23
4892,analytics,41.0,2025-06-07
4263,dashboard,15.0,2025-04-23
474,reports,11.0,2024-10-20
2842,analytics,,10/29/2025
3436,reports,46.0,2024-10-19
1623,reports,15.0,2024-04-29
3976,ai_insights,22.0,07/08/2025
3453,dashboard,40.0,2025-11-21
4980,analytics,5.0,2025-10-03
652,analytics,33.0,2025-05-09
1210,analytics,4.0,2024-09-02
3218,ai_insights,,2024-01-13
4667,analytics,45.0,2024-12-03
3005,analytics,47.0,09/22/2025
3591,ai_insights,19.0,2025-01-24
987,dashboard,49.0,2025-08-17
3427,export,11.0,2024-02-02
1467,analytics,29.0,2025-08-18
3504,export,14.0,2024-06-07
4060,export,7.0,2024-11-23
4247,reports,,2024-11-14
146,analytics,50.0,2024-07-24
4757,dashboard,7.0,2024-11-25
2919,export,3.0,2025-11-21
3197,export,46.0,2025-06-28
2381,reports,33.0,2025-10-07
2032,dashboard,1.0,2024-09-16
818,export,27.0,2024-04-24
1876,reports,15.0,2024-12-09
1288,ai_insights,10.0,2025-12-25
2118,export,10.0,2025-02-08
2072,reports,27.0,2025-07-09
3452,reports,19.0,2025-08-19
754,ai_insights,8.0,2024-02-20
2840,reports,30.0,2024-11-04
1142,dashboard,19.0,2025-09-25
866,reports,11.0,26-04-2024
2888,dashboard,8.0,2024-04-28
2210,export,43.0,2024-11-14
1541,export,19.0,2025-11-04
912,analytics,48.0,2025-12-06
667,reports,34.0,2024-06-08
1980,export,,2025-12-14
159,export,47.0,03/29/2025
4750,ai_insights,26.0,2025-01-24
3679,dashboard,5.0,07/15/2024
1240,dashboard,2.0,07/13/2025
2915,analytics,15.0,2025-10-30
4980,reports,26.0,
3471,analytics,47.0,2024-03-30
4116,ai_insights,16.0,2024-08-05
3442,dashboard,10.0,2024-12-22
954,dashboard,47.0,2024-01-08
2460,export,37.0,2024-05-01
2843,export,40.0,10/23/2025
1595,dashboard,14.0,
999,reports,21.0,2025-09-08
4964,ai_insights,16.0,04/23/2025
2942,analytics,50.0,2025-09-15
1944,ai_insights,37.0,2025-08-12
480,analytics,2.0,2025-10-02
259,ai_insights,14.0,11/30/2025
144,analytics,6.0,2024-03-23
2114,analytics,29.0,2025-08-19
2261,dashboard,11.0,2025-05-15
4483,reports,27.0,2025-08-02
317,reports,32.0,2025-09-30
2941,reports,35.0,2025-07-12
2521,reports,46.0,12/17/2025
763,export,2.0,02/25/2025
3773,ai_insights,23.0,2025-01-25
4816,analytics,32.0,06-01-2024
3596,analytics,48.0,2025-10-31
4821,export,12.0,2024-01-05
3475,export,35.0,11/07/2025
3890,export,36.0,2025-05-18
764,export,29.0,2024-03-01
234,export,23.0,2025-03-06
483,ai_insights,24.0,2024-09-21
1161,reports,1.0,2024-04-18
1237,ai_insights,33.0,2025-04-13
1829,analytics,35.0,2024-12-17
1355,ai_insights,25.0,2025-05-07
4053,reports,20.0,2024-10-16
1221,dashboard,22.0,2025-01-12
4258,analytics,4.0,2025-03-27
1509,export,14.0,2025-06-01
4192,export,41.0,2025-01-20
3466,ai_insights,21.0,2024-12-11
1922,dashboard,36.0,2025-01-05
1815,export,44.0,2024-11-30
1877,ai_insights,,2024-05-05
2179,dashboard,4.0,2024-12-11
4175,dashboard,7.0,12/29/2024
3914,dashboard,34.0,2025-12-10
3887,analytics,6.0,2024-03-31
457,analytics,9.0,2024-08-29
437,analytics,10.0,2024-07-12
3544,analytics,23.0,2024-11-01
3230,reports,,2024-02-28
3009,ai_insights,48.0,2024-04-11
956,dashboard,19.0,2025-12-04
1159,reports,44.0,08/24/2025
4658,reports,31.0,2024-12-20
3285,ai_insights,5.0,
1054,dashboard,26.0,2025-04-20
4135,dashboard,37.0,2025-06-21
3903,ai_insights,49.0,2025-03-05
881,reports,18.0,
346,analytics,34.0,2024-01-24
339,dashboard,44.0,07/12/2024
4622,dashboard,18.0,12/21/2024
3112,ai_insights,39.0,2025-05-25
3050,export,33.0,2024-06-30
4410,dashboard,12.0,26-06-2024
4639,export,28.0,2025-09-14
1279,export,44.0,07/18/2024
1609,ai_insights,20.0,11/08/2024
3394,analytics,25.0,2025-12-21
636,ai_insights,39.0,2025-09-05
4068,export,30.0,2024-11-14
1150,ai_insights,26.0,2024-09-09
2117,dashboard,15.0,2024-09-07
1750,export,13.0,2024-10-20
1232,analytics,,04/23/2025
4302,dashboard,21.0,2024-11-21
3529,analytics,50.0,30-10-2024
2566,ai_insights,23.0,10/18/2025
1453,analytics,24.0,01-06-2024
4471,analytics,48.0,2025-12-08
4709,reports,20.0,2024-11-22
887,export,,2025-03-23
1833,dashboard,10.0,2024-12-11
3775,dashboard,11.0,2025-10-22
1282,ai_insights,29.0,2025-07-12
4984,export,1.0,04/11/2024
4667,export,,2024-06-11
3621,analytics,20.0,2025-04-26
812,analytics,42.0,2024-05-25
4394,reports,1.0,2024-04-12
490,analytics,36.0,2025-09-26
765,ai_insights,48.0,2024-03-19
3179,reports,8.0,2025-02-21
2220,reports,35.0,10/05/2024
1857,analytics,27.0,2024-08-07
4,ai_insights,18.0,2024-10-11
1787,export,34.0,2024-05-16
677,reports,3.0,2024-03-25
3870,ai_insights,24.0,2025-04-06
4782,reports,32.0,2025-08-08
4766,reports,,2025-07-13
2234,analytics,2.0,2025-03-29
1181,analytics,27.0,2024-07-23
2926,export,50.0,2024-12-30
981,reports,22.0,2024-09-23
2891,analytics,50.0,04/03/2024
1895,analytics,18.0,
933,reports,1.0,2024-06-30
2810,reports,20.0,2025-11-07
1493,export,44.0,2024-02-13
2925,ai_insights,1.0,2024-10-29
2928,reports,46.0,2025-07-04
1102,analytics,44.0,2024-04-15
1024,analytics,41.0,2024-06-01
2535,export,15.0,05/01/2025
2922,dashboard,20.0,2024-04-27
1691,ai_insights,14.0,16-03-2025
4561,export,7.0,2024-01-15
1443,export,21.0,2024-08-02
2235,ai_insights,13.0,14-04-2025
3575,export,45.0,2024-04-02
4834,analytics,33.0,2025-11-11
3971,analytics,39.0,2025-01-24
1911,analytics,25.0,2024-04-13
2066,reports,,2024-06-05
1375,analytics,45.0,2024-11-06
4879,reports,15.0,2025-02-06
303,reports,6.0,2025-03-10
1321,analytics,17.0,2025-06-08
1901,analytics,3.0,2025-12-07
122,ai_insights,41.0,2024-01-31
2641,ai_insights,43.0,2024-09-30
653,reports,15.0,2024-07-23
2252,dashboard,35.0,2024-06-30
549,ai_insights,19.0,2025-10-20
4141,export,,2024-05-20
2443,ai_insights,33.0,2024-01-22
3952,analytics,24.0,2024-09-05
4663,export,15.0,01/29/2025
787,analytics,18.0,2024-01-22
3969,reports,30.0,2024-06-01
3441,export,44.0,2024-03-14
2203,reports,44.0,2025-04-09
159,dashboard,38.0,2024-06-15
489,analytics,25.0,2025-06-21
1744,dashboard,2.0,2024-10-25
2304,reports,43.0,2024-07-22
2745,reports,46.0,06-03-2024
1134,dashboard,12.0,2025-08-30
2182,export,12.0,2025-10-10
4611,dashboard,2.0,2025-03-18
523,analytics,32.0,07/05/2024
231,analytics,18.0,
1468,dashboard,,31-01-2024
2072,reports,31.0,2024-10-24
687,dashboard,42.0,2025-10-29
1591,analytics,25.0,2025-05-04
2340,export,,2024-09-20
1340,ai_insights,13.0,2025-09-18
4891,reports,28.0,2025-02-26
3073,analytics,10.0,2025-03-16
4823,dashboard,21.0,2025-12-09
2631,dashboard,21.0,2025-06-12
2524,analytics,10.0,03/21/2024
4383,dashboard,45.0,2024-10-16
4582,reports,9.0,2024-06-21
3705,ai_insights,,2025-07-05
2347,reports,,2025-11-20
2516,ai_insights,37.0,2024-02-23
3103,dashboard,35.0,2025-08-17
2569,analytics,26.0,2024-05-28
636,ai_insights,,2025-04-27
1469,dashboard,35.0,2025-03-02
4479,reports,4.0,2025-11-27
2519,dashboard,46.0,2024-11-11
88,ai_insights,48.0,06/05/2025
2142,ai_insights,8.0,2024-02-18
2164,ai_insights,15.0,2024-06-02
1943,reports,26.0,2024-11-04
1646,analytics,22.0,
3014,dashboard,46.0,2025-09-10
2749,analytics,35.0,2024-05-03
3732,reports,50.0,12/06/2024
4111,export,26.0,2025-05-14
3122,export,27.0,2024-06-11
4921,reports,30.0,2025-04-14
3319,reports,40.0,2024-04-01
35,export,1.0,2024-01-29
1685,export,12.0,
2408,analytics,18.0,2024-03-13
4020,ai_insights,7.0,
1750,dashboard,45.0,2025-03-18
709,dashboard,38.0,
4417,reports,2.0,2025-02-01
3331,dashboard,44.0,
2877,ai_insights,41.0,2025-09-30
3186,export,7.0,2025-06-17
3638,dashboard,21.0,2025-11-26
2310,dashboard,16.0,2024-01-23
3958,reports,6.0,09-08-2025
3162,dashboard,16.0,2025-03-08
1027,export,37.0,2024-08-04
2350,analytics,32.0,2024-08-24
2185,dashboard,12.0,2025-03-07
1062,analytics,,2024-03-26
4521,dashboard,43.0,2024-08-20
1361,export,27.0,11/28/2024
4053,ai_insights,27.0,2024-12-13
4222,analytics,43.0,2024-03-31
4565,reports,6.0,2025-12-12
3179,analytics,37.0,2025-01-29
1833,dashboard,18.0,2024-02-16
3893,reports,4.0,2024-09-15
738,dashboard,32.0,2025-02-21
2939,ai_insights,11.0,2025-04-30
4984,dashboard,30.0,
3185,reports,10.0,21-08-2025
278,ai_insights,1.0,2025-01-09
3544,analytics,19.0,2025-07-24
2091,dashboard,18.0,2025-11-17
433,export,30.0,2024-11-12
1181,analytics,,2024-03-24
2519,export,3.0,2025-09-08
3487,reports,5.0,2025-07-06
1974,analytics,18.0,2024-08-23
482,ai_insights,46.0,2025-01-31
2663,analytics,27.0,2025-12-19
2128,export,10.0,03/18/2024
4289,reports,21.0,2025-10-13
2582,reports,20.0,2025-12-24
4494,ai_insights,47.0,2024-06-30
782,ai_insights,4.0,2024-10-09
4466,ai_insights,27.0,2025-12-20
1211,dashboard,30.0,2024-03-28
1475,reports,32.0,
1275,reports,7.0,07/14/2025
2295,export,44.0,2024-07-03
3915,ai_insights,44.0,08/01/2025
4061,export,5.0,2025-12-16
3394,reports,18.0,2024-07-28
313,dashboard,12.0,03/11/2024
2880,analytics,3.0,2024-08-30
4859,dashboard,21.0,02/18/2024
1048,dashboard,50.0,2024-01-25
2913,dashboard,13.0,2024-09-17
658,export,19.0,2025-01-23
1384,analytics,6.0,2024-02-09
4117,reports,9.0,2025-02-01
726,export,25.0,02/24/2025
2003,analytics,32.0,2025-07-14
1745,analytics,46.0,2024-12-25
2536,ai_insights,6.0,11/10/2024
3187,analytics,50.0,2024-03-13
55,dashboard,19.0,07/23/2024
703,reports,39.0,11/03/2025
4036,ai_insights,3.0,2024-11-01
1323,export,13.0,07/07/2024
3982,ai_insights,17.0,2025-10-23
3150,ai_insights,38.0,2024-09-12
2970,reports,36.0,2025-02-02
779,export,31.0,2024-08-16
601,export,11.0,07/26/2025
4575,export,30.0,2024-03-24
1951,reports,43.0,05/17/2025
3578,export,10.0,2024-08-10
1369,analytics,21.0,08/14/2024
2207,dashboard,47.0,2025-04-15
3159,dashboard,12.0,2024-07-21
1706,dashboard,27.0,2025-10-22
3726,export,19.0,2024-05-05
2610,analytics,42.0,2024-11-06
3345,ai_insights,5.0,2025-08-15
4422,export,3.0,2024-02-26
261,ai_insights,42.0,2024-02-14
1875,ai_insights,16.0,2024-04-01
332,reports,38.0,2024-09-04
192,analytics,34.0,2024-07-09
4196,ai_insights,8.0,2025-10-08
3542,reports,15.0,2025-09-09
1229,ai_insights,5.0,2024-08-09
1006,export,25.0,2025-04-26
1486,reports,42.0,2024-08-25
2118,analytics,11.0,2024-10-22
414,ai_insights,3.0,2025-03-15
1655,export,39.0,2024-04-30
4163,export,22.0,2025-12-19
1289,ai_insights,47.0,2025-11-05
3983,analytics,30.0,2024-04-24
2055,reports,42.0,03/22/2025
3104,export,27.0,2024-12-22
2162,dashboard,39.0,2025-10-31
283,ai_insights,17.0,2024-06-05
4294,export,13.0,2025-04-01
635,ai_insights,23.0,05/19/2025
4309,analytics,,2024-09-01
373,dashboard,,2024-10-04
664,analytics,36.0,08/29/2024
3607,dashboard,20.0,2025-09-02
4072,analytics,,2025-12-01
1511,reports,35.0,2024-02-27
4632,reports,15.0,2024-06-26
4670,ai_insights,37.0,2024-11-22
4393,reports,23.0,2025-04-22
1532,dashboard,30.0,2024-02-18
1027,reports,,03/25/2024
1903,reports,18.0,2025-12-10
3413,analytics,45.0,2025-01-09
4884,reports,28.0,06/04/2025
1948,export,,2025-04-14
773,export,19.0,2024-02-26
1680,export,38.0,2025-12-04
987,ai_insights,5.0,2025-02-26
1632,reports,30.0,2025-06-09
1159,analytics,22.0,2025-02-14
4815,dashboard,39.0,2024-07-11
2294,ai_insights,32.0,2024-02-16
2345,dashboard,,2024-11-08
2350,ai_insights,24.0,2025-02-28
3971,reports,45.0,2024-12-07
2995,reports,47.0,2024-05-10
4103,analytics,17.0,2025-02-13
4587,export,25.0,2025-09-30
4066,ai_insights,30.0,2025-01-04
70,analytics,6.0,2024-06-05
1856,export,10.0,2025-04-25
30,ai_insights,22.0,2025-07-31
1870,analytics,48.0,2025-07-14
307,analytics,39.0,07/05/2024
4725,export,43.0,2024-09-19
3371,dashboard,18.0,2025-09-07
1144,ai_insights,12.0,2025-06-30
2327,ai_insights,25.0,2024-05-03
952,dashboard,12.0,2025-03-15
155,analytics,48.0,2024-04-09
2948,ai_insights,24.0,09/16/2025
3276,export,40.0,2025-03-04
1871,export,30.0,2025-04-08
3233,export,,2025-11-16
4807,export,39.0,2025-10-15
3672,analytics,4.0,2025-08-17
4860,reports,,2024-03-19
660,dashboard,44.0,2025-09-19
3066,export,19.0,2025-10-14
4049,export,27.0,2024-08-31
2139,export,,2025-09-15
3556,dashboard,14.0,10/02/2025
48,export,43.0,01/23/2024
841,dashboard,4.0,
1373,dashboard,37.0,11/18/2024
4497,analytics,14.0,2025-08-01
1927,dashboard,30.0,2024-10-20
3632,export,8.0,2024-06-09
845,analytics,50.0,2025-04-10
4306,dashboard,24.0,2024-01-21
802,analytics,44.0,2024-10-26
4302,reports,44.0,2024-06-10
4971,export,1.0,2024-05-29
2195,export,42.0,2024-03-30
4351,analytics,12.0,2025-04-09
251,export,12.0,2025-09-22
1848,analytics,40.0,2025-10-14
1785,ai_insights,1.0,2025-11-10
2773,export,13.0,10/24/2025
1815,ai_insights,,2024-10-09
100,export,46.0,2025-12-27
3167,export,4.0,2025-06-28
2460,reports,36.0,2024-05-22
4944,ai_insights,,2025-05-27
3236,analytics,5.0,2025-06-17
3132,ai_insights,49.0,2025-06-17
183,reports,42.0,
3338,analytics,35.0,25-04-2024
65,reports,44.0,2024-01-28
3657,reports,13.0,2025-08-03
3395,reports,35.0,2024-09-20
3883,dashboard,38.0,2025-12-19
3795,ai_insights,45.0,2025-05-24
2337,export,14.0,12-07-2025
4486,analytics,19.0,2025-11-28
2330,dashboard,7.0,2024-12-29
4462,ai_insights,44.0,
2219,dashboard,31.0,08/21/2025
948,analytics,37.0,2024-03-25
4534,analytics,3.0,2024-04-10
77,reports,13.0,2024-06-12
2130,export,1.0,2025-08-20
4253,analytics,47.0,2025-01-05
797,dashboard,1.0,2024-11-14
2601,ai_insights,25.0,2024-07-23
182,reports,29.0,2024-10-26
1071,analytics,7.0,2024-03-25
2628,analytics,29.0,2024-10-31
4524,export,12.0,2024-10-10
3520,analytics,23.0,2025-12-09
751,export,2.0,2025-06-09
4918,analytics,22.0,2025-10-07
3806,export,40.0,2025-09-12
1547,reports,49.0,2024-09-19
2561,analytics,32.0,2025-08-05
1909,dashboard,8.0,2025-02-01
765,export,47.0,2024-03-24
3676,analytics,36.0,2025-05-08
4956,reports,,2024-10-04
2997,reports,23.0,2025-12-17
4838,reports,32.0,2025-08-06
1807,reports,12.0,2024-12-02
748,export,11.0,04/28/2025
1791,reports,11.0,04/12/2025
4058,dashboard,49.0,2024-08-28
39,reports,40.0,2025-05-01
1076,export,27.0,08/22/2025
3119,export,17.0,03/03/2025
4037,export,17.0,2025-08-31
1603,ai_insights,11.0,2024-05-10
4813,export,37.0,2024-11-25
3387,dashboard,49.0,2025-06-26
1597,export,49.0,05/19/2024
797,export,22.0,2024-05-26
872,reports,18.0,07/23/2024
2464,analytics,50.0,2025-02-17
3381,ai_insights,9.0,2025-05-02
3428,analytics,28.0,2024-11-05
1936,export,41.0,2025-12-14
1482,ai_insights,48.0,2025-05-06
4892,analytics,,08-06-2024
1259,dashboard,47.0,2024-11-30
1736,analytics,6.0,2024-06-02
357,export,17.0,2024-03-24
2410,export,,28-03-2024
601,analytics,29.0,09/22/2025
4074,analytics,4.0,2024-09-24
4315,dashboard,49.0,2024-02-20
1695,analytics,39.0,2024-05-13
462,export,31.0,
2147,reports,10.0,2024-05-29
4467,export,44.0,08/06/2025
114,analytics,40.0,2024-11-07
2717,dashboard,30.0,2025-06-15
4495,reports,39.0,2025-07-18
4382,export,32.0,2024-01-20
4877,ai_insights,3.0,2024-07-07
3244,export,24.0,2024-10-05
2262,analytics,32.0,18-09-2025
2208,analytics,39.0,2025-03-19
4070,export,2.0,2025-05-16
1409,analytics,25.0,2024-11-02
3556,dashboard,21.0,2024-09-16
1511,export,38.0,2025-11-04
2316,dashboard,28.0,2024-07-02
254,dashboard,47.0,2025-02-09
1703,ai_insights,20.0,2025-04-24
2879,reports,46.0,2025-11-01
2471,dashboard,30.0,2024-11-28
24,export,5.0,
2680,analytics,20.0,2025-01-07
1796,ai_insights,39.0,04-03-2025
3524,analytics,29.0,2025-07-24
1704,export,34.0,2025-02-26
3675,analytics,7.0,02/14/2025
2346,reports,35.0,2025-02-20
1598,analytics,23.0,2025-07-24
4454,analytics,39.0,2025-06-10
3110,ai_insights,27.0,2024-02-05
4061,export,31.0,13-03-2024
1924,analytics,2.0,08/08/2025
2258,dashboard,20.0,2025-03-21
2191,dashboard,7.0,2025-09-23
2267,ai_insights,29.0,2024-12-15
3299,export,44.0,2025-04-19
459,analytics,,30-10-2025
4132,analytics,36.0,04/02/2025
1224,analytics,27.0,05/20/2025
4060,export,2.0,03/20/2024
2105,dashboard,33.0,04/26/2024
4326,dashboard,9.0,2025-03-08
2034,export,10.0,2025-01-26
2652,ai_insights,39.0,2025-03-17
4869,analytics,31.0,2025-08-31
1933,export,32.0,
4933,reports,35.0,2025-03-01
3474,dashboard,7.0,2024-07-22
1697,export,36.0,2025-04-26
1218,analytics,35.0,2024-05-12
535,dashboard,14.0,2025-09-21
4611,ai_insights,41.0,2025-09-08
3230,export,35.0,2025-02-12
4426,reports,30.0,2024-07-24
2206,analytics,45.0,23-04-2024
4052,reports,24.0,2025-07-07
1270,reports,29.0,2025-12-04
4974,reports,20.0,2025-06-22
2805,reports,43.0,2025-10-05
50,export,3.0,2024-04-02
2464,ai_insights,21.0,2025-12-02
3738,analytics,25.0,
2068,analytics,37.0,01/11/2025
1571,analytics,37.0,2025-08-15
624,dashboard,27.0,2025-12-05
716,reports,17.0,2025-05-02
4836,export,42.0,2025-09-13
1262,export,11.0,2024-02-21
2435,export,2.0,2024-06-19
1606,analytics,20.0,09/06/2024
963,ai_insights,13.0,2024-06-12
4446,ai_insights,26.0,2024-08-08
3945,dashboard,45.0,2025-09-01
3448,export,16.0,2025-07-12
457,dashboard,25.0,2024-07-01
4818,dashboard,16.0,2025-01-14
4284,export,10.0,2025-07-15
339,dashboard,37.0,2025-03-25
1099,analytics,42.0,2024-12-29
4081,analytics,45.0,2024-10-11
893,analytics,,2025-03-24
1262,dashboard,38.0,2024-08-17
48,analytics,27.0,2025-05-10
362,ai_insights,4.0,10/05/2024
4444,reports,6.0,2025-02-04
2325,ai_insights,44.0,2024-12-23
3801,export,48.0,01-05-2024
3277,analytics,40.0,2025-01-31
3668,reports,47.0,2025-08-19
4391,reports,19.0,2024-06-04
1599,reports,37.0,2025-06-20
2146,ai_insights,50.0,2025-09-19
679,reports,10.0,2024-05-28
941,ai_insights,46.0,2025-10-04
8,reports,,2024-11-14
4307,ai_insights,23.0,2024-01-07
3900,dashboard,6.0,2025-06-17
1560,reports,7.0,2024-12-10
1302,ai_insights,49.0,2024-10-23
3175,ai_insights,48.0,2025-08-20
3684,dashboard,11.0,2025-07-20
1300,analytics,41.0,2024-09-19
4134,ai_insights,23.0,2025-09-15
3983,reports,,2025-09-18
4865,ai_insights,41.0,14-06-2025
3844,export,39.0,2024-03-24
1143,analytics,9.0,2024-12-09
755,export,39.0,2024-10-19
1054,reports,46.0,2025-04-06
3207,analytics,24.0,2025-01-28
3820,export,29.0,2025-12-10
1529,export,43.0,05/18/2025
2587,analytics,10.0,08/22/2024
4784,reports,,05/17/2024
1438,ai_insights,43.0,2024-11-11
4506,reports,16.0,2025-07-31
4527,export,25.0,2025-03-25
4597,analytics,46.0,2024-12-15
1865,dashboard,30.0,2024-04-25
3977,analytics,28.0,08/27/2024
170,dashboard,10.0,2025-06-30
2204,dashboard,24.0,2025-06-18
184,reports,7.0,2025-11-05
2813,export,5.0,2024-01-23
1623,ai_insights,28.0,2024-10-25
4114,dashboard,12.0,2025-09-21
4041,dashboard,45.0,2025-02-10
83,ai_insights,36.0,2025-09-06
3738,export,36.0,11/18/2024
2977,ai_insights,33.0,2024-12-15
3435,analytics,30.0,2025-02-24
3653,reports,42.0,2025-06-18
1988,export,23.0,2025-12-24
1820,export,46.0,2024-03-02
3271,export,37.0,2024-04-30
1988,reports,10.0,2024-02-22
4485,export,20.0,2025-12-03
1325,export,7.0,2025-07-18
1804,reports,34.0,2024-01-22
3089,reports,,2025-05-18
1384,dashboard,46.0,2025-03-24
2470,analytics,35.0,2024-08-11
4507,ai_insights,21.0,2024-10-12
4530,dashboard,49.0,2025-12-14
2789,export,36.0,07/02/2025
3404,dashboard,27.0,2024-06-25
2448,ai_insights,22.0,2025-09-04
1762,dashboard,3.0,2024-12-30
2530,dashboard,14.0,2024-02-28
1177,export,37.0,2025-04-17
516,analytics,8.0,2025-05-29
42,export,20.0,07/08/2024
3706,ai_insights,47.0,2024-08-18
274,reports,2.0,2025-06-02
1738,dashboard,17.0,03/26/2025
401,export,42.0,2024-06-17
782,reports,7.0,
2513,reports,13.0,
326,dashboard,28.0,2025-12-13
3268,dashboard,29.0,2024-01-21
4732,ai_insights,33.0,2024-06-01
3440,dashboard,26.0,2024-07-21
4929,dashboard,24.0,2025-01-01
4852,dashboard,46.0,2025-06-22
3246,ai_insights,19.0,2024-05-10
235,analytics,24.0,2025-03-16
508,ai_insights,14.0,2025-08-17
4197,export,2.0,06/08/2025
3551,reports,31.0,2025-07-20
3776,export,35.0,2025-03-16
1706,ai_insights,41.0,05/25/2024
1488,reports,28.0,2024-11-24
1640,ai_insights,7.0,2025-06-03
2975,reports,7.0,2025-10-23
4955,reports,44.0,01/23/2025
4585,analytics,19.0,2024-07-21
53,dashboard,49.0,07/09/2025
3903,dashboard,50.0,2024-06-24
2007,analytics,32.0,2024-12-29
2501,reports,17.0,2025-01-02
1073,export,48.0,2025-05-05
2661,export,38.0,09/10/2024
3978,export,31.0,2024-10-28
1977,dashboard,23.0,2025-06-10
1206,export,9.0,2025-03-16
2657,reports,8.0,
3301,reports,14.0,2024-08-19
1478,ai_insights,49.0,2025-04-04
2604,dashboard,7.0,2025-01-07
1273,export,43.0,2024-06-28
4244,dashboard,31.0,01/29/2024
4610,export,45.0,2025-01-22
152,ai_insights,16.0,02/23/2024
3666,reports,9.0,2024-04-16
3338,analytics,9.0,2024-01-03
3744,export,5.0,2024-03-18
1346,reports,48.0,2024-11-29
3833,reports,36.0,2025-12-14
4955,export,50.0,2024-01-09
2510,analytics,37.0,2025-12-07
1611,reports,20.0,2025-11-24
2236,export,22.0,04/10/2024
2445,analytics,43.0,2024-11-07
2001,ai_insights,43.0,06-07-2024
4701,ai_insights,19.0,08-08-2024
1339,analytics,31.0,2025-04-01
4270,reports,41.0,2025-06-13
593,dashboard,43.0,2025-05-20
2926,export,48.0,2024-04-19
4852,ai_insights,44.0,
4558,dashboard,17.0,04/04/2024
293,ai_insights,20.0,2025-07-01
1030,ai_insights,4.0,2024-05-02
4044,reports,44.0,2024-11-19
3162,analytics,17.0,02/21/2024
121,export,25.0,05-09-2024
4443,analytics,46.0,01/01/2025
2906,export,14.0,2024-05-11
3399,analytics,9.0,2025-08-15
4774,ai_insights,34.0,26-02-2024
1495,analytics,19.0,2024-01-22
131,export,12.0,2025-08-30
3712,dashboard,40.0,2024-05-22
530,ai_insights,26.0,2025-07-26
1164,ai_insights,25.0,09/22/2025
1969,analytics,38.0,08/16/2025
4740,export,29.0,2025-06-30
530,analytics,29.0,2025-05-05
3861,export,34.0,03-12-2024
3927,dashboard,19.0,2024-07-15
4815,dashboard,46.0,2024-04-22
3671,analytics,44.0,2025-03-01
3854,reports,45.0,2024-09-04
1333,dashboard,46.0,2025-08-07
4163,analytics,15.0,2025-01-22
4495,reports,28.0,2024-10-30
3321,dashboard,17.0,2024-09-08
1061,ai_insights,15.0,2025-11-16
2246,analytics,16.0,2024-06-08
4519,export,38.0,16-12-2024
1653,export,30.0,2025-10-17
1725,ai_insights,30.0,2024-12-07
3531,export,14.0,2025-08-12
1495,export,18.0,04-11-2025
4587,dashboard,37.0,2025-06-20
3636,ai_insights,40.0,2025-04-10
2396,export,12.0,2025-03-17
1137,reports,19.0,2024-11-09
3989,dashboard,35.0,2024-01-07
4716,reports,29.0,05/16/2025
3788,analytics,4.0,2024-11-30
1845,export,39.0,2025-09-12
2727,export,44.0,10/15/2025
3705,reports,48.0,
4745,ai_insights,16.0,2025-06-19
4534,export,21.0,04/22/2025
537,ai_insights,18.0,19-03-2025
1097,dashboard,26.0,2025-01-04
2962,reports,46.0,2024-05-07
2569,export,12.0,09/09/2025
887,analytics,10.0,20-04-2024
1658,export,34.0,05/12/2025
2735,dashboard,,2025-10-18
3547,dashboard,50.0,2024-12-14
3596,ai_insights,19.0,
3510,ai_insights,10.0,2024-08-22
3082,reports,1.0,30-10-2024
4838,analytics,12.0,2025-10-04
2916,export,14.0,2025-11-30
3797,export,5.0,08-06-2024
4587,analytics,5.0,2024-01-23
3590,ai_insights,11.0,2024-10-02
2005,ai_insights,44.0,11/04/2024
3049,reports,25.0,08/02/2024
523,export,26.0,2025-09-07
1701,ai_insights,5.0,2024-04-13
1619,dashboard,49.0,2024-05-13
325,reports,20.0,2025-12-24
3442,reports,40.0,2025-10-04
1535,analytics,21.0,08/06/2025
4058,dashboard,22.0,09/19/2025
1021,analytics,29.0,2025-06-23
1016,reports,13.0,2024-04-10
3573,reports,16.0,2024-03-06
54,dashboard,23.0,2024-09-09
976,ai_insights,,2025-08-29
2415,reports,20.0,2024-03-01
14,export,39.0,2024-03-03
2530,reports,48.0,2024-06-18
4329,export,34.0,2024-10-22
3244,dashboard,7.0,2025-10-28
4561,ai_insights,23.0,2024-10-06
2376,analytics,12.0,03/15/2025
2906,reports,7.0,11-01-2025
279,reports,16.0,2024-06-16
1096,reports,49.0,2024-10-20
1537,reports,19.0,2025-09-04
2628,analytics,19.0,2025-04-28
2095,dashboard,7.0,2024-04-29
347,analytics,21.0,2024-05-17
2381,analytics,4.0,2025-01-02
4037,reports,8.0,2025-08-20
4780,dashboard,7.0,2024-08-19
1328,analytics,33.0,2024-04-07
402,analytics,31.0,2024-10-10
661,export,32.0,2025-08-09
4417,export,44.0,
27,reports,1.0,2025-02-10
4599,dashboard,12.0,2025-02-09
4602,reports,6.0,2025-05-28
2241,analytics,11.0,2024-01-03
3998,dashboard,22.0,2024-06-26
4548,export,22.0,10/13/2024
402,ai_insights,1.0,2024-04-09
3216,export,,2024-03-14
2081,reports,27.0,2024-09-17
2268,analytics,2.0,2024-08-04
4472,export,1.0,2025-03-09
3671,reports,14.0,2025-09-16
3298,export,44.0,2024-10-30
4491,ai_insights,8.0,2025-08-18
4645,dashboard,25.0,2025-12-07
1707,ai_insights,16.0,2025-01-30
4886,analytics,37.0,2025-03-10
4716,export,14.0,2024-04-26
351,reports,36.0,2024-05-18
3561,ai_insights,26.0,2025-03-30
907,reports,,19-10-2024
2941,export,24.0,2024-09-10
134,analytics,16.0,2025-03-21
1307,ai_insights,45.0,2025-04-07
3781,export,13.0,2024-04-21
1922,analytics,41.0,2024-01-28
1499,dashboard,35.0,2024-05-12
2279,export,16.0,2024-07-20
2798,dashboard,1.0,10/14/2024
2242,export,44.0,
4561,ai_insights,42.0,2024-06-02
983,analytics,32.0,2024-03-02
1995,reports,15.0,2025-11-23
3280,ai_insights,5.0,01/22/2025
1607,reports,8.0,2024-04-28
267,export,6.0,2024-02-06
956,export,22.0,2025-12-19
676,export,40.0,2024-10-27
3319,dashboard,3.0,2024-12-04
1032,dashboard,11.0,2025-08-22
3227,ai_insights,4.0,2025-10-25
711,reports,26.0,2024-02-04
2479,export,48.0,2025-01-16
3698,export,43.0,2025-10-07
3971,ai_insights,50.0,01/01/2025
2350,reports,23.0,2024-09-25
2310,export,10.0,2025-08-30
3712,dashboard,1.0,2025-09-26
827,export,50.0,07-09-2024
3265,analytics,19.0,2024-02-21
1219,dashboard,17.0,2025-03-21
871,analytics,16.0,2024-11-23
3112,dashboard,5.0,09/29/2024
4747,export,,10/16/2024
2666,reports,46.0,2025-07-31
1665,export,15.0,2025-06-25
41,dashboard,6.0,2024-11-10
3922,analytics,39.0,2024-07-26
1043,reports,22.0,03/10/2025
312,ai_insights,7.0,2024-04-01
2988,ai_insights,,2024-08-08
490,export,36.0,2025-08-31
2304,reports,1.0,2025-06-04
4168,ai_insights,19.0,2024-03-14
1081,reports,,2025-01-15
3147,reports,15.0,2024-08-23
4563,analytics,18.0,2024-10-06
4353,export,33.0,30-11-2025
403,reports,11.0,10/31/2025
4414,export,32.0,2025-08-19
1100,dashboard,16.0,2024-12-14
2273,dashboard,49.0,09/03/2025
1306,reports,3.0,12/13/2024
4968,ai_insights,5.0,2025-02-25
3568,export,26.0,2025-10-20
176,ai_insights,42.0,2025-06-09
1404,analytics,30.0,2024-12-29
3762,dashboard,22.0,2025-05-07
992,export,47.0,2024-12-14
4203,reports,21.0,2025-02-03
1625,dashboard,46.0,2024-07-15
2923,dashboard,33.0,2024-09-27
4323,export,49.0,2024-09-13
2419,ai_insights,50.0,
1664,dashboard,49.0,03/12/2024
1690,analytics,5.0,2025-11-07
680,analytics,47.0,2024-10-08
4436,analytics,17.0,2025-09-01
1967,reports,2.0,2025-10-13
3449,reports,12.0,2025-11-30
1902,reports,26.0,2025-08-25
2438,ai_insights,14.0,09/06/2024
1679,dashboard,42.0,2024-11-02
1633,ai_insights,41.0,2025-08-26
4903,export,37.0,2025-04-11
1250,dashboard,10.0,2025-10-04
2073,analytics,50.0,05/11/2024
2229,analytics,12.0,2025-12-08
3451,dashboard,40.0,2024-02-29
1237,export,49.0,2025-12-03
3343,analytics,43.0,04/10/2025
260,export,47.0,2025-10-23
108,ai_insights,31.0,2024-02-13
4595,export,29.0,2024-08-12
640,ai_insights,11.0,2024-11-26
2490,analytics,5.0,
158,reports,18.0,2024-12-18
3548,analytics,39.0,
3550,export,35.0,13-03-2024
3189,dashboard,49.0,09/24/2024
4780,export,30.0,2025-10-27
2585,export,45.0,2024-10-14
4102,export,,2025-06-12
2656,ai_insights,48.0,2025-07-08
1610,ai_insights,4.0,07/24/2025
3815,dashboard,21.0,2025-04-01
660,export,21.0,2025-10-08
144,export,38.0,2025-05-23
1991,dashboard,13.0,2024-07-27
451,ai_insights,23.0,2025-07-14
1192,reports,42.0,2024-06-05
4022,reports,33.0,2024-05-16
636,ai_insights,41.0,2024-03-29
2158,ai_insights,4.0,2025-07-20
3752,export,50.0,2025-11-10
900,analytics,46.0,2024-02-22
4455,export,23.0,2024-12-03
2831,reports,49.0,2025-11-08
2771,analytics,23.0,2025-06-28
1221,export,25.0,2025-07-04
4446,export,29.0,2024-11-22
4591,ai_insights,43.0,2024-02-22
1388,analytics,32.0,01/02/2024
1967,export,38.0,2024-03-11
4316,ai_insights,20.0,11/21/2024
691,reports,3.0,2024-11-08
4247,analytics,,2024-03-18
2077,reports,20.0,03/02/2024
1758,reports,50.0,2025-06-19
4159,reports,15.0,2024-04-08
171,reports,41.0,2025-09-24
1658,analytics,43.0,03/03/2025
2072,ai_insights,1.0,2025-05-31
4490,reports,13.0,2024-11-23
1392,dashboard,36.0,2025-04-06
4862,analytics,11.0,2025-08-12
2042,reports,17.0,2024-12-31
4437,ai_insights,30.0,2025-11-24
2430,ai_insights,29.0,2025-08-25
3385,export,10.0,2024-01-22
1,dashboard,19.0,07/06/2025
1053,analytics,15.0,02/06/2024
1246,export,23.0,2024-07-21
3175,reports,10.0,2025-04-14
2251,reports,39.0,2025-05-22
1835,reports,22.0,2024-11-01
3506,export,29.0,2024-07-23
4594,export,16.0,2025-03-19
3993,dashboard,36.0,2024-09-05
1689,analytics,40.0,2024-12-02
244,analytics,41.0,2024-05-05
1635,analytics,14.0,
2211,dashboard,15.0,2025-08-13
175,export,1.0,2025-07-07
2220,reports,42.0,03-06-2025
3657,export,46.0,05/08/2025
267,reports,3.0,2025-08-21
1383,ai_insights,5.0,2024-09-16
780,reports,3.0,11/30/2024
4632,export,39.0,2025-01-21
667,export,,2024-10-16
1158,export,43.0,2024-07-11
4677,reports,12.0,2025-03-01
864,dashboard,20.0,2024-11-12
3901,reports,25.0,2024-10-05
57,export,44.0,2025-11-22
3251,reports,6.0,2024-07-10
543,dashboard,35.0,02/02/2025
933,export,49.0,2025-01-31
851,analytics,12.0,2025-04-16
1176,analytics,50.0,02/19/2024
523,dashboard,28.0,08/07/2025
110,dashboard,32.0,2025-05-15
3446,reports,34.0,2025-02-15
57,ai_insights,49.0,2024-04-11
3824,export,17.0,04/28/2024
1667,export,47.0,2024-08-26
3918,reports,21.0,2025-05-14
1428,export,3.0,2024-07-19
505,dashboard,13.0,2024-10-03
3696,reports,22.0,15-04-2025
4605,analytics,11.0,
1329,export,7.0,2025-09-21
684,ai_insights,3.0,01/28/2024
123,analytics,1.0,03/10/2025
1348,export,18.0,2024-09-11
4072,analytics,26.0,2024-03-12
1902,reports,3.0,08/25/2025
1646,dashboard,41.0,2025-10-22
2870,export,38.0,
1379,dashboard,20.0,2024-05-01
2873,analytics,13.0,2025-06-15
1497,dashboard,18.0,2025-03-17
676,dashboard,49.0,2024-03-18
2509,dashboard,7.0,2024-09-16
2297,ai_insights,24.0,2024-09-11
563,reports,29.0,2024-03-28
4273,reports,10.0,2024-07-04
202,export,13.0,2024-09-18
4473,analytics,27.0,2024-05-06
2995,analytics,46.0,12-09-2025
4557,export,25.0,
4716,ai_insights,23.0,2025-03-19
4499,dashboard,47.0,2025-11-03
4406,analytics,42.0,2025-10-27
3666,export,26.0,2025-09-21
4096,export,15.0,2025-10-06
1529,reports,16.0,2025-09-28
660,dashboard,30.0,2025-09-23
2,dashboard,42.0,2024-12-07
509,reports,38.0,07/08/2025
140,ai_insights,30.0,2025-07-15
3255,analytics,19.0,2025-01-07
3655,reports,34.0,2024-05-18
1586,dashboard,9.0,2025-06-16
4738,export,35.0,2024-02-22
228,analytics,38.0,2024-02-11
2598,dashboard,39.0,09/29/2025
2806,ai_insights,13.0,10/02/2024
4361,reports,45.0,07/14/2024
3547,analytics,2.0,05/07/2024
3673,ai_insights,18.0,2025-11-17
4891,analytics,9.0,2025-10-20
4561,dashboard,33.0,2025-07-11
4903,reports,9.0,2025-08-25
2523,dashboard,,2025-12-10
339,dashboard,,2025-04-26
819,ai_insights,31.0,2024-05-05
2567,ai_insights,50.0,06/24/2024
4981,dashboard,40.0,10/29/2025
3718,dashboard,39.0,12/20/2025
3063,ai_insights,45.0,2025-07-28
1254,dashboard,,2024-07-23
3151,export,24.0,2024-06-27
2251,analytics,37.0,2025-10-31
4321,ai_insights,36.0,07-04-2025
3616,dashboard,2.0,2025-03-25
1780,dashboard,14.0,2024-01-26
1292,ai_insights,29.0,2024-01-22
679,reports,49.0,2024-02-04
2553,reports,41.0,2025-12-03
3225,analytics,47.0,2024-07-18
215,export,9.0,24-10-2025
986,dashboard,12.0,2024-03-22
3284,analytics,35.0,2024-10-26
4707,analytics,29.0,2024-01-01
2346,ai_insights,30.0,2025-04-21
4739,reports,29.0,2024-02-21
3434,dashboard,,2025-06-08
3628,reports,26.0,2024-12-17
3074,reports,24.0,2025-01-02
4374,export,45.0,2024-02-13
3240,analytics,18.0,2025-10-16
1373,reports,36.0,2025-10-24
2039,ai_insights,25.0,2025-09-23
4719,analytics,44.0,03/03/2024
3854,dashboard,43.0,2025-04-16
3344,reports,35.0,2024-01-28
4684,reports,22.0,12/16/2025
4153,ai_insights,28.0,2024-07-09
1769,reports,48.0,2024-07-04
39,ai_insights,37.0,10/09/2024
3563,analytics,6.0,2025-02-22
1830,dashboard,45.0,2024-09-30
2172,dashboard,40.0,2024-09-18
109,export,11.0,2024-12-31
4841,export,1.0,2024-06-12
4960,reports,28.0,2025-06-07
4129,dashboard,38.0,2025-07-30
4236,export,41.0,2024-11-04
4178,reports,37.0,03/25/2024
3107,dashboard,22.0,2024-05-05
137,reports,28.0,2024-04-02
3738,reports,23.0,15-02-2025
3852,reports,31.0,2024-02-10
331,dashboard,25.0,2025-01-12
197,dashboard,24.0,2025-01-23
1416,dashboard,19.0,2025-07-24
3297,ai_insights,31.0,05/14/2025
3021,export,10.0,2024-01-23
3370,analytics,10.0,2025-07-15
4856,dashboard,7.0,2024-01-10
841,export,9.0,2024-11-17
3643,export,39.0,07/22/2025
2670,ai_insights,20.0,08/01/2025
1178,analytics,8.0,07/22/2025
944,analytics,7.0,08/19/2024
3447,reports,49.0,2024-10-25
852,export,33.0,02/03/2025
4601,export,17.0,
1752,ai_insights,42.0,2024-12-01
1846,dashboard,44.0,2025-03-01
4825,ai_insights,39.0,2024-08-16
1722,reports,21.0,2024-10-11
1774,ai_insights,,2024-04-02
651,analytics,36.0,06/28/2024
1362,analytics,8.0,2024-08-20
3510,ai_insights,13.0,2025-11-11
1469,reports,31.0,2024-05-07
485,ai_insights,38.0,2025-09-13
752,analytics,32.0,2025-07-16
110,dashboard,45.0,2025-02-15
2353,analytics,40.0,2024-08-14
4279,reports,49.0,2024-11-08
3525,dashboard,,2025-08-19
1059,dashboard,33.0,2025-09-23
201,ai_insights,46.0,2025-09-11
4491,dashboard,9.0,2025-06-07
3716,ai_insights,4.0,03/24/2024
4936,export,18.0,2025-06-21
1216,dashboard,15.0,2025-12-31
732,analytics,42.0,2024-11-25
374,dashboard,,2024-12-16
3150,ai_insights,39.0,2025-10-13
3245,analytics,1.0,2025-08-02
3942,reports,25.0,2025-11-23
3949,analytics,23.0,2024-04-01
646,reports,1.0,2025-06-18
3596,ai_insights,13.0,2025-09-17
4079,export,28.0,2024-07-16
1936,export,11.0,2025-08-19
2734,analytics,50.0,2025-05-14
2562,dashboard,20.0,2025-07-04
2053,ai_insights,9.0,2025-02-20
1940,reports,4.0,04/07/2024
703,dashboard,39.0,2024-08-25
2800,export,3.0,12/17/2024
508,ai_insights,35.0,2025-05-26
1424,ai_insights,31.0,2025-07-28
2068,reports,1.0,2025-03-26
4166,export,44.0,2025-05-18
4995,ai_insights,40.0,2025-01-21
752,analytics,11.0,2024-06-10
2017,reports,44.0,2024-01-29
549,dashboard,39.0,2025-03-30
2556,ai_insights,11.0,2025-01-17
639,reports,20.0,2025-10-20
1721,ai_insights,48.0,2024-04-09
3817,ai_insights,15.0,2025-06-28
3789,reports,27.0,2025-06-16
1714,reports,5.0,2025-06-03
4184,reports,20.0,08/27/2024
4631,analytics,15.0,11/30/2024
3945,export,21.0,2025-03-05
1802,ai_insights,47.0,2024-07-23
4171,export,38.0,03/22/2025
3361,reports,44.0,
3963,dashboard,14.0,2024-11-14
3213,ai_insights,42.0,2025-12-24
2588,reports,6.0,2024-07-11
4805,ai_insights,7.0,13-08-2025
1700,analytics,46.0,2025-11-07
148,ai_insights,37.0,2025-04-09
3012,analytics,23.0,2025-03-03
1530,export,37.0,2025-01-16
4508,reports,30.0,2025-10-22
118,export,49.0,08/18/2024
4880,reports,18.0,08/24/2025
487,reports,,2025-06-12
1236,export,5.0,12/25/2025
2848,dashboard,27.0,2024-04-08
1022,ai_insights,4.0,2024-11-08
4962,reports,12.0,2025-09-19
2220,reports,44.0,2024-08-07
3166,ai_insights,39.0,01-10-2025
3100,ai_insights,26.0,2025-07-12
217,ai_insights,45.0,2025-12-08
3947,analytics,12.0,2024-03-09
2706,export,15.0,2024-08-30
1884,ai_insights,26.0,2025-02-14
1507,reports,3.0,11-11-2024
4165,ai_insights,6.0,2025-11-21
2298,analytics,10.0,07/17/2024
1712,reports,13.0,05/04/2025
1008,ai_insights,36.0,08/15/2024
2597,dashboard,43.0,2025-02-23
3387,dashboard,24.0,2024-11-01
1783,ai_insights,,2024-05-05
4145,reports,21.0,09/26/2024
2362,dashboard,44.0,2024-08-04
4450,ai_insights,5.0,08/05/2024
1035,ai_insights,28.0,2024-04-16
3822,reports,18.0,2024-09-03
3777,reports,44.0,2024-07-07
4925,dashboard,8.0,02/10/2025
4709,reports,30.0,10/05/2025
1740,ai_insights,32.0,2025-07-07
436,ai_insights,40.0,2025-01-03
493,export,21.0,2024-11-21
3942,ai_insights,28.0,
2117,export,38.0,2024-03-23
2069,reports,38.0,2024-03-05
1729,dashboard,24.0,2024-08-20
2644,export,46.0,2024-04-30
3648,reports,28.0,2025-05-04
3513,ai_insights,49.0,2025-12-20
1360,export,44.0,2024-03-28
2508,dashboard,35.0,2025-10-30
3162,export,30.0,2024-10-08
3396,reports,31.0,2025-08-04
3060,export,5.0,2025-07-14
2693,reports,5.0,
363,export,12.0,2025-06-20
274,dashboard,,2024-02-05
4007,analytics,11.0,2025-03-30
3089,export,13.0,2024-05-12
3328,export,39.0,07/21/2025
128,dashboard,48.0,2024-11-09
3247,analytics,12.0,2025-03-13
1201,ai_insights,37.0,2025-04-04
3066,export,50.0,2025-05-15
4260,reports,42.0,2024-09-02
4516,ai_insights,42.0,07/01/2024
3563,ai_insights,43.0,05/07/2025
71,export,23.0,2024-06-25
3906,dashboard,6.0,2025-08-29
469,dashboard,23.0,2025-07-01
3561,dashboard,39.0,2025-08-01
1924,ai_insights,44.0,2024-03-12
2980,dashboard,35.0,2024-04-26
4023,ai_insights,6.0,2024-03-06
4220,analytics,31.0,09/06/2024
4519,dashboard,45.0,2025-08-21
567,export,32.0,2025-10-02
3128,export,28.0,06/27/2025
4017,reports,1.0,2025-10-14
1166,dashboard,18.0,
4237,export,,2024-06-06
1816,analytics,40.0,07/15/2024
3968,export,43.0,11/29/2025
141,export,32.0,2025-01-01
3311,reports,38.0,11/03/2024
502,ai_insights,32.0,07/03/2025
1455,dashboard,46.0,09/01/2025
4280,ai_insights,3.0,26-05-2024
536,analytics,50.0,2025-01-30
2161,dashboard,8.0,2024-09-07
4242,dashboard,,2024-10-28
2830,ai_insights,26.0,03/08/2024
4384,export,31.0,2025-06-09
1626,ai_insights,24.0,2025-10-07
4448,export,45.0,08/06/2024
2153,reports,4.0,2024-09-09
3328,reports,32.0,2025-08-02
271,export,17.0,2024-04-06
4327,dashboard,24.0,11/22/2025
3816,ai_insights,33.0,2024-04-03
1357,export,34.0,2024-09-23
4956,export,39.0,2025-01-13
4090,ai_insights,14.0,2025-06-01
91,analytics,11.0,2024-07-09
2178,dashboard,16.0,2025-09-01
1731,ai_insights,3.0,
2359,dashboard,24.0,2024-06-07
2710,dashboard,27.0,2025-09-09
349,reports,46.0,2025-02-06
4878,ai_insights,33.0,2025-03-13
4333,ai_insights,46.0,
1294,dashboard,31.0,2025-03-28
4465,reports,9.0,2025-08-19
2348,dashboard,33.0,2024-07-01
2992,analytics,15.0,2024-10-27
2801,analytics,33.0,2024-03-14
4257,analytics,34.0,2025-09-30
1125,export,37.0,
574,ai_insights,2.0,2025-08-27
4080,export,39.0,04/27/2024
829,dashboard,19.0,23-08-2025
471,analytics,7.0,2025-09-07
4151,dashboard,49.0,2024-02-09
2252,export,34.0,05/21/2024
3968,export,8.0,2024-12-22
2633,dashboard,41.0,2024-06-16
4233,ai_insights,48.0,2025-05-27
1099,dashboard,21.0,2024-06-16
3090,analytics,24.0,2024-03-21
432,export,12.0,2025-01-07
1234,ai_insights,10.0,06/09/2025
1530,reports,25.0,2024-02-01
4352,analytics,24.0,2024-04-29
1381,dashboard,,
142,dashboard,3.0,2024-01-24
1217,reports,44.0,2024-11-23
3848,analytics,8.0,2024-06-17
4188,reports,4.0,2024-08-22
1777,export,32.0,2025-04-13
3652,analytics,49.0,2024-11-23
2453,dashboard,4.0,2025-02-07
718,export,41.0,2025-11-20
561,reports,26.0,2024-09-26
905,export,14.0,2024-09-24
937,analytics,44.0,2025-01-16
297,ai_insights,13.0,06/09/2025
4895,reports,24.0,2024-01-16
1761,reports,7.0,2025-04-12
1200,export,42.0,2024-12-04
4287,export,41.0,05/22/2024
3894,analytics,9.0,11/21/2025
946,reports,,2025-02-25
1637,export,49.0,2024-07-14
2242,export,26.0,2025-03-09
2914,analytics,4.0,26-12-2024
3167,dashboard,4.0,2025-07-04
4789,dashboard,36.0,2024-10-26
4444,analytics,6.0,2025-02-12
2397,dashboard,9.0,2025-08-15
1407,analytics,2.0,2025-05-23
494,ai_insights,,2024-03-21
2033,analytics,,2024-07-20
61,analytics,44.0,09/03/2024
1746,analytics,22.0,2024-05-24
3502,analytics,34.0,03/08/2024
957,dashboard,49.0,2025-01-24
4790,dashboard,,2024-03-16
4132,export,6.0,2024-05-30
2855,ai_insights,37.0,2025-07-25
3164,reports,49.0,2025-05-09
925,export,34.0,2025-12-24
2189,ai_insights,33.0,19-12-2024
4518,export,9.0,09/02/2025
1204,reports,34.0,2025-12-11
2843,dashboard,45.0,2024-10-13
3039,dashboard,19.0,30-09-2024
2752,analytics,9.0,2024-01-08
1082,dashboard,34.0,2024-02-18
4283,export,38.0,2025-06-03
247,dashboard,16.0,2024-12-08
796,analytics,25.0,2024-09-03
3687,dashboard,29.0,07/02/2025
938,ai_insights,33.0,2025-01-09
4904,export,36.0,11-09-2025
1912,analytics,36.0,2024-07-03
1179,export,34.0,2025-09-06
738,analytics,26.0,2025-09-22
635,dashboard,31.0,2025-08-30
217,analytics,14.0,2024-09-08
420,export,11.0,2024-05-26
2563,ai_insights,40.0,2025-03-25
309,export,31.0,02/27/2025
4804,ai_insights,24.0,01/11/2024
1867,dashboard,44.0,06/01/2025
984,analytics,30.0,01/23/2025
3779,reports,21.0,2025-11-26
2288,dashboard,10.0,09/24/2024
3315,dashboard,30.0,2025-11-15
562,export,,2024-04-10
3596,ai_insights,37.0,2024-06-20
4888,dashboard,13.0,2024-09-11
1403,analytics,9.0,2024-01-20
2579,ai_insights,2.0,2024-08-02
2945,reports,24.0,10/05/2024
571,ai_insights,45.0,
2452,export,11.0,2025-06-04
1656,dashboard,17.0,10/03/2025
4314,export,21.0,2025-10-01
4884,export,11.0,2025-09-07
2229,export,24.0,2025-03-31
4787,analytics,37.0,03/09/2025
2848,export,32.0,2024-04-30
3886,analytics,40.0,2025-01-14
345,dashboard,32.0,2025-03-24
3184,analytics,17.0,2025-06-07
3678,analytics,46.0,12/02/2024
4312,ai_insights,47.0,2024-03-26
2877,dashboard,31.0,2025-11-07
4951,export,45.0,2024-10-29
405,ai_insights,17.0,09/19/2025
1903,ai_insights,43.0,2024-05-20
173,dashboard,35.0,2025-12-19
1118,export,21.0,06/04/2025
1702,ai_insights,31.0,2025-02-26
3945,reports,12.0,07/30/2025
918,analytics,41.0,2024-10-14
4916,ai_insights,14.0,2024-11-08
2959,dashboard,7.0,2025-02-27
3113,dashboard,33.0,2025-04-04
1866,export,49.0,2024-03-28
307,reports,7.0,2024-05-27
1852,ai_insights,19.0,2024-11-26
831,export,20.0,2025-12-10
425,reports,32.0,2024-08-17
3752,dashboard,14.0,17-03-2024
4873,analytics,,03/13/2025
1806,analytics,50.0,2024-03-07
4721,reports,28.0,2024-11-02
2420,export,24.0,2025-05-02
92,reports,11.0,2024-10-03
859,export,21.0,12/21/2025
4010,reports,2.0,2025-08-03
812,analytics,7.0,2025-08-27
1754,dashboard,46.0,2024-10-25
3762,dashboard,49.0,2025-08-30
3580,export,39.0,2024-06-05
1332,ai_insights,44.0,2025-07-14
2013,ai_insights,20.0,2025-02-05
3693,ai_insights,,2024-10-28
2387,reports,,2025-04-21
207,analytics,6.0,2024-09-26
3583,export,14.0,2025-01-27
4218,reports,16.0,2025-06-27
1740,export,17.0,2025-04-23
3897,analytics,18.0,13-11-2025
3017,reports,2.0,10/09/2024
2005,export,7.0,11/04/2025
1593,ai_insights,6.0,2024-04-18
2004,export,11.0,2025-07-27
2920,ai_insights,9.0,2024-06-02
109,export,13.0,2025-10-05
2982,ai_insights,6.0,
2496,dashboard,7.0,05/29/2024
1692,dashboard,10.0,2024-08-14
3986,analytics,12.0,2025-09-15
4332,reports,39.0,2025-03-03
1723,ai_insights,39.0,2024-01-02
4397,reports,25.0,09/27/2024
4911,analytics,23.0,2025-08-17
1877,reports,40.0,2025-06-08
2849,reports,15.0,08/24/2024
2136,ai_insights,,2024-04-27
2916,reports,2.0,2025-10-07
3808,dashboard,35.0,2024-02-26
2900,reports,26.0,2025-05-19
195,ai_insights,24.0,2024-07-16
4143,export,44.0,2024-06-03
2724,dashboard,19.0,30-08-2024
173,ai_insights,49.0,2025-09-29
1198,analytics,21.0,2025-07-28
3954,analytics,46.0,2025-12-11
3199,analytics,16.0,2025-02-09
308,reports,45.0,2025-12-03
4161,analytics,2.0,02/18/2024
4200,export,14.0,2024-09-16
4972,analytics,50.0,2025-01-12
4532,analytics,50.0,
480,reports,42.0,2025-11-14
176,ai_insights,38.0,01/05/2025
2818,ai_insights,2.0,2025-01-06
503,reports,49.0,2025-09-30
2162,export,47.0,2025-05-24
2972,analytics,14.0,2025-11-12
729,export,,2024-01-19
4619,reports,9.0,
793,reports,27.0,2025-08-02
3775,ai_insights,14.0,2025-11-22
3559,analytics,28.0,2025-07-01
1342,reports,8.0,2025-07-31
2215,ai_insights,41.0,2024-10-29
1939,dashboard,49.0,2024-01-13
4610,export,47.0,07/12/2024
1707,dashboard,25.0,2025-06-27
3060,export,39.0,
2491,analytics,,2025-04-05
3496,ai_insights,32.0,2025-12-01
960,reports,46.0,2024-05-14
4978,analytics,19.0,2025-06-20
1931,export,47.0,2024-04-08
1805,ai_insights,22.0,2025-01-22
2269,dashboard,45.0,2024-07-15
1904,analytics,24.0,2024-03-25
1471,export,7.0,2025-09-19
1432,reports,4.0,2025-07-15
3183,export,42.0,2024-12-29
4749,dashboard,50.0,11/22/2024
4051,analytics,1.0,2025-11-16
3102,dashboard,2.0,2024-01-12
2299,export,6.0,2024-01-21
3327,export,32.0,2025-09-17
1271,analytics,5.0,2025-12-07
3174,ai_insights,26.0,2025-09-13
2341,ai_insights,47.0,2024-06-19
1017,analytics,10.0,2024-10-13
1710,dashboard,9.0,2024-04-03
2321,reports,19.0,2024-04-24
831,export,48.0,
3691,dashboard,45.0,12/11/2025
3693,export,46.0,2024-01-13
3214,reports,18.0,2025-08-09
3599,ai_insights,22.0,06/06/2024
461,export,,2024-01-21
3050,export,26.0,2024-12-04
2163,export,24.0,2024-09-01
4362,dashboard,7.0,2024-08-25
1876,ai_insights,47.0,2025-08-19
1111,analytics,45.0,2025-10-17
521,export,32.0,2025-12-14
4125,dashboard,5.0,2024-07-04
1338,ai_insights,31.0,2025-10-05
3069,export,35.0,2024-07-06
2137,ai_insights,39.0,05/23/2025
803,analytics,14.0,2025-12-03
2850,export,18.0,2024-07-29
2478,analytics,44.0,2025-07-08
877,reports,49.0,31-12-2025
3468,reports,28.0,2024-04-03
4016,export,40.0,04/03/2024
1498,analytics,34.0,2025-08-05
4802,export,32.0,2024-01-30
3839,reports,38.0,2024-07-20
2965,export,40.0,2025-03-10
4221,export,42.0,2024-01-20
1010,dashboard,43.0,2024-09-11
1052,dashboard,7.0,2024-02-10
1213,reports,19.0,2024-11-01
2815,dashboard,22.0,14-10-2025
858,dashboard,48.0,2024-04-27
413,dashboard,33.0,2024-10-28
3350,reports,1.0,12/25/2024
1576,ai_insights,30.0,2025-02-03
4198,dashboard,31.0,2025-07-19
2439,dashboard,,2024-03-01
4589,ai_insights,1.0,2024-03-30
835,analytics,28.0,2024-11-22
2230,reports,34.0,2025-01-25
540,reports,14.0,09-06-2024
4809,analytics,28.0,04/25/2025
2502,analytics,19.0,2025-04-27
1277,ai_insights,10.0,
2974,analytics,18.0,2024-03-21
4629,dashboard,41.0,01/19/2025
309,dashboard,26.0,2025-11-27
124,export,36.0,2025-02-01
304,export,,2025-05-29
3720,dashboard,18.0,2025-03-26
3854,reports,49.0,2025-04-02
1096,dashboard,4.0,07/29/2025
1108,export,7.0,2025-06-05
2818,dashboard,3.0,2024-09-15
2629,analytics,16.0,10/01/2025
2256,ai_insights,17.0,03/21/2024
2864,ai_insights,16.0,2024-09-28
2054,dashboard,24.0,2024-04-19
251,export,2.0,18-01-2025
2702,ai_insights,43.0,04/01/2024
1007,analytics,14.0,2024-01-10
3468,export,44.0,2024-05-23
1524,analytics,24.0,2024-02-12
3054,dashboard,13.0,2024-07-12
466,analytics,22.0,2025-03-31
4762,reports,37.0,2024-09-10
286,analytics,16.0,2024-11-10
3727,dashboard,16.0,2024-07-01
2405,ai_insights,31.0,
3210,dashboard,11.0,2024-11-07
3259,dashboard,20.0,2024-05-30
3566,export,16.0,2024-10-28
1531,reports,1.0,2025-05-19
3682,ai_insights,,03/29/2025
1226,analytics,32.0,24-08-2024
3468,reports,10.0,2025-10-28
4822,ai_insights,48.0,04/24/2025
4201,analytics,22.0,2024-09-13
2730,reports,45.0,2024-10-23
4002,dashboard,7.0,2025-03-07
2410,ai_insights,25.0,2025-07-29
611,dashboard,41.0,2024-03-01
4788,analytics,26.0,2024-02-14
4278,export,37.0,11-02-2024
2502,export,,06/17/2024
2667,dashboard,22.0,2025-08-04
3573,export,45.0,2025-02-20
4829,export,29.0,2025-09-23
3220,dashboard,,2025-09-25
4103,analytics,3.0,12/02/2025
4155,ai_insights,33.0,2024-05-23
569,export,30.0,2024-03-16
882,reports,22.0,
2329,analytics,30.0,2025-09-09
576,analytics,33.0,2024-08-28
4407,analytics,6.0,10/16/2024
257,export,39.0,12/21/2024
2091,analytics,14.0,29-03-2024
2312,export,10.0,2025-12-08
3867,analytics,43.0,2024-01-26
4844,ai_insights,3.0,02/06/2025
4480,dashboard,5.0,2025-05-21
3731,dashboard,3.0,2025-10-05
4020,export,29.0,2025-11-04
3866,analytics,34.0,2024-04-20
637,reports,3.0,2025-05-29
379,ai_insights,17.0,2025-12-25
356,dashboard,32.0,2024-02-17
3298,reports,19.0,2024-10-17
2067,dashboard,28.0,2025-05-25
2128,reports,39.0,2025-07-28
3583,analytics,38.0,09/14/2025
2165,export,45.0,2024-02-20
2392,analytics,,2024-09-28
1786,dashboard,40.0,04/24/2024
3637,analytics,36.0,2024-05-22
1009,analytics,14.0,2024-08-28
1047,dashboard,4.0,2025-04-11
4187,ai_insights,15.0,2025-12-21
2295,reports,28.0,03/08/2025
4957,export,28.0,2024-03-17
3912,dashboard,14.0,12/05/2025
2954,analytics,5.0,09/22/2024
405,reports,2.0,2025-04-29
961,dashboard,26.0,2024-08-14
4734,reports,17.0,2024-08-24
2630,dashboard,44.0,2025-01-03
2022,ai_insights,23.0,2025-11-10
503,export,10.0,2024-03-03
1287,dashboard,23.0,11-05-2025
3920,analytics,35.0,26-05-2025
933,analytics,38.0,11/10/2024
4390,reports,40.0,2025-10-24
150,dashboard,19.0,2025-01-28
3061,reports,15.0,2025-07-18
1416,export,18.0,2025-08-19
2856,analytics,33.0,03/16/2025
2910,ai_insights,20.0,03-10-2024
1564,reports,46.0,2024-10-31
1294,analytics,47.0,2025-08-05
3633,dashboard,6.0,2024-03-22
4547,ai_insights,3.0,2025-09-22
4033,dashboard,8.0,2025-06-22
754,ai_insights,3.0,2024-09-01
814,export,4.0,2024-03-04
1343,reports,21.0,05/19/2024
802,ai_insights,,2025-12-30
1606,ai_insights,42.0,2025-07-27
395,analytics,27.0,01/31/2024
4730,ai_insights,5.0,2025-05-31
312,analytics,7.0,2024-07-13
915,export,44.0,2024-10-25
2993,export,15.0,03/28/2025
2551,dashboard,42.0,09/01/2024
233,reports,44.0,2024-07-08
4493,export,21.0,2024-09-06
3064,export,21.0,12/02/2025
4715,export,9.0,2024-03-16
3651,analytics,46.0,11/04/2024
433,export,24.0,2024-04-08
993,export,31.0,2024-01-10
4745,export,25.0,2025-06-14
3643,analytics,4.0,07-06-2025
2814,dashboard,46.0,2024-09-20
4830,analytics,49.0,2024-12-13
2188,reports,13.0,2025-11-20
3479,analytics,3.0,11/01/2024
2340,ai_insights,10.0,2024-08-31
3317,reports,13.0,2024-03-18
4680,reports,38.0,2024-07-02
3188,reports,9.0,03/25/2024
867,ai_insights,14.0,2024-11-14
1873,ai_insights,9.0,
576,export,38.0,2024-02-29
4280,analytics,2.0,2024-11-22
4383,dashboard,26.0,2025-11-26
2119,ai_insights,41.0,05-03-2025
3463,export,,2025-01-14
4712,export,26.0,
4794,dashboard,19.0,2025-01-27
4814,analytics,15.0,07/21/2025
3280,dashboard,7.0,2025-06-11
972,reports,32.0,2025-06-29
4527,export,23.0,2024-04-05
2282,export,33.0,2024-06-15
4322,dashboard,,2024-11-10
3396,analytics,48.0,2024-07-04
653,analytics,16.0,30-01-2024
447,ai_insights,45.0,2025-08-19
4280,reports,35.0,2024-07-06
3559,reports,17.0,2024-09-22
4853,analytics,14.0,05/11/2024
2032,export,23.0,2025-07-29
4481,export,37.0,2025-12-21
150,ai_insights,9.0,2025-02-22
3969,reports,29.0,2025-02-18
3406,ai_insights,5.0,2024-01-19
2694,dashboard,42.0,04/25/2024
1377,ai_insights,,2024-11-18
2654,reports,42.0,2025-09-10
790,reports,,2024-02-06
4141,dashboard,39.0,2025-03-30
1921,ai_insights,42.0,2025-08-03
1033,ai_insights,24.0,2025-04-18
2903,analytics,15.0,23-04-2025
1915,ai_insights,42.0,08/12/2025
343,reports,28.0,12/14/2024
1414,dashboard,14.0,2025-02-06
3688,export,11.0,2024-02-19
1448,analytics,18.0,26-10-2025
3087,export,10.0,2024-06-22
141,dashboard,49.0,2025-05-23
1320,export,15.0,2024-10-21
1083,dashboard,49.0,04/01/2025
1054,reports,37.0,2025-04-10
1325,export,38.0,2025-01-06
4145,analytics,50.0,2024-04-04
2111,reports,50.0,2024-10-19
716,reports,11.0,2024-08-05
827,dashboard,47.0,2025-08-03
4863,ai_insights,36.0,2024-01-26
2807,reports,49.0,09/17/2024
2314,export,15.0,2025-06-23
1959,dashboard,43.0,2025-05-02
2209,export,49.0,2024-05-23
4013,ai_insights,24.0,2024-01-07
4514,dashboard,28.0,2024-08-19
3049,ai_insights,1.0,2025-04-18
4731,dashboard,2.0,2025-11-30
3743,reports,30.0,2025-11-30
2998,reports,37.0,2025-05-12
3042,dashboard,24.0,2025-08-10
1157,analytics,37.0,2024-10-08
3307,reports,18.0,2025-09-03
2407,reports,1.0,2024-01-25
789,dashboard,29.0,2025-10-04
1925,ai_insights,7.0,2025-06-14
4796,export,37.0,2024-09-04
2924,export,36.0,2025-09-19
594,dashboard,10.0,2025-12-01
2841,ai_insights,12.0,2024-09-10
4948,reports,,
2147,reports,15.0,
3979,reports,18.0,2025-04-01
632,export,31.0,2024-04-25
2835,dashboard,44.0,08/13/2025
2094,analytics,36.0,2025-04-28
4179,analytics,1.0,09/15/2025
513,dashboard,21.0,2024-06-19
1941,ai_insights,50.0,2024-08-04
306,reports,35.0,2025-08-02
3816,dashboard,24.0,2024-02-28
1736,reports,33.0,2025-09-20
2955,dashboard,11.0,11/12/2024
3813,analytics,10.0,2024-09-14
1914,ai_insights,17.0,2025-03-11
2386,ai_insights,26.0,2024-11-21
969,export,35.0,11/15/2024
1506,ai_insights,32.0,2024-10-22
4065,analytics,30.0,
2443,dashboard,38.0,01/22/2025
2113,analytics,38.0,2024-10-29
722,dashboard,35.0,2025-09-13
2291,analytics,45.0,2025-12-26
2363,reports,45.0,2025-03-27
1670,ai_insights,37.0,05/06/2024
4982,export,7.0,2024-06-18
87,reports,34.0,2025-11-21
3171,reports,38.0,2025-10-13
170,dashboard,16.0,2024-10-27
1225,dashboard,1.0,2025-08-31
3539,analytics,33.0,2024-10-09
1599,ai_insights,2.0,2024-10-08
913,export,27.0,11-03-2025
141,dashboard,44.0,2025-06-30
154,analytics,,04/07/2025
571,dashboard,1.0,2024-09-07
1843,analytics,37.0,2025-12-03
585,ai_insights,45.0,2025-08-19
3575,analytics,47.0,2024-09-09
319,ai_insights,36.0,2025-04-06
4972,reports,21.0,2025-06-13
4116,export,19.0,2024-12-11
3335,dashboard,50.0,2025-05-12
4164,reports,48.0,2024-02-29
4055,export,14.0,2025-05-16
1994,reports,39.0,2025-02-28
3497,reports,,
1316,ai_insights,45.0,2024-12-09
3132,ai_insights,,2024-07-23
3872,export,28.0,2025-12-25
2848,analytics,20.0,2025-12-05
2912,export,1.0,2025-12-30
229,dashboard,39.0,2024-04-30
2163,analytics,4.0,2025-08-02
186,dashboard,49.0,2025-12-31
3895,reports,30.0,11/18/2025
1228,ai_insights,20.0,
1542,ai_insights,32.0,2024-09-16
3408,dashboard,5.0,2024-01-28
19,export,30.0,07/12/2025
1513,analytics,33.0,2024-07-20
3876,dashboard,16.0,2025-02-24
2697,ai_insights,21.0,2025-12-15
4648,analytics,3.0,2024-09-07
279,export,40.0,05/16/2024
2853,reports,21.0,2024-08-24
1838,ai_insights,48.0,10/11/2025
2415,dashboard,38.0,2024-06-16
1944,export,3.0,04-05-2025
3924,dashboard,19.0,2025-06-19
3153,reports,19.0,2024-04-10
3577,analytics,23.0,2024-10-07
2673,ai_insights,33.0,2025-12-04
734,ai_insights,8.0,18-10-2025
1493,analytics,34.0,2025-08-15
774,reports,35.0,2024-10-29
2811,ai_insights,11.0,2025-07-17
3005,dashboard,38.0,2025-01-23
3109,analytics,15.0,2024-09-18
717,analytics,47.0,06/30/2024
2549,reports,33.0,2024-01-07
459,reports,40.0,05/27/2025
1335,analytics,22.0,2024-11-12
1148,dashboard,33.0,2025-07-11
4780,reports,50.0,2024-12-01
379,ai_insights,37.0,2024-08-15
2631,analytics,15.0,2025-06-05
2573,dashboard,49.0,2025-03-31
4217,analytics,17.0,03/22/2024
3940,reports,14.0,2024-06-04
3006,analytics,11.0,2024-07-02
520,analytics,1.0,2025-01-04
3878,ai_insights,9.0,2024-07-20
4913,analytics,39.0,06/26/2024
2265,reports,43.0,2024-02-25
2721,reports,39.0,2025-07-09
1977,export,13.0,06/04/2024
780,analytics,29.0,2025-01-27
342,analytics,22.0,
4023,reports,38.0,2024-01-09
3815,reports,30.0,2025-09-06
4582,reports,3.0,2025-03-05
4808,reports,18.0,2025-01-31
4993,analytics,15.0,2024-12-23
1865,ai_insights,8.0,
1024,export,36.0,2025-03-12
1532,reports,19.0,2024-05-30
639,dashboard,27.0,2025-02-16
74,reports,,2024-02-15
76,ai_insights,6.0,10/13/2024
2546,export,45.0,2024-02-14
796,dashboard,23.0,2024-02-26
2594,reports,1.0,2024-03-03
2524,reports,36.0,09/16/2025
2091,export,5.0,07/07/2025
1343,dashboard,21.0,2025-09-20
1011,analytics,,09/07/2025
862,analytics,,2025-05-19
3350,export,41.0,2024-07-13
355,ai_insights,9.0,2025-03-01
3621,reports,41.0,2024-05-02
4899,dashboard,33.0,08/14/2024
4863,reports,46.0,2024-06-05
4268,reports,37.0,
4606,dashboard,7.0,2025-03-17
2003,export,22.0,2025-03-04
760,reports,,2024-03-11
3153,dashboard,12.0,2025-06-11
1523,analytics,49.0,2025-10-12
4372,dashboard,13.0,12/12/2024
4846,ai_insights,14.0,2025-02-22
3611,export,50.0,2024-05-07
3963,ai_insights,42.0,2025-02-04
3241,analytics,45.0,2024-03-17
3154,analytics,22.0,2024-11-21
2111,analytics,45.0,2024-01-09
3432,analytics,10.0,2025-01-08
2966,analytics,13.0,2025-03-14
1528,ai_insights,30.0,07/07/2024
1263,dashboard,21.0,2024-10-15
3991,reports,24.0,06/27/2025
4831,dashboard,2.0,2024-10-27
3023,ai_insights,48.0,2024-02-16
4318,reports,19.0,2025-04-07
1456,reports,39.0,2025-09-02
4203,export,22.0,2025-02-16
2287,export,26.0,2025-09-16
4663,ai_insights,32.0,2025-12-13
3112,dashboard,5.0,2025-07-20
4971,analytics,3.0,2024-02-14
1434,dashboard,23.0,2025-07-11
484,export,30.0,01/27/2025
1790,export,9.0,2025-03-17
200,reports,24.0,
4184,ai_insights,8.0,2024-03-20
2048,export,21.0,2025-03-08
1654,analytics,12.0,2025-01-04
4906,dashboard,23.0,2024-02-02
424,export,35.0,2025-10-07
356,reports,50.0,2024-04-20
4643,ai_insights,9.0,2025-04-30
4761,reports,22.0,29-01-2025
2828,export,32.0,2024-02-03
2727,reports,14.0,2025-09-20
4126,reports,38.0,2024-03-14
2659,dashboard,6.0,2025-05-21
3830,ai_insights,50.0,2025-08-10
2845,analytics,37.0,2024-03-21
3552,export,4.0,2024-12-13
4344,reports,,2025-07-09
303,reports,,2025-04-02
856,dashboard,,04/13/2024
4713,dashboard,49.0,2024-07-18
2137,reports,13.0,2025-11-09
4433,reports,37.0,2025-09-08
2621,analytics,4.0,2024-08-05
2380,dashboard,31.0,2024-10-01
4577,export,6.0,2024-05-05
2034,dashboard,21.0,01/29/2024
3796,dashboard,22.0,2024-01-31
4992,ai_insights,15.0,2025-11-18
1402,export,31.0,2024-05-20
3168,analytics,,2024-06-01
4424,ai_insights,11.0,2024-10-31
4442,export,13.0,2025-09-13
2559,export,41.0,05/26/2025
875,dashboard,43.0,10/15/2024
676,analytics,1.0,2024-10-28
449,ai_insights,,2024-04-19
4088,export,5.0,09/13/2025
4591,reports,36.0,03/14/2025
4668,reports,42.0,2025-08-02
2841,ai_insights,25.0,2025-04-16
4802,dashboard,6.0,2025-03-06
1852,export,16.0,2025-12-20
4200,dashboard,27.0,09/29/2025
668,dashboard,31.0,2025-08-10
3119,ai_insights,32.0,2024-11-16
4446,export,7.0,2024-10-15
3328,export,45.0,2024-04-23
4071,ai_insights,8.0,2024-03-26
3893,dashboard,2.0,2024-11-04
4985,ai_insights,37.0,2024-07-06
3821,dashboard,15.0,2024-12-06
2306,analytics,42.0,06/09/2024
817,analytics,25.0,05-03-2024
352,analytics,46.0,2025-02-04
3800,ai_insights,4.0,2024-06-06
4204,dashboard,16.0,07/17/2025
2322,export,19.0,2025-01-30
2405,export,5.0,2024-03-07
4258,reports,49.0,02/20/2024
2801,dashboard,20.0,
4873,export,21.0,2024-01-24
3932,dashboard,3.0,12/30/2024
3913,ai_insights,4.0,2024-02-14
4172,reports,44.0,08/11/2024
3763,reports,35.0,06/12/2025
252,ai_insights,26.0,2024-11-05
1865,dashboard,39.0,2024-09-01
3750,ai_insights,40.0,08-06-2024
4347,reports,42.0,2025-02-26
61,reports,12.0,02-04-2025
4984,export,5.0,2024-04-06
2072,dashboard,16.0,2024-10-23
4720,ai_insights,50.0,2025-03-14
4707,analytics,4.0,2025-03-07
1171,dashboard,41.0,2025-05-30
2463,analytics,35.0,2024-08-31
2473,dashboard,27.0,2024-07-03
4090,reports,38.0,2025-04-23
787,reports,41.0,2024-07-01
3076,analytics,29.0,2024-06-28
2505,analytics,48.0,2024-10-24
1818,reports,43.0,2025-09-24
4670,ai_insights,37.0,2024-06-24
4519,analytics,48.0,2024-03-04
4686,export,3.0,07/03/2024
4276,ai_insights,42.0,2025-11-13
2559,analytics,45.0,10/28/2024
1943,export,22.0,2025-12-29
1094,ai_insights,37.0,2025-10-12
1160,analytics,22.0,2025-12-26
295,reports,45.0,2025-06-16
1843,ai_insights,17.0,2024-12-29
1671,dashboard,48.0,2024-09-11
2666,dashboard,1.0,2025-04-15
2656,analytics,18.0,
1537,analytics,40.0,2025-06-08
1333,export,,2024-10-26
4967,analytics,6.0,2024-09-13
692,export,17.0,2025-11-19
3376,export,32.0,2025-09-19
4094,ai_insights,48.0,2024-02-20
1271,export,26.0,2025-08-30
1266,reports,31.0,2024-04-07
980,export,9.0,2024-07-31
442,export,33.0,2025-01-26
196,analytics,9.0,2024-01-18
3026,export,10.0,2024-11-24
1225,export,9.0,2025-06-16
2345,export,38.0,12/28/2025
2405,export,20.0,2024-09-19
3456,export,40.0,2024-08-13
4133,ai_insights,48.0,2024-01-13
4838,export,6.0,08/01/2025
1656,analytics,40.0,2024-09-09
3658,export,3.0,2025-06-03
4903,analytics,19.0,05/22/2025
1845,reports,47.0,2025-11-08
367,reports,17.0,2025-10-22
3661,dashboard,7.0,2025-08-04
2085,dashboard,6.0,2024-10-24
3911,ai_insights,39.0,2025-09-19
966,analytics,26.0,2025-01-30
1391,dashboard,23.0,2025-05-16
4633,export,27.0,2024-05-26
3658,dashboard,47.0,2025-06-12
1494,analytics,31.0,2025-10-18
637,analytics,26.0,02/25/2024
448,dashboard,3.0,2025-03-28
3943,ai_insights,,04/16/2025
4183,dashboard,11.0,2025-02-12
178,analytics,14.0,2024-03-26
2350,ai_insights,43.0,2025-01-07
1866,reports,38.0,2024-11-13
4661,analytics,43.0,25-09-2025
1408,analytics,20.0,04/11/2024
4731,ai_insights,41.0,2024-02-14
4447,export,30.0,2025-03-27
4042,analytics,22.0,2025-06-22
1522,ai_insights,26.0,2024-01-24
3937,export,43.0,2025-04-24
2554,export,1.0,2024-07-29
1280,ai_insights,3.0,2024-07-15
270,dashboard,10.0,2024-07-16
3496,reports,6.0,2024-07-01
1057,dashboard,13.0,12-06-2025
720,dashboard,17.0,2024-10-28
3807,dashboard,43.0,2024-05-05
2878,ai_insights,19.0,2024-07-15
3513,analytics,13.0,2024-03-27
2492,dashboard,13.0,2024-12-28
1497,analytics,28.0,12/17/2025
4005,ai_insights,,2025-06-26
4657,ai_insights,38.0,01/08/2025
3591,analytics,29.0,2025-11-09
912,reports,24.0,2025-01-28
3312,analytics,47.0,2025-01-09
4982,analytics,30.0,2025-05-09
3142,ai_insights,25.0,26-01-2025
1192,analytics,20.0,2024-08-12
1682,reports,38.0,2025-12-12
1148,analytics,9.0,
4379,dashboard,22.0,04/20/2024
3483,ai_insights,29.0,2025-11-27
1995,export,21.0,07/18/2024
2688,analytics,47.0,2024-08-17
3957,reports,1.0,2024-05-05
943,dashboard,12.0,2025-02-25
1767,reports,26.0,2024-09-19
3360,dashboard,25.0,2025-09-12
2879,reports,39.0,2025-12-05
4510,analytics,43.0,2024-10-12
3942,reports,37.0,12/25/2024
3889,ai_insights,37.0,2024-03-11
3570,analytics,46.0,04/08/2025
2206,dashboard,2.0,2025-11-10
3988,dashboard,10.0,2024-03-17
2196,ai_insights,26.0,2024-09-23
250,analytics,50.0,2025-01-09
3862,dashboard,2.0,2025-07-11
1404,export,1.0,02/03/2024
4133,export,5.0,2025-07-05
3541,ai_insights,5.0,2024-04-22
4995,export,40.0,2024-10-31
476,dashboard,6.0,2025-05-24
2419,analytics,41.0,2025-12-30
2202,ai_insights,30.0,2025-06-15
1451,reports,33.0,
837,analytics,47.0,2024-04-12
1759,export,39.0,02/18/2024
3412,analytics,25.0,2025-04-07
3848,ai_insights,22.0,08/30/2025
3112,reports,22.0,2024-01-17
3508,dashboard,17.0,2025-12-26
3917,reports,17.0,2024-07-04
4606,reports,43.0,2025-04-07
896,analytics,30.0,2025-01-26
2963,dashboard,30.0,2025-12-24
1550,reports,20.0,2024-07-12
4558,analytics,33.0,2025-06-20
1031,reports,34.0,2024-11-01
4600,export,48.0,31-05-2025
847,ai_insights,29.0,2025-10-16
4510,dashboard,22.0,2025-02-03
3153,reports,,2025-01-11
4690,analytics,21.0,08-10-2024
1952,dashboard,16.0,2024-09-16
3987,ai_insights,,08/04/2024
858,reports,45.0,2024-08-16
1617,dashboard,23.0,11/24/2025
2921,export,5.0,2025-12-31
711,reports,45.0,18-12-2024
296,dashboard,6.0,2024-12-10
332,export,41.0,2025-12-06
3782,export,44.0,2025-03-16
961,ai_insights,4.0,2024-02-09
1197,analytics,38.0,2024-06-16
2058,reports,34.0,2025-12-07
4684,export,16.0,2025-07-06
851,export,14.0,2024-08-10
3908,analytics,22.0,05/14/2024
3208,ai_insights,4.0,08/26/2025
2697,analytics,21.0,2025-03-01
1232,analytics,27.0,2025-11-09
2357,export,20.0,2024-06-06
3694,ai_insights,16.0,2025-06-18
2843,analytics,47.0,11/09/2024
4555,dashboard,17.0,2025-02-01
3019,export,30.0,2025-06-30
4124,analytics,8.0,2025-10-06
350,dashboard,19.0,2025-04-05
4980,analytics,30.0,2024-07-23
4393,reports,4.0,2024-06-26
1676,export,32.0,05/24/2025
2139,export,5.0,04-07-2024
4638,ai_insights,1.0,2025-08-08
2340,reports,17.0,2024-05-30
4074,analytics,13.0,2024-10-15
536,ai_insights,,2025-01-19
3414,export,7.0,2024-02-26
3062,export,20.0,2025-06-01
644,export,25.0,2025-03-12
2395,analytics,35.0,2025-09-17
3737,ai_insights,42.0,07/09/2024
4568,dashboard,18.0,2025-09-13
1258,export,9.0,13-08-2024
2090,analytics,37.0,2025-10-02
3471,ai_insights,13.0,11/30/2024
2718,reports,8.0,2025-04-09
459,export,34.0,2024-05-12
2295,reports,36.0,2024-06-25
4408,analytics,5.0,2025-02-05
327,ai_insights,20.0,2025-01-24
2387,ai_insights,49.0,2025-05-27
4975,reports,27.0,2024-10-26
311,dashboard,32.0,2025-07-27
4616,export,39.0,
1198,reports,18.0,2024-06-10
4225,analytics,14.0,03/14/2025
1090,export,6.0,2024-05-19
1630,reports,7.0,2024-03-24
1467,export,31.0,2025-09-28
1439,dashboard,34.0,2024-04-22
947,analytics,49.0,2024-07-23
965,export,42.0,2025-03-09
3838,analytics,17.0,2024-07-10
3218,reports,26.0,2025-02-13
343,analytics,17.0,2025-07-18
4623,dashboard,,2025-12-20
1560,ai_insights,48.0,02/15/2025
4656,ai_insights,42.0,2024-03-22
862,export,29.0,2025-01-10
4727,analytics,47.0,2024-08-21
2658,dashboard,9.0,2025-04-04
4160,ai_insights,41.0,2024-12-27
3559,ai_insights,,2025-08-05
3041,analytics,20.0,2024-06-04
545,dashboard,40.0,2024-05-24
611,ai_insights,20.0,03/24/2024
4967,dashboard,27.0,2024-08-26
4489,export,25.0,2024-11-28
4713,ai_insights,26.0,2025-02-10
2935,analytics,18.0,2025-09-25
651,analytics,28.0,2024-05-30
314,dashboard,32.0,2024-09-25
4334,ai_insights,19.0,2025-04-25
171,analytics,20.0,2024-10-07
1949,reports,11.0,2024-02-03
2051,ai_insights,27.0,14-05-2025
2872,ai_insights,50.0,2024-12-27
1973,dashboard,,2025-12-24
2394,ai_insights,22.0,2025-04-07
961,analytics,38.0,2025-10-31
4472,ai_insights,24.0,03/13/2024
900,export,33.0,2024-08-11
4684,ai_insights,43.0,
470,analytics,25.0,2025-04-28
1697,analytics,37.0,2024-10-11
2839,analytics,,2025-11-30
1499,analytics,44.0,2025-12-25
1885,dashboard,23.0,
2639,reports,17.0,2025-07-05
1663,reports,11.0,07/29/2025
2005,analytics,12.0,2025-12-25
1455,reports,9.0,11/22/2025
958,ai_insights,,2025-04-02
3665,export,16.0,2024-01-02
3694,analytics,14.0,2025-01-15
2163,analytics,39.0,2024-08-10
3827,export,18.0,2025-01-16
4868,reports,1.0,2024-01-25
3116,analytics,31.0,2025-11-20
3229,export,5.0,2025-02-26
1961,ai_insights,45.0,2025-10-22
4926,dashboard,41.0,2024-10-19
4842,reports,50.0,03/31/2024
1217,analytics,19.0,2025-12-03
3868,ai_insights,29.0,2025-04-18
3248,dashboard,48.0,2024-12-20
2448,dashboard,41.0,13-04-2025
782,ai_insights,5.0,2025-09-17
3608,dashboard,49.0,2025-09-15
3229,analytics,18.0,2024-07-29
2148,ai_insights,41.0,2025-02-21
3742,ai_insights,27.0,2025-12-09
2901,export,17.0,2024-06-17
4274,dashboard,20.0,2024-08-03
1331,export,8.0,2025-08-11
95,ai_insights,18.0,2025-01-19
2832,ai_insights,29.0,2025-02-24
1117,analytics,2.0,2025-09-09
3936,dashboard,18.0,2025-03-07
1934,ai_insights,9.0,08/23/2025
1457,export,30.0,2025-05-12
4895,analytics,16.0,2025-01-19
1256,dashboard,4.0,2025-07-16
4804,reports,30.0,10/21/2025
2636,ai_insights,29.0,02-04-2024
4268,analytics,23.0,2024-04-17
4015,dashboard,36.0,2024-01-15
2143,export,29.0,2024-11-09
65,ai_insights,26.0,2024-01-08
3993,export,9.0,2024-02-16
3728,analytics,27.0,2025-10-28
741,reports,37.0,04-11-2024
180,dashboard,18.0,2025-01-24
4651,export,4.0,08/23/2025
2294,analytics,37.0,08/23/2024
1785,reports,38.0,2024-11-11
1859,dashboard,50.0,2024-12-24
2913,export,,2025-12-22
3130,export,32.0,2025-01-13
400,export,38.0,2025-01-05
1170,analytics,,2024-07-13
2376,ai_insights,,2025-06-13
3136,dashboard,35.0,2024-12-13
1996,ai_insights,38.0,2024-03-22
2176,ai_insights,43.0,2024-06-01
1274,analytics,39.0,2024-03-17
2960,reports,15.0,2024-05-27
3259,dashboard,41.0,2024-05-14
1824,export,27.0,2024-04-19
1609,analytics,47.0,2024-12-24
1338,ai_insights,2.0,2024-12-16
1915,ai_insights,44.0,10/11/2025
454,ai_insights,44.0,2024-08-13
4120,analytics,26.0,2025-02-26
4869,ai_insights,30.0,2024-05-28
3038,ai_insights,42.0,2024-06-08
3460,analytics,,05/15/2024
2857,dashboard,1.0,2025-01-19
4338,reports,19.0,14-02-2024
1081,analytics,47.0,2025-06-28
4945,export,1.0,2025-06-21
2559,ai_insights,44.0,2025-10-11
488,ai_insights,5.0,2024-03-02
1266,export,17.0,2025-02-07
3408,ai_insights,45.0,2024-01-20
3029,dashboard,16.0,2024-05-16
2845,analytics,7.0,2025-06-12
3316,dashboard,39.0,2024-06-03
884,ai_insights,37.0,2025-10-21
4825,analytics,1.0,2025-04-13
3799,reports,37.0,2024-03-01
988,export,28.0,2025-04-01
3147,reports,,2024-02-23
4402,ai_insights,38.0,2024-04-28
2330,analytics,32.0,2025-05-10
3756,analytics,41.0,07/12/2024
2533,export,7.0,2024-09-02
1097,analytics,40.0,2025-12-27
2292,export,42.0,2025-11-20
4569,reports,36.0,2025-09-09
197,analytics,4.0,25-11-2024
3167,reports,20.0,2024-03-07
414,export,34.0,
4957,ai_insights,25.0,2024-12-06
2703,dashboard,46.0,2024-09-15
3925,ai_insights,23.0,2025-05-08
2043,export,17.0,03/15/2025
2621,export,16.0,2025-08-04
4770,ai_insights,15.0,27-08-2024
1411,dashboard,37.0,2024-08-12
4825,reports,19.0,2025-03-25
2497,reports,38.0,21-07-2025
3686,dashboard,3.0,2024-11-13
1487,analytics,49.0,2024-12-28
3795,dashboard,19.0,23-03-2024
288,reports,13.0,2025-10-04
860,export,48.0,2025-11-04
6,export,3.0,2025-08-23
861,ai_insights,11.0,2024-05-03
4037,ai_insights,14.0,12/17/2024
2476,reports,25.0,2024-05-22
874,ai_insights,14.0,2024-03-28
3184,analytics,42.0,2024-09-29
910,ai_insights,5.0,2024-04-19
534,analytics,5.0,2025-06-19
1262,analytics,24.0,2024-03-31
860,ai_insights,31.0,2025-01-13
4437,analytics,44.0,2024-03-21
3019,dashboard,32.0,06/28/2024
1429,reports,23.0,2025-03-14
4217,export,44.0,2025-11-08
2883,analytics,49.0,12/28/2024
2554,export,38.0,2025-06-22
3810,export,26.0,2024-03-12
94,ai_insights,34.0,2024-08-26
2528,export,11.0,2025-07-23
4732,dashboard,21.0,2024-05-25
396,export,33.0,2024-05-31
4975,reports,9.0,06/25/2024
4727,analytics,18.0,01/03/2024
4049,reports,47.0,2024-01-22
3820,dashboard,49.0,2025-10-12
3822,analytics,,02/26/2025
402,ai_insights,11.0,2024-05-31
3084,reports,34.0,2024-06-05
801,ai_insights,33.0,2024-05-31
1496,export,45.0,2025-12-19
1382,export,14.0,2024-07-03
1562,dashboard,20.0,2025-05-05
566,export,15.0,2024-06-10
1876,analytics,20.0,2025-03-15
1647,ai_insights,8.0,2024-06-23
4927,reports,3.0,2024-03-13
2685,reports,20.0,2025-01-29
3252,ai_insights,35.0,2025-03-12
3068,ai_insights,29.0,2025-07-25
4682,analytics,45.0,28-08-2024
1087,ai_insights,48.0,2025-02-20
374,export,17.0,2024-08-17
1064,export,36.0,07/13/2024
3560,reports,6.0,02/07/2025
1023,analytics,18.0,2024-11-13
3319,dashboard,,2024-12-11
1305,analytics,28.0,02/11/2025
2776,dashboard,39.0,07/23/2025
3972,export,18.0,03/12/2024
4558,dashboard,17.0,03/21/2025
1014,export,16.0,2024-09-23
1962,dashboard,18.0,2024-01-16
2229,dashboard,37.0,22-06-2024
2891,reports,44.0,2025-04-14
17,export,1.0,2024-03-03
721,reports,11.0,2025-11-03
4337,reports,5.0,2025-12-19
3631,analytics,15.0,2024-05-02
1219,analytics,6.0,2024-06-17
633,ai_insights,49.0,2025-03-18
2677,ai_insights,27.0,2024-09-11
2791,dashboard,35.0,2024-01-26
2469,reports,16.0,07/16/2024
3488,dashboard,26.0,2025-10-24
2912,ai_insights,9.0,2025-11-24
801,dashboard,28.0,07/09/2025
1101,dashboard,43.0,13-08-2025
1277,reports,34.0,2024-03-21
1782,dashboard,49.0,2025-03-29
4734,dashboard,13.0,2024-11-08
2496,reports,37.0,2025-09-07
4383,analytics,38.0,2024-09-08
2451,export,25.0,2024-12-28
1876,analytics,37.0,11/06/2025
4924,export,38.0,2024-06-14
2111,ai_insights,,2025-10-24
3944,export,46.0,2025-01-22
4014,export,10.0,2025-11-07
4564,analytics,17.0,2024-08-27
4418,ai_insights,45.0,2024-08-01
1535,reports,20.0,2025-08-22
405,dashboard,2.0,2024-05-30
2524,dashboard,13.0,2025-06-21
2005,dashboard,30.0,2025-01-20
1753,ai_insights,3.0,2024-06-20
1069,dashboard,49.0,2024-05-27
3516,analytics,46.0,2024-06-29
511,ai_insights,35.0,2024-06-18
3186,ai_insights,37.0,2025-10-26
3784,reports,20.0,2025-10-04
2954,reports,5.0,2025-09-28
473,ai_insights,5.0,
217,analytics,17.0,2025-05-06
3947,dashboard,11.0,2024-06-09
3092,analytics,15.0,2025-12-18
4564,dashboard,,2025-03-13
281,export,8.0,2025-11-15
4162,ai_insights,23.0,11/11/2024
4834,analytics,4.0,2024-01-06
311,dashboard,17.0,2024-11-29
2895,reports,47.0,2025-02-09
2711,reports,45.0,10/26/2025
2629,ai_insights,35.0,2024-09-25
3498,export,17.0,01-04-2025
4790,analytics,25.0,2025-10-09
4483,analytics,46.0,11/24/2025
3588,export,31.0,12-08-2024
2650,analytics,31.0,2024-07-30
2708,dashboard,16.0,10/01/2024
2952,analytics,48.0,2025-07-16
162,analytics,47.0,03/17/2025
1609,export,16.0,2024-04-26
261,analytics,9.0,2025-10-18
1567,dashboard,22.0,2025-08-09
687,export,37.0,2024-01-29
1507,ai_insights,19.0,2024-09-19
376,analytics,,10/14/2025
3116,reports,19.0,2024-07-26
1099,ai_insights,37.0,08-09-2025
1687,ai_insights,7.0,2025-09-14
2540,analytics,3.0,2024-01-28
3414,export,,07/30/2024
545,ai_insights,25.0,01/02/2024
699,analytics,21.0,2024-01-15
670,ai_insights,16.0,
625,analytics,47.0,2024-01-04
4593,reports,24.0,2025-05-20
4852,analytics,41.0,2025-09-16
3307,export,40.0,2025-02-21
1354,export,7.0,2024-09-08
4594,ai_insights,45.0,2025-03-03
4246,analytics,32.0,09/14/2025
3254,reports,41.0,2024-10-27
1991,ai_insights,38.0,2025-07-28
4190,dashboard,49.0,2024-12-03
3715,analytics,28.0,2025-04-15
2129,export,32.0,2025-01-06
1956,dashboard,32.0,12-07-2024
330,analytics,22.0,2024-01-24
2217,analytics,35.0,09/24/2025
23,dashboard,36.0,2025-11-15
2859,reports,19.0,2025-11-30
1730,dashboard,9.0,2024-12-19
4992,dashboard,33.0,2024-03-07
1090,analytics,20.0,07/25/2024
1821,export,9.0,2025-08-23
1080,reports,13.0,2025-02-13
1507,export,49.0,2024-07-09
922,export,11.0,2024-01-24
3610,export,29.0,2024-11-24
981,dashboard,6.0,2025-12-19
1721,reports,27.0,02/06/2025
106,reports,11.0,2025-08-04
53,dashboard,17.0,2025-07-15
400,reports,11.0,2025-06-07
3144,analytics,27.0,03/31/2024
2017,analytics,22.0,2024-08-05
3930,export,2.0,07/11/2025
4312,analytics,14.0,2025-08-05
2230,reports,8.0,2024-01-06
3893,export,18.0,2025-06-10
4183,ai_insights,10.0,2024-01-10
1771,ai_insights,32.0,11/08/2025
2245,ai_insights,23.0,2024-03-21
1033,export,31.0,2024-07-30
1000,ai_insights,34.0,2024-11-17
3237,reports,27.0,2024-02-29
3690,analytics,36.0,2025-07-30
61,reports,29.0,2025-07-16
1188,reports,11.0,2025-07-15
4633,ai_insights,43.0,2025-08-01
2843,ai_insights,36.0,2024-05-22
2569,reports,41.0,2024-09-24
3444,dashboard,2.0,2025-08-21
4716,dashboard,16.0,2024-11-29
3305,ai_insights,11.0,08/20/2025
4774,ai_insights,47.0,2025-03-25
4781,dashboard,14.0,2025-05-27
1528,dashboard,26.0,2025-06-20
3187,ai_insights,,07/05/2025
2458,dashboard,24.0,2025-04-16
4187,analytics,29.0,2025-05-11
97,analytics,4.0,2025-08-17
902,export,44.0,2025-06-29
2279,ai_insights,19.0,2024-02-19
2997,ai_insights,,2025-12-12
4749,ai_insights,33.0,2024-12-15
3385,dashboard,7.0,
298,export,36.0,2024-10-15
4247,ai_insights,37.0,2025-10-16
4119,dashboard,10.0,2024-07-22
179,export,36.0,2025-05-24
251,export,30.0,2025-11-11
3260,ai_insights,20.0,2024-12-03
4065,reports,26.0,2024-09-23
3120,export,13.0,27-06-2025
2088,ai_insights,45.0,2025-12-24
997,reports,39.0,03/31/2024
871,dashboard,42.0,2025-03-17
63,reports,49.0,2024-11-08
3955,analytics,40.0,2025-02-19
2658,dashboard,15.0,2024-03-06
4421,ai_insights,21.0,2024-03-04
2781,export,44.0,2025-12-20
4633,analytics,36.0,2024-03-10
1213,reports,42.0,2024-10-01
986,reports,3.0,2024-03-04
101,analytics,,09/05/2024
1737,reports,48.0,2025-01-26
3750,dashboard,41.0,10/29/2024
1238,reports,49.0,2024-06-04
1984,reports,8.0,2024-12-21
2472,export,41.0,2025-09-17
1571,analytics,11.0,2025-02-01
76,ai_insights,45.0,2025-05-22
165,export,10.0,2024-10-23
1782,ai_insights,34.0,2025-06-02
2069,analytics,35.0,2025-08-24
3692,ai_insights,37.0,2025-12-02
4456,ai_insights,22.0,2024-01-25
2678,ai_insights,31.0,2025-03-04
95,dashboard,40.0,2025-07-11
1112,export,45.0,2024-10-02
3947,reports,32.0,2025-02-23
1392,reports,,2025-01-25
3771,export,42.0,2025-07-28
1445,dashboard,32.0,06-06-2025
4369,dashboard,21.0,12-07-2024
2780,reports,35.0,2024-06-29
4459,ai_insights,,2024-06-24
1133,export,42.0,30-10-2024
4765,ai_insights,23.0,2024-10-10
2828,reports,49.0,2025-03-03
3281,reports,33.0,2025-02-07
3143,analytics,27.0,2025-02-13
234,dashboard,7.0,2025-07-10
3393,analytics,2.0,2025-11-03
1873,export,44.0,2024-11-19
4773,reports,43.0,2025-04-24
2917,export,1.0,04/11/2024
4149,dashboard,15.0,2025-02-23
628,reports,30.0,08/15/2024
1626,ai_insights,41.0,2025-03-30
1901,dashboard,,06/18/2024
3943,ai_insights,7.0,2024-05-26
1911,reports,3.0,2025-06-16
395,analytics,,2024-03-15
2914,dashboard,35.0,2024-01-21
4156,reports,27.0,2025-07-03
18,dashboard,50.0,2025-03-26
1551,analytics,45.0,2025-03-01
1135,reports,22.0,2024-12-31
1617,ai_insights,22.0,2025-06-27
4988,analytics,22.0,2025-06-30
2575,ai_insights,43.0,2024-10-27
4754,reports,24.0,2025-02-12
2934,export,44.0,2025-03-31
1820,dashboard,26.0,2025-08-18
3702,export,31.0,2024-07-14
276,analytics,14.0,07/19/2024
4522,ai_insights,39.0,2024-03-22
19,analytics,42.0,2024-01-16
1772,export,5.0,2025-09-28
2951,ai_insights,14.0,2025-08-29
1330,ai_insights,46.0,01/26/2024
332,export,48.0,2024-08-30
251,dashboard,40.0,2025-01-20
3986,export,47.0,2024-03-27
1461,export,22.0,2025-06-14
4590,ai_insights,50.0,2024-02-23
4463,reports,24.0,2024-12-18
2975,reports,2.0,02/09/2024
2215,analytics,,2025-06-23
3069,export,,
3957,analytics,50.0,2024-10-28
483,reports,5.0,2024-08-12
4109,reports,40.0,2024-09-30
3797,dashboard,34.0,2025-03-06
817,analytics,8.0,2024-03-02
2390,dashboard,6.0,2025-05-17
493,dashboard,10.0,2024-08-19
2734,reports,37.0,2024-07-21
4934,reports,48.0,2024-05-14
2731,analytics,19.0,2024-09-07
3866,analytics,48.0,2025-12-19
2196,reports,25.0,13-04-2025
1699,analytics,18.0,2024-10-06
2350,dashboard,35.0,2025-04-20
4157,ai_insights,38.0,2025-08-02
692,analytics,43.0,12/18/2025
1455,ai_insights,31.0,2025-05-07
4143,export,49.0,2024-08-27
4199,reports,36.0,2024-03-15
2950,export,42.0,2025-05-05
3581,reports,38.0,2024-02-27
3382,export,,2025-11-19
4272,dashboard,36.0,2024-03-18
4300,ai_insights,44.0,2025-03-07
2125,ai_insights,,2024-10-24
3543,export,23.0,2024-05-15
1079,export,31.0,2024-09-16
3481,dashboard,39.0,04/24/2025
2341,reports,46.0,2025-06-04
1669,export,45.0,10/24/2024
2011,analytics,14.0,2025-10-31
4401,analytics,31.0,2024-11-17
819,reports,,2025-09-16
479,reports,43.0,2024-10-09
174,analytics,24.0,2024-02-03
4648,analytics,50.0,2025-11-10
40,reports,22.0,02/26/2024
319,ai_insights,32.0,2024-01-16
1798,export,6.0,14-06-2024
3287,export,15.0,21-09-2024
4326,reports,8.0,2025-01-31
826,dashboard,4.0,2024-12-05
1833,ai_insights,16.0,24-01-2025
4627,analytics,49.0,2024-05-11
4564,export,40.0,2025-03-22
2235,export,33.0,2025-02-14
4078,export,3.0,2024-07-24
2937,dashboard,,02-04-2025
580,reports,44.0,2024-02-26
4653,export,21.0,2024-10-21
1121,export,28.0,02/15/2025
1256,ai_insights,,09/30/2025
388,reports,50.0,2024-04-22
714,export,26.0,2024-06-28
3289,dashboard,21.0,
4566,reports,16.0,2024-08-28
862,analytics,,2024-12-06
3865,export,31.0,2024-12-12
4543,export,9.0,2024-10-01
4606,reports,15.0,2025-01-14
1333,reports,4.0,2025-02-24
1912,analytics,5.0,2025-02-01
1236,export,10.0,2025-02-21
4227,reports,43.0,2025-03-30
565,analytics,49.0,2024-06-18
1444,reports,19.0,2024-10-29
456,dashboard,30.0,2024-03-15
4059,dashboard,43.0,29-05-2025
2272,ai_insights,29.0,23-11-2025
1020,analytics,,2025-06-05
737,analytics,45.0,02/02/2025
616,export,8.0,2025-08-18
4868,export,7.0,2025-08-30
4690,dashboard,10.0,2025-08-27
351,dashboard,27.0,07/27/2025
3443,dashboard,42.0,2025-06-05
22,analytics,9.0,2024-09-13
1725,dashboard,46.0,2024-04-24
3750,dashboard,29.0,06-10-2025
2934,export,7.0,2024-07-09
1793,analytics,,2025-11-29
3422,dashboard,28.0,2025-03-16
3392,analytics,4.0,2025-12-07
1990,export,44.0,2025-10-12
717,reports,20.0,2024-09-21
3040,dashboard,13.0,2025-03-02
4121,reports,34.0,2025-10-11
3906,export,14.0,02/12/2025
3561,export,31.0,2025-03-11
2645,dashboard,,
3604,analytics,19.0,31-01-2024
4793,export,15.0,2024-12-13
1913,reports,31.0,08/22/2024
2060,export,21.0,2024-11-23
4786,ai_insights,20.0,2025-09-23
4070,export,23.0,2024-12-03
1330,export,2.0,2024-09-09
1198,ai_insights,14.0,2024-03-31
4528,reports,45.0,2024-05-21
1755,dashboard,14.0,2025-10-10
202,ai_insights,38.0,2025-05-24
2331,reports,36.0,01/06/2025
882,dashboard,45.0,2024-10-11
2231,export,16.0,2025-05-29
1059,export,3.0,2025-11-22
671,ai_insights,29.0,2025-07-10
689,export,31.0,2024-12-13
3901,reports,25.0,2024-03-14
4264,analytics,45.0,2025-04-10
1432,dashboard,17.0,2025-05-14
1239,reports,49.0,2024-04-19
3738,export,15.0,2024-03-01
1846,analytics,1.0,2025-03-16
2504,dashboard,19.0,2024-08-21
260,dashboard,19.0,11/12/2024
3843,analytics,4.0,2025-08-26
1585,ai_insights,15.0,2025-04-19
3779,analytics,46.0,2025-11-25
3382,reports,31.0,2024-06-21
2246,analytics,12.0,2025-01-01
2792,export,31.0,2025-11-07
2327,dashboard,12.0,2025-06-14
4723,ai_insights,21.0,2025-06-08
2531,reports,32.0,2025-01-28
1335,reports,8.0,04/02/2024
70,ai_insights,8.0,2024-02-26
2605,reports,34.0,2025-03-23
1572,ai_insights,15.0,2025-06-08
1805,analytics,47.0,2025-12-18
3354,reports,44.0,18-06-2024
4723,export,,2025-01-16
115,ai_insights,25.0,03/30/2024
1342,ai_insights,11.0,2025-07-20
1906,analytics,22.0,2024-10-11
2006,ai_insights,39.0,2024-12-14
3196,ai_insights,24.0,2024-01-18
4114,dashboard,29.0,2024-12-14
701,ai_insights,39.0,2024-02-01
3065,ai_insights,11.0,10/25/2024
317,export,34.0,2025-05-31
347,ai_insights,41.0,2024-06-11
4712,export,,11/30/2024
2563,export,3.0,2025-12-27
2459,dashboard,24.0,08/26/2025
4503,reports,23.0,05/24/2025
3058,reports,37.0,03/06/2025
3650,analytics,3.0,2025-04-29
4011,analytics,,2024-10-19
3176,dashboard,40.0,2025-03-28
313,dashboard,25.0,2024-10-14
350,analytics,44.0,2025-08-16
1613,analytics,46.0,2024-07-09
5000,reports,30.0,06/30/2025
4589,dashboard,6.0,2025-02-06
1971,analytics,,11/14/2025
1753,reports,22.0,12/25/2025
4168,analytics,3.0,2025-05-27
4415,export,18.0,2025-05-31
2461,dashboard,19.0,2025-09-29
218,export,41.0,2024-12-09
108,ai_insights,38.0,2024-08-12
1605,analytics,18.0,2025-11-08
2979,ai_insights,25.0,2024-12-13
4737,analytics,3.0,2024-10-30
3556,dashboard,30.0,02/22/2025
4059,analytics,36.0,2024-02-02
2571,ai_insights,49.0,2025-08-29
1090,reports,34.0,2024-04-14
4604,reports,15.0,2025-06-18
1858,ai_insights,37.0,2024-04-02
4288,export,45.0,2024-01-10
4363,export,40.0,08/27/2024
393,reports,5.0,2025-06-20
4226,reports,33.0,2025-04-30
1015,reports,30.0,2025-03-08
1359,analytics,21.0,2024-10-17
2770,reports,46.0,2025-10-23
4472,analytics,31.0,2025-06-18
4331,export,,2025-06-08
4168,reports,11.0,2025-07-14
3703,reports,41.0,2024-01-13
3668,ai_insights,38.0,2024-07-20
3500,reports,34.0,2024-08-24
3359,reports,14.0,2025-01-27
3805,export,27.0,2024-03-11
2698,export,50.0,2024-03-15
2893,export,49.0,2024-03-18
959,reports,28.0,01/02/2025
1472,export,17.0,2025-08-09
3966,ai_insights,41.0,2025-08-01
3894,export,10.0,2025-07-26
3069,dashboard,3.0,2024-10-26
466,ai_insights,42.0,2024-12-25
1825,analytics,2.0,2024-12-05
4364,ai_insights,12.0,2025-03-15
3959,ai_insights,48.0,2025-09-30
3648,analytics,49.0,2024-10-23
3785,dashboard,23.0,2024-05-07
1082,export,1.0,2024-06-13
2143,ai_insights,,2025-03-21
3424,reports,19.0,2024-03-25
126,ai_insights,8.0,2024-04-02
4930,reports,18.0,2025-06-07
2361,ai_insights,10.0,
1716,ai_insights,42.0,2024-05-03
2731,export,32.0,2025-10-08
2,analytics,16.0,2025-09-09
4445,reports,17.0,2025-09-21
2585,ai_insights,42.0,2024-02-15
2810,export,5.0,2025-11-26
39,ai_insights,34.0,2025-06-08
1694,reports,7.0,12/05/2025
1070,analytics,19.0,2024-05-12
2748,export,22.0,2024-06-13
1745,dashboard,30.0,2024-11-05
2183,reports,36.0,2024-10-27
1920,analytics,43.0,2024-09-23
2017,reports,34.0,2024-04-07
1231,dashboard,2.0,09/07/2025
1904,reports,30.0,2025-10-27
3091,ai_insights,20.0,2025-05-26
2082,analytics,33.0,08/16/2024
2034,analytics,39.0,2025-05-22
2594,ai_insights,11.0,2024-04-26
3152,analytics,40.0,06-03-2025
2716,reports,14.0,2024-06-16
1438,dashboard,14.0,2025-03-31
937,export,7.0,07/07/2024
3367,dashboard,27.0,2024-03-24
1857,reports,,2024-02-08
4309,ai_insights,19.0,11/01/2025
2434,analytics,32.0,2024-12-17
1399,dashboard,22.0,2025-01-09
3690,analytics,48.0,2025-10-08
2508,export,13.0,2025-04-01
1065,dashboard,29.0,2024-10-07
4838,analytics,19.0,2025-12-16
4717,reports,20.0,03/20/2025
2062,reports,14.0,2025-10-05
2599,analytics,18.0,2024-06-25
3534,dashboard,3.0,2025-05-04
4596,ai_insights,32.0,2025-09-25
1282,export,41.0,2025-03-11
3754,reports,47.0,05/19/2024
2547,export,13.0,
549,export,9.0,05/11/2025
2272,dashboard,39.0,2025-08-14
3960,dashboard,26.0,01/07/2024
4492,ai_insights,20.0,2025-07-26
3015,analytics,7.0,08/21/2025
2438,export,40.0,2025-11-28
1398,dashboard,12.0,01-01-2024
4351,analytics,8.0,2024-06-01
2278,ai_insights,2.0,2024-04-12
3300,ai_insights,48.0,2024-11-14
4096,ai_insights,34.0,2025-05-20
1696,ai_insights,,2025-01-24
481,ai_insights,20.0,2025-07-25
3762,reports,17.0,2025-02-27
3492,export,19.0,2025-01-15
284,dashboard,8.0,2025-09-22
2231,export,27.0,2025-02-17
3534,ai_insights,,2025-06-25
1156,export,2.0,2024-05-31
3123,reports,13.0,2024-09-17
1597,dashboard,20.0,2025-09-24
1828,ai_insights,11.0,2025-05-23
1854,analytics,48.0,2024-09-25
3466,export,14.0,2025-06-29
3390,dashboard,23.0,2024-09-02
2412,reports,26.0,2025-09-10
30,reports,45.0,09/21/2024
4668,analytics,33.0,2025-09-11
2593,analytics,31.0,2024-07-04
4384,analytics,,2025-06-24
3152,dashboard,25.0,10/30/2024
3031,export,,2024-03-27
1050,reports,5.0,2024-01-14
143,ai_insights,47.0,2025-03-28
1354,reports,13.0,2025-01-09
2812,analytics,39.0,06/14/2025
1393,export,31.0,2024-02-14
213,ai_insights,6.0,2024-08-10
167,export,18.0,2025-04-07
575,export,40.0,01/07/2024
4407,export,18.0,2024-04-02
932,analytics,31.0,2024-11-18
3052,ai_insights,18.0,2024-10-30
1029,analytics,43.0,2025-05-23
949,reports,48.0,2024-08-23
1010,analytics,6.0,2025-10-28
1457,analytics,39.0,2025-08-01
1285,analytics,14.0,2025-08-24
2993,dashboard,37.0,2024-01-20
311,export,35.0,2024-08-25
787,export,30.0,
2723,dashboard,4.0,2024-12-08
699,ai_insights,8.0,2025-09-05
748,ai_insights,46.0,2025-11-17
2652,dashboard,48.0,2024-12-31
4888,reports,26.0,2024-03-06
1441,reports,26.0,2024-11-05
2964,reports,38.0,02/22/2024
2395,reports,38.0,2024-06-06
857,analytics,11.0,2025-08-13
4300,dashboard,30.0,2024-03-15
2303,dashboard,32.0,2024-12-23
3113,ai_insights,8.0,2025-11-07
3931,dashboard,15.0,06-05-2025
394,ai_insights,12.0,2024-08-30
701,reports,29.0,2025-11-28
2292,export,40.0,2025-11-09
4498,dashboard,43.0,2025-10-26
3332,reports,29.0,2025-09-12
2100,export,,2025-06-19
3434,export,42.0,02/18/2024
772,export,21.0,2025-05-04
4287,export,42.0,2025-04-12
2317,export,,2024-10-23
3204,analytics,49.0,05/15/2024
2686,export,21.0,2024-07-17
1396,analytics,8.0,2024-08-28
2192,analytics,19.0,2024-08-31
4433,reports,2.0,2024-07-26
2716,ai_insights,14.0,2024-04-20
623,reports,22.0,10/19/2024
2522,analytics,33.0,2025-05-01
2618,analytics,42.0,2024-04-16
2979,dashboard,44.0,2024-03-23
1009,reports,30.0,2024-01-29
3352,dashboard,,2024-10-16
3374,export,28.0,2025-11-09
1196,export,41.0,2025-05-02
2240,analytics,44.0,2025-02-01
1423,reports,14.0,2025-07-16
3360,dashboard,13.0,2025-01-14
54,analytics,20.0,2025-08-02
454,analytics,14.0,2025-02-15
470,dashboard,8.0,2024-08-29
4894,analytics,27.0,2024-07-12
3819,reports,40.0,2024-08-12
3095,reports,35.0,
1399,dashboard,34.0,2025-02-14
58,export,31.0,2025-02-04
4245,reports,17.0,2024-05-11
1597,analytics,3.0,2025-11-07
4891,reports,39.0,2024-03-14
2194,reports,9.0,2025-03-04
1211,export,6.0,2024-12-08
162,analytics,41.0,2025-06-07
1145,export,2.0,2024-10-31
3871,reports,17.0,2025-03-18
833,reports,34.0,12-10-2025
711,analytics,,04-04-2024
4453,ai_insights,48.0,2025-03-18
683,analytics,39.0,2024-11-05
3520,reports,25.0,2025-07-23
2654,analytics,39.0,2024-06-18
1635,ai_insights,38.0,2025-07-25
4932,ai_insights,45.0,2025-07-10
4625,dashboard,35.0,2025-07-27
1714,ai_insights,17.0,2025-07-28
1994,dashboard,5.0,2024-11-21
3467,export,13.0,2024-08-10
2854,analytics,50.0,2025-10-02
312,export,26.0,05/02/2024
3459,export,19.0,2024-05-19
4756,ai_insights,2.0,2025-03-04
3844,export,36.0,04-10-2025
1870,analytics,18.0,12/04/2025
378,export,31.0,2025-02-07
2538,export,42.0,2025-02-22
4316,ai_insights,25.0,02/04/2025
1479,export,30.0,2024-06-10
2490,analytics,9.0,2024-06-20
1468,ai_insights,47.0,2025-04-03
4566,dashboard,14.0,2024-10-18
1156,analytics,19.0,2025-11-02
2780,analytics,48.0,2025-09-03
4909,analytics,25.0,2025-01-11
987,analytics,20.0,09/30/2024
840,export,28.0,2024-01-07
3815,ai_insights,6.0,2024-10-14
4466,analytics,30.0,08/13/2025
1015,reports,44.0,03-08-2025
251,dashboard,7.0,04/01/2024
4258,ai_insights,41.0,2025-09-28
3864,ai_insights,9.0,2025-05-14
4759,analytics,34.0,01/28/2025
2461,export,9.0,2024-04-22
1493,analytics,43.0,2025-07-30
2495,ai_insights,43.0,
4689,ai_insights,,2024-05-25
2231,ai_insights,,2025-08-29
2881,export,42.0,2025-10-25
993,ai_insights,28.0,2025-08-17
2003,export,45.0,2024-08-09
4846,dashboard,16.0,2025-01-27
563,dashboard,40.0,2024-03-10
956,dashboard,34.0,2024-03-24
3166,analytics,8.0,2025-07-09
4288,export,8.0,2025-12-19
1765,ai_insights,41.0,2024-12-23
4718,dashboard,49.0,2024-06-28
4409,dashboard,,2024-03-31
1784,analytics,29.0,2024-03-26
3927,dashboard,34.0,2025-08-11
1018,ai_insights,27.0,2024-06-05
276,analytics,36.0,2024-08-12
4486,ai_insights,47.0,2025-11-07
1135,reports,28.0,2025-05-04
3866,analytics,3.0,2024-11-24
591,reports,,2024-03-14
4878,export,21.0,2024-02-12
4982,reports,9.0,2025-10-09
4463,ai_insights,34.0,2025-05-11
3808,ai_insights,24.0,
2738,dashboard,34.0,2024-02-23
3942,dashboard,8.0,
4902,reports,50.0,2025-07-23
3180,export,20.0,22-09-2025
2794,dashboard,3.0,2024-06-04
3927,export,41.0,2024-08-15
1547,analytics,16.0,20-04-2024
1608,analytics,42.0,01/15/2024
460,dashboard,23.0,2024-09-13
2438,ai_insights,22.0,01/09/2025
3087,export,24.0,2024-05-03
1640,export,40.0,2024-02-28
912,ai_insights,24.0,2024-11-01
2042,analytics,43.0,2025-11-10
1420,reports,35.0,2024-05-10
4069,export,4.0,2025-07-10
4622,reports,23.0,25-10-2024
728,ai_insights,43.0,04/26/2025
433,export,24.0,2025-07-01
1862,analytics,39.0,20-01-2025
4050,analytics,10.0,12/24/2024
532,reports,26.0,2024-10-29
1565,export,26.0,19-10-2025
386,dashboard,20.0,2024-03-08
652,export,29.0,2025-02-19
211,export,6.0,04/16/2025
1179,ai_insights,18.0,2024-04-10
4272,dashboard,4.0,2024-03-01
4756,dashboard,9.0,2024-07-10
3922,analytics,22.0,2025-12-08
3751,dashboard,21.0,2025-12-06
4177,dashboard,20.0,2025-03-28
1464,dashboard,15.0,2024-05-23
2713,ai_insights,50.0,2025-07-02
1236,analytics,14.0,03/03/2025
1727,analytics,45.0,2024-09-18
26,export,35.0,2025-02-05
2604,ai_insights,31.0,2024-02-26
1159,export,24.0,2025-02-12
1553,ai_insights,2.0,2025-09-26
1652,analytics,20.0,
1574,ai_insights,21.0,2024-02-08
4137,dashboard,15.0,2025-01-05
738,dashboard,26.0,2025-12-20
2470,export,11.0,2025-12-29
2755,ai_insights,3.0,12/10/2024
3727,ai_insights,49.0,2025-07-10
4175,export,35.0,2024-08-31
1123,reports,1.0,2025-02-10
3474,reports,13.0,2025-03-20
429,reports,44.0,01-01-2024
1149,ai_insights,12.0,2025-11-26
4371,ai_insights,40.0,2024-09-02
3118,ai_insights,34.0,07/30/2025
1937,export,,2025-07-24
3958,export,33.0,2025-07-17
2999,export,40.0,2024-07-06
3072,ai_insights,42.0,2024-11-07
3875,ai_insights,46.0,2024-10-01
217,reports,29.0,2025-05-12
649,reports,36.0,2024-02-01
1550,reports,23.0,2024-12-21
954,ai_insights,35.0,2024-04-09
1875,ai_insights,35.0,2025-04-15
3672,dashboard,39.0,12/24/2025
562,analytics,2.0,22-03-2024
4064,export,33.0,2025-09-25
2856,ai_insights,3.0,2025-12-05
1323,ai_insights,12.0,2024-07-10
2791,analytics,37.0,01/07/2025
358,reports,6.0,2025-12-31
4114,reports,18.0,2024-09-25
728,reports,2.0,04/03/2024
3349,export,7.0,2025-08-16
3349,export,48.0,2024-05-15
4653,reports,17.0,2024-09-01
1443,analytics,24.0,07/15/2024
4516,dashboard,12.0,2024-10-08
1161,reports,2.0,2025-09-18
2050,dashboard,15.0,2024-02-22
2466,ai_insights,23.0,2025-07-16
4160,dashboard,1.0,2024-03-21
3283,export,37.0,2025-11-07
895,reports,20.0,10/01/2025
3281,reports,6.0,2025-11-10
109,reports,27.0,2025-12-12
402,dashboard,41.0,
1811,export,15.0,2024-11-04
485,dashboard,47.0,
1079,reports,25.0,05/12/2024
3820,analytics,4.0,2025-07-31
342,reports,18.0,2024-12-08
3219,dashboard,5.0,04/19/2024
4464,reports,37.0,2025-02-23
4925,export,42.0,2025-01-25
1258,export,3.0,2025-03-05
4378,analytics,42.0,2025-03-03
2036,analytics,8.0,2025-05-12
1530,reports,6.0,2025-11-16
554,reports,27.0,2024-02-01
3269,export,16.0,2025-02-04
839,ai_insights,49.0,2025-11-20
638,analytics,46.0,01/02/2025
1125,export,,2025-11-14
3223,reports,28.0,2024-07-23
486,dashboard,39.0,2024-12-27
3740,analytics,28.0,2025-04-05
3363,analytics,32.0,2024-01-26
1632,ai_insights,18.0,2025-12-29
500,ai_insights,2.0,2024-09-24
1038,reports,27.0,2024-11-11
1153,reports,25.0,2025-06-18
2805,ai_insights,29.0,2025-11-11
4299,dashboard,14.0,2024-08-17
4420,ai_insights,,2024-05-03
4389,dashboard,6.0,
3260,dashboard,4.0,18-10-2025
209,export,28.0,02/01/2024
1791,analytics,35.0,2025-07-16
4181,export,33.0,2025-10-12
3583,reports,14.0,2025-03-04
2218,dashboard,33.0,2025-12-09
1354,analytics,2.0,2025-05-02
489,reports,28.0,2025-12-04
3012,dashboard,6.0,2025-03-10
1105,reports,15.0,2025-08-22
119,ai_insights,5.0,2025-05-10
1791,ai_insights,10.0,01/10/2024
207,analytics,48.0,27-05-2025
1818,dashboard,12.0,2024-09-27
3429,reports,25.0,2025-06-30
4950,dashboard,22.0,2024-07-13
1095,analytics,,07/06/2024
4665,ai_insights,2.0,2024-09-06
1833,ai_insights,45.0,2025-07-10
1808,dashboard,37.0,2025-06-02
3351,ai_insights,33.0,2024-03-31
1167,ai_insights,40.0,2025-04-14
3994,export,46.0,2025-02-22
2346,reports,21.0,2024-08-07
4210,reports,4.0,2025-01-05
148,reports,32.0,2025-12-17
2855,analytics,22.0,2024-06-23
2865,analytics,27.0,2024-12-04
1529,reports,22.0,2024-02-10
2452,analytics,49.0,2025-12-10
3949,dashboard,32.0,2025-11-15
2453,reports,38.0,2025-09-20
1140,export,50.0,09/28/2025
337,analytics,33.0,2025-02-05
2825,dashboard,9.0,2024-10-16
4307,analytics,6.0,2025-09-21
1984,export,42.0,08/10/2025
1589,analytics,41.0,2024-11-07
4973,export,45.0,2024-05-02
2221,dashboard,25.0,05/17/2025
4817,ai_insights,48.0,23-09-2025
1433,ai_insights,32.0,2025-11-14
2161,dashboard,7.0,2024-10-18
464,reports,25.0,2024-10-25
426,export,47.0,2025-05-01
4378,analytics,21.0,2025-05-21
1313,dashboard,47.0,2025-05-30
2462,dashboard,18.0,2025-01-14
3794,reports,45.0,02/26/2025
1541,analytics,1.0,2025-09-04
1589,export,6.0,01/23/2024
378,reports,25.0,27-11-2025
1791,analytics,1.0,2024-02-21
3696,analytics,44.0,2024-09-11
1993,reports,21.0,2024-03-03
4486,reports,20.0,2025-02-07
1502,analytics,45.0,2024-08-21
2349,export,35.0,04/08/2024
1444,analytics,24.0,2025-04-20
4367,dashboard,25.0,2024-08-01
2762,ai_insights,46.0,2024-03-28
4525,ai_insights,18.0,2025-09-29
1877,export,35.0,2025-04-19
1609,reports,17.0,2025-05-08
2378,analytics,,04/07/2024
2115,export,,
2588,ai_insights,22.0,2025-02-04
1511,reports,,2024-03-26
4284,reports,41.0,2025-02-16
3695,dashboard,24.0,2024-04-18
2501,dashboard,,2024-07-01
1643,dashboard,25.0,10/24/2024
930,dashboard,44.0,2024-05-27
83,ai_insights,4.0,2025-03-21
3580,dashboard,19.0,2024-02-02
1593,dashboard,33.0,11-07-2024
3001,export,,2024-10-27
3802,reports,10.0,2025-01-29
546,ai_insights,33.0,2024-12-09
190,ai_insights,20.0,2024-04-15
1848,dashboard,48.0,2025-09-25
3896,analytics,30.0,2025-04-23
1094,dashboard,3.0,2024-02-08
3018,reports,26.0,2025-06-20
3742,ai_insights,47.0,2024-02-01
4188,ai_insights,24.0,10/22/2025
1362,reports,37.0,2024-03-09
2131,reports,26.0,2025-06-01
2578,dashboard,40.0,01-09-2025
867,analytics,37.0,06/06/2025
3831,analytics,1.0,2024-03-30
4502,dashboard,30.0,05/27/2024
2614,export,35.0,2024-01-27
3504,analytics,43.0,2024-10-20
1429,reports,,2024-07-25
2535,dashboard,12.0,2024-11-11
1575,reports,40.0,2024-07-07
808,ai_insights,28.0,2024-09-30
2411,ai_insights,29.0,2024-01-30
1382,ai_insights,15.0,11/27/2024
697,dashboard,47.0,2024-02-27
2764,reports,19.0,2025-06-10
1273,reports,26.0,2024-06-14
4044,dashboard,36.0,07-09-2025
1306,reports,27.0,2025-04-14
2464,dashboard,8.0,13-08-2025
958,export,25.0,2024-08-17
2538,analytics,18.0,07/24/2025
2344,reports,47.0,23-08-2024
51,ai_insights,44.0,2024-02-16
4444,analytics,9.0,2024-12-16
960,reports,40.0,2024-11-06
4683,export,43.0,09/08/2024
3390,dashboard,43.0,2024-04-05
4606,export,49.0,2024-03-31
1944,analytics,33.0,2024-01-18
4678,reports,28.0,2025-01-20
874,ai_insights,29.0,
2232,analytics,46.0,2024-01-08
4391,ai_insights,15.0,2025-12-31
3737,reports,23.0,03/19/2024
93,analytics,28.0,2024-02-14
4370,analytics,,2024-12-31
3625,dashboard,26.0,05/03/2025
120,analytics,5.0,2024-09-09
2154,analytics,24.0,2024-11-14
843,reports,13.0,2024-07-06
1129,dashboard,32.0,01/02/2025
3597,export,44.0,2024-08-03
3837,ai_insights,33.0,02/03/2025
2329,export,16.0,11/12/2025
3103,export,7.0,2025-10-26
2690,export,40.0,2025-02-24
2178,dashboard,28.0,2024-10-29
78,reports,26.0,2025-05-30
901,ai_insights,8.0,11/18/2024
1404,analytics,50.0,2024-05-27
1099,dashboard,31.0,2024-03-02
1999,analytics,31.0,2024-10-20
1644,ai_insights,37.0,2024-06-13
3825,ai_insights,37.0,2025-11-06
4831,export,,2025-09-21
3575,reports,46.0,03/16/2025
1228,export,,07/02/2024
2690,ai_insights,22.0,2024-06-16
2592,reports,29.0,2025-03-19
4339,analytics,39.0,2024-04-09
597,ai_insights,19.0,2025-06-29
3265,reports,44.0,2024-03-04
2528,export,34.0,2024-06-23
1635,reports,12.0,2024-09-24
3880,reports,36.0,2024-02-20
1781,ai_insights,31.0,05/03/2025
2783,dashboard,8.0,2024-06-08
1686,ai_insights,35.0,2025-11-15
2165,reports,49.0,2025-09-07
2841,dashboard,4.0,26-03-2024
1429,dashboard,39.0,2025-05-23
2282,reports,2.0,
4670,ai_insights,44.0,2024-09-04
3584,export,43.0,2024-11-24
832,ai_insights,24.0,2025-11-20
3309,analytics,34.0,10-11-2025
3254,reports,,2025-10-15
2381,dashboard,20.0,10-10-2024
520,ai_insights,2.0,2024-08-16
3880,reports,45.0,07/26/2024
4141,analytics,1.0,2024-06-29
2711,dashboard,46.0,2024-09-25
592,analytics,26.0,2025-11-27
1026,ai_insights,24.0,2024-05-25
3979,dashboard,26.0,2024-05-19
1085,ai_insights,7.0,2025-08-14
262,dashboard,37.0,2025-10-07
670,ai_insights,26.0,2025-11-28
3787,analytics,23.0,2024-06-11
3909,dashboard,37.0,2024-01-14
2672,export,,2024-09-16
4528,reports,18.0,2024-10-09
1239,analytics,22.0,2024-05-19
2119,ai_insights,28.0,2024-11-27
4877,reports,18.0,2025-10-06
4690,export,40.0,11/28/2025
778,export,34.0,2024-07-14
3416,analytics,35.0,2024-10-31
4459,export,26.0,2025-02-16
3897,analytics,2.0,2025-10-18
1220,analytics,23.0,12/21/2024
1533,ai_insights,32.0,2024-04-06
1159,analytics,36.0,2025-09-26
3821,analytics,25.0,2025-02-24
4463,ai_insights,1.0,2025-08-04
3324,export,44.0,2024-07-07
1887,ai_insights,38.0,2024-10-08
1425,dashboard,38.0,2024-09-22
915,dashboard,24.0,2024-04-08
3695,export,31.0,2024-12-16
1874,export,8.0,2024-04-12
3867,ai_insights,28.0,2025-09-29
4469,analytics,13.0,09/25/2024
3617,ai_insights,,2025-12-19
2667,ai_insights,,2024-05-19
1752,ai_insights,23.0,12/01/2025
3420,export,12.0,2024-07-10
710,ai_insights,29.0,01/14/2024
980,reports,22.0,2025-03-04
3225,dashboard,33.0,2025-10-23
2287,ai_insights,41.0,2024-01-24
3637,reports,44.0,
1183,analytics,34.0,2025-06-07
2215,analytics,47.0,2025-12-12
2769,reports,43.0,22-02-2024
4994,reports,30.0,2025-11-17
2151,analytics,38.0,2024-03-14
4800,reports,18.0,09/06/2024
1944,export,9.0,06/22/2025
4633,ai_insights,33.0,2025-08-13
3089,analytics,4.0,04/12/2025
2503,export,43.0,2025-04-22
331,dashboard,42.0,2024-07-07
712,reports,39.0,2024-08-24
761,export,17.0,2024-03-18
1230,dashboard,32.0,01/28/2024
2210,export,47.0,2025-09-16
3764,export,32.0,02/14/2025
2705,ai_insights,32.0,2024-03-14
4450,dashboard,9.0,2024-01-09
1372,export,3.0,2024-03-27
1111,dashboard,47.0,2024-06-11
582,dashboard,18.0,2024-02-29
3423,ai_insights,44.0,2025-07-19
839,reports,27.0,04/04/2024
4232,analytics,9.0,2025-05-24
2878,reports,48.0,2024-01-29
703,dashboard,3.0,2024-02-04
4485,analytics,,2024-05-07
2612,analytics,8.0,2024-08-29
334,analytics,21.0,2024-06-17
414,dashboard,18.0,03-11-2024
4926,analytics,38.0,2024-06-16
842,reports,37.0,2025-01-29
1550,analytics,,2025-07-17
1657,reports,8.0,01/23/2025
4279,analytics,40.0,2025-10-27
4747,analytics,22.0,12/01/2024
795,dashboard,36.0,02/20/2024
3587,analytics,34.0,01/25/2025
174,dashboard,35.0,
1548,dashboard,43.0,2024-09-16
1998,reports,17.0,2024-01-07
3445,reports,3.0,2024-01-24
37,ai_insights,38.0,2025-06-07
952,ai_insights,4.0,2025-04-12
1816,export,23.0,2025-09-22
2037,ai_insights,20.0,02-09-2025
933,ai_insights,36.0,2024-07-13
2489,export,39.0,2024-07-30
1936,dashboard,17.0,02/28/2024
4064,analytics,16.0,05/28/2024
1223,analytics,25.0,2024-07-28
3400,ai_insights,16.0,2025-12-27
1412,reports,9.0,2024-01-31
3360,analytics,5.0,08/13/2025
3516,dashboard,33.0,23-03-2024
1817,ai_insights,14.0,2025-01-01
4940,analytics,48.0,2024-09-03
2580,analytics,41.0,21-07-2024
36,export,49.0,2025-06-22
328,analytics,35.0,2024-08-19
4457,ai_insights,30.0,2025-02-15
3222,export,40.0,07/14/2024
4773,ai_insights,19.0,2024-06-20
508,export,34.0,25-01-2025
983,analytics,7.0,2025-11-17
3347,dashboard,12.0,2025-01-31
666,export,38.0,2025-09-23
2660,export,11.0,2024-05-24
3385,analytics,10.0,2025-06-18
3265,dashboard,3.0,2025-01-18
4255,reports,24.0,2024-08-30
4559,analytics,7.0,09-12-2024
4670,reports,19.0,2024-03-13
1077,export,36.0,2025-08-31
1616,analytics,18.0,2025-07-28
655,ai_insights,42.0,2024-05-29
399,analytics,37.0,
250,dashboard,37.0,2025-07-03
3615,analytics,29.0,06/17/2024
2734,export,45.0,08/17/2024
4700,dashboard,47.0,2024-03-24
248,analytics,28.0,2025-11-22
4625,reports,47.0,05/21/2025
3330,ai_insights,,2024-03-07
1384,ai_insights,38.0,2024-09-30
2421,ai_insights,18.0,20-09-2024
3697,reports,25.0,2024-04-03
3267,analytics,1.0,2024-04-16
3586,dashboard,16.0,2025-06-21
3441,ai_insights,37.0,2024-02-23
4068,analytics,,
4261,dashboard,16.0,2024-10-26
199,reports,4.0,12/10/2024
1111,reports,50.0,2024-12-23
4863,analytics,24.0,2024-11-06
302,dashboard,17.0,01-03-2024
4738,dashboard,4.0,2025-09-30
2432,ai_insights,2.0,2025-07-03
1260,analytics,9.0,2024-01-26
4609,export,22.0,13-05-2024
2935,analytics,39.0,2025-09-30
854,dashboard,2.0,21-04-2025
4783,dashboard,44.0,2025-11-05
1149,dashboard,7.0,2024-07-02
3171,analytics,,2024-11-20
2602,ai_insights,21.0,2024-11-16
4116,export,10.0,2025-10-09
590,export,38.0,2024-09-28
1599,export,6.0,2024-02-08
3577,reports,31.0,2025-07-31
596,reports,46.0,2024-05-22
1618,reports,49.0,19-10-2025
769,dashboard,22.0,2025-09-07
4554,reports,50.0,2024-01-02
4160,export,50.0,2025-01-03
4065,reports,22.0,2025-07-20
2446,analytics,22.0,09/03/2024
3518,analytics,9.0,2024-04-06
4235,analytics,21.0,26-05-2024
3505,dashboard,1.0,08/20/2024
1865,reports,33.0,2024-02-22
4000,ai_insights,3.0,2024-06-24
418,analytics,29.0,2024-04-10
2810,reports,27.0,05/14/2024
3231,analytics,23.0,2025-05-13
4105,ai_insights,43.0,11/23/2024
714,analytics,48.0,29-08-2025
1946,reports,,2024-09-05
1234,reports,47.0,2025-01-27
1649,dashboard,30.0,2025-06-15
617,analytics,45.0,2024-12-28
2615,dashboard,24.0,2025-11-03
158,analytics,17.0,10/29/2025
4783,export,16.0,2025-11-14
763,analytics,49.0,2024-12-01
2799,analytics,6.0,07/18/2025
4735,reports,6.0,2025-01-04
3378,ai_insights,8.0,2024-10-16
1417,export,14.0,12/07/2024
3427,ai_insights,19.0,2024-12-15
2571,reports,29.0,2024-10-27
3650,ai_insights,5.0,2024-04-04
2398,analytics,13.0,2025-03-07
3840,ai_insights,1.0,2025-09-16
2040,ai_insights,18.0,
3315,reports,34.0,04/29/2024
2090,export,4.0,2024-01-14
2032,export,33.0,2024-10-17
3379,analytics,19.0,2025-03-05
945,dashboard,31.0,2024-03-19
246,export,28.0,2024-11-11
4029,ai_insights,15.0,2024-06-21
3930,export,2.0,2024-12-14
2793,dashboard,1.0,01/31/2025
3276,analytics,49.0,2025-11-18
1303,reports,7.0,2025-02-05
512,export,33.0,2024-04-23
2337,dashboard,46.0,12/16/2025
2171,export,5.0,05/06/2025
1775,reports,26.0,2024-06-29
3258,analytics,35.0,2025-09-29
3622,ai_insights,16.0,2024-11-21
748,reports,44.0,2024-01-13
946,reports,12.0,2024-05-09
1448,ai_insights,3.0,2025-12-27
4939,analytics,8.0,2025-06-09
1015,ai_insights,1.0,2025-03-11
3402,export,26.0,2024-06-21
2243,analytics,,2024-04-02
1210,reports,3.0,2025-06-02
2403,analytics,,2024-05-19
4290,reports,31.0,2024-06-23
3089,dashboard,6.0,01/30/2024
2729,dashboard,48.0,2025-11-03
3963,dashboard,30.0,2024-05-07
1291,analytics,32.0,2024-08-22
3381,analytics,7.0,2024-12-28
2176,reports,17.0,2025-08-31
646,reports,17.0,2025-07-31
259,analytics,1.0,08/02/2025
1705,export,48.0,2025-10-30
1395,export,27.0,2025-12-08
1620,analytics,31.0,2024-03-18
2353,reports,44.0,07/08/2024
3737,dashboard,33.0,12/16/2024
1106,ai_insights,,2025-03-05
2864,analytics,33.0,2024-04-18
4473,export,33.0,04/27/2025
1428,ai_insights,15.0,2024-05-28
3423,reports,24.0,2024-03-10
4445,analytics,5.0,2024-08-09
3910,export,24.0,2024-05-10
3843,ai_insights,32.0,02/20/2024
1241,export,5.0,2024-08-31
3577,analytics,34.0,2025-11-04
3174,analytics,30.0,2024-12-16
2074,ai_insights,46.0,2025-10-18
2438,dashboard,40.0,2025-09-13
2494,export,41.0,10-04-2024
1617,export,25.0,2024-11-18
3964,ai_insights,32.0,11/19/2024
4354,export,23.0,2024-07-15
2228,ai_insights,32.0,2025-10-20
3275,dashboard,42.0,2024-11-26
139,ai_insights,29.0,06/22/2024
2085,dashboard,10.0,2025-01-21
2116,reports,48.0,2025-10-20
34,analytics,31.0,2025-02-13
2878,export,29.0,2025-10-03
3973,export,14.0,2024-11-25
4605,ai_insights,15.0,07-03-2024
974,reports,12.0,2025-12-27
3709,reports,23.0,2025-06-17
3130,dashboard,25.0,2025-08-29
4018,analytics,,2025-10-22
3542,reports,,2024-05-09
4320,analytics,3.0,12/11/2025
4091,analytics,33.0,15-04-2024
4262,ai_insights,22.0,2025-12-12
1440,reports,1.0,03/30/2025
2120,dashboard,25.0,2024-07-03
3259,analytics,7.0,09/30/2024
4256,dashboard,8.0,2025-10-26
1403,ai_insights,29.0,2024-12-31
4446,ai_insights,3.0,2025-06-03
4838,export,12.0,11/06/2025
2789,ai_insights,33.0,2024-07-19
3843,dashboard,25.0,
3700,ai_insights,23.0,2024-11-12
1074,dashboard,18.0,2025-11-23
2536,analytics,25.0,2024-05-24
1756,dashboard,12.0,2024-12-13
637,dashboard,4.0,10/12/2024
106,dashboard,,2024-04-21
1925,analytics,38.0,2025-11-21
3066,ai_insights,5.0,2024-04-15
4176,ai_insights,9.0,2025-10-29
3069,analytics,29.0,2025-12-14
4317,ai_insights,13.0,2024-07-24
3664,reports,42.0,2024-01-03
1768,export,40.0,2025-01-01
4286,export,32.0,2024-08-04
4954,reports,10.0,2024-09-10
4632,dashboard,10.0,2024-11-21
1228,ai_insights,47.0,2025-03-17
1053,dashboard,38.0,03/05/2025
2810,ai_insights,45.0,2025-09-18
217,dashboard,9.0,2025-12-23
2948,ai_insights,42.0,10/19/2024
4733,ai_insights,10.0,2025-10-26
1992,reports,35.0,07/14/2025
3357,dashboard,32.0,2025-09-21
1452,dashboard,23.0,30-03-2024
1207,reports,1.0,12/19/2025
4588,export,26.0,03/13/2024
3561,reports,20.0,2024-03-16
2393,ai_insights,49.0,2024-08-30
3965,reports,7.0,04/04/2025
4938,export,18.0,2025-12-17
836,ai_insights,24.0,2024-06-23
1966,ai_insights,26.0,2025-06-12
2877,analytics,38.0,2025-10-26
990,dashboard,6.0,2025-06-27
2748,ai_insights,39.0,18-01-2025
356,export,41.0,2024-03-31
4652,dashboard,3.0,2024-08-16
2099,ai_insights,15.0,2024-12-05
534,dashboard,49.0,2024-10-29
185,analytics,36.0,2024-03-02
1644,reports,28.0,2024-07-30
3618,dashboard,21.0,03/22/2025
4715,ai_insights,7.0,2025-09-27
854,dashboard,27.0,2024-07-03
2767,analytics,14.0,2025-07-20
4913,analytics,34.0,2024-10-03
4048,analytics,1.0,
3887,export,25.0,11/19/2025
4010,analytics,38.0,2024-10-06
4112,ai_insights,27.0,
4771,reports,9.0,2025-05-16
4395,reports,,11/18/2024
444,ai_insights,,2025-11-07
2882,reports,18.0,2025-12-20
4685,export,25.0,2025-02-01
1994,analytics,17.0,2024-08-19
1788,ai_insights,22.0,2024-03-27
3618,dashboard,15.0,2024-02-22
2326,export,38.0,2024-03-09
4842,export,13.0,2025-06-04
1748,reports,37.0,2025-10-06
1375,reports,45.0,2024-02-18
1617,ai_insights,38.0,2024-04-13
4793,ai_insights,6.0,2025-01-01
4459,dashboard,29.0,2025-07-05
1076,ai_insights,,02/08/2025
2407,reports,16.0,2025-12-26
354,reports,44.0,2024-03-10
459,analytics,9.0,2024-04-07
1694,reports,49.0,05/04/2024
1311,reports,,2024-07-16
588,dashboard,44.0,2024-07-28
4416,analytics,30.0,2024-05-26
727,reports,25.0,2024-06-13
2352,dashboard,8.0,2024-11-21
3478,analytics,43.0,2024-11-05
4729,ai_insights,47.0,2025-06-17
1811,ai_insights,14.0,2025-01-14
3756,ai_insights,3.0,2025-12-12
4070,analytics,50.0,2024-03-12
1852,dashboard,40.0,2024-11-08
4392,ai_insights,22.0,01/11/2025
3262,dashboard,47.0,09/11/2025
4476,ai_insights,9.0,2024-05-06
411,reports,10.0,12/29/2024
1122,reports,31.0,2025-05-05
4972,analytics,7.0,2025-08-20
4397,ai_insights,23.0,2024-07-11
4529,export,5.0,2025-04-06
1666,ai_insights,22.0,2024-12-29
68,ai_insights,16.0,10-06-2025
3177,reports,9.0,02/28/2025
2219,export,29.0,2025-09-24
2576,analytics,35.0,2024-10-07
1187,analytics,,08/10/2025
3291,reports,41.0,
3923,dashboard,9.0,2025-07-28
651,reports,,2024-10-10
2131,dashboard,47.0,2025-03-21
4024,reports,23.0,2025-11-20
690,ai_insights,48.0,16-09-2024
145,analytics,36.0,2025-11-09
1996,ai_insights,42.0,10/04/2025
304,ai_insights,,25-06-2024
4357,export,12.0,
1221,ai_insights,36.0,2025-09-26
3179,ai_insights,38.0,2025-06-25
3948,export,13.0,2025-07-22
1259,reports,30.0,20-03-2024
3340,export,11.0,2024-07-01
529,export,12.0,2024-09-03
3194,ai_insights,48.0,09/16/2025
1901,dashboard,10.0,2024-08-19
513,export,1.0,05/16/2025
3227,analytics,2.0,2024-07-19
4178,reports,3.0,2024-09-10
616,analytics,23.0,2024-05-27
1843,analytics,32.0,2025-05-05
1107,reports,48.0,2024-01-13
2776,export,38.0,2025-02-08
2631,dashboard,40.0,2024-04-29
896,ai_insights,15.0,2025-03-25
1877,export,25.0,2024-08-09
47,dashboard,20.0,2024-04-05
4127,export,10.0,2024-03-08
3932,dashboard,15.0,
3339,ai_insights,,2025-07-09
1891,reports,12.0,2025-02-18
2547,dashboard,3.0,2024-02-03
2451,ai_insights,12.0,2025-05-27
2239,reports,41.0,2025-09-01
1099,reports,11.0,10/23/2024
666,ai_insights,5.0,2025-06-21
2319,dashboard,33.0,2024-06-01
4619,ai_insights,21.0,2024-05-01
4884,reports,50.0,2024-12-11
3486,analytics,28.0,2024-10-29
3408,reports,46.0,2024-11-28
4288,export,1.0,2024-01-15
1285,dashboard,22.0,2024-02-20
2194,ai_insights,16.0,2025-09-19
4694,export,47.0,2025-10-29
4067,analytics,17.0,2024-05-27
4853,reports,42.0,2024-01-25
3318,export,36.0,14-06-2024
3350,reports,5.0,2025-09-28
3770,ai_insights,21.0,2024-08-03
4170,export,35.0,2025-09-26
3386,ai_insights,24.0,03/22/2024
4175,reports,24.0,05/09/2024
4250,ai_insights,,2025-10-12
4276,ai_insights,3.0,2024-08-21
3799,ai_insights,28.0,2024-11-19
3784,ai_insights,,2025-03-20
1097,dashboard,20.0,03/05/2025
3791,ai_insights,38.0,2025-10-20
149,analytics,8.0,2024-02-16
4535,analytics,6.0,2024-05-19
476,reports,44.0,2025-02-23
1538,ai_insights,41.0,2025-05-03
4901,ai_insights,38.0,2024-02-16
121,export,2.0,2025-09-19
2542,analytics,23.0,2024-07-26
4401,reports,3.0,2024-04-02
2167,export,35.0,2024-05-22
1503,dashboard,5.0,2025-03-09
3465,analytics,19.0,06/22/2025
4817,analytics,40.0,2025-02-11
3870,analytics,16.0,02/17/2025
1264,reports,8.0,2025-05-07
3027,analytics,31.0,2024-02-25
787,reports,31.0,2025-07-04
735,reports,22.0,2024-07-10
2279,ai_insights,33.0,2025-07-11
3795,ai_insights,31.0,2025-04-19
3257,export,,2024-06-08
2811,reports,43.0,2024-11-30
4177,reports,10.0,2024-05-18
4496,reports,32.0,2025-03-25
2670,ai_insights,26.0,2024-01-26
1529,analytics,16.0,04/07/2025
462,dashboard,31.0,2025-06-24
2948,export,4.0,2025-01-02
3986,reports,38.0,11/22/2024
273,analytics,46.0,
3198,analytics,5.0,2024-05-18
1056,ai_insights,15.0,2025-07-03
4294,dashboard,3.0,10/14/2024
1845,dashboard,30.0,09/11/2024
965,dashboard,48.0,2025-04-21
4315,ai_insights,50.0,2024-06-06
1755,analytics,25.0,2024-09-03
3018,analytics,5.0,05/10/2025
2360,dashboard,5.0,2024-05-12
4751,ai_insights,18.0,2024-06-26
4231,reports,15.0,04/14/2025
983,ai_insights,,2024-08-17
1225,export,2.0,06/28/2025
2837,reports,33.0,2025-07-31
2898,reports,1.0,04-07-2024
4562,reports,4.0,2025-06-28
3185,ai_insights,3.0,2025-05-21
1471,ai_insights,36.0,2024-12-22
838,ai_insights,16.0,2025-03-27
3412,ai_insights,22.0,22-01-2025
4455,ai_insights,43.0,2025-04-14
4104,reports,41.0,2025-12-09
3782,reports,14.0,27-05-2025
3083,dashboard,8.0,2024-03-25
4016,reports,30.0,06/29/2025
3098,dashboard,12.0,04/21/2025
3096,reports,45.0,2024-02-04
3645,analytics,6.0,05/12/2025
672,ai_insights,4.0,2025-08-14
4489,reports,29.0,2025-08-26
3277,reports,33.0,2024-02-26
1742,ai_insights,16.0,04/10/2024
501,dashboard,10.0,2025-06-10
4013,dashboard,,
882,ai_insights,35.0,2024-02-10
4376,dashboard,28.0,2025-01-20
4802,export,15.0,2024-06-22
3773,reports,43.0,2025-03-05
2410,analytics,35.0,2024-05-21
3824,dashboard,33.0,2024-08-08
993,analytics,46.0,2025-10-12
555,analytics,31.0,2024-03-29
1525,analytics,30.0,2024-11-23
1803,analytics,,2024-11-04
1347,dashboard,1.0,2025-04-10
4107,ai_insights,33.0,2024-11-22
4739,analytics,47.0,01/04/2024
4570,dashboard,7.0,2025-08-01
1551,dashboard,3.0,2025-09-28
2590,reports,31.0,2024-11-05
2881,dashboard,43.0,
3480,reports,50.0,2025-07-09
1077,ai_insights,16.0,2024-11-25
267,reports,22.0,2024-11-20
3113,reports,43.0,2025-10-05
4233,export,8.0,2025-07-11
4192,reports,9.0,2025-07-27
2599,analytics,20.0,2025-12-21
4657,analytics,4.0,2025-01-08
1469,export,23.0,2025-05-20
4867,reports,40.0,2024-12-08
1028,analytics,27.0,2024-07-26
3493,dashboard,32.0,2024-09-10
4255,export,32.0,2025-05-31
4965,export,34.0,2024-07-08
2939,export,1.0,2025-11-11
3463,export,26.0,2024-07-07
3448,export,11.0,07/30/2025
4778,export,33.0,2024-07-12
2771,analytics,12.0,2024-01-28
4621,ai_insights,,2024-06-24
2547,ai_insights,45.0,2024-03-24
262,reports,23.0,2025-04-21
96,dashboard,45.0,2024-11-10
827,reports,19.0,2025-11-19
802,ai_insights,15.0,2024-01-27
3409,analytics,39.0,07/03/2025
2554,dashboard,50.0,2025-03-31
1202,dashboard,21.0,2024-02-20
3402,ai_insights,27.0,2024-08-09
2212,export,35.0,2024-07-10
4250,dashboard,11.0,2025-09-17
141,ai_insights,8.0,2024-12-29
2782,analytics,42.0,2024-02-02
3083,ai_insights,29.0,2024-03-27
4581,dashboard,25.0,2024-02-16
3063,ai_insights,40.0,2024-01-19
3079,dashboard,28.0,06/03/2025
66,export,44.0,2024-07-14
3993,reports,7.0,2025-01-31
1624,export,7.0,2025-04-05
1387,ai_insights,8.0,2024-02-04
3797,reports,49.0,2024-07-17
3709,ai_insights,26.0,2024-02-27
4915,dashboard,38.0,2025-07-03
3707,export,28.0,2024-12-18
2967,reports,28.0,2025-02-25
99,reports,27.0,2024-11-01
3606,dashboard,49.0,2025-08-05
3572,reports,49.0,01/14/2024
2767,ai_insights,38.0,02/09/2025
1046,ai_insights,14.0,2024-02-18
2667,analytics,20.0,2025-07-17
1584,reports,20.0,2024-10-18
4210,export,28.0,
2629,analytics,31.0,2024-03-15
3210,reports,18.0,2024-10-20
533,export,26.0,2025-05-14
779,reports,,2025-09-28
3188,analytics,,2024-03-11
727,export,45.0,2024-01-28
3122,dashboard,,12/23/2024
4095,ai_insights,4.0,2025-02-13
886,ai_insights,31.0,2025-08-03
2738,reports,40.0,
3371,analytics,49.0,08/30/2025
9,export,32.0,2025-07-02
132,reports,18.0,2025-06-06
2825,reports,26.0,2024-09-02
713,analytics,1.0,
3790,reports,27.0,2025-08-22
3406,dashboard,30.0,2025-07-24
1259,reports,31.0,2024-06-17
4199,reports,50.0,2025-12-13
411,dashboard,13.0,2025-08-15
123,reports,50.0,2024-06-11
2783,reports,44.0,2025-04-24
3054,export,46.0,2024-07-04
1282,analytics,3.0,01/16/2025
648,dashboard,17.0,2025-08-22
3014,analytics,9.0,
2994,ai_insights,28.0,2024-02-07
3687,ai_insights,43.0,2025-12-21
1684,export,3.0,2025-10-18
4507,analytics,,12/11/2025
2732,export,7.0,2025-04-28
2387,analytics,37.0,2025-02-12
1090,export,25.0,2024-11-30
407,dashboard,44.0,2024-06-10
4982,reports,17.0,2025-02-18
121,reports,17.0,2024-08-13
415,analytics,13.0,2024-09-05
4466,export,12.0,2025-04-30
3361,export,4.0,2024-10-13
2447,ai_insights,17.0,2025-10-22
3533,dashboard,3.0,06/20/2025
3571,ai_insights,28.0,2024-05-13
1066,export,23.0,12-03-2025
706,ai_insights,34.0,2025-05-15
1966,reports,31.0,2024-03-24
2256,dashboard,14.0,2025-09-20
3957,dashboard,22.0,2025-07-23
1535,reports,14.0,2024-01-30
4360,analytics,19.0,2024-01-07
3841,reports,24.0,2025-03-17
3034,analytics,35.0,2025-06-26
1138,analytics,50.0,2025-07-03
1514,analytics,14.0,2025-10-06
1938,dashboard,25.0,08/16/2024
3972,export,22.0,2024-07-28
2027,analytics,13.0,2025-07-28
623,reports,27.0,2025-08-24
1144,export,42.0,2025-12-04
4655,export,17.0,2025-06-19
1526,ai_insights,22.0,2024-09-21
255,analytics,50.0,2024-08-30
194,dashboard,49.0,2024-05-05
3710,analytics,40.0,2024-03-02
2143,analytics,18.0,2024-05-31
2770,ai_insights,26.0,05/13/2024
2577,reports,,2025-01-03
1586,export,,2025-07-17
3262,reports,9.0,2024-01-11
795,analytics,19.0,2025-02-19
2590,reports,10.0,
4620,ai_insights,30.0,2025-01-20
1205,dashboard,22.0,2024-03-28
1644,reports,20.0,2024-03-07
2774,reports,9.0,2024-06-28
4157,dashboard,6.0,2024-09-24
3094,reports,43.0,2024-07-04
625,dashboard,16.0,2025-11-17
2492,reports,15.0,2025-06-13
1545,reports,24.0,2025-10-11
1577,dashboard,22.0,
212,analytics,39.0,2025-12-22
946,reports,7.0,2025-06-03
3180,analytics,48.0,2024-03-12
2161,reports,,2025-11-12
648,export,26.0,2024-07-27
4469,export,32.0,
4769,export,7.0,
615,reports,48.0,2025-06-12
2520,ai_insights,49.0,2024-02-17
744,reports,21.0,2024-11-19
1876,analytics,30.0,2024-09-28
1160,reports,46.0,08/01/2024
4142,export,42.0,2024-02-23
1849,ai_insights,17.0,2024-09-07
1759,analytics,12.0,2024-03-08
4087,reports,21.0,02/29/2024
4155,export,27.0,01/09/2025
3340,export,7.0,2025-04-17
2678,export,38.0,08/21/2024
1768,export,42.0,2025-04-28
3478,ai_insights,,2025-10-14
2848,ai_insights,6.0,2024-03-29
4125,analytics,33.0,2025-05-20
3544,dashboard,36.0,30-07-2024
3679,ai_insights,4.0,2025-05-05
349,export,49.0,2025-12-14
4158,export,13.0,
4566,dashboard,24.0,2025-04-20
838,analytics,11.0,2024-03-04
73,analytics,42.0,2024-10-21
3632,export,10.0,2024-02-09
49,reports,46.0,2025-02-17
3343,analytics,46.0,2024-09-02
4782,export,43.0,2025-05-23
3499,reports,6.0,2025-01-11
1798,analytics,30.0,2025-12-31
3919,export,38.0,2025-12-23
238,reports,47.0,2024-11-07
1890,ai_insights,3.0,2025-06-05
2989,dashboard,,2024-06-14
2683,export,5.0,2024-01-25
4514,analytics,12.0,2025-08-27
4651,export,14.0,2024-10-15
116,analytics,44.0,2024-02-05
465,export,34.0,2024-07-15
3881,reports,11.0,2025-08-11
4768,reports,1.0,2024-12-09
1548,analytics,17.0,2024-10-02
2222,export,43.0,2024-10-12
3609,export,20.0,2024-05-13
4256,reports,50.0,2024-11-27
1040,export,39.0,2025-06-25
1979,dashboard,28.0,2025-11-19
400,export,40.0,2025-05-02
4262,ai_insights,47.0,2024-06-27
3107,dashboard,25.0,2025-07-06
633,export,13.0,2025-05-15
929,analytics,2.0,01/30/2024
1187,ai_insights,10.0,2024-10-06
2359,reports,17.0,2025-01-26
3182,analytics,37.0,2024-08-09
4532,dashboard,7.0,2024-01-17
4491,dashboard,26.0,2024-08-25
4982,analytics,39.0,2025-10-22
2534,dashboard,21.0,2025-02-11
3458,reports,25.0,09/01/2024
1137,export,11.0,01/06/2024
2077,reports,27.0,2024-06-10
3063,export,32.0,2025-11-20
3266,dashboard,40.0,2024-04-27
1917,dashboard,26.0,2024-05-10
961,analytics,35.0,07/05/2024
1529,export,45.0,2024-10-04
1518,ai_insights,27.0,2024-08-15
637,analytics,32.0,2024-03-17
2565,ai_insights,47.0,2025-11-12
633,export,48.0,07/22/2025
1992,analytics,9.0,2024-03-09
1644,ai_insights,37.0,2025-03-08
241,ai_insights,36.0,2024-11-05
4610,export,3.0,2024-11-08
3574,export,33.0,01/04/2024
2859,analytics,13.0,2024-05-16
1542,analytics,39.0,2024-03-30
2481,analytics,17.0,2025-11-13
2583,analytics,24.0,2025-09-07
1974,reports,38.0,2024-12-08
4271,analytics,49.0,2025-02-15
1795,dashboard,40.0,2025-08-14
2150,export,,09/19/2025
4633,ai_insights,43.0,03/09/2024
2609,dashboard,28.0,2025-11-07
819,export,39.0,06/24/2024
2750,export,46.0,2025-12-02
3671,ai_insights,16.0,2024-03-30
3253,dashboard,43.0,2024-05-14
3772,ai_insights,29.0,2024-03-24
404,dashboard,12.0,2024-11-29
2341,analytics,8.0,2025-04-03
1026,ai_insights,,12/30/2024
863,export,19.0,2024-05-10
344,analytics,19.0,2024-04-27
4278,dashboard,17.0,2025-03-31
3889,export,43.0,12/22/2025
3013,dashboard,4.0,06/21/2025
3288,reports,50.0,2025-04-03
1098,ai_insights,,10/09/2024
1843,ai_insights,27.0,26-04-2025
4814,analytics,6.0,2024-08-19
4561,analytics,5.0,2025-09-17
3007,analytics,18.0,2024-03-20
1593,reports,6.0,2025-07-08
3725,reports,28.0,2025-02-24
3849,ai_insights,36.0,11/24/2025
3626,ai_insights,28.0,07/25/2024
643,reports,33.0,2024-07-11
844,reports,49.0,01/19/2024
746,reports,45.0,07/05/2024
2350,reports,15.0,2024-11-27
4918,export,45.0,2024-02-06
2156,ai_insights,49.0,2024-01-20
1766,ai_insights,48.0,03/07/2025
3350,export,38.0,2024-02-08
2090,ai_insights,45.0,2024-03-15
1359,export,11.0,02-02-2025
3895,reports,22.0,2025-07-30
1031,reports,33.0,12/06/2024
1729,analytics,34.0,2024-01-21
2000,ai_insights,1.0,2024-09-09
3516,export,21.0,2025-04-02
3402,reports,30.0,
4673,analytics,42.0,11/28/2024
4451,export,23.0,2024-10-05
2318,export,19.0,2025-11-17
125,reports,23.0,2024-10-04
3362,reports,,03/09/2025
3503,export,9.0,2025-01-28
4752,ai_insights,5.0,2024-02-06
110,analytics,32.0,2024-12-22
1401,analytics,1.0,2025-03-08
2326,dashboard,32.0,2025-01-16
1562,export,36.0,2025-01-22
2952,export,20.0,2024-12-16
3438,reports,,2025-10-30
2696,reports,13.0,09-05-2024
2749,analytics,30.0,2024-03-04
4711,export,15.0,2025-06-03
4226,analytics,13.0,2025-07-22
1949,reports,22.0,2025-07-02
4947,export,43.0,2024-11-20
2469,export,25.0,2025-04-06
3184,export,5.0,2024-11-19
656,export,31.0,08/25/2025
2372,export,50.0,2025-06-27
3738,reports,2.0,2025-03-28
2425,dashboard,2.0,2024-09-04
1366,ai_insights,46.0,2024-04-07
152,reports,17.0,2024-06-18
3005,export,35.0,2024-01-08
3183,dashboard,18.0,10/12/2024
815,export,43.0,2024-07-26
4250,ai_insights,22.0,2025-08-10
3165,reports,31.0,2025-05-26
1258,export,29.0,2025-11-15
2078,export,21.0,2025-08-18
2929,reports,24.0,2024-01-07
163,ai_insights,12.0,03/19/2024
1940,analytics,34.0,2025-11-06
4860,export,36.0,2024-11-05
3654,export,4.0,2024-11-29
66,reports,13.0,03/30/2025
1460,reports,12.0,2024-04-12
2643,analytics,44.0,2025-09-28
2915,dashboard,32.0,
911,dashboard,14.0,2025-10-18
4384,export,1.0,2024-07-30
848,export,1.0,06/27/2024
3888,dashboard,42.0,2024-06-17
651,analytics,42.0,2025-10-15
3532,analytics,22.0,
751,dashboard,3.0,2024-06-09
2612,export,18.0,2025-09-13
758,ai_insights,12.0,2024-08-30
3557,ai_insights,23.0,2024-03-30
2512,export,30.0,2024-01-11
4742,dashboard,46.0,2025-01-16
3044,dashboard,32.0,2024-01-18
3643,reports,39.0,2025-08-09
2176,reports,33.0,2024-11-08
3843,reports,34.0,2025-10-28
4753,analytics,16.0,07/11/2025
3826,ai_insights,40.0,2024-09-18
2314,analytics,49.0,2025-08-08
2962,reports,11.0,2025-02-12
1440,dashboard,41.0,03/20/2024
342,dashboard,28.0,2024-04-11
2479,export,11.0,05/03/2024
110,reports,2.0,2025-06-13
1267,export,47.0,2024-03-07
1338,analytics,30.0,23-03-2024
3198,reports,15.0,2024-01-10
1456,ai_insights,,2025-05-21
4632,reports,12.0,2025-01-09
1641,analytics,16.0,2025-07-04
1498,reports,39.0,2025-09-01
3002,reports,10.0,2024-08-10
3953,analytics,7.0,04/23/2024
4949,ai_insights,18.0,2024-02-14
1459,export,29.0,2025-01-06
352,dashboard,11.0,2025-07-18
3289,reports,41.0,2025-10-30
3371,ai_insights,40.0,2025-03-16
336,ai_insights,3.0,04/05/2024
4688,reports,1.0,2024-08-16
4002,export,14.0,2024-01-21
4462,analytics,17.0,2024-04-30
4653,dashboard,50.0,2024-07-02
435,dashboard,11.0,2025-01-24
1126,analytics,42.0,2024-08-16
723,export,,2025-10-09
4070,dashboard,23.0,2025-07-20
2634,export,15.0,2025-08-21
4732,ai_insights,34.0,2024-02-21
3368,ai_insights,11.0,08/02/2024
1457,ai_insights,3.0,2025-03-10
3876,export,2.0,2024-02-23
3098,ai_insights,37.0,
3561,ai_insights,11.0,2024-08-23
3511,analytics,4.0,2025-06-13
2889,export,8.0,2024-11-27
3673,dashboard,3.0,2025-08-02
3337,dashboard,4.0,2025-12-16
147,dashboard,44.0,2025-04-14
4323,analytics,2.0,2024-03-11
2010,reports,22.0,04/07/2025
1994,export,17.0,2024-05-16
3408,reports,50.0,2024-11-29
1802,ai_insights,40.0,05/18/2024
1148,analytics,33.0,2024-06-01
4921,ai_insights,45.0,2024-04-17
4715,export,12.0,10/12/2025
3704,export,11.0,2024-08-02
579,ai_insights,28.0,2024-06-05
114,analytics,13.0,2025-04-07
2084,dashboard,24.0,04-09-2025
1376,ai_insights,46.0,2025-07-02
3814,export,43.0,2024-08-08
1176,ai_insights,39.0,05/04/2025
379,reports,38.0,2024-12-02
3243,dashboard,33.0,01-12-2025
3557,reports,6.0,2025-09-09
1211,dashboard,25.0,2025-12-31
4586,ai_insights,47.0,2024-05-11
1938,export,16.0,2024-10-25
3279,ai_insights,20.0,2024-03-04
1349,export,1.0,08-09-2025
1884,dashboard,27.0,2025-09-25
4827,dashboard,15.0,2024-07-12
3651,ai_insights,20.0,2024-05-16
3414,reports,21.0,2024-01-13
381,ai_insights,21.0,2024-06-24
3369,reports,5.0,2024-05-30
2251,export,17.0,08/05/2025
2128,export,29.0,2025-06-21
1381,reports,37.0,2024-05-22
566,export,16.0,08/08/2024
3788,dashboard,,2025-10-01
730,ai_insights,41.0,2024-07-20
242,ai_insights,35.0,04/18/2025
4580,export,48.0,2024-06-17
1258,analytics,4.0,2025-08-22
3343,ai_insights,15.0,2025-02-26
2842,dashboard,26.0,2025-07-21
714,analytics,41.0,2024-07-01
536,analytics,17.0,06-08-2025
4352,ai_insights,26.0,2025-06-19
4551,export,,2025-07-05
736,export,45.0,2024-11-27
3671,dashboard,2.0,2024-09-12
2226,analytics,31.0,2025-11-16
1715,dashboard,42.0,2024-11-24
1868,dashboard,21.0,2024-05-06
185,ai_insights,23.0,2024-08-24
4633,analytics,,2025-11-29
4468,analytics,19.0,2025-11-08
2479,export,3.0,09/16/2025
2561,export,35.0,02/08/2024
945,reports,42.0,21-03-2024
862,dashboard,45.0,2025-02-20
3434,dashboard,49.0,2025-10-27
1695,analytics,12.0,2024-10-06
4958,dashboard,15.0,2025-11-30
3606,reports,47.0,2025-07-27
916,ai_insights,7.0,2024-07-16
2157,reports,34.0,2025-12-20
4600,dashboard,26.0,2025-11-14
3688,dashboard,32.0,2025-04-06
4168,reports,27.0,2024-04-08
853,analytics,11.0,07/18/2025
948,ai_insights,36.0,02/20/2024
527,analytics,23.0,2024-04-17
166,analytics,3.0,2025-12-16
2385,dashboard,12.0,2025-01-13
2539,dashboard,29.0,2025-11-01
3889,dashboard,10.0,06/04/2024
396,analytics,34.0,2025-01-07
2026,reports,21.0,2024-09-20
3696,analytics,50.0,18-09-2024
2980,dashboard,2.0,2025-12-31
1391,ai_insights,23.0,2024-04-08
4126,reports,50.0,2024-01-03
410,export,7.0,2025-06-09
756,dashboard,44.0,2024-06-29
4727,reports,12.0,2024-05-02
3868,analytics,46.0,2024-12-22
3791,reports,41.0,2024-02-15
681,export,21.0,2025-06-11
1242,dashboard,2.0,03/01/2025
509,reports,31.0,2025-07-13
4660,dashboard,3.0,26-03-2025
910,dashboard,,2024-12-13
3361,reports,17.0,2025-04-04
111,analytics,14.0,12-07-2025
161,export,3.0,2024-02-19
4874,dashboard,30.0,2024-12-16
4443,export,1.0,2024-08-11
637,ai_insights,45.0,2024-08-02
1720,ai_insights,40.0,2024-06-21
4450,ai_insights,,10/12/2024
4966,export,12.0,29-01-2025
4927,dashboard,44.0,2024-04-11
790,analytics,36.0,2024-05-09
3367,reports,24.0,11/04/2025
2255,reports,3.0,12/25/2025
4651,dashboard,37.0,2025-03-17
62,reports,39.0,2025-11-27
2650,export,36.0,2025-09-23
236,export,34.0,02/19/2024
2664,reports,26.0,2025-07-22
340,ai_insights,28.0,2025-02-25
876,export,41.0,01/06/2025
3551,ai_insights,37.0,2024-04-10
4208,ai_insights,27.0,2024-07-16
2579,dashboard,10.0,2025-01-17
1372,reports,15.0,2025-06-08
4322,analytics,28.0,07/29/2025
4227,reports,12.0,2024-03-18
3406,reports,9.0,2025-07-08
560,reports,4.0,
1916,dashboard,23.0,07/06/2025
2432,export,,2024-04-16
139,reports,23.0,2025-03-02
627,analytics,,05/29/2024
1134,analytics,23.0,2025-05-27
2675,analytics,41.0,2025-08-03
3919,dashboard,33.0,2024-05-03
1375,reports,2.0,2025-07-26
1651,analytics,25.0,
437,reports,46.0,2025-12-01
3587,export,31.0,03-02-2025
4231,export,46.0,2025-04-18
431,dashboard,39.0,05-05-2024
669,dashboard,16.0,2024-04-02
4993,export,37.0,2024-01-25
795,dashboard,41.0,2025-04-18
1523,analytics,14.0,2025-07-17
607,reports,43.0,2024-01-24
316,ai_insights,16.0,02-07-2024
146,reports,15.0,2024-04-09
4032,dashboard,33.0,30-12-2024
3567,export,42.0,2025-11-08
2165,export,23.0,2025-09-03
3616,analytics,9.0,2024-01-15
913,export,49.0,01-07-2025
563,ai_insights,12.0,2024-11-18
1662,export,43.0,2024-03-16
2560,export,34.0,04/09/2025
816,analytics,20.0,2025-08-11
1229,ai_insights,39.0,08/14/2024
4921,reports,15.0,2024-03-09
620,dashboard,43.0,2024-05-08
2895,analytics,32.0,2024-08-30
2350,dashboard,22.0,2024-03-02
1722,export,23.0,2025-07-03
622,export,,2025-02-01
4606,dashboard,38.0,05/14/2024
4934,dashboard,37.0,2024-12-16
4322,export,10.0,2025-11-14
1798,export,47.0,2024-01-09
4814,ai_insights,43.0,07/03/2024
2886,reports,48.0,17-01-2025
3470,analytics,,2024-08-17
4011,dashboard,48.0,2024-03-09
1143,export,25.0,2025-12-19
1201,ai_insights,15.0,2024-05-23
2005,analytics,15.0,2025-04-24
1831,reports,27.0,2025-04-14
2466,ai_insights,47.0,2024-06-12
2509,ai_insights,3.0,2024-07-02
3022,export,17.0,2024-10-05
598,ai_insights,3.0,2024-12-23
2139,dashboard,33.0,
3352,reports,27.0,2024-06-14
1462,ai_insights,17.0,2025-09-03
4919,ai_insights,16.0,08/05/2025
1728,dashboard,1.0,2025-11-03
2213,reports,11.0,2024-03-22
2547,export,40.0,2025-12-20
4309,ai_insights,40.0,2025-09-17
1190,analytics,30.0,2024-11-18
4176,dashboard,50.0,2024-03-19
2945,dashboard,41.0,2024-01-30
164,dashboard,47.0,2025-09-02
28,export,,2024-12-24
1929,export,19.0,2024-04-30
4644,dashboard,12.0,2025-02-06
3380,ai_insights,50.0,08/17/2025
2190,dashboard,6.0,2024-05-03
2646,analytics,29.0,03/31/2025
2512,dashboard,19.0,2024-01-14
3425,ai_insights,,2024-10-31
2957,export,26.0,2025-06-26
1953,dashboard,6.0,2024-08-14
2754,reports,50.0,04/15/2025
3749,reports,44.0,2025-08-04
839,analytics,,2025-06-22
3862,analytics,8.0,2024-03-04
256,reports,,2024-01-17
4421,export,28.0,2024-12-20
1725,dashboard,40.0,2025-09-27
605,reports,27.0,2025-06-03
1729,export,3.0,2025-07-30
83,ai_insights,22.0,2024-03-05
2755,reports,3.0,2024-08-14
200,dashboard,24.0,2025-09-04
3813,reports,39.0,04/06/2025
3463,dashboard,5.0,07/22/2024
2149,dashboard,44.0,2024-06-24
2839,export,48.0,03/08/2024
1125,export,26.0,2025-02-13
1432,analytics,,2024-10-24
4192,export,13.0,
2484,analytics,17.0,2024-11-15
1198,dashboard,23.0,2024-10-01
3920,reports,30.0,2024-05-01
4229,ai_insights,29.0,21-03-2025
2673,dashboard,22.0,2024-09-14
2609,ai_insights,16.0,01/19/2025
4012,reports,4.0,2025-06-26
1562,reports,26.0,2024-03-19
4006,ai_insights,38.0,2024-01-02
301,ai_insights,,2025-12-16
48,ai_insights,10.0,2024-10-31
4876,reports,12.0,01/06/2024
4575,analytics,31.0,2025-02-25
3345,export,20.0,2024-03-02
850,reports,42.0,
864,export,32.0,2025-07-09
2502,export,49.0,2025-06-21
2143,reports,49.0,2024-05-16
4502,reports,47.0,2025-05-08
827,ai_insights,9.0,2025-05-26
4508,dashboard,3.0,2025-02-18
113,ai_insights,28.0,2025-04-07
2788,analytics,18.0,2024-11-07
1521,analytics,26.0,2024-03-15
1780,analytics,10.0,2024-11-26
694,analytics,12.0,2025-12-12
4223,reports,15.0,2025-10-24
1677,dashboard,23.0,2024-08-13
2601,dashboard,45.0,2024-07-28
241,ai_insights,20.0,2024-05-03
3971,reports,14.0,2025-01-22
3092,export,50.0,2025-07-05
1277,analytics,1.0,11/22/2024
354,export,8.0,2024-09-01
3440,analytics,8.0,2025-03-06
1858,export,19.0,2024-08-29
3041,ai_insights,20.0,27-05-2024
991,export,44.0,08/09/2024
1756,ai_insights,25.0,
2556,reports,1.0,2024-05-29
4202,export,11.0,2025-10-06
1211,analytics,9.0,2025-05-20
2153,reports,32.0,2024-05-08
91,analytics,43.0,2025-12-24
2043,analytics,32.0,2025-01-25
974,export,22.0,2025-11-09
2445,dashboard,8.0,2025-03-23
546,export,26.0,2024-11-27
2906,ai_insights,12.0,2025-01-30
319,analytics,,2024-11-17
1905,reports,25.0,2025-05-10
1940,dashboard,33.0,07/07/2025
4245,reports,44.0,2024-10-28
3164,ai_insights,12.0,18-04-2025
4707,export,35.0,2025-05-26
141,export,46.0,2025-05-29
4460,export,30.0,2025-09-26
2687,analytics,23.0,12/02/2024
2620,analytics,45.0,2024-02-26
3038,reports,43.0,08/31/2024
863,export,20.0,11/09/2025
2729,dashboard,35.0,
1280,analytics,1.0,12/08/2025
4086,ai_insights,5.0,2025-06-22
1471,ai_insights,50.0,2025-10-25
3761,export,4.0,2024-01-12
80,export,44.0,2024-11-14
2068,ai_insights,1.0,2025-04-15
72,ai_insights,8.0,2024-01-18
1547,analytics,30.0,2025-10-17
917,ai_insights,27.0,12/11/2025
1263,export,44.0,2025-08-04
1271,analytics,11.0,2025-07-19
3356,dashboard,27.0,2025-08-20
720,ai_insights,12.0,2024-11-30
1475,dashboard,25.0,2025-04-03
1160,export,48.0,2024-08-10
447,analytics,,2025-09-17
1186,export,11.0,2024-04-16
4334,export,1.0,15-09-2025
3960,dashboard,48.0,01/20/2025
2212,reports,21.0,2025-08-11
2339,dashboard,37.0,2024-05-15
3718,dashboard,28.0,
3204,export,40.0,2025-07-11
44,ai_insights,8.0,03/24/2024
1748,export,18.0,2024-11-18
3374,export,20.0,2025-09-28
159,export,31.0,2024-12-31
4994,reports,36.0,2024-03-01
3824,analytics,44.0,2024-10-15
3455,dashboard,11.0,08/26/2025
2715,export,50.0,08/19/2024
1183,dashboard,31.0,08/28/2025
3377,dashboard,40.0,11/29/2024
3866,dashboard,22.0,2024-06-17
1159,ai_insights,3.0,2025-03-13
1804,reports,4.0,2024-10-21
3401,export,17.0,2024-11-19
4688,reports,16.0,04/19/2024
2891,analytics,35.0,2025-02-11
1710,reports,2.0,2025-06-28
2346,analytics,50.0,2024-06-04
2989,export,3.0,2025-11-24
3117,reports,22.0,2025-10-01
865,dashboard,7.0,2025-06-16
4292,ai_insights,18.0,2025-01-15
2106,dashboard,7.0,2025-06-23
4949,reports,48.0,2024-12-30
2755,analytics,22.0,10/08/2024
1956,dashboard,12.0,2024-06-28
2681,reports,11.0,2025-12-04
552,export,33.0,11/27/2024
1885,export,34.0,2025-08-31
4057,dashboard,23.0,02/09/2025
2749,ai_insights,49.0,2024-11-18
2769,ai_insights,9.0,2025-01-23
3149,export,24.0,2025-07-22
2134,export,13.0,2025-04-09
1431,analytics,25.0,2025-05-31
1953,reports,,03/24/2025
4883,ai_insights,15.0,
1180,analytics,12.0,2025-01-05
3695,reports,20.0,2024-06-26
17,reports,,
4688,dashboard,42.0,2024-03-24
72,reports,49.0,2025-03-07
4036,analytics,10.0,2025-09-26
4135,reports,5.0,2024-04-24
1586,analytics,29.0,2024-07-11
903,dashboard,,2025-07-03
1792,reports,24.0,2025-01-24
4446,export,28.0,
639,ai_insights,27.0,02-06-2025
640,dashboard,20.0,2025-12-09
3739,export,32.0,2024-05-22
520,export,6.0,02/25/2025
1865,export,11.0,02/11/2024
83,ai_insights,33.0,2024-12-20
1364,export,44.0,2025-12-16
312,dashboard,34.0,2025-05-19
342,reports,6.0,2024-09-25
80,ai_insights,10.0,2025-06-04
4979,export,24.0,2025-08-01
4524,reports,31.0,2025-06-30
3384,ai_insights,33.0,2024-09-29
2570,ai_insights,,2025-06-30
3802,dashboard,36.0,03/12/2024
3723,export,25.0,2024-04-23
2779,analytics,6.0,2025-10-23
1870,ai_insights,43.0,2025-01-28
4670,analytics,28.0,06-05-2025
850,analytics,39.0,2024-11-17
868,ai_insights,47.0,2025-09-02
199,dashboard,18.0,2024-10-16
1491,dashboard,1.0,11/06/2024
485,dashboard,3.0,2025-07-27
1241,analytics,29.0,2025-06-12
4653,dashboard,45.0,10-07-2025
4321,export,30.0,2024-07-08
4872,dashboard,6.0,2024-04-20
893,dashboard,19.0,01/14/2025
2135,reports,30.0,12/11/2024
4405,reports,31.0,2024-10-13
2119,analytics,20.0,08/22/2025
3371,analytics,7.0,2024-07-30
2161,reports,11.0,2024-12-21
3287,reports,20.0,2024-10-22
910,export,14.0,2025-06-05
4176,reports,17.0,2024-08-24
4598,dashboard,12.0,2024-10-25
4815,dashboard,2.0,12/10/2025
1182,dashboard,26.0,2025-04-18
483,export,18.0,10/31/2025
3444,dashboard,1.0,20-05-2024
685,reports,21.0,2025-12-23
2819,analytics,43.0,2025-11-11
3350,export,3.0,07/09/2025
574,dashboard,3.0,2024-02-09
4911,ai_insights,50.0,2024-09-20
2287,dashboard,35.0,2025-09-13
1830,analytics,25.0,21-08-2024
220,analytics,16.0,2024-06-30
4610,dashboard,36.0,2025-10-18
1996,ai_insights,32.0,2024-05-13
4441,export,34.0,2024-03-12
4060,export,16.0,10/07/2024
3324,dashboard,22.0,2024-06-19
1630,reports,11.0,2025-03-20
1319,analytics,37.0,02/05/2024
3817,ai_insights,3.0,2025-12-21
3084,reports,9.0,03/07/2024
3589,reports,35.0,
3452,analytics,16.0,12/21/2024
3590,analytics,47.0,2025-05-06
165,ai_insights,49.0,2025-04-10
1575,reports,7.0,2024-04-19
973,dashboard,50.0,2024-12-24
3051,dashboard,42.0,2025-07-04
4747,export,23.0,2024-01-18
1071,analytics,,2024-12-08
1745,reports,8.0,2024-11-11
1763,dashboard,12.0,2024-05-14
3163,reports,7.0,2024-12-16
1612,ai_insights,29.0,11/23/2025
3932,ai_insights,15.0,2024-08-19
942,ai_insights,15.0,2024-10-08
2546,reports,28.0,2025-09-15
4756,export,30.0,2025-11-03
2453,dashboard,32.0,07/19/2025
1509,dashboard,7.0,2025-07-16
3089,reports,15.0,2024-11-25
3600,analytics,22.0,2024-10-16
1243,dashboard,2.0,2024-02-10
301,dashboard,40.0,2024-04-11
1229,ai_insights,,2025-12-23
2544,ai_insights,48.0,2025-12-11
4653,dashboard,2.0,2024-11-13
2141,analytics,4.0,02/25/2025
4950,reports,20.0,
1121,analytics,9.0,2024-06-28
4160,export,50.0,2025-11-12
3279,export,,2025-11-22
714,ai_insights,43.0,2024-08-27
3416,reports,12.0,10/02/2025
2798,analytics,25.0,
592,dashboard,21.0,2024-07-29
128,analytics,44.0,05/17/2025
1965,reports,22.0,2024-01-13
719,dashboard,21.0,2024-07-07
4672,ai_insights,,2025-04-04
907,dashboard,11.0,2024-04-05
2246,ai_insights,25.0,2025-04-30
656,dashboard,,2024-07-23
802,export,39.0,2024-12-27
4593,analytics,48.0,02-05-2025
1008,ai_insights,12.0,2024-11-10
4160,analytics,2.0,06/08/2024
3490,analytics,32.0,2025-01-27
1501,ai_insights,20.0,2024-08-03
4193,export,32.0,2025-05-18
964,analytics,10.0,2024-03-09
1985,ai_insights,22.0,2025-02-23
1197,dashboard,30.0,2024-03-01
3900,dashboard,27.0,2025-04-19
2913,ai_insights,1.0,2025-10-30
886,export,50.0,2024-12-29
2495,export,29.0,2024-06-05
918,export,14.0,2025-10-09
2148,ai_insights,7.0,2025-09-18
4268,reports,25.0,11/04/2024
3757,analytics,18.0,2025-09-02
1772,reports,2.0,2025-11-16
52,dashboard,47.0,2025-10-06
4697,dashboard,32.0,2025-12-05
1406,export,6.0,2024-11-28
3737,reports,11.0,27-11-2025
331,analytics,46.0,2024-07-08
3615,export,26.0,2024-01-29
3055,ai_insights,41.0,2025-11-08
69,export,11.0,02/17/2025
2497,analytics,17.0,2024-01-02
4995,reports,37.0,06/12/2025
60,reports,15.0,07-01-2024
2791,analytics,,2024-06-24
216,analytics,31.0,2025-09-10
2445,reports,26.0,2024-01-20
3509,analytics,7.0,04/09/2024
4576,ai_insights,4.0,2025-02-20
1275,analytics,7.0,2024-08-18
970,dashboard,,2025-01-09
756,reports,16.0,2024-10-31
4537,export,30.0,2025-10-07
3690,export,16.0,2024-09-14
513,dashboard,4.0,2024-12-12
2560,dashboard,40.0,2024-07-12
1370,export,40.0,06/26/2024
634,reports,22.0,11/29/2025
2232,export,,2025-07-06
3640,dashboard,15.0,2025-09-17
117,reports,49.0,2024-04-30
3005,dashboard,49.0,2024-04-30
155,export,36.0,2024-11-22
232,dashboard,,2024-05-30
4728,export,33.0,2024-07-22
2119,dashboard,10.0,
3109,ai_insights,49.0,07/23/2025
2119,ai_insights,36.0,2025-03-15
932,analytics,8.0,2024-07-22
184,dashboard,45.0,2024-12-27
1299,dashboard,21.0,2025-11-20
3992,export,26.0,2024-03-01
1172,analytics,48.0,2024-03-06
4998,analytics,,02-02-2024
1096,reports,43.0,02/23/2024
825,dashboard,23.0,2024-03-18
4683,export,15.0,2025-09-16
3670,dashboard,30.0,12/17/2025
2019,dashboard,14.0,2025-10-07
545,export,3.0,05/03/2025
4847,export,7.0,2025-11-06
1387,ai_insights,30.0,2025-01-01
1666,reports,11.0,2024-08-09
238,dashboard,46.0,05/10/2025
2632,analytics,4.0,2025-11-12
291,analytics,26.0,2024-03-27
243,reports,1.0,2024-07-28
3813,dashboard,30.0,2024-07-07
4886,ai_insights,8.0,2025-10-03
4713,analytics,8.0,2025-12-27
4501,analytics,1.0,2025-04-23
1181,dashboard,3.0,01/11/2024
2313,ai_insights,36.0,10/17/2024
159,analytics,24.0,2025-04-09
1124,dashboard,34.0,2025-11-19
3506,export,48.0,15-10-2024
1836,reports,40.0,2025-12-16
2565,ai_insights,40.0,2025-12-25
3442,export,33.0,2025-11-18
702,ai_insights,43.0,2024-09-20
3351,analytics,45.0,2025-07-28
1091,dashboard,32.0,09/27/2025
2547,ai_insights,47.0,2025-05-20
139,analytics,13.0,2025-09-24
4427,analytics,29.0,
2338,reports,48.0,2024-03-01
4909,export,32.0,2024-08-23
938,ai_insights,14.0,2024-07-03
4534,analytics,32.0,01/06/2025
4568,dashboard,39.0,10-06-2025
3863,analytics,20.0,2025-10-19
4869,dashboard,25.0,2024-03-18
3391,export,38.0,05/18/2025
199,ai_insights,8.0,2024-03-31
3311,dashboard,13.0,
1890,analytics,24.0,2025-10-03
3401,reports,16.0,2024-01-30
4877,export,38.0,2025-03-11
3836,export,8.0,2025-08-31
3405,ai_insights,46.0,2025-07-31
516,ai_insights,45.0,2025-10-07
2213,export,4.0,2025-10-24
3996,ai_insights,20.0,2024-05-09
1203,dashboard,42.0,2025-02-24
3260,reports,39.0,12/17/2025
1004,analytics,21.0,2024-02-28
345,reports,10.0,2024-07-14
1623,export,3.0,09/23/2024
2712,export,29.0,2024-12-12
4602,dashboard,50.0,2025-11-04
4582,reports,38.0,
558,analytics,46.0,2025-01-08
3062,export,48.0,2025-05-27
241,analytics,31.0,2024-12-17
2422,dashboard,38.0,2024-01-29
3443,dashboard,30.0,2024-11-28
2827,export,6.0,2025-03-18
1857,ai_insights,21.0,2025-03-01
2675,ai_insights,37.0,2024-05-01
992,reports,47.0,2024-12-31
3893,dashboard,10.0,09/19/2024
3472,dashboard,20.0,2025-10-03
1285,ai_insights,19.0,2024-01-08
2067,analytics,22.0,2025-01-31
3532,export,4.0,2024-05-15
4765,ai_insights,13.0,2024-01-17
297,ai_insights,19.0,08/20/2024
1519,ai_insights,48.0,07/21/2025
1358,export,,2024-01-07
1412,dashboard,39.0,2025-06-12
1298,analytics,27.0,12/18/2024
1048,ai_insights,10.0,2025-08-03
1254,dashboard,33.0,2024-06-11
2021,analytics,4.0,06/28/2025
3208,analytics,44.0,11/14/2024
142,analytics,18.0,2024-03-30
4056,ai_insights,14.0,
2678,ai_insights,28.0,2025-12-01
2735,export,32.0,
2649,dashboard,1.0,2024-05-12
833,export,8.0,10-04-2025
1086,ai_insights,31.0,02/19/2024
126,export,30.0,2024-01-29
557,ai_insights,28.0,2025-01-25
1460,export,2.0,2024-03-11
3532,analytics,21.0,2025-05-10
1255,ai_insights,41.0,2024-08-21
2561,dashboard,3.0,2025-12-20
4368,reports,48.0,2025-02-12
4959,export,4.0,16-08-2025
4108,dashboard,6.0,2024-08-18
3260,reports,,2025-07-05
1697,export,14.0,06/23/2025
190,export,15.0,2025-02-18
2423,ai_insights,30.0,2024-06-05
444,reports,20.0,2024-11-21
1157,export,,2025-05-10
587,export,36.0,2024-12-20
1931,export,38.0,2024-04-24
3112,ai_insights,24.0,2025-06-01
4685,ai_insights,33.0,2024-12-08
404,dashboard,42.0,2025-12-26
4074,export,48.0,2025-07-04
3613,dashboard,27.0,05/17/2025
3491,dashboard,17.0,2025-05-19
3539,dashboard,37.0,2024-09-30
3269,ai_insights,47.0,05/31/2024
3158,analytics,6.0,2025-07-13
502,reports,47.0,08/12/2025
1085,dashboard,25.0,10/31/2024
2956,dashboard,26.0,2025-12-25
3673,ai_insights,42.0,2025-03-03
2530,reports,26.0,
3251,dashboard,36.0,2025-10-10
1532,reports,24.0,2025-05-23
1773,export,40.0,2024-09-19
4615,export,11.0,02/25/2025
3482,ai_insights,32.0,2025-05-18
1528,analytics,19.0,2024-02-25
1244,ai_insights,32.0,2024-12-26
1458,ai_insights,8.0,07/29/2024
4978,ai_insights,,2024-09-28
1590,dashboard,49.0,2025-07-24
1630,reports,47.0,25-08-2024
3453,analytics,19.0,2025-09-08
2022,export,49.0,2025-06-05
2678,dashboard,14.0,2024-10-04
4190,ai_insights,27.0,2024-10-01
4490,dashboard,1.0,05/30/2025
1982,export,28.0,2025-12-03
2706,analytics,37.0,2024-12-10
356,analytics,24.0,2024-11-30
4684,dashboard,39.0,2025-02-26
1190,reports,30.0,05/05/2024
2306,analytics,1.0,2025-02-06
4403,analytics,19.0,05/31/2024
4009,reports,12.0,2024-10-28
4074,dashboard,38.0,2025-05-14
2823,reports,47.0,2025-04-30
4691,analytics,49.0,2025-09-11
784,analytics,26.0,2025-04-26
681,reports,35.0,05/04/2024
269,analytics,32.0,2024-11-02
4574,export,28.0,2025-03-08
2958,dashboard,,2025-08-20
2775,reports,4.0,2024-07-17
3198,analytics,46.0,2024-06-14
3148,analytics,1.0,08/19/2024
1046,export,42.0,03/09/2024
2751,dashboard,25.0,2024-02-07
3906,reports,37.0,2025-07-24
587,export,50.0,2025-06-08
3040,ai_insights,18.0,08/26/2025
148,analytics,45.0,2025-01-05
772,dashboard,41.0,2024-10-15
553,ai_insights,34.0,2025-06-29
3091,ai_insights,9.0,2025-07-28
1703,dashboard,12.0,2025-12-06
1478,analytics,50.0,08-09-2025
2454,dashboard,6.0,2024-11-15
3476,analytics,8.0,2024-08-20
2801,analytics,48.0,2024-03-29
805,reports,6.0,2025-12-15
3092,ai_insights,10.0,2025-10-05
1760,dashboard,24.0,2024-10-29
861,analytics,11.0,2025-03-17
514,export,10.0,2024-07-12
4292,export,23.0,05/04/2025
4698,analytics,11.0,2024-01-01
1359,reports,19.0,12-01-2025
2044,dashboard,42.0,2024-10-20
2936,dashboard,28.0,09/13/2025
1188,reports,39.0,2024-09-15
4244,ai_insights,27.0,03/17/2024
3630,ai_insights,,2024-10-11
1599,reports,31.0,2025-12-13
1635,dashboard,18.0,2024-12-14
3751,export,34.0,2025-05-30
907,ai_insights,2.0,2024-09-22
2896,dashboard,42.0,2024-08-12
3275,ai_insights,17.0,2025-05-27
513,reports,34.0,2025-12-05
4857,ai_insights,9.0,2024-08-06
4864,export,12.0,2025-09-13
3283,dashboard,,2024-05-28
3059,reports,15.0,06-11-2024
1662,analytics,23.0,09/19/2024
2869,analytics,24.0,06/08/2025
784,reports,16.0,2025-11-08
2185,analytics,45.0,2024-08-26
1551,dashboard,35.0,2024-08-03
504,export,32.0,2024-09-25
1298,ai_insights,3.0,03/18/2024
4374,ai_insights,34.0,10/07/2025
1350,analytics,38.0,2024-10-11
3893,analytics,44.0,
3688,ai_insights,12.0,2024-02-13
3842,ai_insights,4.0,08/12/2024
2098,dashboard,34.0,2024-03-24
3353,export,14.0,2025-11-16
1769,export,11.0,2025-10-03
4901,analytics,19.0,2024-02-06
1210,analytics,44.0,2024-04-20
1213,ai_insights,21.0,2025-12-19
996,export,30.0,21-10-2025
46,analytics,32.0,10/17/2024
4000,reports,28.0,2025-08-02
273,export,17.0,12/03/2025
3869,reports,47.0,2024-01-31
3606,ai_insights,15.0,2024-11-17
1830,dashboard,16.0,2024-03-11
675,dashboard,,06/29/2024
190,reports,49.0,2024-07-12
1060,analytics,40.0,2025-06-30
256,reports,7.0,2025-03-23
1613,ai_insights,32.0,2025-11-05
1433,analytics,8.0,18-02-2025
3470,ai_insights,18.0,2024-02-01
3115,reports,49.0,2025-07-11
569,export,15.0,2024-01-29
3448,ai_insights,44.0,2024-10-10
3805,reports,34.0,12/19/2025
3533,ai_insights,36.0,2024-04-27
508,analytics,46.0,
2915,reports,24.0,2025-05-24
1890,ai_insights,8.0,2025-06-20
2675,export,31.0,2024-12-03
3566,analytics,34.0,11/24/2025
3797,reports,34.0,02-01-2024
4099,export,,2024-03-30
3932,dashboard,11.0,07/05/2025
4086,reports,8.0,2024-12-12
3681,analytics,12.0,2024-10-13
902,dashboard,24.0,2024-02-16
4245,ai_insights,33.0,11/29/2024
1748,ai_insights,9.0,
4793,analytics,23.0,03/03/2024
3888,ai_insights,4.0,2025-02-26
4926,dashboard,23.0,01/03/2024
3031,ai_insights,27.0,2025-07-09
239,ai_insights,17.0,2025-05-12
2380,ai_insights,31.0,10/01/2024
1716,ai_insights,5.0,2024-07-23
2036,analytics,5.0,11-07-2024
4416,export,21.0,2024-03-16
4451,export,40.0,2024-01-23
4825,export,13.0,2024-11-06
4727,export,35.0,2024-01-15
4853,ai_insights,31.0,2025-04-20
3164,export,39.0,07/31/2024
630,ai_insights,2.0,2025-03-29
4027,dashboard,5.0,06/21/2025
3203,analytics,25.0,2024-05-13
2406,reports,13.0,2024-02-25
3493,analytics,26.0,2025-11-26
2578,analytics,34.0,2024-02-26
1722,ai_insights,33.0,2025-07-03
1679,ai_insights,19.0,2024-07-02
2685,ai_insights,16.0,2024-04-12
1691,reports,17.0,2024-07-10
2045,dashboard,24.0,2025-03-06
1742,analytics,33.0,01/28/2025
3176,dashboard,47.0,2025-08-17
1603,ai_insights,36.0,2025-04-27
1582,reports,42.0,2025-09-09
3975,export,14.0,2024-02-07
2306,dashboard,23.0,15-02-2024
993,dashboard,10.0,2024-03-01
1537,dashboard,30.0,2025-03-31
4996,export,20.0,2024-12-24
2024,reports,38.0,2025-02-10
3462,reports,44.0,2025-08-09
3536,analytics,16.0,2024-08-31
290,export,15.0,2025-01-26
4882,reports,11.0,2024-11-19
907,analytics,44.0,08/08/2024
3969,dashboard,,2024-10-31
332,analytics,18.0,2024-11-24
4487,reports,23.0,2025-06-05
3413,analytics,15.0,2025-06-12
3114,reports,17.0,08/13/2024
2880,ai_insights,40.0,2024-02-15
1958,export,39.0,
4755,reports,7.0,2024-04-25
1695,reports,24.0,2025-05-16
104,analytics,45.0,
736,analytics,37.0,2025-10-26
2786,analytics,49.0,
3576,export,3.0,2024-01-08
3850,ai_insights,43.0,
3601,dashboard,25.0,04-08-2024
62,analytics,16.0,
720,reports,37.0,01/19/2024
4194,export,2.0,2025-09-09
1254,ai_insights,1.0,2024-04-02
2108,dashboard,26.0,
2625,reports,38.0,26-09-2025
755,analytics,6.0,
2476,analytics,2.0,2025-05-24
1412,export,7.0,2025-10-01
3190,dashboard,32.0,03/10/2024
3264,reports,22.0,2024-09-10
455,analytics,6.0,2024-09-26
2118,dashboard,12.0,2025-03-16
1022,analytics,44.0,01/01/2025
2526,dashboard,46.0,01/31/2025
291,analytics,23.0,2024-10-30
1976,export,10.0,06/12/2025
2369,dashboard,48.0,2024-02-21
3895,reports,11.0,2024-02-04
2918,dashboard,33.0,2025-04-24
3948,reports,43.0,2024-07-18
3714,ai_insights,18.0,
4912,export,23.0,2024-02-19
2114,export,8.0,2024-10-10
962,export,36.0,2025-05-14
2054,export,1.0,2025-09-13
2581,analytics,10.0,2024-12-31
586,dashboard,38.0,2025-09-06
1515,analytics,25.0,11/19/2025
3233,ai_insights,32.0,02-02-2024
4527,analytics,14.0,11/13/2024
1389,reports,11.0,2024-02-23
3501,export,8.0,28-05-2025
4090,analytics,48.0,2025-10-20
2368,analytics,43.0,2024-03-05
1868,reports,6.0,03/19/2025
4236,ai_insights,15.0,2024-05-29
4844,export,44.0,2024-09-02
2432,analytics,50.0,2024-04-14
592,export,22.0,07/17/2025
3428,export,47.0,2024-10-08
623,ai_insights,45.0,05-07-2024
407,export,2.0,09/21/2024
4045,dashboard,23.0,2025-10-01
852,reports,11.0,2025-01-20
808,analytics,44.0,2025-05-27
231,reports,17.0,2025-11-10
4146,reports,30.0,2025-10-15
2526,dashboard,50.0,2025-07-15
2264,export,43.0,2024-05-24
1591,reports,36.0,2024-12-27
877,analytics,41.0,2024-01-25
4237,dashboard,27.0,2024-09-24
1187,reports,46.0,2024-06-09
3412,analytics,4.0,2025-05-30
609,dashboard,35.0,2025-07-08
1992,export,19.0,09/10/2024
3544,export,15.0,2024-03-11
1596,ai_insights,2.0,2024-01-06
4726,reports,46.0,2025-02-15
4609,ai_insights,5.0,2025-09-08
1439,dashboard,34.0,2025-12-11
1123,reports,39.0,2025-10-08
2320,dashboard,30.0,2025-10-31
1726,dashboard,,2024-02-20
2810,ai_insights,43.0,2024-04-22
184,reports,5.0,2025-01-11
310,analytics,8.0,2024-05-20
3028,export,6.0,2025-04-12
3800,analytics,,05/13/2024
578,dashboard,21.0,2024-07-03
1403,dashboard,47.0,2025-04-07
285,dashboard,18.0,2025-09-01
1973,dashboard,17.0,10/06/2025
4325,dashboard,11.0,2024-09-24
4928,analytics,41.0,2025-06-05
3010,dashboard,31.0,2024-09-22
1863,reports,17.0,2025-12-12
1832,analytics,44.0,2025-10-26
2427,dashboard,43.0,2025-08-06
3024,dashboard,46.0,2024-07-14
942,dashboard,35.0,2025-11-10
3233,export,9.0,2025-01-28
1106,export,14.0,2024-11-25
143,analytics,44.0,06/03/2025
1180,analytics,42.0,2025-11-23
3618,ai_insights,,01/16/2024
1163,dashboard,26.0,
3289,analytics,11.0,2025-06-04
3527,analytics,38.0,2025-08-15
2573,reports,22.0,02-11-2025
4065,ai_insights,11.0,2024-08-18
2872,dashboard,4.0,2025-05-18
1882,ai_insights,15.0,11/15/2024
198,dashboard,19.0,2024-10-31
4030,reports,49.0,2025-05-06
1760,export,10.0,2024-09-29
895,reports,34.0,04/13/2024
4038,analytics,23.0,2024-07-01
2766,export,10.0,2024-04-27
3496,ai_insights,3.0,2024-08-31
3158,analytics,13.0,11-10-2024
4420,dashboard,18.0,2024-11-12
4809,ai_insights,1.0,2024-01-05
2357,analytics,48.0,2024-08-08
3182,export,43.0,2025-04-10
2819,analytics,14.0,2024-07-17
1747,ai_insights,8.0,
1165,analytics,8.0,2024-10-11
3193,analytics,6.0,2025-12-22
1187,dashboard,14.0,04/28/2024
4125,export,45.0,06/01/2024
358,export,9.0,2025-08-11
535,export,4.0,2025-06-14
2156,export,11.0,2025-10-24
3975,reports,41.0,2024-01-08
4346,ai_insights,11.0,2025-02-19
1701,ai_insights,22.0,2025-07-07
1361,ai_insights,,11/21/2025
3084,export,27.0,07/22/2024
56,analytics,14.0,
1006,analytics,48.0,2024-08-10
1325,reports,46.0,06/16/2024
2505,dashboard,,2025-07-02
2221,dashboard,8.0,2025-12-20
1433,analytics,5.0,2025-09-05
3118,ai_insights,42.0,2024-04-21
4179,analytics,43.0,2025-02-12
1987,analytics,21.0,05/06/2024
2964,reports,30.0,08/28/2024
3060,analytics,7.0,2024-10-02
4900,dashboard,14.0,03/22/2024
3604,dashboard,34.0,2024-10-18
2781,export,21.0,
86,export,33.0,2024-03-10
366,reports,7.0,
447,ai_insights,11.0,2024-01-16
718,export,,2024-10-09
4191,dashboard,21.0,2024-08-17
2842,analytics,44.0,08/11/2025
930,analytics,44.0,2024-06-17
4767,export,37.0,2024-05-06
4168,export,35.0,2025-06-11
3535,export,41.0,2025-09-03
4376,export,9.0,2024-08-08
2035,dashboard,4.0,2024-02-23
3573,export,28.0,2024-03-03
3995,dashboard,40.0,2024-01-13
1317,export,27.0,2024-06-08
2371,analytics,45.0,2024-08-04
4701,ai_insights,17.0,04/12/2024
4848,dashboard,2.0,01/31/2024
4538,ai_insights,30.0,2024-04-13
4682,reports,47.0,2024-09-08
2115,analytics,9.0,2024-01-06
465,ai_insights,23.0,2024-05-15
2922,analytics,21.0,2025-12-07
3683,ai_insights,38.0,06/20/2025
3895,reports,5.0,2024-07-11
4195,analytics,27.0,21-12-2024
4828,export,38.0,2025-05-25
241,analytics,36.0,2024-11-09
348,reports,29.0,2025-05-05
3447,ai_insights,17.0,2025-06-04
3841,dashboard,18.0,2024-12-06
3036,analytics,2.0,2025-09-07
4378,analytics,48.0,07/29/2025
3443,reports,19.0,2025-12-08
3823,analytics,47.0,2025-08-08
2513,analytics,33.0,2024-06-12
862,reports,27.0,2024-03-23
301,reports,16.0,09/10/2024
182,export,2.0,2024-08-19
380,dashboard,36.0,12/24/2025
1147,reports,44.0,06/04/2025
2405,export,17.0,2024-10-01
719,dashboard,32.0,2024-06-30
4622,ai_insights,49.0,2024-09-10
624,ai_insights,1.0,2024-02-09
4300,dashboard,28.0,2024-06-29
577,analytics,12.0,2024-06-26
3619,analytics,14.0,2025-03-02
2286,dashboard,31.0,06/07/2025
1597,ai_insights,24.0,2024-12-20
227,dashboard,16.0,2024-07-04
3655,analytics,41.0,2025-05-02
2483,reports,10.0,2025-02-08
4157,ai_insights,18.0,2025-12-13
81,ai_insights,30.0,2025-02-24
1984,analytics,22.0,2025-06-01
2289,analytics,,2024-01-22
1702,analytics,24.0,2024-01-09
2325,ai_insights,44.0,2025-05-13
3986,reports,41.0,2025-02-05
3464,analytics,34.0,2025-05-23
654,reports,4.0,09/12/2025
834,ai_insights,24.0,2025-12-22
152,dashboard,7.0,06/22/2024
2516,analytics,26.0,2025-09-21
1522,reports,,2025-08-16
2673,ai_insights,49.0,2024-02-17
2778,export,6.0,2025-04-12
4582,analytics,36.0,2025-04-24
3713,ai_insights,21.0,2024-05-11
1519,export,4.0,2025-05-28
2784,dashboard,37.0,2024-03-20
504,reports,,04/12/2025
1460,dashboard,13.0,2025-11-25
3665,reports,25.0,2024-04-13
4102,dashboard,13.0,2025-07-03
3525,reports,26.0,2025-11-14
2406,ai_insights,24.0,11/08/2024
3850,reports,5.0,2025-02-24
3944,reports,43.0,2025-04-11
2942,ai_insights,13.0,2025-03-07
2589,analytics,36.0,02/09/2025
2580,dashboard,48.0,2024-01-02
4182,dashboard,31.0,2024-12-18
152,reports,34.0,2025-02-14
1820,analytics,30.0,2025-04-28
4385,reports,28.0,2024-01-14
4905,ai_insights,8.0,2025-02-25
837,reports,25.0,2024-01-21
4884,export,32.0,06-04-2024
4048,reports,,2025-03-17
1296,reports,45.0,2024-03-25
2930,export,35.0,11/15/2024
2672,ai_insights,4.0,2024-05-02
1048,dashboard,27.0,2024-03-04
3546,analytics,29.0,2025-11-10
3181,export,40.0,2024-03-11
139,dashboard,25.0,2025-03-22
3577,analytics,9.0,05/27/2024
2403,export,44.0,2025-10-05
1527,dashboard,25.0,2024-03-02
1196,ai_insights,13.0,2024-10-16
1905,ai_insights,11.0,2024-04-17
4130,ai_insights,8.0,06/27/2024
796,analytics,43.0,2024-09-11
1696,reports,40.0,02/09/2025
1867,ai_insights,8.0,2024-08-17
4070,dashboard,47.0,2024-01-03
861,analytics,40.0,04-12-2025
2274,ai_insights,42.0,11/04/2025
1280,dashboard,50.0,2024-12-30
2883,reports,21.0,2025-05-05
1952,export,40.0,2024-07-07
2467,reports,49.0,2024-12-27
3673,export,10.0,2024-11-02
3677,dashboard,17.0,2024-11-22
18,analytics,2.0,12/26/2025
1582,ai_insights,22.0,2024-11-13
3229,dashboard,15.0,2024-08-15
1729,reports,50.0,2024-01-27
2956,ai_insights,37.0,2025-11-12
4723,analytics,48.0,2025-05-12
1195,analytics,48.0,2024-01-11
4504,reports,1.0,2025-06-18
1750,analytics,16.0,07/14/2024
334,analytics,42.0,2025-07-15
3509,dashboard,40.0,10/07/2024
3646,ai_insights,24.0,2025-10-14
2277,export,37.0,2024-04-19
4869,dashboard,24.0,2025-11-22
396,ai_insights,49.0,2024-08-29
1630,analytics,29.0,2024-08-04
4789,analytics,13.0,2025-05-19
4251,analytics,36.0,2024-01-16
2220,analytics,39.0,2024-05-14
1724,ai_insights,40.0,2025-07-28
1559,export,30.0,2024-04-17
4898,dashboard,15.0,08/08/2024
1512,reports,37.0,2025-03-09
4547,ai_insights,40.0,2025-05-06
782,dashboard,16.0,12/12/2024
2252,analytics,40.0,2025-02-19
2128,ai_insights,26.0,2024-10-28
1102,dashboard,16.0,2024-08-20
259,analytics,17.0,2024-04-05
3181,dashboard,15.0,2024-08-22
1205,ai_insights,29.0,2024-12-28
4574,reports,10.0,2024-11-23
2377,export,11.0,2024-02-02
2420,ai_insights,45.0,2024-12-27
3051,ai_insights,11.0,2024-08-05
2513,reports,45.0,03/09/2025
3656,analytics,16.0,07/15/2025
2462,ai_insights,12.0,2025-07-17
430,export,30.0,2024-08-13
2516,export,12.0,2025-02-05
3966,ai_insights,18.0,2025-12-24
1260,ai_insights,37.0,28-12-2025
521,dashboard,23.0,
1628,reports,42.0,08/25/2024
4573,dashboard,33.0,11/03/2025
3990,analytics,20.0,2024-08-28
40,export,37.0,2025-08-29
4460,dashboard,20.0,2024-11-14
530,analytics,2.0,2025-10-30
112,export,43.0,2025-01-14
4310,ai_insights,37.0,2025-01-16
2801,analytics,42.0,2025-05-26
3005,export,32.0,2025-03-25
2472,analytics,25.0,04/29/2025
4372,reports,,2024-03-29
4938,ai_insights,2.0,2024-06-02
1199,analytics,30.0,2024-05-22
3478,analytics,49.0,2024-10-24
913,analytics,32.0,2025-02-28
3400,analytics,17.0,01/23/2024
1859,dashboard,38.0,2025-11-28
3505,export,11.0,2025-06-25
3854,analytics,46.0,02/25/2025
3387,dashboard,50.0,2025-07-04
3578,analytics,23.0,2024-06-25
3088,dashboard,15.0,2024-11-20
3033,dashboard,20.0,2025-12-04
2196,ai_insights,14.0,2025-04-06
1619,dashboard,,2024-01-29
489,dashboard,36.0,03-12-2025
1629,analytics,35.0,2025-11-23
2032,ai_insights,49.0,2024-10-24
2872,export,21.0,2025-09-13
3688,reports,46.0,2025-02-07
2410,dashboard,41.0,09/30/2025
1926,reports,49.0,2025-10-06
3385,dashboard,24.0,2025-11-19
1477,analytics,2.0,
2451,export,22.0,2025-02-08
2192,dashboard,16.0,2025-01-22
4763,reports,9.0,2025-08-09
1064,dashboard,19.0,2024-06-23
99,ai_insights,24.0,
4077,dashboard,31.0,2024-01-05
1331,analytics,44.0,2025-10-22
1528,export,40.0,2024-11-13
1770,reports,37.0,2025-01-03
3280,dashboard,35.0,2025-06-07
2248,reports,29.0,01-05-2024
4519,analytics,24.0,2025-12-20
4937,dashboard,5.0,2024-08-11
4818,ai_insights,26.0,2025-08-14
3137,ai_insights,49.0,09-07-2025
1522,ai_insights,22.0,2025-07-08
1649,analytics,21.0,2025-03-04
4928,analytics,48.0,2025-11-01
3535,export,20.0,2025-11-13
900,dashboard,1.0,02/07/2024
4925,export,24.0,14-04-2025
2147,export,46.0,2025-08-27
4969,dashboard,5.0,2025-02-14
3917,analytics,40.0,30-07-2024
4577,reports,19.0,21-09-2024
1105,export,49.0,
4349,dashboard,24.0,2024-01-28
3540,ai_insights,22.0,2024-08-06
4527,dashboard,46.0,11/25/2024
1096,dashboard,26.0,2024-07-12
207,analytics,24.0,2025-01-15
3011,ai_insights,27.0,29-03-2024
2397,dashboard,,2025-09-02
4317,analytics,48.0,11/20/2025
2874,ai_insights,24.0,2025-02-06
4777,export,3.0,2024-11-26
2118,export,8.0,2024-06-30
3806,analytics,20.0,2025-01-03
4609,analytics,30.0,2025-05-02
838,export,11.0,05/22/2025
1602,dashboard,6.0,2025-04-10
1641,reports,10.0,
493,dashboard,20.0,
4646,analytics,39.0,2024-03-22
3625,reports,11.0,24-05-2024
3534,analytics,19.0,2024-04-27
3491,ai_insights,19.0,11/27/2025
2428,reports,11.0,2024-02-28
4880,analytics,,2025-10-09
4371,ai_insights,39.0,2025-10-27
405,reports,20.0,2024-01-03
2214,dashboard,38.0,2025-05-23
315,ai_insights,11.0,2024-07-26
2524,reports,11.0,04/30/2025
92,analytics,32.0,2025-08-20
3971,analytics,23.0,2025-07-16
3336,export,7.0,2025-03-26
2692,dashboard,39.0,2025-02-22
600,export,6.0,2024-03-07
1743,export,26.0,04/14/2024
3832,export,46.0,2024-02-28
3751,reports,20.0,2025-09-17
188,ai_insights,1.0,2025-05-19
2195,reports,43.0,12/26/2025
4699,export,41.0,2025-04-26
10,reports,24.0,2024-04-11
4115,ai_insights,33.0,2024-01-14
4483,dashboard,49.0,10-06-2025
2471,ai_insights,9.0,2024-06-01
3615,dashboard,4.0,
2222,dashboard,32.0,2024-10-01
3637,export,4.0,2025-07-06
3330,reports,13.0,2024-01-17
3924,export,23.0,11/02/2025
2163,export,49.0,2024-11-19
950,reports,24.0,29-02-2024
3684,ai_insights,24.0,03/06/2025
1158,analytics,48.0,2025-05-03
719,export,46.0,01/03/2025
3961,ai_insights,2.0,2025-12-16
1055,analytics,35.0,2024-09-28
1837,ai_insights,8.0,2025-12-24
1084,analytics,28.0,2025-12-06
3779,analytics,5.0,2025-05-18
353,export,39.0,09/01/2024
4319,export,31.0,2025-09-21
2091,dashboard,16.0,2024-06-28
4624,analytics,12.0,2025-07-16
2302,analytics,,2024-09-23
1521,reports,,2025-09-03
2512,analytics,15.0,2025-01-04
853,ai_insights,45.0,2025-05-27
3500,export,17.0,2024-07-10
2142,ai_insights,38.0,2025-07-29
2170,export,10.0,05/19/2024
1140,ai_insights,17.0,2025-11-15
3203,reports,37.0,2025-10-21
3209,ai_insights,43.0,2025-06-25
286,ai_insights,44.0,2025-07-17
3480,analytics,23.0,2025-12-10
4516,analytics,,
3960,ai_insights,28.0,03/11/2025
2022,dashboard,38.0,2024-01-09
3070,reports,42.0,01/13/2025
2518,reports,,04/23/2025
1707,export,13.0,2024-03-05
2153,reports,1.0,2025-09-13
4367,ai_insights,29.0,2025-10-17
3579,dashboard,21.0,2024-02-20
1765,dashboard,15.0,2024-06-20
4487,ai_insights,30.0,2024-09-08
3002,reports,49.0,2025-10-25
3208,export,18.0,2024-09-11
4445,analytics,17.0,2025-03-24
4632,reports,24.0,2024-03-18
1725,export,12.0,07/03/2025
707,reports,13.0,2024-02-06
4286,ai_insights,7.0,10/10/2024
3709,export,46.0,2024-10-14
1736,reports,23.0,2024-04-16
2849,reports,48.0,2025-09-23
1374,export,7.0,06/14/2024
4722,analytics,23.0,2025-10-16
3575,export,45.0,07/05/2025
684,export,29.0,2025-10-13
261,ai_insights,38.0,2024-12-20
4060,reports,6.0,2024-12-21
650,dashboard,11.0,2025-06-13
789,ai_insights,13.0,12/28/2025
4989,ai_insights,25.0,2024-06-15
41,analytics,22.0,2024-11-01
4625,analytics,36.0,2024-12-03
4172,analytics,15.0,2025-01-05
449,export,13.0,2024-01-01
4898,analytics,24.0,2024-04-24
4681,ai_insights,48.0,2025-08-31
3415,analytics,45.0,2025-06-12
3201,reports,3.0,2024-06-05
3363,reports,21.0,2024-04-27
4356,dashboard,16.0,2024-01-01
2002,dashboard,24.0,2024-10-04
1408,reports,26.0,2024-03-10
2228,analytics,18.0,01-05-2024
2710,ai_insights,9.0,2025-08-13
3760,reports,,2024-05-05
630,export,38.0,2025-05-14
504,analytics,40.0,2025-02-08
4893,export,24.0,2024-03-22
2961,export,30.0,30-01-2025
1168,reports,44.0,2025-08-29
3325,export,26.0,29-05-2024
4647,export,33.0,2024-07-05
1649,ai_insights,21.0,2024-02-11
3596,export,9.0,2024-10-19
2831,dashboard,16.0,2024-08-30
3280,analytics,7.0,05/25/2024
503,dashboard,8.0,10/06/2024
4737,dashboard,48.0,2024-08-28
1769,dashboard,7.0,20-01-2025
3137,export,10.0,2025-11-10
876,export,27.0,02/27/2025
1058,analytics,23.0,2024-11-22
3311,dashboard,46.0,2024-11-21
4508,ai_insights,35.0,2024-03-17
1300,ai_insights,32.0,01-01-2025
366,reports,4.0,09/03/2025
467,reports,11.0,09-05-2024
3105,analytics,13.0,2025-01-07
2878,reports,34.0,2024-03-27
1089,ai_insights,6.0,2025-03-06
3210,analytics,19.0,02/24/2025
907,ai_insights,27.0,2025-08-22
2386,reports,15.0,2025-10-27
2587,export,45.0,2024-06-18
363,ai_insights,2.0,2025-10-15
2044,ai_insights,39.0,2024-01-30
3218,reports,18.0,
3922,analytics,10.0,2024-08-01
3872,dashboard,9.0,2025-02-22
2498,dashboard,10.0,10/27/2025
2018,ai_insights,26.0,2025-01-19
3140,reports,,2024-01-04
2436,reports,46.0,2025-10-14
890,analytics,29.0,2024-08-09
2143,analytics,33.0,2024-02-26
2478,dashboard,22.0,2024-12-17
1877,export,4.0,04/13/2024
2357,reports,13.0,2024-12-22
542,dashboard,43.0,2025-01-13
3847,ai_insights,20.0,2025-01-11
4516,export,17.0,2025-09-25
3942,analytics,37.0,2024-10-13
1636,analytics,40.0,2025-03-14
2532,ai_insights,23.0,2024-04-09
2414,reports,22.0,2024-05-06
1202,analytics,,2025-12-16
1454,reports,24.0,04/06/2025
313,export,19.0,2025-04-07
4494,export,38.0,2025-02-07
597,reports,30.0,2025-07-29
2658,dashboard,7.0,2025-06-08
1517,analytics,11.0,2025-08-06
1668,dashboard,13.0,2024-02-01
3970,reports,29.0,2025-10-09
2383,reports,48.0,2024-02-01
1822,reports,13.0,2024-02-05
4679,reports,3.0,2024-10-24
2323,export,41.0,2025-07-01
3243,ai_insights,15.0,2024-06-03
411,analytics,7.0,2025-11-01
441,export,30.0,2025-04-29
304,export,30.0,2025-02-25
1503,dashboard,49.0,07/23/2024
4703,reports,6.0,03/27/2025
2070,ai_insights,8.0,11/16/2024
3975,reports,25.0,03/21/2024
3741,ai_insights,11.0,03/20/2025
3349,analytics,,2024-04-17
439,reports,13.0,2024-04-06
778,analytics,50.0,2024-12-27
2110,reports,3.0,09/03/2024
442,reports,36.0,2024-08-04
2676,analytics,42.0,02/15/2024
2226,reports,9.0,2024-03-12
454,ai_insights,31.0,2025-08-10
1076,reports,37.0,2024-07-12
3247,export,50.0,09/28/2024
4994,ai_insights,1.0,2024-01-05
816,export,21.0,
4274,analytics,5.0,2025-12-11
1606,analytics,9.0,11/12/2024
2889,ai_insights,5.0,2024-11-13
2751,reports,11.0,2025-08-03
3853,reports,9.0,2024-12-17
4714,dashboard,32.0,23-08-2025
454,ai_insights,12.0,2024-08-26
4133,export,46.0,2025-06-29
3514,dashboard,43.0,2025-11-26
3408,export,28.0,2025-05-22
708,export,47.0,2024-02-22
841,reports,1.0,01-09-2025
2579,export,17.0,11/07/2025
4237,export,22.0,2025-12-24
1841,ai_insights,16.0,2024-03-02
195,export,26.0,2025-04-21
3237,ai_insights,1.0,2024-12-14
1076,reports,9.0,2024-08-16
1153,ai_insights,,2024-02-08
1,analytics,25.0,2024-07-06
1813,dashboard,,2024-05-13
3349,dashboard,41.0,2025-07-05
2904,analytics,44.0,2024-03-06
4543,export,37.0,2024-01-03
1015,reports,,2025-08-21
3093,analytics,44.0,04/28/2024
3241,dashboard,15.0,2025-12-15
2771,export,36.0,
4322,export,40.0,2024-11-21
3301,dashboard,19.0,11/22/2025
3382,reports,6.0,2024-05-19
2779,analytics,10.0,2025-05-24
935,dashboard,50.0,2025-11-28
4307,export,44.0,2024-02-16
384,export,41.0,02/08/2025
2195,ai_insights,26.0,2025-05-15
4730,reports,37.0,2025-08-18
4346,dashboard,22.0,2024-09-27
117,ai_insights,21.0,2025-09-17
578,reports,9.0,2024-11-07
1635,analytics,18.0,07-07-2025
1848,analytics,48.0,
3118,analytics,9.0,2025-05-11
570,ai_insights,18.0,2024-07-12
4087,analytics,29.0,2024-09-26
1719,reports,44.0,2025-03-11
4907,export,33.0,2025-03-12
421,reports,32.0,2024-04-08
3827,reports,46.0,2025-03-10
1035,export,22.0,2024-07-15
3452,reports,13.0,2024-10-13
4102,ai_insights,45.0,2024-10-26
3427,dashboard,19.0,2024-06-24
3361,analytics,36.0,07/23/2025
796,reports,16.0,2025-02-13
4272,dashboard,25.0,10/24/2024
4961,dashboard,6.0,2025-06-23
1964,export,24.0,09/22/2024
2184,ai_insights,39.0,07/24/2025
4125,ai_insights,11.0,2024-10-30
2434,analytics,30.0,2024-07-04
3133,export,35.0,2025-12-23
2891,dashboard,8.0,2025-02-17
2446,ai_insights,1.0,2024-05-01
4704,reports,36.0,2024-01-29
969,reports,10.0,2025-10-04
1640,analytics,27.0,2025-06-24
2392,reports,35.0,2025-06-18
3828,reports,15.0,2024-07-16
2423,analytics,39.0,01/04/2025
3493,analytics,7.0,2025-12-14
2715,reports,11.0,2024-10-18
1786,export,23.0,2024-08-31
4402,reports,4.0,2025-03-13
1527,reports,33.0,12/01/2024
654,analytics,5.0,2024-05-22
2521,export,27.0,25-03-2025
1669,reports,34.0,12-07-2024
528,reports,41.0,2025-05-31
3261,dashboard,34.0,2025-04-06
4797,ai_insights,50.0,2024-04-05
3906,analytics,38.0,2025-04-26
3085,ai_insights,47.0,05-10-2024
470,export,2.0,2024-02-04
3557,analytics,33.0,2025-08-08
836,ai_insights,12.0,2025-02-16
1570,analytics,43.0,06/26/2024
84,ai_insights,21.0,2025-10-23
138,analytics,28.0,02/15/2025
3649,export,46.0,2024-07-14
4668,analytics,17.0,2024-02-17
2563,reports,38.0,06/05/2025
2575,reports,34.0,2025-08-22
4266,analytics,43.0,2025-03-11
2456,export,24.0,2024-05-07
3995,ai_insights,22.0,2025-08-27
3631,reports,38.0,2024-08-07
3823,ai_insights,29.0,2025-10-18
994,ai_insights,7.0,06-05-2024
4096,ai_insights,9.0,
3769,dashboard,23.0,2025-03-12
2062,ai_insights,46.0,
2620,dashboard,36.0,2024-06-09
2651,export,47.0,2024-10-29
2763,analytics,21.0,2025-05-28
4325,dashboard,24.0,2024-01-02
4883,dashboard,30.0,2024-11-21
4797,analytics,1.0,2025-07-20
3060,export,8.0,2025-10-04
2610,export,15.0,2025-11-18
465,reports,43.0,
2817,dashboard,7.0,2025-07-21
2413,dashboard,2.0,2024-12-07
3395,dashboard,21.0,04/20/2024
2707,reports,8.0,2025-07-20
4737,ai_insights,42.0,2024-03-25
1972,export,37.0,2025-11-19
1476,reports,20.0,2024-07-09
4543,ai_insights,50.0,2024-08-02
4072,analytics,22.0,2025-02-01
3263,analytics,44.0,2025-12-15
2917,export,29.0,2024-10-19
3653,ai_insights,7.0,2025-04-08
3412,reports,7.0,04/26/2025
4178,analytics,1.0,2024-04-22
520,ai_insights,32.0,2024-10-05
364,reports,38.0,2025-07-28
1575,export,,2024-10-16
12,dashboard,6.0,2024-02-20
4137,export,29.0,2025-06-14
1818,ai_insights,40.0,2025-01-03
3123,dashboard,9.0,03/10/2025
1259,export,42.0,2025-04-21
25,dashboard,6.0,2025-10-24
2101,ai_insights,,
4113,export,27.0,2025-12-05
3039,analytics,27.0,2024-07-29
4852,ai_insights,21.0,2025-05-17
736,reports,29.0,08/29/2024
4893,dashboard,42.0,2024-08-27
3201,dashboard,9.0,03/03/2024
1956,ai_insights,2.0,2024-02-23
1942,analytics,7.0,2024-12-07
2939,ai_insights,40.0,01/21/2024
2312,ai_insights,48.0,2024-10-04
3050,dashboard,11.0,08/31/2024
2268,dashboard,24.0,2024-02-22
379,analytics,,2024-06-25
1250,analytics,25.0,02/29/2024
2829,reports,28.0,2024-09-11
1687,analytics,47.0,
3948,analytics,25.0,2024-10-04
3606,dashboard,8.0,2024-04-05
2150,reports,40.0,04/18/2024
1082,export,3.0,01/11/2024
1512,ai_insights,27.0,2024-11-13
1624,dashboard,13.0,2024-12-09
4094,ai_insights,43.0,05/20/2024
4934,analytics,33.0,2024-04-13
859,export,33.0,2024-09-27
3897,dashboard,24.0,2024-09-17
2397,reports,3.0,
1621,analytics,7.0,2025-07-16
3711,export,29.0,2025-10-29
2870,analytics,21.0,01/06/2024
3219,reports,2.0,2025-11-26
3138,ai_insights,47.0,2024-10-11
348,reports,28.0,06/25/2024
4122,reports,40.0,2024-12-12
425,export,40.0,2024-08-23
165,export,16.0,2025-04-11
4424,ai_insights,6.0,05-01-2024
3666,export,27.0,2025-10-14
4739,export,24.0,2025-01-18
1709,ai_insights,33.0,2025-09-24
1523,export,34.0,2025-12-11
4831,export,12.0,06/01/2024
4821,dashboard,2.0,2024-01-20
3338,reports,,2025-12-21
2720,ai_insights,33.0,2024-09-07
2211,reports,9.0,2024-05-04
3969,analytics,,2024-05-06
4139,export,36.0,2025-02-02
2060,reports,47.0,2025-05-29
3034,reports,50.0,04/30/2024
4432,export,42.0,2024-07-30
237,dashboard,,2024-12-09
788,analytics,49.0,05-05-2025
521,analytics,41.0,2024-07-06
4308,dashboard,24.0,2025-06-04
2594,analytics,48.0,2025-11-03
3189,ai_insights,39.0,2025-06-28
4365,analytics,34.0,2024-09-03
3796,reports,50.0,2024-07-24
3290,export,11.0,2025-10-29
1845,export,16.0,2025-07-19
235,reports,3.0,12/25/2024
2638,dashboard,3.0,2025-12-18
3010,ai_insights,43.0,2025-10-16
3449,analytics,31.0,2025-07-20
1202,export,42.0,2025-07-10
1631,ai_insights,36.0,2024-07-28
2166,ai_insights,1.0,06/19/2025
4083,dashboard,34.0,2024-02-13
1565,dashboard,26.0,04/14/2024
4336,analytics,43.0,2024-06-10
3916,analytics,35.0,2025-02-08
2519,ai_insights,1.0,2024-05-09
2958,dashboard,39.0,2024-01-11
1781,ai_insights,28.0,2025-12-06
4332,ai_insights,13.0,2024-07-27
2172,ai_insights,23.0,2025-10-11
646,ai_insights,15.0,11-08-2024
4156,reports,39.0,2025-09-23
388,analytics,37.0,2024-12-12
2347,export,29.0,2024-06-07
3266,analytics,,2025-06-28
4494,ai_insights,24.0,2024-07-14
3869,dashboard,2.0,2025-10-26
984,export,13.0,2024-11-01
658,reports,7.0,05/21/2025
4619,ai_insights,,2025-06-01
479,export,21.0,2024-07-27
2750,ai_insights,21.0,2025-12-27
177,analytics,2.0,2025-02-22
1415,export,,2024-08-09
1823,export,41.0,2025-02-04
2032,reports,12.0,2024-08-15
181,ai_insights,3.0,2024-01-23
2458,export,27.0,2024-05-22
3311,dashboard,5.0,2025-06-25
4887,analytics,31.0,2024-07-12
4890,analytics,49.0,2024-11-14
878,dashboard,28.0,2024-02-26
2106,reports,15.0,08/31/2025
1411,ai_insights,32.0,2024-08-08
1470,reports,32.0,2024-06-25
1802,reports,35.0,05/14/2025
1717,dashboard,14.0,11/25/2024
1288,ai_insights,45.0,11/16/2025
240,dashboard,36.0,2024-05-21
1352,ai_insights,24.0,06/27/2024
2710,dashboard,17.0,2024-05-06
1392,ai_insights,45.0,2025-07-11
1058,reports,,2024-06-13
1413,analytics,14.0,05/02/2025
3737,export,18.0,2025-09-01
3679,reports,30.0,2025-03-10
4870,ai_insights,18.0,2024-06-25
2208,analytics,29.0,2025-09-13
3998,export,22.0,2024-04-24
155,export,30.0,2024-08-08
1951,analytics,19.0,2024-05-02
651,ai_insights,34.0,2024-03-25
675,analytics,40.0,2025-01-05
4467,analytics,17.0,10/31/2025
887,reports,37.0,2025-01-30
1098,analytics,30.0,2025-01-08
2398,analytics,1.0,10/02/2025
1866,analytics,29.0,2025-03-09
992,ai_insights,1.0,07/23/2025
864,analytics,21.0,2025-10-05
1214,export,49.0,2024-08-23
4148,ai_insights,9.0,2024-01-14
1734,dashboard,16.0,2024-01-30
666,analytics,41.0,2024-01-09
4143,reports,42.0,2025-05-30
2965,export,39.0,2024-11-07
3245,analytics,31.0,2024-02-03
4284,ai_insights,39.0,2024-03-16
2910,dashboard,8.0,03-10-2025
413,export,6.0,2024-01-05
4856,analytics,,01/06/2025
3315,analytics,21.0,2025-12-12
2433,ai_insights,37.0,2025-12-09
4299,reports,12.0,30-07-2025
4244,export,,2025-02-04
3272,analytics,26.0,2025-03-07
3652,analytics,7.0,2024-08-25
4321,ai_insights,50.0,2025-01-13
4665,analytics,46.0,2025-12-12
2166,export,,11/09/2025
4821,ai_insights,16.0,2025-08-20
2352,reports,17.0,2025-04-10
4976,reports,9.0,12/25/2025
3997,analytics,2.0,2024-11-04
3886,reports,27.0,01/03/2024
2333,analytics,,2024-09-14
4839,dashboard,48.0,2025-10-31
153,analytics,8.0,2024-11-03
4844,ai_insights,22.0,
1818,dashboard,33.0,08/06/2025
3569,dashboard,11.0,2024-10-30
3730,dashboard,21.0,2024-02-26
2887,reports,4.0,2025-09-15
3611,export,22.0,2025-07-26
2980,export,37.0,2025-07-22
3975,ai_insights,46.0,2025-08-07
2649,reports,44.0,06/23/2025
1064,reports,32.0,2025-12-03
3566,dashboard,16.0,2025-11-14
1133,ai_insights,49.0,2024-05-14
4130,analytics,43.0,2025-04-18
2167,ai_insights,2.0,2024-07-29
4374,analytics,8.0,2025-06-05
1118,analytics,35.0,2024-10-17
1449,dashboard,41.0,2024-08-29
1806,analytics,15.0,2024-11-22
758,export,48.0,2025-09-20
2955,analytics,41.0,2025-01-22
1740,reports,30.0,2024-10-12
196,export,14.0,2025-02-18
875,analytics,2.0,04/06/2025
3996,dashboard,16.0,2025-05-08
3660,ai_insights,5.0,2024-05-28
1544,export,14.0,2025-02-14
4146,export,41.0,2024-07-03
863,analytics,7.0,2025-03-25
557,dashboard,7.0,2025-07-04
4707,dashboard,21.0,2024-07-31
2926,reports,30.0,06-04-2024
3218,dashboard,13.0,2024-01-13
3130,reports,29.0,2025-02-09
2127,export,28.0,2024-11-13
3944,export,11.0,2024-04-09
389,reports,43.0,2025-01-23
1569,dashboard,4.0,2024-09-30
3949,reports,34.0,2024-08-03
3281,reports,32.0,2024-05-22
2975,ai_insights,15.0,2024-05-18
596,export,,2024-05-27
442,export,7.0,2025-04-21
473,analytics,43.0,2025-04-05
1841,dashboard,46.0,02/19/2025
999,export,43.0,2024-09-11
3849,dashboard,20.0,06/23/2024
2093,reports,35.0,05/05/2025
4021,analytics,30.0,31-03-2024
3041,export,15.0,2024-06-26
4061,export,16.0,2025-01-03
2943,dashboard,3.0,07/10/2024
1730,dashboard,46.0,2025-10-11
1781,export,14.0,2025-10-05
43,dashboard,18.0,2025-03-26
3183,ai_insights,38.0,2024-03-14
2213,dashboard,44.0,2025-03-27
3222,reports,,06/26/2024
915,dashboard,20.0,2024-05-26
313,analytics,,11/18/2024
3360,dashboard,8.0,2025-03-31
1040,reports,,2024-02-21
4115,analytics,5.0,2025-11-15
3125,dashboard,25.0,2025-06-22
2567,analytics,44.0,2024-11-18
3787,analytics,49.0,2025-11-25
4436,dashboard,15.0,2024-02-17
587,export,34.0,2025-07-06
107,reports,16.0,2025-10-16
1617,ai_insights,13.0,2025-02-26
1207,ai_insights,28.0,10/20/2024
3197,ai_insights,15.0,2025-03-26
1110,ai_insights,15.0,04-10-2025
100,analytics,47.0,2024-05-22
3386,export,2.0,2024-10-20
1562,export,17.0,07/28/2025
769,ai_insights,25.0,10/22/2025
1893,analytics,22.0,2024-01-16
1263,export,42.0,10-02-2024
3520,reports,27.0,2024-01-23
2961,analytics,31.0,12/26/2025
3775,reports,29.0,2025-06-07
447,reports,23.0,09/04/2024
3785,ai_insights,9.0,2025-12-06
1724,export,18.0,2025-07-13
85,dashboard,3.0,18-01-2025
3997,ai_insights,30.0,2024-11-24
1109,reports,2.0,07/14/2025
1394,reports,13.0,2024-05-20
2010,analytics,30.0,2024-10-20
554,ai_insights,7.0,2025-07-02
356,dashboard,47.0,03/27/2024
4979,reports,17.0,08/23/2024
1068,reports,27.0,2024-05-22
2867,analytics,37.0,2025-06-24
2522,ai_insights,10.0,
2945,reports,8.0,2024-02-09
3915,ai_insights,,2025-02-21
824,analytics,26.0,2025-08-21
119,reports,8.0,2025-12-24
1321,dashboard,40.0,03/20/2024
847,export,31.0,08/13/2024
2708,ai_insights,,
1708,dashboard,16.0,2024-03-31
4964,ai_insights,18.0,12/16/2025
1468,dashboard,22.0,2024-06-09
1254,dashboard,17.0,2025-08-23
1903,export,11.0,2024-11-25
2177,export,3.0,2025-03-23
3207,reports,12.0,2025-08-27
3444,export,8.0,2025-08-05
212,export,21.0,2024-08-04
1217,export,19.0,
2814,reports,42.0,2024-02-29
2300,dashboard,10.0,2024-02-15
776,analytics,4.0,2025-01-08
4090,ai_insights,14.0,2024-12-16
2101,reports,21.0,2025-06-04
2042,dashboard,13.0,2024-12-13
4928,analytics,42.0,2024-11-25
159,analytics,15.0,2025-05-08
867,dashboard,8.0,2024-11-20
1050,export,39.0,2024-12-09
1708,ai_insights,18.0,2025-10-30
2769,analytics,23.0,2025-06-29
1196,ai_insights,18.0,2025-11-24
606,export,47.0,2025-04-17
2467,dashboard,,2025-09-23
3678,analytics,28.0,19-12-2024
4677,ai_insights,35.0,2025-06-03
2998,export,26.0,2025-05-27
2592,reports,,2025-04-22
4502,dashboard,,
1308,analytics,37.0,2025-02-22
2804,dashboard,31.0,2024-09-22
575,dashboard,14.0,2024-03-18
811,dashboard,39.0,03/04/2025
224,ai_insights,4.0,2024-12-24
829,export,28.0,2024-10-25
569,ai_insights,17.0,2025-01-01
3327,reports,24.0,2024-03-24
3555,analytics,21.0,2025-02-15
197,analytics,11.0,2024-03-19
2588,dashboard,42.0,02/20/2024
3078,analytics,13.0,2024-10-30
2612,export,49.0,2025-05-01
3779,dashboard,31.0,2024-07-13
2817,dashboard,15.0,2025-10-04
310,analytics,17.0,2024-11-24
2527,dashboard,17.0,2025-10-22
4814,dashboard,27.0,2024-02-01
4091,ai_insights,30.0,2024-09-21
2138,reports,8.0,2025-01-27
4585,analytics,41.0,2025-09-26
3786,dashboard,34.0,2025-03-31
2286,analytics,50.0,2025-05-18
2981,reports,1.0,2025-06-11
396,export,,2025-07-15
674,reports,39.0,
3729,ai_insights,12.0,10/31/2024
2625,export,7.0,2025-05-16
3630,reports,,2025-08-21
3774,reports,39.0,2025-01-24
544,export,44.0,2024-08-04
3361,analytics,50.0,2024-09-26
376,export,21.0,2024-10-31
4837,reports,9.0,2025-09-18
2268,export,34.0,2024-07-09
2506,analytics,40.0,05/20/2025
1773,ai_insights,34.0,2025-09-23
2503,export,35.0,08/29/2024
963,analytics,20.0,2025-03-17
3935,analytics,16.0,2025-08-07
4078,analytics,21.0,2024-05-08
2551,analytics,21.0,07/08/2025
3563,dashboard,6.0,2025-10-24
4303,reports,8.0,2024-05-05
2710,analytics,23.0,03/03/2024
2109,reports,20.0,2025-01-07
4024,dashboard,15.0,2025-03-25
712,export,41.0,10/15/2024
3903,reports,44.0,2024-06-07
1384,dashboard,,2025-08-30
3337,dashboard,47.0,2025-05-26
3557,export,13.0,2024-06-04
3186,export,5.0,2025-08-28
4732,reports,39.0,2024-01-04
4511,reports,45.0,02-01-2025
3638,dashboard,39.0,2024-10-07
3751,reports,38.0,2025-07-01
1213,dashboard,18.0,2025-12-10
2566,reports,30.0,2025-01-25
917,reports,35.0,2025-05-07
2886,dashboard,9.0,2025-01-09
2967,reports,18.0,2024-02-23
2295,export,39.0,2025-07-06
3240,reports,21.0,2024-11-07
621,analytics,10.0,2025-09-22
1182,dashboard,13.0,2024-05-27
410,analytics,32.0,2025-08-17
4540,analytics,34.0,02/03/2024
555,ai_insights,2.0,2025-05-04
4184,dashboard,8.0,2024-11-11
2469,dashboard,39.0,11-06-2024
1112,dashboard,13.0,2024-04-16
477,reports,21.0,2024-08-15
1299,export,35.0,2024-07-30
1147,export,23.0,2024-11-25
5,reports,8.0,
3181,analytics,,2025-05-05
796,reports,9.0,2025-05-08
1273,analytics,31.0,2024-07-20
575,export,12.0,11/11/2025
2471,ai_insights,16.0,2024-11-28
3348,dashboard,13.0,2025-07-21
1641,ai_insights,15.0,2025-03-20
1677,reports,7.0,2024-05-02
2330,ai_insights,7.0,
2447,analytics,11.0,2025-08-24
3730,dashboard,11.0,01/13/2024
1404,ai_insights,8.0,2025-08-16
2459,ai_insights,20.0,2024-04-15
1370,ai_insights,41.0,15-06-2025
3359,export,32.0,2024-01-08
1090,ai_insights,8.0,29-04-2025
365,reports,7.0,12/29/2024
3376,ai_insights,14.0,11/08/2024
3321,dashboard,2.0,23-04-2024
1887,analytics,10.0,24-12-2024
2357,export,31.0,2025-12-04
4791,analytics,,06/10/2024
1788,dashboard,28.0,2025-08-22
3375,export,30.0,2025-08-20
1341,ai_insights,16.0,2024-02-09
768,reports,17.0,05/10/2024
4370,dashboard,48.0,2024-06-07
488,dashboard,15.0,10/09/2024
1468,reports,7.0,2024-05-28
3924,ai_insights,22.0,2025-11-13
1094,reports,31.0,2025-04-16
4033,ai_insights,38.0,09/29/2025
2066,ai_insights,33.0,2024-12-16
678,analytics,44.0,08/01/2024
3558,analytics,19.0,2025-12-16
375,export,47.0,2025-03-09
1762,ai_insights,7.0,2024-04-11
4446,dashboard,30.0,2025-09-01
4106,export,29.0,2025-12-24
4656,ai_insights,35.0,2025-12-29
3134,export,46.0,2024-11-14
4284,export,49.0,10/25/2024
4360,reports,38.0,2024-03-29
4869,export,34.0,2024-09-01
289,export,36.0,2025-03-21
837,analytics,11.0,2025-06-21
990,export,22.0,2024-04-25
2516,export,4.0,06/30/2024
4165,ai_insights,4.0,2025-05-08
4971,dashboard,10.0,2024-07-20
3615,reports,19.0,07/07/2024
1736,analytics,10.0,2025-06-10
1359,export,7.0,
882,reports,39.0,29-03-2025
18,ai_insights,32.0,2025-08-25
1864,ai_insights,38.0,2024-11-11
3730,export,7.0,2024-08-05
3671,analytics,29.0,2024-04-21
224,analytics,23.0,2024-02-25
3798,reports,30.0,12/23/2025
680,analytics,2.0,15-06-2025
1585,dashboard,48.0,07/18/2025
4600,dashboard,24.0,10/23/2024
1507,reports,38.0,2024-05-22
2853,export,6.0,
4835,reports,2.0,2024-12-09
2568,analytics,18.0,2024-10-02
2363,export,38.0,10/17/2025
74,ai_insights,29.0,2025-04-03
1655,export,20.0,2024-02-10
2526,ai_insights,6.0,2024-11-07
4648,reports,35.0,2025-11-09
270,analytics,,2024-01-15
3546,ai_insights,7.0,2025-01-07
128,dashboard,28.0,
4538,ai_insights,12.0,2024-08-20
2217,reports,22.0,2025-09-16
3183,export,3.0,2025-08-09
4485,dashboard,20.0,2024-11-30
275,export,38.0,2025-09-29
3162,export,19.0,2025-03-07
4246,analytics,49.0,2024-07-18
3721,dashboard,10.0,2025-11-20
1801,analytics,29.0,2024-07-12
3564,ai_insights,33.0,2025-08-27
4000,dashboard,26.0,2025-10-08
3515,analytics,28.0,2024-02-01
2083,reports,10.0,2024-10-30
542,reports,7.0,2024-10-15
1305,analytics,3.0,2025-03-08
1969,export,45.0,2024-05-27
3146,export,11.0,2024-05-23
334,analytics,13.0,2024-01-09
4847,analytics,3.0,2025-08-21
3617,reports,31.0,2024-06-29
2247,dashboard,27.0,2024-10-19
4764,analytics,45.0,2025-08-06
3299,analytics,48.0,
2825,export,46.0,2024-01-01
3441,ai_insights,6.0,2025-10-11
4300,analytics,15.0,2024-04-27
4545,export,27.0,2024-04-26
3512,reports,,2025-09-19
4821,export,34.0,2025-07-15
822,analytics,28.0,08/23/2024
636,analytics,50.0,2024-01-29
4266,dashboard,47.0,2025-02-26
2137,ai_insights,49.0,2024-03-29
4185,dashboard,41.0,2025-10-09
2071,export,46.0,30-03-2024
4957,export,13.0,2024-05-21
2128,dashboard,37.0,2024-10-22
4079,analytics,21.0,2024-04-20
848,reports,4.0,01/05/2025
2254,reports,12.0,2025-02-06
2668,ai_insights,38.0,2025-03-08
4055,export,20.0,2025-12-15
883,dashboard,13.0,2024-02-07
2585,ai_insights,8.0,01-07-2025
2130,ai_insights,22.0,2025-11-25
534,ai_insights,30.0,2025-04-27
3465,analytics,16.0,2025-10-17
2121,reports,48.0,2025-12-18
4901,reports,37.0,2025-05-23
2116,reports,10.0,2024-07-02
2607,ai_insights,24.0,2024-04-18
4697,analytics,12.0,2025-10-24
1181,export,37.0,09-09-2024
2083,ai_insights,31.0,2025-11-12
3212,reports,31.0,2025-09-20
3789,ai_insights,32.0,2024-10-07
4633,analytics,,2024-11-21
2551,export,2.0,04/01/2024
2768,dashboard,33.0,2025-09-09
4162,dashboard,43.0,2025-04-24
4478,export,35.0,2025-10-23
3786,reports,35.0,2025-10-09
1968,dashboard,24.0,2025-08-22
342,analytics,25.0,2024-12-22
2238,ai_insights,1.0,2024-10-23
304,analytics,22.0,2024-01-16
3941,export,38.0,12/07/2025
4883,analytics,24.0,2025-04-21
3140,ai_insights,34.0,2024-01-28
3545,analytics,14.0,2025-07-14
2400,analytics,16.0,2025-01-22
954,export,14.0,2024-07-02
1227,export,2.0,2024-11-21
4630,export,1.0,03/22/2025
1434,analytics,13.0,2025-08-25
1632,dashboard,14.0,08/26/2025
1554,analytics,12.0,2025-05-22
2589,reports,23.0,2024-10-31
3793,dashboard,28.0,2025-09-06
1419,reports,11.0,2025-07-20
1646,analytics,22.0,2025-10-29
2894,dashboard,21.0,12/20/2025
1821,analytics,4.0,2025-12-23
4677,export,31.0,2025-04-20
264,reports,19.0,
1682,export,41.0,2025-11-25
1079,analytics,9.0,05/24/2024
4718,dashboard,46.0,2025-12-05
341,reports,,2025-12-05
961,dashboard,1.0,2024-05-26
3777,reports,27.0,2025-06-30
3933,dashboard,8.0,08/26/2024
1651,dashboard,16.0,04/25/2024
3021,export,47.0,2024-05-16
2052,dashboard,47.0,2025-03-18
2071,analytics,23.0,2024-07-16
3681,analytics,15.0,2024-11-21
2800,dashboard,39.0,12/13/2024
1323,reports,1.0,2024-11-13
2572,dashboard,,2025-01-08
3584,ai_insights,38.0,16-07-2024
1646,export,25.0,2025-04-14
2231,reports,19.0,2024-09-24
3075,dashboard,37.0,03/28/2025
31,ai_insights,10.0,2025-07-27
641,reports,43.0,2025-07-25
2348,reports,49.0,2024-11-15
4849,ai_insights,36.0,
1995,analytics,39.0,2025-03-20
2082,dashboard,20.0,2025-02-05
1372,dashboard,,2024-03-17
1650,analytics,1.0,12/14/2024
2319,reports,21.0,2025-06-16
3258,export,37.0,2024-06-19
1936,export,30.0,2024-09-02
4031,export,,2024-09-12
331,analytics,49.0,2025-07-26
4089,dashboard,36.0,2025-09-29
1997,reports,47.0,2025-11-29
4849,dashboard,6.0,2024-07-12
402,export,40.0,2025-12-07
2943,dashboard,18.0,2024-05-10
23,ai_insights,24.0,11/13/2025
4715,export,7.0,2025-07-02
236,export,18.0,2025-05-30
2531,reports,18.0,2024-05-13
4078,dashboard,20.0,2025-08-27
2118,reports,14.0,06-06-2025
608,ai_insights,4.0,01/11/2025
2098,dashboard,40.0,2025-06-06
4809,analytics,26.0,
1220,reports,46.0,2025-05-24
4086,analytics,29.0,2024-11-06
1257,reports,42.0,2025-08-25
4232,ai_insights,27.0,2025-12-17
102,reports,25.0,2024-07-02
4267,analytics,39.0,2025-11-27
1124,analytics,19.0,2025-07-09
618,analytics,9.0,2024-12-04
1687,dashboard,33.0,2025-10-12
679,export,36.0,07/05/2024
3536,dashboard,17.0,2024-12-07
3029,analytics,29.0,2024-06-20
628,export,23.0,2024-12-23
2727,analytics,30.0,2025-01-01
1840,export,16.0,2025-10-17
3294,ai_insights,1.0,2025-04-15
1517,analytics,46.0,12/15/2024
4393,export,15.0,04/22/2024
2804,reports,10.0,2024-11-24
3222,ai_insights,12.0,2025-04-20
2501,export,15.0,2025-11-11
4608,analytics,21.0,2024-06-16
4084,reports,36.0,2024-01-20
4209,export,7.0,18-04-2025
3233,ai_insights,39.0,2024-02-15
1481,export,13.0,14-06-2024
916,ai_insights,9.0,2025-09-22
161,analytics,34.0,08/03/2025
4263,dashboard,30.0,2024-08-19
1763,dashboard,31.0,2024-11-14
732,reports,36.0,
2701,dashboard,23.0,2024-08-16
4729,analytics,49.0,2024-02-20
2032,ai_insights,14.0,2025-12-06
2763,reports,27.0,2025-03-12
2066,analytics,46.0,2024-07-29
4917,ai_insights,26.0,2024-11-10
2941,export,11.0,08/27/2024
3385,export,19.0,10/08/2025
909,reports,21.0,2025-12-15
866,analytics,40.0,2025-07-25
23,ai_insights,33.0,06/04/2025
1442,ai_insights,22.0,31-03-2024
2492,dashboard,11.0,2024-06-06
145,analytics,45.0,2025-05-23
130,reports,10.0,07/28/2024
436,ai_insights,35.0,2025-07-14
4265,export,4.0,2025-04-10
397,analytics,38.0,02/08/2025
3796,analytics,7.0,2024-09-11
835,export,13.0,2025-04-02
774,reports,9.0,12/21/2024
876,ai_insights,17.0,22-07-2024
1633,analytics,24.0,2025-05-18
2816,export,22.0,02/19/2024
4176,export,22.0,04-02-2024
3242,reports,9.0,2025-05-01
4446,dashboard,,2025-09-30
4324,dashboard,25.0,2024-09-11
4231,dashboard,,2025-10-02
1640,reports,31.0,2025-01-19
1720,ai_insights,4.0,2025-02-22
2508,reports,8.0,2024-02-19
4234,dashboard,29.0,2025-01-04
241,dashboard,23.0,2024-07-21
2805,reports,27.0,2025-09-08
4059,export,14.0,2025-04-19
2264,analytics,5.0,2024-01-21
3578,analytics,21.0,2025-11-15
2850,analytics,3.0,2025-12-20
4777,export,37.0,2025-08-12
4930,reports,15.0,2025-12-24
3369,analytics,26.0,2024-06-25
368,reports,,2025-10-29
740,ai_insights,38.0,2025-05-09
1021,analytics,48.0,2024-08-09
3973,reports,5.0,2025-04-18
2316,analytics,30.0,21-08-2025
3801,dashboard,23.0,2025-07-29
1679,analytics,3.0,2024-02-25
687,export,17.0,2024-01-14
3222,reports,,2025-09-09
936,analytics,1.0,06/10/2024
4494,reports,17.0,01/07/2025
1209,ai_insights,34.0,2024-08-09
3933,ai_insights,11.0,2025-05-31
3464,analytics,46.0,2024-04-07
303,export,36.0,2025-12-09
1747,reports,1.0,2025-05-16
4316,dashboard,50.0,2024-10-04
2416,dashboard,28.0,2025-12-25
4147,ai_insights,47.0,27-08-2025
1601,analytics,5.0,2025-08-22
2489,ai_insights,46.0,2024-03-02
591,dashboard,9.0,2025-06-06
792,reports,16.0,2024-12-07
507,ai_insights,31.0,2025-05-02
2440,analytics,23.0,2024-08-30
4911,analytics,46.0,2024-03-11
3304,reports,33.0,2025-12-28
1509,dashboard,29.0,2024-05-25
534,ai_insights,41.0,2025-05-22
814,dashboard,38.0,2024-09-17
971,reports,40.0,2025-02-28
50,export,6.0,2025-12-22
4148,ai_insights,25.0,2025-01-27
4113,export,22.0,2025-11-11
4399,reports,8.0,2025-07-16
1626,reports,40.0,
4436,ai_insights,10.0,09/25/2024
2476,reports,50.0,09/28/2025
428,reports,23.0,2025-09-07
3027,ai_insights,22.0,2024-12-15
3958,ai_insights,42.0,10/14/2024
1639,ai_insights,41.0,2025-05-31
1842,ai_insights,13.0,2025-12-03
500,export,40.0,2025-02-01
1851,export,21.0,2024-04-24
1151,export,11.0,2025-01-06
1578,ai_insights,37.0,15-08-2025
2955,ai_insights,7.0,05-03-2025
3276,analytics,24.0,2024-05-31
1446,reports,9.0,05/06/2024
3807,export,49.0,10/27/2025
1323,ai_insights,24.0,28-11-2025
129,export,3.0,2024-11-07
4904,dashboard,49.0,2025-09-14
1080,dashboard,13.0,2024-12-31
860,reports,22.0,26-01-2024
66,analytics,9.0,2024-09-17
492,dashboard,40.0,2025-04-27
3075,ai_insights,10.0,2024-06-24
3195,dashboard,18.0,2025-02-21
1709,dashboard,46.0,09/10/2025
1010,dashboard,1.0,2025-11-19
61,ai_insights,1.0,2024-09-30
2904,export,15.0,2025-11-12
2623,reports,22.0,2024-08-18
3940,analytics,5.0,2024-09-29
4180,dashboard,23.0,08/11/2025
2980,ai_insights,34.0,2024-12-12
3141,analytics,17.0,2024-08-03
1782,ai_insights,50.0,2024-11-02
1817,reports,25.0,2025-08-15
56,export,26.0,2024-04-12
1561,export,18.0,2024-08-16
2754,reports,14.0,06/11/2024
4217,dashboard,33.0,2024-10-07
4627,ai_insights,11.0,08/10/2024
388,analytics,4.0,2025-06-13
2806,analytics,11.0,2025-09-17
4200,ai_insights,21.0,04/06/2025
892,analytics,4.0,2025-04-05
36,analytics,3.0,2025-09-18
2748,ai_insights,15.0,2024-09-11
3565,ai_insights,37.0,2024-03-12
4241,reports,18.0,2024-06-22
413,ai_insights,24.0,2025-03-23
1886,dashboard,,2024-03-04
4500,dashboard,50.0,2024-10-14
4940,analytics,26.0,08/21/2025
598,analytics,2.0,2024-09-07
3660,export,30.0,09/13/2025
1875,reports,27.0,2025-05-04
2844,analytics,3.0,2025-02-24
476,ai_insights,30.0,05/19/2024
384,analytics,45.0,2025-01-21
3428,reports,37.0,09-11-2025
523,ai_insights,11.0,15-07-2024
3645,ai_insights,27.0,2024-02-23
51,ai_insights,1.0,2025-08-05
858,dashboard,44.0,2024-08-12
4513,reports,23.0,2025-09-04
4947,export,46.0,2024-12-15
1226,ai_insights,35.0,2024-09-09
4141,dashboard,8.0,2025-11-19
3295,analytics,1.0,2025-01-20
4703,export,8.0,10/06/2024
3487,reports,44.0,2024-01-20
941,analytics,1.0,2025-06-14
2280,ai_insights,17.0,2025-07-28
3099,ai_insights,9.0,2025-10-03
1013,analytics,,01/08/2025
4801,dashboard,1.0,2024-03-29
4501,ai_insights,15.0,2025-01-01
1814,reports,36.0,2025-05-23
851,dashboard,7.0,2025-04-21
102,analytics,47.0,2024-06-17
3451,reports,11.0,2025-01-02
4508,reports,3.0,2025-06-14
4101,ai_insights,35.0,2024-02-20
3824,dashboard,19.0,
1054,ai_insights,1.0,2024-06-13
4257,dashboard,31.0,2024-09-05
108,reports,25.0,2024-05-03
2265,export,36.0,
1560,ai_insights,45.0,2025-01-19
3500,reports,13.0,2025-04-13
4648,dashboard,33.0,2024-02-23
3070,analytics,20.0,2025-02-13
2407,ai_insights,22.0,2024-12-10
1321,ai_insights,36.0,2024-03-19
3946,export,32.0,2024-07-18
2546,ai_insights,31.0,11/10/2025
4129,reports,27.0,11/25/2024
3369,analytics,19.0,2025-05-15
4286,ai_insights,4.0,24-02-2024
2778,analytics,35.0,2025-10-29
4193,reports,5.0,2025-12-29
3172,dashboard,23.0,2024-04-12
2990,reports,47.0,
2285,reports,32.0,2025-07-02
2693,analytics,35.0,2024-06-08
3234,reports,,2025-08-31
1229,ai_insights,34.0,2025-02-06
481,reports,45.0,2024-09-22
2739,dashboard,36.0,
2882,analytics,26.0,2025-10-22
1932,reports,33.0,2025-05-11
746,reports,19.0,2025-03-19
4938,reports,31.0,2025-05-02
3774,reports,5.0,2024-05-13
1103,dashboard,46.0,12/02/2024
4775,dashboard,20.0,2024-08-18
1498,ai_insights,24.0,
71,export,25.0,2025-02-20
357,analytics,18.0,2024-03-24
3068,reports,41.0,2025-12-28
3227,ai_insights,13.0,2024-11-17
3229,analytics,43.0,2024-07-08
424,dashboard,44.0,2024-08-02
571,ai_insights,20.0,2024-08-28
1050,dashboard,34.0,2025-11-02
3599,reports,7.0,
4262,reports,29.0,2024-03-07
342,analytics,50.0,2024-10-01
3025,dashboard,4.0,2024-10-13
427,dashboard,32.0,2024-07-20
4273,analytics,,2024-05-24
758,dashboard,,2024-12-28
1103,reports,35.0,24-05-2024
4448,analytics,38.0,2024-06-15
804,ai_insights,7.0,2025-07-10
2038,export,34.0,2024-12-14
371,export,11.0,28-10-2024
2918,reports,13.0,2024-11-03
2401,reports,35.0,2024-01-27
1816,ai_insights,18.0,07/03/2024
84,reports,10.0,2024-05-24
238,reports,29.0,09/09/2024
2775,reports,43.0,2025-06-09
2234,reports,5.0,2025-03-04
4358,export,35.0,2025-03-05
3287,dashboard,47.0,2024-10-24
3967,analytics,48.0,2024-05-30
1522,dashboard,33.0,2024-01-10
3407,export,35.0,01/17/2024
3931,analytics,9.0,2025-08-07
4504,ai_insights,26.0,2024-12-28
4980,export,22.0,12-01-2024
2625,analytics,36.0,2025-10-12
1645,ai_insights,13.0,2025-09-09
2423,export,37.0,2024-07-09
2235,dashboard,23.0,05-02-2024
3918,analytics,16.0,2024-11-18
4598,reports,4.0,2025-02-27
2944,dashboard,8.0,03/01/2025
2273,dashboard,49.0,14-10-2025
2029,reports,41.0,12/19/2025
3155,ai_insights,8.0,2024-07-18
2481,dashboard,24.0,2024-06-10
2685,reports,13.0,03/18/2024
1879,export,,04/08/2025
4769,ai_insights,26.0,
3310,reports,4.0,2025-10-10
3998,dashboard,4.0,2024-07-13
1747,dashboard,15.0,2024-06-11
4670,export,13.0,2025-09-12
1239,export,23.0,2025-05-20
2101,export,40.0,01-04-2024
1297,ai_insights,33.0,2025-01-18
4052,analytics,18.0,2025-12-01
2570,ai_insights,50.0,2025-08-05
2121,analytics,29.0,2025-06-21
2550,analytics,5.0,2025-04-25
2870,reports,2.0,2024-05-17
4571,dashboard,15.0,2025-04-08
1458,analytics,8.0,2024-04-17
3536,analytics,32.0,2025-08-19
496,dashboard,38.0,12/12/2025
1473,analytics,21.0,2025-06-06
3398,reports,44.0,2024-01-27
3141,dashboard,50.0,2024-06-26
4362,dashboard,23.0,2025-07-18
1252,export,25.0,2024-03-06
2115,analytics,41.0,2025-06-05
357,ai_insights,,2025-10-16
4188,export,37.0,2025-01-03
3932,analytics,,2024-04-23
3044,reports,22.0,2024-09-27
12,ai_insights,29.0,04/03/2024
1539,analytics,24.0,2024-05-28
3462,reports,33.0,2025-12-21
1373,analytics,22.0,2024-11-24
4587,export,21.0,03/03/2024
1179,reports,44.0,2024-11-11
3692,analytics,47.0,2024-12-13
2064,ai_insights,46.0,12/06/2025
4153,reports,20.0,2025-01-01
3497,export,26.0,06/14/2025
2183,ai_insights,47.0,2024-04-03
4050,export,40.0,2025-07-13
1892,ai_insights,48.0,2024-05-28
2757,reports,9.0,2025-09-11
1023,reports,34.0,2024-03-27
1696,dashboard,47.0,15-04-2024
632,reports,36.0,2025-10-05
2665,ai_insights,40.0,2024-05-06
268,analytics,,2025-04-09
4230,ai_insights,44.0,2024-01-01
4712,reports,16.0,2024-01-14
4984,dashboard,13.0,2024-02-09
3717,ai_insights,29.0,2024-11-25
3324,dashboard,34.0,2024-10-15
293,ai_insights,33.0,2024-10-12
1717,analytics,7.0,08/13/2024
4994,reports,15.0,09/29/2025
3343,reports,18.0,2025-09-29
1303,reports,22.0,2024-03-11
204,dashboard,37.0,2024-07-02
1519,analytics,46.0,2024-12-09
37,reports,25.0,12/19/2024
2115,analytics,14.0,2025-07-22
2000,reports,43.0,2025-09-09
324,export,18.0,2025-04-20
192,export,8.0,2025-03-26
1277,dashboard,33.0,2025-01-23
3671,dashboard,6.0,2024-08-23
462,reports,37.0,01-01-2024
510,reports,,2024-11-14
1516,ai_insights,42.0,2025-07-23
3256,dashboard,4.0,2024-05-08
4651,dashboard,,2025-02-08
2253,reports,8.0,2025-03-31
2596,dashboard,45.0,2024-03-10
3250,export,,2025-07-08
3464,analytics,37.0,12/16/2025
4642,reports,4.0,2024-08-23
1285,dashboard,,10/05/2024
4781,export,16.0,2025-04-17
4915,dashboard,47.0,2024-04-28
981,dashboard,26.0,2024-07-17
819,analytics,,2024-11-04
3016,analytics,50.0,2024-11-08
2577,export,50.0,2024-12-15
2581,reports,32.0,
681,analytics,9.0,2024-04-11
3937,reports,35.0,31-10-2025
584,reports,3.0,
4177,analytics,20.0,2024-03-21
583,export,30.0,2025-07-16
3931,export,6.0,2025-04-29
2477,ai_insights,9.0,2025-08-07
3634,reports,17.0,03/17/2025
1857,export,50.0,2025-04-28
2028,export,18.0,2024-01-20
872,analytics,40.0,2024-11-18
922,ai_insights,18.0,2025-04-21
330,ai_insights,15.0,2024-03-31
405,export,42.0,2025-05-01
1476,dashboard,3.0,07-03-2024
3733,reports,46.0,2024-06-18
1069,export,33.0,2025-11-27
236,dashboard,8.0,04/22/2025
658,ai_insights,39.0,2025-05-12
4094,dashboard,10.0,2025-10-22
1049,reports,26.0,2024-03-22
4924,analytics,31.0,08/23/2025
3416,reports,27.0,2024-03-31
4380,dashboard,24.0,02/17/2025
1142,dashboard,48.0,2024-09-08
3975,export,6.0,2025-01-19
1783,ai_insights,21.0,01/07/2025
3182,dashboard,12.0,2024-10-28
1679,ai_insights,8.0,2025-11-03
2491,reports,45.0,
4348,dashboard,32.0,10/13/2024
1715,reports,49.0,2024-04-10
3312,reports,22.0,2025-02-01
3189,ai_insights,2.0,09/05/2025
544,export,6.0,10/14/2024
2762,dashboard,13.0,2025-05-27
461,export,4.0,2025-10-07
1149,dashboard,13.0,2024-12-12
1188,dashboard,1.0,2024-04-02
4021,analytics,24.0,2024-08-02
3501,dashboard,27.0,2024-05-25
3472,analytics,27.0,08/12/2024
1065,analytics,32.0,2025-03-30
2216,analytics,31.0,2025-07-27
1285,ai_insights,18.0,2024-06-22
721,analytics,34.0,26-07-2025
2292,ai_insights,49.0,2025-11-03
4081,dashboard,36.0,
3938,analytics,,2024-02-09
4634,ai_insights,,19-02-2024
572,dashboard,25.0,2024-08-17
4031,dashboard,22.0,
1348,ai_insights,14.0,09/19/2025
4456,reports,2.0,2025-09-09
2927,dashboard,24.0,2024-03-02
3221,analytics,43.0,03/23/2024
2959,reports,32.0,2025-10-29
4015,export,2.0,2025-02-19
1845,ai_insights,12.0,09/23/2025
1793,export,29.0,2024-06-27
4049,ai_insights,8.0,2025-01-09
4173,export,23.0,2024-02-22
3639,dashboard,,11/05/2024
4326,ai_insights,6.0,01/24/2024
1072,reports,29.0,2024-06-27
182,export,41.0,2024-05-16
3257,export,41.0,2025-03-19
812,ai_insights,14.0,2025-06-12
3248,export,18.0,2024-04-15
4161,analytics,8.0,2024-03-31
3743,ai_insights,1.0,2025-12-15
3866,reports,37.0,09/19/2025
2382,dashboard,5.0,2025-11-29
3242,dashboard,46.0,11/15/2024
1436,reports,19.0,2025-05-16
2194,reports,,2025-08-06
494,ai_insights,21.0,2025-07-07
1944,dashboard,50.0,2025-05-18
1868,dashboard,19.0,2024-06-06
1103,ai_insights,33.0,2024-11-29
2604,export,33.0,2025-08-09
3468,ai_insights,3.0,13-06-2025
4966,dashboard,40.0,04/11/2024
4230,analytics,5.0,02/01/2024
1715,ai_insights,43.0,2025-01-30
1016,export,17.0,2025-05-29
1640,ai_insights,21.0,2024-07-07
4754,ai_insights,28.0,05-03-2024
4583,reports,1.0,2024-07-31
4291,export,22.0,2025-05-03
3467,reports,3.0,2025-11-27
673,export,34.0,2024-10-30
4340,reports,38.0,2024-07-08
1171,dashboard,31.0,2024-08-29
4640,dashboard,30.0,2024-03-30
2795,dashboard,50.0,2024-05-29
3553,ai_insights,6.0,2025-09-05
143,reports,,2024-10-24
4886,ai_insights,32.0,2024-05-17
2920,dashboard,17.0,2025-05-12
3506,ai_insights,36.0,2024-06-23
2026,ai_insights,21.0,04/21/2025
2467,analytics,16.0,2025-03-24
881,dashboard,3.0,2024-10-09
152,ai_insights,36.0,2025-12-06
4133,analytics,34.0,2024-09-10
4840,reports,24.0,2025-02-08
411,dashboard,33.0,30-08-2025
1837,export,31.0,2024-11-20
63,reports,9.0,2024-09-02
3948,analytics,17.0,2024-11-17
2028,dashboard,26.0,01/13/2025
4515,analytics,29.0,05/29/2024
40,ai_insights,22.0,09/26/2025
705,export,14.0,2024-07-09
566,ai_insights,20.0,2024-07-29
1739,reports,40.0,2025-10-06
3245,analytics,28.0,2024-07-12
1566,dashboard,46.0,2024-07-26
1924,analytics,46.0,2024-09-12
2666,analytics,,07/05/2024
2194,export,47.0,2024-04-11
1033,reports,16.0,2024-06-11
2860,reports,25.0,2024-06-15
1636,dashboard,45.0,2024-12-08
1217,dashboard,,
500,dashboard,10.0,2025-02-18
481,dashboard,44.0,2025-05-17
3404,ai_insights,2.0,2024-12-26
600,dashboard,28.0,2024-07-05
1213,ai_insights,36.0,2024-06-20
192,export,27.0,2025-02-02
2769,ai_insights,,2024-02-10
1793,ai_insights,22.0,
4289,export,29.0,2024-10-14
1925,ai_insights,12.0,2024-03-06
4510,ai_insights,35.0,2024-06-03
4933,reports,45.0,2025-04-07
3103,ai_insights,12.0,2024-01-03
4698,reports,19.0,11/24/2025
1924,reports,46.0,2024-05-30
3833,ai_insights,31.0,2025-03-14
1763,ai_insights,8.0,2024-03-19
4060,analytics,47.0,2024-06-24
2961,reports,26.0,2025-11-26
4434,export,28.0,2025-05-17
1738,dashboard,34.0,2025-07-27
1635,reports,8.0,2025-06-07
3705,analytics,25.0,2024-04-14
3097,reports,22.0,02-02-2025
790,reports,12.0,2025-08-17
2951,export,45.0,2024-04-03
398,ai_insights,6.0,2024-08-24
2084,dashboard,21.0,2025-07-04
4572,ai_insights,32.0,2025-09-30
1813,analytics,14.0,2024-04-04
2916,dashboard,19.0,01/19/2024
3879,ai_insights,2.0,2024-11-29
3445,ai_insights,37.0,01/09/2025
605,dashboard,15.0,03/17/2024
2085,dashboard,38.0,2025-07-08
2219,dashboard,1.0,2025-04-17
1738,export,18.0,2025-08-20
2556,analytics,43.0,01/01/2025
4809,ai_insights,1.0,2025-02-09
4427,dashboard,37.0,2025-07-27
1518,export,12.0,2024-05-17
1850,ai_insights,50.0,2025-04-03
755,ai_insights,35.0,2025-07-18
4570,dashboard,12.0,
4091,analytics,20.0,08/03/2024
641,analytics,14.0,2025-09-14
4648,reports,32.0,2025-06-30
3004,analytics,33.0,2024-03-06
1327,ai_insights,44.0,2025-07-22
3981,export,49.0,2024-07-06
3502,reports,26.0,2024-12-02
1929,dashboard,48.0,2025-03-06
4795,analytics,41.0,2024-12-20
3621,reports,40.0,2024-04-04
2135,dashboard,46.0,2025-06-29
1734,ai_insights,26.0,06/25/2025
4571,analytics,40.0,2024-01-02
1610,analytics,12.0,2024-12-24
1439,reports,37.0,2025-02-27
1115,dashboard,21.0,09/09/2025
2127,reports,37.0,08/14/2025
4328,export,11.0,02/04/2024
3644,reports,48.0,2025-08-05
4920,export,50.0,2024-04-16
3121,ai_insights,33.0,31-10-2025
1492,ai_insights,10.0,20-06-2025
1313,analytics,12.0,2024-03-07
3620,analytics,19.0,2024-08-12
3836,export,14.0,2025-12-15
3421,export,23.0,2024-02-12
4247,analytics,10.0,2024-05-01
958,analytics,29.0,2024-08-22
4026,dashboard,32.0,2024-10-08
1430,reports,3.0,2025-11-27
1648,analytics,12.0,2025-04-17
4051,ai_insights,28.0,2024-07-07
4611,reports,6.0,04/07/2024
3936,analytics,20.0,09/21/2025
31,analytics,27.0,2025-04-03
2642,reports,43.0,2024-03-22
999,dashboard,27.0,2025-09-05
3168,analytics,23.0,2025-04-20
346,reports,23.0,2024-08-26
598,analytics,21.0,2024-07-13
1692,export,27.0,14-07-2024
2477,reports,8.0,2025-02-09
1084,reports,26.0,2025-07-26
264,analytics,1.0,2024-11-23
3401,export,11.0,2025-07-12
641,dashboard,47.0,11/26/2025
1307,reports,36.0,2025-10-02
820,dashboard,44.0,09/06/2025
1875,reports,47.0,2024-06-19
4472,ai_insights,45.0,10/06/2025
1667,dashboard,38.0,2025-02-13
4487,reports,11.0,
2102,export,9.0,2024-01-31
4137,reports,27.0,2024-01-03
534,analytics,23.0,2025-07-23
1090,analytics,44.0,05/29/2025
2751,analytics,46.0,2025-12-06
1041,dashboard,10.0,2025-04-22
3072,reports,47.0,2025-04-09
4168,analytics,25.0,2024-04-27
3257,ai_insights,35.0,2024-01-20
2017,analytics,20.0,2024-07-19
2641,dashboard,21.0,2024-10-13
1235,reports,,2025-07-20
4776,reports,49.0,2024-03-28
77,analytics,35.0,2025-07-18
4529,analytics,19.0,2025-02-08
3826,reports,44.0,
1772,ai_insights,2.0,2024-10-04
3116,analytics,,2025-09-01
3340,analytics,19.0,2024-08-24
707,analytics,44.0,01/25/2025
4093,reports,8.0,04/09/2025
1438,analytics,9.0,2024-12-21
3706,reports,47.0,2025-02-07
533,ai_insights,4.0,2025-02-04
2190,analytics,35.0,2024-12-11
468,dashboard,20.0,2025-02-06
3910,ai_insights,45.0,2025-10-27
3988,ai_insights,28.0,06/10/2024
2365,export,36.0,2024-11-20
1335,dashboard,36.0,2024-08-22
4012,reports,12.0,06-02-2024
2103,reports,24.0,2024-07-12
3061,analytics,39.0,2024-10-29
1612,ai_insights,,2025-02-28
2171,export,4.0,2024-12-18
122,ai_insights,49.0,07/05/2024
1406,export,23.0,2024-01-21
2284,reports,31.0,2024-03-30
2426,reports,39.0,2025-08-10
1905,reports,,12/04/2025
3299,export,16.0,07/08/2024
4933,reports,14.0,2024-09-08
3354,reports,15.0,2024-05-17
256,analytics,18.0,2024-02-06
602,dashboard,46.0,2025-03-26
2820,analytics,30.0,2024-11-01
3713,reports,2.0,02/26/2024
4085,analytics,39.0,
2414,dashboard,25.0,2025-09-13
3184,export,29.0,2025-02-22
2721,dashboard,50.0,2024-12-11
2268,ai_insights,22.0,10/13/2025
2877,ai_insights,10.0,2025-04-08
215,reports,23.0,2024-10-24
4394,analytics,18.0,2024-10-02
1997,export,11.0,2025-08-28
2297,analytics,15.0,2024-05-03
4247,analytics,20.0,2024-03-06
2574,reports,11.0,2024-12-17
3878,export,4.0,2024-12-16
4700,reports,9.0,2025-09-06
1177,ai_insights,4.0,2025-08-16
2567,dashboard,47.0,2025-10-14
575,reports,,2025-10-13
393,reports,24.0,2024-12-07
2358,analytics,6.0,2024-05-09
3782,export,36.0,
187,export,25.0,2025-04-17
3726,analytics,44.0,02/29/2024
497,reports,5.0,2024-02-28
3038,reports,1.0,2025-02-27
960,analytics,,2024-03-03
4226,analytics,21.0,09/25/2025
1549,reports,20.0,2024-11-18
705,analytics,26.0,2025-07-10
2634,reports,6.0,2024-10-03
273,dashboard,4.0,2025-02-13
4029,ai_insights,17.0,2025-12-23
649,reports,32.0,2024-01-02
4646,export,11.0,2025-01-19
253,ai_insights,43.0,2024-01-31
1038,export,21.0,2025-01-30
2221,dashboard,19.0,2025-04-08
3012,analytics,35.0,2025-05-04
3440,reports,37.0,2025-01-16
1193,dashboard,38.0,2025-01-05
4747,export,33.0,2024-06-15
4872,ai_insights,19.0,
2058,reports,1.0,06/12/2024
1962,analytics,44.0,2025-11-10
688,dashboard,19.0,2024-06-07
1496,reports,37.0,2024-09-13
4803,reports,43.0,2025-07-18
3716,ai_insights,29.0,2024-11-26
3758,reports,4.0,2024-01-21
4993,export,20.0,2025-09-24
395,reports,8.0,2024-06-06
4598,export,49.0,02/08/2025
880,dashboard,16.0,2024-12-03
3067,analytics,46.0,2024-01-15
30,reports,41.0,2025-04-11
2909,ai_insights,4.0,04/14/2025
1215,analytics,33.0,2025-03-07
3889,reports,15.0,2024-01-29
941,ai_insights,37.0,2024-01-31
3298,reports,39.0,2024-03-04
3894,analytics,13.0,2024-02-09
215,ai_insights,19.0,2024-02-24
945,analytics,49.0,2025-05-16
534,reports,46.0,2024-01-09
1428,analytics,22.0,2024-12-21
4479,ai_insights,24.0,2024-03-21
3067,analytics,20.0,2025-03-22
228,dashboard,30.0,2024-08-22
618,analytics,12.0,2024-09-29
1622,analytics,37.0,2025-05-14
4967,dashboard,4.0,2024-03-25
1427,reports,30.0,2025-08-18
4867,dashboard,45.0,06-09-2025
2133,ai_insights,13.0,2024-05-19
2124,reports,19.0,2024-12-16
2818,export,13.0,10/23/2024
2273,ai_insights,3.0,2024-08-29
2957,export,44.0,2024-11-07
4875,export,48.0,2024-06-21
195,ai_insights,49.0,2025-09-27
4683,export,32.0,2025-12-07
3781,export,49.0,2025-07-13
1080,analytics,6.0,11/11/2025
1807,export,50.0,12/02/2024
4311,reports,46.0,2025-11-24
1047,export,40.0,2025-02-01
4078,ai_insights,5.0,2025-02-05
1447,analytics,18.0,
563,export,9.0,2025-08-11
3111,analytics,35.0,24-07-2024
2844,reports,22.0,2024-02-14
4420,dashboard,,2025-11-05
2776,reports,44.0,2025-05-04
1997,analytics,47.0,01/05/2025
964,dashboard,50.0,2024-05-12
1681,dashboard,15.0,2024-06-08
4618,ai_insights,43.0,2025-01-14
4410,export,48.0,08/20/2025
1082,analytics,27.0,2025-07-21
4034,reports,1.0,07/28/2024
2430,analytics,3.0,
503,dashboard,47.0,2024-09-11
3319,analytics,25.0,2025-08-27
4037,reports,46.0,2025-11-05
1224,analytics,19.0,2024-10-20
203,analytics,11.0,2024-08-09
2092,reports,6.0,2025-06-29
90,reports,32.0,2025-02-25
1193,reports,29.0,10/27/2024
4332,export,37.0,2024-07-06
2197,reports,42.0,11/06/2024
2964,ai_insights,50.0,12/03/2024
1036,reports,14.0,25-11-2024
4454,dashboard,35.0,2024-05-28
2118,analytics,17.0,2025-03-24
336,export,22.0,2024-11-17
4016,reports,22.0,2025-01-14
1728,export,21.0,2025-07-20
4980,reports,37.0,2024-06-21
4208,reports,41.0,2025-12-15
100,dashboard,13.0,01/27/2025
4492,export,23.0,2024-10-06
129,ai_insights,32.0,12/16/2025
1741,reports,50.0,2025-10-29
4474,analytics,45.0,2024-05-20
4813,dashboard,4.0,2025-03-21
4133,ai_insights,8.0,2024-12-22
4913,export,33.0,2024-09-03
2147,export,30.0,2024-08-14
509,export,38.0,2024-11-27
3327,ai_insights,43.0,2025-06-05
2150,ai_insights,39.0,2025-10-03
4653,reports,20.0,2025-07-17
4165,export,3.0,2024-10-23
2876,analytics,9.0,2025-01-15
3644,dashboard,49.0,2025-01-23
632,export,34.0,2024-06-16
2075,dashboard,,2025-05-18
830,dashboard,6.0,06/04/2024
1282,reports,46.0,
3217,reports,36.0,
4809,dashboard,23.0,2025-02-07
4360,export,37.0,06/08/2025
2824,reports,48.0,2025-10-29
2403,analytics,43.0,2024-09-26
4458,dashboard,50.0,2024-07-08
965,dashboard,23.0,2025-06-15
1855,ai_insights,17.0,2025-09-01
4777,ai_insights,,13-07-2025
4262,export,16.0,2024-10-05
2813,reports,22.0,2025-09-29
4125,reports,47.0,2025-02-16
3052,ai_insights,5.0,2024-06-03
3594,ai_insights,7.0,2025-06-01
824,ai_insights,43.0,2025-01-01
2673,analytics,14.0,2024-12-27
1817,export,12.0,2024-03-12
1757,analytics,21.0,2025-09-02
3966,reports,28.0,2024-02-09
4140,export,40.0,2025-07-30
4327,export,5.0,2025-09-20
3647,ai_insights,46.0,2025-03-14
2182,analytics,21.0,2025-03-19
2107,export,18.0,2024-08-27
2100,export,49.0,2025-09-28
1005,analytics,48.0,2024-12-14
1252,analytics,35.0,2024-02-15
289,analytics,28.0,2025-12-11
548,ai_insights,14.0,2025-09-10
4172,analytics,45.0,2024-10-11
3851,analytics,34.0,2025-08-11
2915,reports,49.0,2024-08-15
2963,analytics,37.0,2025-08-03
1916,export,30.0,2024-02-17
1654,export,18.0,2024-09-01
1743,analytics,42.0,2024-08-07
826,analytics,17.0,2024-08-12
1356,export,28.0,2024-09-05
4112,reports,28.0,2024-04-30
1435,reports,49.0,2024-06-05
2334,analytics,25.0,2024-12-09
4058,ai_insights,5.0,26-02-2025
273,dashboard,23.0,2025-02-19
3610,analytics,34.0,2024-04-14
1942,export,14.0,2025-02-17
521,analytics,21.0,18-02-2025
1189,analytics,31.0,10/18/2024
3363,dashboard,43.0,2025-12-31
3031,analytics,8.0,08/16/2024
2575,ai_insights,46.0,2024-04-25
1762,dashboard,3.0,2024-11-22
1460,reports,5.0,2025-07-09
1729,analytics,28.0,2024-11-17
360,dashboard,46.0,2024-10-05
4638,dashboard,41.0,2025-11-13
216,export,47.0,2024-02-13
1520,export,8.0,2024-03-07
2755,reports,9.0,2025-03-26
4233,dashboard,6.0,2024-10-12
3062,reports,50.0,07/24/2024
1782,dashboard,15.0,2024-01-26
3195,reports,48.0,2024-07-19
2552,dashboard,44.0,2024-03-17
4307,export,30.0,09/05/2024
94,export,34.0,2025-03-13
2034,dashboard,1.0,2025-02-07
4160,export,49.0,2024-12-25
1775,export,3.0,2025-01-20
3811,reports,15.0,2025-09-10
1295,dashboard,20.0,2025-02-20
4407,analytics,,2025-09-24
4156,analytics,12.0,2024-03-09
1076,reports,37.0,2025-10-09
4658,reports,17.0,2024-08-03
1207,reports,4.0,2025-11-21
664,reports,21.0,30-10-2024
3410,ai_insights,3.0,2024-01-18
1486,export,44.0,2025-05-18
1902,reports,20.0,18-05-2025
1244,ai_insights,34.0,2024-05-02
3316,ai_insights,44.0,2024-09-17
3318,export,6.0,2024-09-21
2157,analytics,45.0,2024-03-15
532,analytics,1.0,2025-01-08
103,analytics,25.0,2024-12-22
2300,analytics,15.0,2024-09-17
4448,ai_insights,7.0,2025-07-01
1485,analytics,47.0,2025-12-26
263,dashboard,20.0,2025-12-29
3601,dashboard,38.0,2024-02-17
1471,ai_insights,6.0,23-08-2024
173,export,,08/10/2025
2613,ai_insights,36.0,2024-04-06
1761,dashboard,30.0,2025-06-05
3888,analytics,16.0,02-01-2024
2155,analytics,41.0,2024-03-14
3137,export,12.0,2025-01-26
3549,dashboard,13.0,07/10/2024
4925,ai_insights,4.0,2024-06-22
3106,analytics,22.0,2024-03-07
3546,export,2.0,2024-10-19
3827,export,20.0,2025-06-02
4333,export,31.0,2025-10-05
4346,dashboard,34.0,03/11/2025
3677,analytics,7.0,2025-10-23
3411,export,25.0,2024-11-06
1117,dashboard,18.0,2024-08-08
842,dashboard,2.0,2025-09-05
3572,ai_insights,37.0,02/02/2024
4893,reports,17.0,2024-12-18
3502,export,11.0,01/14/2024
1319,export,50.0,03/01/2025
4298,dashboard,,01/02/2025
2742,dashboard,17.0,2024-08-15
3398,export,21.0,2025-02-05
1420,reports,22.0,2025-02-21
1702,analytics,49.0,12/08/2025
3678,analytics,29.0,2024-07-14
3673,reports,19.0,2024-07-21
3043,dashboard,5.0,12-08-2025
4432,export,24.0,2025-07-08
3031,export,48.0,06/20/2024
3649,ai_insights,45.0,02/05/2024
383,reports,47.0,2025-12-12
1759,dashboard,25.0,2024-08-24
3090,export,37.0,2024-07-20
3328,dashboard,12.0,2024-06-28
116,dashboard,21.0,2024-03-23
2551,dashboard,38.0,2025-07-31
3278,ai_insights,48.0,2024-03-12
3311,reports,45.0,04-08-2024
1040,ai_insights,19.0,2025-07-11
3079,reports,34.0,2024-10-05
383,export,34.0,2025-09-30
3958,ai_insights,9.0,08/06/2025
717,ai_insights,21.0,2024-07-19
4235,dashboard,43.0,2025-06-06
3220,dashboard,33.0,2025-12-18
3832,export,25.0,2025-01-06
2462,export,30.0,2024-11-25
1191,dashboard,42.0,2024-02-13
114,analytics,50.0,2024-06-08
3390,reports,33.0,2025-02-13
1193,reports,37.0,11/18/2025
1996,analytics,2.0,09/07/2025
4266,analytics,19.0,07-06-2024
3535,analytics,13.0,04/08/2025
3,export,17.0,2025-07-12
3590,analytics,10.0,2024-10-20
304,ai_insights,33.0,2024-12-07
3597,ai_insights,32.0,2025-04-24
4757,reports,22.0,24-09-2024
4443,dashboard,25.0,
2485,reports,18.0,2024-11-23
281,analytics,44.0,06/13/2025
3323,ai_insights,37.0,01/04/2025
4467,export,37.0,2024-04-07
1362,reports,18.0,2025-09-10
3078,dashboard,35.0,2024-01-14
4535,analytics,12.0,2024-10-13
1090,ai_insights,34.0,2024-03-22
2771,ai_insights,37.0,2025-01-17
1050,analytics,6.0,2025-11-20
845,analytics,,2025-05-10
2328,dashboard,26.0,2024-04-19
225,export,29.0,2024-10-04
2871,analytics,31.0,01/15/2025
2274,reports,31.0,11/01/2024
2245,export,35.0,09/14/2025
918,reports,50.0,
935,reports,3.0,2025-11-17
1508,analytics,1.0,17-05-2024
880,export,28.0,2025-01-26
444,analytics,40.0,2025-11-04
1747,reports,23.0,2024-12-01
3432,analytics,2.0,2025-07-21
182,analytics,23.0,2025-12-10
1376,dashboard,42.0,06/12/2024
3424,ai_insights,22.0,2025-07-03
2261,analytics,27.0,2025-07-20
3957,reports,,2025-05-28
1765,dashboard,15.0,2024-04-15
3308,analytics,3.0,06/28/2024
825,dashboard,22.0,2025-03-17
4931,reports,22.0,2024-08-25
3344,export,34.0,2024-07-28
4540,reports,31.0,2024-09-15
4155,ai_insights,31.0,
3726,ai_insights,19.0,2025-04-28
2175,dashboard,18.0,2025-12-05
2971,analytics,1.0,2024-01-26
3544,dashboard,43.0,2025-03-16
4897,export,35.0,2024-01-19
4634,dashboard,25.0,2025-12-19
4123,export,44.0,2024-02-19
4201,dashboard,35.0,2024-03-27
2378,analytics,13.0,2025-09-12
3181,export,10.0,2024-05-07
2390,analytics,5.0,2024-11-02
1318,dashboard,42.0,2025-12-09
362,ai_insights,,2025-05-27
3595,dashboard,32.0,2025-09-04
1243,export,14.0,2025-12-16
104,analytics,7.0,2025-12-05
4833,export,43.0,03-02-2024
383,dashboard,50.0,2024-03-06
2766,dashboard,4.0,2025-10-28
2190,dashboard,12.0,2024-12-18
1748,ai_insights,16.0,2025-09-05
3013,reports,47.0,2025-07-16
3110,dashboard,43.0,2024-08-28
3835,export,29.0,2024-09-10
2873,ai_insights,43.0,2024-11-17
1826,dashboard,14.0,12-10-2024
4207,dashboard,23.0,2025-09-23
903,ai_insights,21.0,2024-02-10
4986,ai_insights,19.0,2024-12-22
2227,analytics,29.0,2025-05-27
1475,ai_insights,24.0,2025-07-17
3198,dashboard,11.0,2024-12-23
834,export,44.0,2024-03-08
2751,dashboard,16.0,2024-07-05
1791,ai_insights,14.0,02/22/2024
4749,ai_insights,34.0,12/03/2025
3472,ai_insights,45.0,2024-02-09
2843,ai_insights,20.0,
4265,reports,7.0,2024-07-26
4903,dashboard,47.0,2025-03-11
887,analytics,4.0,2025-09-04
493,ai_insights,41.0,2024-01-06
3741,ai_insights,44.0,2025-06-10
2238,export,45.0,2025-06-24
917,analytics,2.0,2025-10-29
2573,export,32.0,2024-09-20
729,ai_insights,19.0,2024-07-07
3831,analytics,28.0,2025-10-03
3962,dashboard,41.0,2025-04-06
552,ai_insights,18.0,2024-06-10
1661,export,9.0,12/21/2025
646,export,41.0,2025-06-28
4085,analytics,49.0,2025-01-01
4058,analytics,44.0,03/08/2025
3477,analytics,27.0,2024-10-23
12,dashboard,39.0,2024-12-28
710,ai_insights,6.0,2025-08-19
288,dashboard,39.0,12/06/2024
923,reports,41.0,2025-09-23
4063,ai_insights,16.0,2024-04-12
4702,analytics,25.0,2024-08-27
2911,analytics,4.0,2024-05-19
3614,analytics,46.0,2024-11-13
1313,reports,17.0,2024-09-12
2765,dashboard,31.0,2025-11-22
2549,dashboard,37.0,2024-09-01
1275,export,18.0,2025-05-09
1473,reports,42.0,2025-07-30
1817,dashboard,,2025-05-05
894,ai_insights,32.0,2025-04-30
9,analytics,35.0,12/29/2024
3043,ai_insights,2.0,2025-12-08
1484,dashboard,20.0,2025-02-23
2547,ai_insights,36.0,12-12-2025
941,reports,19.0,2025-05-14
4988,ai_insights,17.0,2025-08-21
653,export,12.0,2025-03-20
1922,analytics,29.0,19-09-2025
1123,reports,38.0,2025-12-03
4738,ai_insights,6.0,2024-05-26
4543,reports,23.0,2024-12-21
1704,export,45.0,2025-05-09
3538,export,2.0,2024-08-06
994,export,13.0,2025-02-01
1840,dashboard,6.0,07/31/2025
4464,dashboard,21.0,2025-09-25
1739,dashboard,11.0,02-08-2024
2974,export,33.0,12-04-2025
2433,analytics,13.0,11-06-2025
3726,ai_insights,4.0,2024-04-25
4446,dashboard,19.0,2024-07-28
1514,analytics,41.0,2025-10-15
2081,export,1.0,2024-05-10
2120,dashboard,4.0,2024-01-23
4413,dashboard,5.0,2024-09-28
1328,reports,9.0,19-03-2024
2820,ai_insights,9.0,07/18/2024
372,analytics,4.0,04/09/2024
488,ai_insights,33.0,2025-12-29
651,reports,26.0,2025-02-25
5000,ai_insights,16.0,01/31/2024
2092,reports,33.0,2024-09-21
1375,ai_insights,30.0,
3681,ai_insights,5.0,2024-08-01
993,ai_insights,22.0,2024-11-25
4201,export,37.0,2025-08-25
4167,reports,17.0,2024-12-11
4117,analytics,21.0,2024-12-04
159,ai_insights,28.0,11/17/2024
1592,ai_insights,32.0,07/21/2024
4042,reports,33.0,2024-11-28
4494,dashboard,14.0,2025-04-22
4452,export,24.0,2024-08-10
2141,reports,5.0,2025-04-08
4915,ai_insights,48.0,2024-03-12
4499,ai_insights,37.0,2024-04-19
4483,reports,50.0,2025-11-05
253,reports,34.0,2025-04-08
1636,analytics,4.0,2024-01-05
1828,ai_insights,14.0,2024-04-19
1707,reports,6.0,12/07/2025
2486,reports,32.0,2024-06-24
3231,ai_insights,37.0,2025-06-22
260,ai_insights,19.0,
2714,dashboard,16.0,2025-12-23
4230,ai_insights,50.0,2024-02-09
2439,export,21.0,2025-11-07
2696,dashboard,19.0,2024-02-12
4518,ai_insights,49.0,2024-08-03
3312,dashboard,37.0,2025-04-20
3377,reports,37.0,07/30/2025
1822,analytics,33.0,2024-01-24
2686,analytics,8.0,2024-09-16
1047,export,23.0,
1950,dashboard,34.0,2025-09-18
2005,export,32.0,2024-01-07
3555,analytics,17.0,2024-06-23
557,reports,35.0,2024-06-04
1517,reports,2.0,2024-11-13
3995,export,9.0,2024-01-10
4038,dashboard,12.0,2025-07-16
1452,export,5.0,2024-12-12
1560,ai_insights,26.0,2025-09-18
3594,ai_insights,21.0,2024-03-20
1205,export,21.0,2025-02-13
4974,reports,,2025-07-20
2765,reports,7.0,2024-04-24
1635,reports,41.0,2025-11-02
1949,ai_insights,48.0,22-03-2024
3870,analytics,,2024-04-17
408,analytics,50.0,03/07/2024
3573,export,41.0,2024-06-09
3341,dashboard,23.0,2025-09-21
122,export,9.0,2025-09-24
2816,analytics,39.0,
81,reports,1.0,02/15/2024
1466,reports,49.0,2025-12-12
787,export,12.0,2025-05-04
2041,ai_insights,49.0,2025-08-18
3811,ai_insights,38.0,2025-08-05
4457,export,13.0,2024-12-04
1962,dashboard,28.0,2025-04-07
1983,dashboard,,2024-08-22
2979,ai_insights,13.0,2024-07-01
2214,reports,17.0,2024-01-25
613,export,25.0,2024-09-24
3060,reports,10.0,2024-09-04
633,dashboard,7.0,2025-01-24
1271,ai_insights,34.0,06/11/2024
4794,export,49.0,01-10-2024
1634,export,31.0,2025-02-15
2562,analytics,50.0,04/19/2025
427,analytics,49.0,2024-02-17
332,dashboard,36.0,2025-07-24
630,ai_insights,42.0,30-12-2024
4656,analytics,35.0,2025-07-06
1106,analytics,47.0,2025-11-07
1151,ai_insights,6.0,2025-07-31
1042,analytics,18.0,2024-11-04
2919,ai_insights,14.0,2025-05-26
4967,analytics,32.0,2025-06-20
3211,reports,40.0,
4133,dashboard,43.0,2024-08-13
3214,dashboard,47.0,2025-04-23
624,analytics,45.0,
1112,dashboard,31.0,2025-11-16
2483,analytics,18.0,2025-08-29
666,ai_insights,15.0,2025-09-29
3475,export,37.0,2025-02-27
568,dashboard,33.0,2025-10-09
504,ai_insights,13.0,2025-05-20
4885,reports,35.0,02/14/2025
2928,reports,41.0,12/24/2024
1762,analytics,16.0,07/21/2024
3115,ai_insights,42.0,02/20/2024
4658,dashboard,24.0,2025-03-16
4828,reports,37.0,2025-11-16
529,reports,7.0,2024-12-23
3985,dashboard,25.0,2025-09-13
1666,dashboard,21.0,2024-07-31
1972,analytics,24.0,2024-09-05
2977,reports,,08/05/2025
161,ai_insights,32.0,2024-05-29
2705,dashboard,20.0,2024-05-24
680,export,39.0,07-06-2024
661,reports,2.0,2024-03-23
3668,analytics,22.0,2024-04-17
1965,analytics,19.0,2025-09-07
3312,ai_insights,50.0,2024-12-04
3357,reports,46.0,2024-01-24
1453,ai_insights,13.0,2025-12-28
397,ai_insights,43.0,2024-05-26
2548,ai_insights,32.0,2025-08-17
2391,analytics,27.0,2025-03-15
752,ai_insights,27.0,2024-08-12
931,ai_insights,30.0,2024-06-13
257,analytics,18.0,23-04-2025
3386,dashboard,25.0,2024-10-27
4027,reports,36.0,2025-11-28
680,reports,27.0,2025-12-12
2843,analytics,16.0,2024-09-08
3760,analytics,,2024-02-24
4299,reports,30.0,2025-05-21
2149,export,39.0,2025-12-09
1883,export,31.0,
692,dashboard,39.0,11/24/2024
3752,reports,2.0,2024-08-05
2094,ai_insights,27.0,
100,dashboard,5.0,09/12/2024
3950,analytics,40.0,2024-05-16
928,export,2.0,2025-05-29
2461,export,9.0,2024-10-11
4959,analytics,2.0,2025-09-04
3357,export,50.0,2025-04-27
669,export,32.0,07/02/2025
3604,reports,2.0,2025-02-24
956,dashboard,,2024-04-08
415,export,17.0,02/24/2024
3045,export,2.0,2025-05-25
236,reports,6.0,2025-08-04
3099,ai_insights,25.0,09/15/2025
2010,ai_insights,12.0,2025-04-25
2400,export,40.0,2024-03-13
472,ai_insights,,2024-07-08
3822,export,16.0,06/28/2024
3838,ai_insights,10.0,
768,dashboard,30.0,2024-11-17
2624,export,38.0,2025-07-16
4548,dashboard,43.0,2024-09-04
91,dashboard,22.0,2024-03-14
696,dashboard,18.0,
392,analytics,40.0,06/03/2025
663,dashboard,34.0,05/13/2025
4011,reports,46.0,2025-03-28
1709,export,44.0,2024-07-07
1421,ai_insights,48.0,2025-03-03
3844,analytics,7.0,2025-02-15
1222,analytics,19.0,2024-10-04
2814,reports,1.0,2024-01-23
4186,dashboard,30.0,2025-08-19
2290,ai_insights,11.0,2025-05-09
348,ai_insights,28.0,2025-09-24
4496,reports,33.0,2024-12-31
4118,ai_insights,23.0,2024-05-22
695,reports,13.0,2024-05-07
510,ai_insights,43.0,2024-07-28
868,dashboard,7.0,2024-07-19
4190,dashboard,3.0,2024-11-22
2572,ai_insights,2.0,01/06/2024
265,analytics,46.0,12-06-2024
3380,ai_insights,43.0,2024-04-07
3033,ai_insights,18.0,
3845,dashboard,,2024-11-22
1842,ai_insights,36.0,2024-05-26
823,analytics,3.0,2025-08-12
2104,export,38.0,2024-07-28
39,analytics,7.0,08/06/2024
4121,analytics,8.0,11/12/2024
4564,ai_insights,36.0,2025-12-22
189,analytics,19.0,2024-03-19
4073,analytics,6.0,2024-01-16
1873,dashboard,12.0,2025-09-28
4762,dashboard,2.0,2024-04-29
3905,reports,5.0,2024-06-11
351,export,48.0,
1373,dashboard,13.0,2024-05-12
3953,export,28.0,2025-07-22
1972,dashboard,26.0,2024-06-27
2971,analytics,30.0,2024-10-14
4507,ai_insights,,2024-03-21
2438,export,1.0,2024-03-28
4002,reports,45.0,
4454,dashboard,38.0,2025-01-08
3366,analytics,42.0,2024-08-22
1168,dashboard,24.0,2024-05-22
3635,export,25.0,2025-03-31
3987,export,30.0,04/21/2025
239,analytics,32.0,2024-03-14
3886,ai_insights,28.0,2025-07-17
4600,reports,16.0,2024-04-15
2772,ai_insights,10.0,2025-12-12
2284,ai_insights,,
3149,reports,10.0,2025-02-26
17,dashboard,26.0,2024-10-23
3190,ai_insights,6.0,2025-08-04
432,dashboard,9.0,09/30/2024
535,analytics,18.0,2025-01-04
4059,reports,39.0,06/12/2025
2865,export,46.0,2024-02-01
4925,analytics,45.0,2025-11-29
1496,dashboard,26.0,2025-04-01
2018,export,34.0,07-03-2025
2834,dashboard,14.0,2025-12-11
2076,analytics,22.0,2024-10-15
3803,export,17.0,2024-02-10
1034,export,17.0,2025-02-14
2770,export,37.0,2025-02-06
4947,dashboard,14.0,01/15/2025
3466,dashboard,41.0,2025-10-29
4541,export,49.0,2025-08-04
870,export,3.0,2024-09-06
638,reports,18.0,2025-07-04
3268,reports,42.0,2024-02-19
4553,analytics,24.0,2024-12-08
100,reports,19.0,2025-06-16
3242,export,45.0,2024-10-02
2979,reports,6.0,2024-06-09
795,export,,12/08/2025
2099,ai_insights,21.0,2024-02-28
2709,ai_insights,35.0,2025-08-12
2354,analytics,25.0,2025-03-21
4861,dashboard,,2024-12-07
4281,ai_insights,34.0,2025-08-30
4430,export,17.0,2025-12-31
1885,reports,8.0,2025-10-20
1896,analytics,45.0,2025-11-16
1348,analytics,37.0,2025-03-13
1663,dashboard,17.0,09/20/2024
1563,export,49.0,
4124,export,27.0,2025-03-15
1900,dashboard,,2025-03-06
2363,reports,1.0,2025-10-22
2338,analytics,43.0,2025-09-07
1470,dashboard,11.0,03/28/2025
4137,dashboard,3.0,2025-06-15
2478,reports,23.0,07/27/2024
1353,reports,8.0,2024-03-04
2980,export,47.0,2024-07-22
4534,dashboard,26.0,2025-08-21
4907,dashboard,34.0,2025-10-09
4861,ai_insights,25.0,2025-06-13
1322,dashboard,1.0,08/23/2024
2089,export,45.0,2024-07-07
3558,dashboard,30.0,2025-12-03
3908,dashboard,39.0,2024-07-26
1974,reports,8.0,2025-12-06
3531,export,13.0,2024-04-30
912,analytics,19.0,2024-10-08
2150,dashboard,10.0,2025-04-22
2962,ai_insights,21.0,2025-10-13
3634,export,24.0,2024-03-13
1232,ai_insights,12.0,2025-04-17
1409,ai_insights,,2025-07-09
2948,dashboard,19.0,2025-01-13
1961,analytics,32.0,2025-10-06
4251,dashboard,13.0,07/07/2025
2994,export,43.0,2025-05-10
3269,reports,46.0,2025-07-26
645,ai_insights,38.0,2024-01-22
3753,dashboard,29.0,2024-01-21
235,ai_insights,41.0,2024-09-05
922,reports,23.0,2025-02-12
1163,dashboard,20.0,06/26/2025
3995,export,2.0,2025-12-18
447,analytics,3.0,07/02/2024
3758,dashboard,34.0,2025-02-09
1056,analytics,4.0,2024-07-25
810,reports,25.0,2024-10-01
3146,reports,15.0,2025-05-10
810,analytics,13.0,2025-04-24
2348,export,19.0,2025-02-28
1657,analytics,37.0,2024-12-04
3854,export,24.0,2025-03-05
565,export,11.0,
2949,export,38.0,2024-02-15
4950,ai_insights,28.0,2024-09-24
170,export,28.0,2025-07-30
2222,reports,36.0,03/06/2025
2592,analytics,24.0,2024-02-13
4257,dashboard,25.0,2025-05-12
404,reports,37.0,2025-06-02
383,ai_insights,30.0,2025-10-30
1139,export,37.0,2025-10-17
4859,reports,39.0,2025-10-17
3381,analytics,3.0,15-04-2025
59,dashboard,33.0,2025-06-05
1959,export,12.0,2025-04-17
3642,export,28.0,2024-12-30
4293,reports,15.0,2025-10-29
4575,dashboard,10.0,2025-09-09
1625,reports,13.0,05/20/2025
3683,analytics,22.0,2025-09-21
1846,export,5.0,2024-11-21
3185,analytics,48.0,2024-09-29
766,reports,34.0,02/15/2025
495,ai_insights,39.0,2024-02-08
1896,export,42.0,2024-01-28
1351,ai_insights,26.0,
3455,dashboard,36.0,2024-10-24
1662,dashboard,,2024-10-22
4677,reports,,2025-04-06
3013,export,31.0,07/04/2024
2217,reports,25.0,2025-01-14
3456,analytics,50.0,2025-07-19
2245,analytics,8.0,2025-07-04
3140,export,12.0,2024-05-21
2985,export,48.0,2024-01-05
4776,reports,24.0,2024-08-17
3689,analytics,27.0,02/18/2025
347,reports,43.0,07/26/2025
2009,export,21.0,2024-08-21
2730,export,19.0,2025-10-11
3055,export,48.0,2024-03-25
1581,reports,31.0,2024-09-23
1183,ai_insights,42.0,2025-02-20
4558,dashboard,36.0,08/24/2024
4093,reports,8.0,2024-11-01
826,reports,17.0,2025-07-05
936,analytics,13.0,2024-10-30
1588,export,21.0,08/14/2025
283,export,43.0,2025-04-29
2149,reports,46.0,2025-08-05
3195,reports,31.0,09/01/2025
2972,ai_insights,39.0,23-06-2024
676,export,39.0,
3684,reports,,25-10-2025
2586,ai_insights,22.0,2024-09-09
165,export,19.0,2024-12-28
3952,ai_insights,48.0,2024-01-17
34,analytics,37.0,02/15/2024
3642,export,36.0,2025-08-07
772,analytics,38.0,2024-05-21
2916,export,29.0,2024-05-30
3141,dashboard,23.0,2025-01-20
4465,ai_insights,41.0,2024-07-25
2830,analytics,26.0,05/03/2024
4235,ai_insights,45.0,12/10/2025
3472,reports,24.0,2025-05-13
4572,dashboard,1.0,2024-11-26
2889,dashboard,15.0,2024-10-30
4631,reports,35.0,08/23/2024
2177,dashboard,11.0,
745,analytics,5.0,2025-07-01
1465,dashboard,18.0,2024-03-08
2555,dashboard,12.0,07/19/2024
1980,ai_insights,13.0,2025-03-16
1348,reports,30.0,
901,analytics,,2025-10-28
4339,dashboard,18.0,05/17/2024
132,ai_insights,37.0,2024-04-08
133,dashboard,40.0,2025-07-27
4641,reports,10.0,2024-01-08
1697,reports,34.0,18-09-2025
123,analytics,39.0,2024-08-10
923,analytics,31.0,2024-05-19
4563,dashboard,41.0,06/29/2025
986,dashboard,44.0,2024-05-06
3852,reports,5.0,09/28/2024
2325,dashboard,20.0,2025-02-22
1039,export,1.0,2025-12-04
220,analytics,29.0,2025-03-27
304,ai_insights,37.0,05/12/2024
3991,reports,29.0,2025-05-12
4503,dashboard,43.0,2024-07-19
571,reports,50.0,2025-06-11
4022,reports,1.0,04/27/2024
4487,reports,6.0,2024-03-31
360,analytics,10.0,2025-11-09
3489,export,46.0,2024-06-06
3730,export,,2024-09-24
2698,export,14.0,2025-01-15
4540,dashboard,45.0,2025-04-29
2125,dashboard,23.0,2025-12-23
3934,analytics,20.0,2024-05-25
3254,dashboard,46.0,2024-10-29
4886,export,33.0,2025-05-02
1187,dashboard,18.0,2025-07-19
2480,export,34.0,2025-12-13
2399,reports,35.0,2024-06-16
814,export,31.0,07/31/2024
2245,dashboard,7.0,2025-01-25
882,dashboard,2.0,2025-04-01
1736,ai_insights,20.0,2024-10-26
3380,ai_insights,8.0,03/11/2025
3627,reports,12.0,2024-07-17
1767,dashboard,5.0,2024-11-02
1083,dashboard,23.0,12/15/2024
1519,analytics,21.0,2024-09-21
4836,dashboard,47.0,2025-09-20
1057,reports,23.0,2025-01-06
833,ai_insights,31.0,2024-08-17
4825,reports,46.0,10/13/2024
2404,reports,49.0,2024-12-22
473,reports,2.0,2025-11-01
141,analytics,48.0,
3552,ai_insights,3.0,2024-05-24
616,export,36.0,11/25/2024
823,dashboard,31.0,2024-11-15
692,reports,46.0,2024-02-04
288,dashboard,3.0,10/21/2024
1152,reports,35.0,2025-01-19
1233,analytics,47.0,2024-06-23
1626,dashboard,18.0,2025-03-30
2956,analytics,15.0,08/03/2025
3834,ai_insights,50.0,2025-03-10
760,export,13.0,2024-02-07
1659,dashboard,16.0,2025-02-10
2990,analytics,11.0,2025-09-01
2040,ai_insights,11.0,2025-04-22
3241,export,22.0,2024-08-22
2239,analytics,3.0,2024-11-21
4697,dashboard,6.0,2024-09-01
3494,export,10.0,2024-01-25
2324,export,32.0,2024-10-06
4314,analytics,7.0,2024-06-07
4603,reports,50.0,2024-12-17
1903,dashboard,1.0,2024-04-28
2617,export,46.0,2024-03-08
2748,export,28.0,2024-12-26
3765,ai_insights,14.0,2025-01-29
1153,reports,8.0,2025-06-26
3364,export,50.0,
3168,analytics,14.0,2024-09-21
3467,export,,2024-07-09
423,analytics,7.0,2024-01-06
1153,ai_insights,,2025-08-26
3155,reports,14.0,
1275,reports,15.0,2024-04-02
3765,analytics,34.0,2024-11-21
4952,reports,38.0,
2683,ai_insights,47.0,2025-01-19
3191,ai_insights,4.0,2025-05-15
3767,export,20.0,02/17/2025
1257,dashboard,28.0,2024-01-26
3479,analytics,18.0,2025-12-22
3566,analytics,6.0,2025-11-22
2455,analytics,3.0,2025-01-13
3116,dashboard,36.0,2025-05-10
4368,analytics,,2025-01-13
3677,dashboard,34.0,2024-05-02
2721,analytics,50.0,09/01/2024
2655,export,47.0,2024-11-04
2470,analytics,34.0,2024-06-30
4388,dashboard,33.0,2024-08-30
3201,ai_insights,16.0,09/17/2025
1626,analytics,7.0,2025-08-01
937,export,9.0,08/23/2025
1555,analytics,39.0,2025-04-06
718,analytics,29.0,2024-08-27
426,analytics,20.0,2025-04-04
4523,export,29.0,2025-06-01
4262,export,,2025-08-20
1191,analytics,48.0,2025-04-20
3265,export,19.0,2025-06-22
1057,reports,44.0,2025-01-13
3046,analytics,25.0,11/28/2024
14,export,46.0,2025-11-12
360,reports,21.0,2024-03-18
2247,ai_insights,2.0,2025-12-02
3993,dashboard,18.0,2024-05-29
3672,ai_insights,50.0,2025-03-07
1838,dashboard,16.0,2024-07-26
3272,reports,45.0,2025-09-24
3838,reports,11.0,08/04/2025
4634,ai_insights,5.0,12/30/2024
1590,dashboard,24.0,2024-10-07
4521,export,29.0,2024-03-29
4517,dashboard,49.0,2024-02-27
4275,ai_insights,,2025-05-04
4098,reports,6.0,
1962,analytics,36.0,2024-07-21
2982,analytics,16.0,19-10-2024
781,export,31.0,2024-10-11
4596,export,8.0,2024-04-30
2256,reports,15.0,2025-01-20
2848,reports,47.0,2025-12-06
3941,ai_insights,35.0,2024-05-10
1551,dashboard,2.0,2025-09-02
4290,dashboard,29.0,2025-01-20
4626,analytics,15.0,
1376,ai_insights,28.0,01/21/2024
4630,export,12.0,2024-05-28
2007,dashboard,39.0,2024-08-22
3351,analytics,15.0,2024-05-29
1189,export,24.0,2025-05-21
3508,ai_insights,46.0,2024-03-10
2214,reports,45.0,2024-04-29
4754,reports,12.0,2024-06-20
4615,reports,,13-07-2024
1453,export,29.0,2025-04-27
1249,dashboard,,2024-05-18
1849,analytics,23.0,2025-05-05
4113,analytics,35.0,
1514,export,42.0,11/24/2025
3057,ai_insights,46.0,07/19/2024
818,reports,11.0,2025-04-28
3225,ai_insights,19.0,2025-02-04
1888,reports,39.0,2025-08-30
4181,dashboard,16.0,2025-08-28
2407,analytics,8.0,2025-02-15
174,dashboard,37.0,2024-05-19
124,export,31.0,2024-11-20
4104,export,12.0,2024-11-30
366,reports,23.0,2024-12-29
1362,reports,42.0,2025-03-07
3406,ai_insights,8.0,2025-02-23
1871,dashboard,17.0,09/23/2024
1553,ai_insights,20.0,2024-01-05
3271,analytics,45.0,2024-10-30
743,dashboard,33.0,2025-05-11
840,export,19.0,2025-10-07
114,export,37.0,2025-01-25
3131,export,36.0,2025-09-26
925,reports,8.0,2024-05-21
3109,reports,49.0,2025-04-14
928,dashboard,35.0,2025-07-02
3775,analytics,23.0,
569,dashboard,45.0,2024-12-26
1970,reports,1.0,2025-12-02
490,ai_insights,3.0,2025-06-06
2320,ai_insights,25.0,2024-06-26
1118,ai_insights,6.0,2024-11-11
2804,dashboard,18.0,09/10/2024
2959,analytics,45.0,02/03/2025
3799,ai_insights,41.0,06-04-2024
1767,dashboard,11.0,2025-11-20
2208,ai_insights,47.0,2024-10-17
524,dashboard,38.0,2025-09-20
2017,analytics,34.0,2024-07-29
2209,dashboard,13.0,2025-11-02
3221,reports,1.0,2024-10-17
1033,ai_insights,28.0,
3818,reports,32.0,2024-07-28
2828,ai_insights,18.0,10-08-2024
3945,reports,29.0,2025-01-20
502,reports,22.0,09-05-2024
2337,ai_insights,11.0,2025-07-28
3692,ai_insights,36.0,2024-03-08
1270,dashboard,5.0,2025-12-12
859,analytics,12.0,02/27/2025
4984,reports,8.0,2024-02-04
836,ai_insights,42.0,11/28/2024
1244,export,9.0,2025-08-29
2181,dashboard,32.0,2025-09-17
4064,dashboard,40.0,2025-02-20
3805,export,37.0,10/15/2024
2752,analytics,16.0,2024-06-29
2114,reports,26.0,09/07/2025
2937,dashboard,50.0,2025-04-03
2445,ai_insights,43.0,02/15/2025
4257,export,26.0,2025-10-14
4217,dashboard,18.0,2024-11-27
839,export,12.0,2024-05-18
4128,ai_insights,35.0,2025-03-16
4747,export,,09/12/2024
2327,export,28.0,2024-12-06
4371,analytics,13.0,2024-03-07
1866,dashboard,4.0,2025-03-27
2373,dashboard,9.0,2024-11-24
498,reports,25.0,2024-10-06
2321,analytics,36.0,2025-05-16
2262,export,11.0,2024-11-17
1497,reports,24.0,2025-05-22
2925,analytics,47.0,2024-05-28
4752,dashboard,,2024-02-29
2849,analytics,15.0,2024-01-17
4475,reports,12.0,2025-12-09
1929,reports,3.0,2025-08-29
3825,reports,18.0,
3229,ai_insights,21.0,2025-10-01
4871,reports,43.0,2024-04-17
3600,export,5.0,02/15/2025
313,export,4.0,2025-02-01
4324,ai_insights,6.0,2025-06-01
3726,reports,,2025-04-29
1002,ai_insights,,02/18/2024
1561,reports,9.0,10/17/2025
1139,reports,27.0,2024-02-17
4207,analytics,21.0,2025-04-22
1064,ai_insights,31.0,2025-01-31
3603,analytics,45.0,2024-04-13
981,reports,,11/21/2024
2407,dashboard,39.0,2025-09-24
4592,analytics,27.0,05/13/2025
4735,export,34.0,2024-07-14
793,reports,40.0,2025-05-22
765,reports,2.0,2024-06-25
3659,ai_insights,18.0,2024-09-27
2412,reports,49.0,
2350,reports,4.0,2024-05-23
317,reports,37.0,2025-06-28
2688,ai_insights,2.0,2025-05-29
1052,reports,22.0,2024-11-02
590,analytics,42.0,2024-06-24
2500,dashboard,13.0,2025-04-12
4767,dashboard,41.0,03/05/2025
1707,reports,48.0,2025-08-12
1188,reports,34.0,2024-09-02
578,dashboard,2.0,03/24/2024
3838,reports,32.0,2025-02-27
95,dashboard,28.0,2024-12-03
2152,dashboard,15.0,2024-05-07
676,export,15.0,2024-10-10
977,export,41.0,2025-03-01
2962,reports,4.0,2025-12-09
4516,analytics,3.0,01-04-2025
2843,dashboard,35.0,12-01-2024
4265,dashboard,7.0,2025-04-21
4784,ai_insights,15.0,2024-05-14
1639,ai_insights,43.0,2025-11-21
3681,ai_insights,34.0,2024-03-02
3572,analytics,25.0,2024-05-24
862,analytics,28.0,2025-04-01
3433,reports,38.0,2025-03-30
7,dashboard,23.0,06/04/2025
1271,export,25.0,2024-06-17
1798,dashboard,7.0,2024-02-27
4735,reports,16.0,2025-08-21
59,analytics,28.0,2024-05-14
3922,export,9.0,2025-08-02
2295,dashboard,46.0,2025-04-09
2975,ai_insights,29.0,2025-05-15
2388,ai_insights,22.0,2025-04-10
3931,dashboard,50.0,2025-11-19
2325,reports,37.0,2024-08-08
3073,ai_insights,11.0,2024-05-28
2823,analytics,42.0,06/03/2025
3529,dashboard,24.0,2025-04-19
4715,reports,14.0,08/14/2025
224,analytics,19.0,2024-04-06
3788,analytics,30.0,2025-06-27
681,ai_insights,12.0,2025-04-11
788,reports,11.0,2025-06-16
4529,dashboard,49.0,2025-06-07
3305,dashboard,4.0,2024-03-29
1196,export,43.0,2024-11-13
1783,export,48.0,2025-02-26
4543,export,4.0,2024-05-22
1629,reports,,2025-08-27
2675,dashboard,14.0,2025-10-03
4684,reports,15.0,2025-04-15
4479,reports,43.0,
4777,dashboard,7.0,2025-02-15
3632,analytics,22.0,2024-08-06
4821,reports,49.0,2024-09-23
4728,reports,38.0,2024-05-01
789,reports,38.0,2025-05-17
3432,export,11.0,2024-03-29
1543,analytics,25.0,2025-04-30
1199,ai_insights,48.0,2025-02-02
3073,dashboard,2.0,2024-06-12
4077,reports,15.0,01/06/2025
4163,reports,35.0,2024-06-07
2386,dashboard,30.0,2024-09-08
261,dashboard,45.0,2024-11-04
3738,dashboard,25.0,10/12/2024
916,analytics,23.0,2025-04-29
2567,export,12.0,2025-06-13
689,dashboard,12.0,2025-10-06
2860,export,10.0,2024-03-26
1647,export,35.0,2025-03-06
1119,reports,18.0,15-08-2024
1688,ai_insights,40.0,2025-06-24
3033,reports,,2024-11-08
4603,analytics,50.0,2025-05-21
1074,dashboard,28.0,2025-09-05
3991,ai_insights,5.0,2024-12-24
1443,analytics,26.0,2024-11-01
1579,analytics,33.0,2025-01-09
2174,dashboard,16.0,2025-09-23
818,analytics,47.0,2024-10-18
4935,ai_insights,6.0,2024-01-07
664,dashboard,33.0,2025-02-07
4190,analytics,33.0,2025-10-02
1032,export,7.0,2024-07-10
3559,ai_insights,19.0,2024-02-15
609,reports,17.0,2025-05-21
579,reports,13.0,2024-12-27
1683,dashboard,44.0,2025-08-01
4829,reports,47.0,09/09/2025
3746,reports,48.0,2024-04-02
812,analytics,14.0,01-07-2024
1287,analytics,44.0,2024-06-30
4478,dashboard,48.0,04-07-2025
4539,dashboard,27.0,12/01/2024
3516,analytics,47.0,
1848,ai_insights,5.0,2025-02-09
3134,analytics,30.0,2024-06-27
2943,ai_insights,38.0,2025-08-07
4527,dashboard,9.0,2024-12-11
382,reports,,2025-08-23
2557,ai_insights,17.0,2025-11-09
1148,dashboard,,2024-09-22
3819,ai_insights,18.0,2024-02-08
1028,export,48.0,09/28/2024
199,reports,31.0,2025-01-21
617,export,11.0,29-02-2024
456,analytics,2.0,2025-04-20
30,export,12.0,2025-11-16
1766,dashboard,27.0,2024-10-20
1451,reports,13.0,09/18/2025
4364,ai_insights,42.0,2025-08-13
4557,reports,24.0,06/12/2025
2286,analytics,,2024-12-08
151,analytics,48.0,
697,dashboard,39.0,03-01-2025
2900,analytics,18.0,04-08-2024
345,ai_insights,25.0,15-10-2024
4460,reports,3.0,2024-06-04
519,ai_insights,40.0,2025-06-07
3761,analytics,37.0,2025-08-10
3579,dashboard,10.0,2024-01-17
2489,dashboard,,01/08/2024
3704,reports,22.0,2025-07-25
519,dashboard,49.0,
915,reports,26.0,2024-11-10
4354,dashboard,47.0,2025-02-05
1264,export,3.0,2024-02-18
2316,reports,22.0,03/06/2025
2078,export,22.0,2024-06-20
1928,dashboard,40.0,2024-10-02
3844,reports,5.0,2024-11-12
2120,export,6.0,2024-07-08
2989,analytics,49.0,05/20/2025
3385,dashboard,5.0,2024-06-10
3384,reports,32.0,2024-12-26
475,reports,36.0,2024-01-15
3117,export,15.0,2025-10-30
71,export,33.0,06/02/2024
1917,export,28.0,2025-05-31
4141,dashboard,8.0,2025-12-03
934,dashboard,7.0,2024-04-02
1710,reports,18.0,2024-02-28
1411,dashboard,19.0,2025-01-09
1515,analytics,38.0,05-12-2025
365,export,17.0,2024-05-19
3460,analytics,25.0,2025-11-02
4694,reports,1.0,2024-04-26
168,reports,18.0,2024-07-16
796,export,18.0,21-06-2024
872,reports,39.0,09/01/2025
3327,analytics,3.0,2025-02-02
650,reports,23.0,2025-12-02
2771,reports,42.0,2025-06-24
831,dashboard,47.0,
4334,reports,42.0,03/31/2024
2375,ai_insights,26.0,2024-08-25
250,export,47.0,2025-02-26
199,analytics,50.0,2024-05-17
4720,reports,50.0,2024-10-06
1722,export,,11/26/2025
751,dashboard,31.0,2024-10-02
2181,analytics,17.0,2024-04-12
3624,export,22.0,2025-12-11
2516,ai_insights,39.0,2024-05-27
2989,reports,11.0,2024-01-02
661,dashboard,43.0,26-02-2025
451,export,14.0,06/02/2025
3847,reports,2.0,07/16/2024
3193,analytics,25.0,2025-11-09
221,export,19.0,2025-09-05
4954,export,21.0,02/02/2025
4035,analytics,26.0,2024-09-28
4724,export,28.0,2024-01-02
4123,reports,10.0,2024-05-29
598,dashboard,20.0,01/04/2025
2524,reports,36.0,21-09-2024
2746,reports,30.0,2025-04-03
2131,dashboard,32.0,2024-06-08
239,reports,40.0,2024-06-11
828,reports,28.0,2025-10-22
2368,analytics,36.0,03/25/2025
118,dashboard,11.0,2024-03-11
4730,analytics,4.0,05/25/2025
2666,export,9.0,2025-02-21
2958,analytics,19.0,2024-08-11
958,analytics,7.0,
287,reports,20.0,2025-02-01
1082,dashboard,25.0,2024-08-04
448,reports,1.0,2024-11-24
1947,reports,39.0,2024-07-24
2303,ai_insights,35.0,01/22/2025
3556,export,35.0,2025-04-26
1862,ai_insights,14.0,2024-08-31
2279,export,15.0,2025-12-04
1888,ai_insights,15.0,2025-08-13
2787,export,5.0,01/09/2024
1245,ai_insights,26.0,2025-04-02
840,dashboard,31.0,2025-03-24
3330,export,6.0,28-05-2024
812,export,43.0,2025-05-18
3663,ai_insights,19.0,09/23/2025
3507,ai_insights,12.0,07/17/2024
2056,export,19.0,2025-10-11
2032,analytics,31.0,2024-04-24
109,reports,46.0,2025-04-06
1380,dashboard,36.0,2024-12-15
1826,ai_insights,47.0,2025-07-04
735,analytics,7.0,2025-10-06
2940,ai_insights,49.0,2024-01-28
4108,analytics,47.0,2025-05-15
236,ai_insights,32.0,05/30/2024
1291,reports,15.0,07/15/2025
3233,dashboard,42.0,2024-06-07
1259,dashboard,41.0,08/26/2025
419,ai_insights,9.0,2025-02-08
483,ai_insights,5.0,19-08-2024
4740,reports,4.0,12-09-2025
1087,dashboard,21.0,2025-08-16
4275,reports,48.0,2025-11-14
4373,ai_insights,32.0,09/11/2024
2951,reports,17.0,2025-12-15
2023,reports,12.0,2024-05-16
4540,export,36.0,2024-03-06
4343,export,38.0,2025-07-05
1231,reports,9.0,2024-10-09
3863,ai_insights,27.0,2025-11-18
943,dashboard,31.0,2025-01-03
2140,export,26.0,2025-04-14
623,dashboard,43.0,2024-12-30
933,ai_insights,44.0,19-01-2025
3804,dashboard,13.0,2024-09-22
4397,reports,36.0,2024-12-05
3179,ai_insights,31.0,10/04/2025
1626,export,44.0,2024-07-14
4272,ai_insights,30.0,2025-10-25
3088,ai_insights,3.0,10/14/2025
1112,dashboard,11.0,01/23/2025
48,reports,30.0,2025-05-29
2559,dashboard,43.0,2024-07-26
1055,export,36.0,2025-06-30
4022,analytics,43.0,01-12-2025
215,reports,13.0,2024-08-07
2580,reports,47.0,2024-06-08
2026,dashboard,22.0,2025-06-25
4723,export,9.0,12/18/2025
3051,reports,14.0,2025-09-04
2941,analytics,16.0,10/25/2024
4816,analytics,2.0,2024-10-25
3259,reports,34.0,11-01-2025
1854,reports,14.0,2025-11-02
4084,analytics,1.0,2024-12-31
3056,export,35.0,2024-09-21
1627,analytics,43.0,2025-12-10
3215,reports,11.0,10/29/2025
2142,ai_insights,15.0,2025-05-20
1440,dashboard,6.0,2025-10-09
1458,dashboard,26.0,11/02/2025
34,export,22.0,06/16/2024
1281,dashboard,49.0,2025-11-27
4454,ai_insights,33.0,2024-02-12
2891,ai_insights,43.0,2025-10-29
1115,ai_insights,1.0,2025-11-06
1426,dashboard,36.0,2025-04-24
1000,export,28.0,2025-01-10
764,export,24.0,2025-04-20
1418,analytics,12.0,12/31/2025
2472,ai_insights,4.0,21-07-2024
3360,dashboard,9.0,2025-05-31
2559,reports,10.0,10/31/2024
2623,reports,32.0,2025-04-08
3724,dashboard,42.0,2024-11-22
1442,reports,37.0,07-08-2025
2390,dashboard,39.0,2024-12-14
600,analytics,13.0,
3101,ai_insights,22.0,2024-05-04
2997,reports,7.0,2024-02-05
3870,ai_insights,23.0,2025-08-04
1448,analytics,3.0,08/15/2024
628,dashboard,16.0,20-01-2024
4469,reports,27.0,2025-10-15
1550,analytics,14.0,2025-10-12
200,analytics,5.0,2025-01-28
3069,analytics,12.0,2024-09-09
219,ai_insights,16.0,09/10/2024
1521,analytics,5.0,2025-12-03
2451,export,28.0,2025-04-06
1220,reports,5.0,2024-04-04
2461,export,30.0,2025-05-12
2085,reports,49.0,2025-01-11
4,dashboard,5.0,2025-01-27
3836,dashboard,15.0,2025-08-16
951,export,17.0,2025-06-07
4956,reports,34.0,2025-10-12
1885,ai_insights,44.0,2024-12-17
3080,dashboard,12.0,2024-03-18
4935,ai_insights,13.0,06/19/2024
699,reports,45.0,2024-04-22
3560,analytics,28.0,2025-08-14
1279,ai_insights,25.0,02/27/2024
445,export,40.0,2024-12-09
677,reports,16.0,23-02-2025
3696,export,10.0,2025-05-22
4780,analytics,35.0,2025-11-09
2195,dashboard,44.0,2024-09-24
452,analytics,42.0,03/15/2025
670,ai_insights,22.0,2024-11-19
2295,reports,42.0,2024-06-14
4336,reports,14.0,2024-07-07
4074,export,39.0,2024-08-18
1267,analytics,,2024-09-08
3944,analytics,42.0,2025-04-30
4135,analytics,10.0,2025-01-12
4278,analytics,10.0,2024-05-22
4297,export,22.0,2024-05-24
2889,reports,31.0,2024-03-07
138,export,43.0,2025-10-27
3625,export,28.0,2024-02-08
4493,reports,50.0,2024-08-03
3002,analytics,4.0,2025-04-20
2627,analytics,43.0,2025-04-17
314,analytics,3.0,21-10-2025
3192,analytics,46.0,09/18/2025
3512,analytics,35.0,2025-10-29
4512,reports,1.0,2025-07-15
3405,reports,45.0,2025-03-19
4861,analytics,23.0,
3632,reports,40.0,2024-01-07
4042,reports,7.0,2025-12-29
3739,reports,49.0,2025-06-20
194,ai_insights,40.0,2025-05-28
3087,ai_insights,49.0,2025-09-01
1161,dashboard,8.0,06/21/2024
2080,export,35.0,2024-12-28
2184,dashboard,17.0,24-06-2025
1184,ai_insights,16.0,2025-05-15
14,analytics,6.0,2025-05-23
4657,dashboard,24.0,2024-11-27
4591,export,40.0,2025-06-18
4295,ai_insights,34.0,2025-10-12
3398,analytics,40.0,29-07-2025
3285,export,19.0,2024-07-03
829,analytics,10.0,2025-04-08
3798,dashboard,11.0,03/01/2025
715,export,15.0,2024-02-02
2952,analytics,46.0,2024-04-14
431,reports,38.0,2025-07-20
2530,export,12.0,05/14/2025
4868,analytics,12.0,2025-01-15
2761,reports,38.0,2024-10-24
1113,dashboard,22.0,2024-06-07
3977,dashboard,42.0,07/29/2025
3941,reports,9.0,2025-12-17
1404,dashboard,29.0,2024-01-16
2730,dashboard,45.0,2024-10-18
4896,dashboard,31.0,2025-08-12
2975,analytics,44.0,2025-03-23
318,analytics,17.0,2024-01-20
100,analytics,46.0,16-10-2025
2784,dashboard,36.0,2024-05-21
59,ai_insights,6.0,2025-05-02
2341,ai_insights,47.0,2025-07-20
3337,reports,16.0,2024-05-12
4769,reports,24.0,2025-11-21
2021,reports,23.0,2025-11-29
2550,reports,20.0,2025-08-01
708,analytics,35.0,2024-09-26
759,export,6.0,2025-03-27
4620,analytics,10.0,2024-01-27
4926,export,36.0,2025-03-05
2111,reports,31.0,2025-05-25
2519,export,19.0,2025-10-17
4552,reports,24.0,2024-07-23
371,dashboard,45.0,2025-07-19
3805,ai_insights,49.0,2024-10-17
2645,ai_insights,10.0,2024-08-15
4873,export,45.0,2025-07-19
778,analytics,27.0,2025-07-28
4781,export,19.0,2024-05-15
207,analytics,2.0,2025-12-28
2001,dashboard,12.0,2025-01-20
1984,ai_insights,11.0,2025-07-22
472,reports,4.0,07/06/2025
189,analytics,42.0,04/22/2025
3456,export,31.0,09/07/2025
3439,analytics,11.0,
4899,ai_insights,,2025-06-17
3912,dashboard,30.0,2024-01-13
4504,analytics,10.0,2024-07-07
2271,reports,48.0,2025-10-14
3860,dashboard,39.0,2024-10-28
79,export,13.0,02/15/2024
399,export,31.0,
55,export,23.0,2024-09-22
3707,analytics,11.0,2025-11-10
1569,export,10.0,2025-12-26
1886,ai_insights,16.0,2024-05-16
3818,analytics,42.0,2025-08-12
3706,reports,19.0,2024-12-29
4330,reports,49.0,2025-10-25
3903,analytics,25.0,2025-11-05
341,reports,10.0,2024-05-02
4441,ai_insights,11.0,2024-09-30
3341,reports,32.0,2025-12-10
4509,ai_insights,46.0,2024-07-20
1832,reports,27.0,2024-12-20
4431,ai_insights,14.0,2024-09-18
679,ai_insights,45.0,2025-02-26
1197,reports,48.0,2024-12-27
4428,dashboard,17.0,2025-03-10
3019,analytics,36.0,11/01/2024
4829,analytics,45.0,2025-04-13
2748,analytics,8.0,2024-02-27
933,ai_insights,13.0,2024-07-20
1602,ai_insights,13.0,2024-01-28
1797,export,46.0,12/13/2025
3016,dashboard,9.0,2025-08-16
2497,dashboard,16.0,2025-08-01
4686,reports,38.0,2025-04-03
1872,reports,24.0,2024-11-09
2049,reports,27.0,2024-10-22
4872,export,22.0,2025-05-12
3530,ai_insights,38.0,
3418,reports,20.0,2025-05-02
4003,export,44.0,07/03/2024
1045,reports,16.0,2025-10-25
4229,analytics,1.0,2024-08-22
1073,dashboard,3.0,2024-01-10
1426,ai_insights,13.0,12-05-2024
2631,ai_insights,43.0,2025-02-08
4669,analytics,5.0,2024-11-09
645,reports,43.0,2024-06-05
4667,dashboard,48.0,2024-03-14
127,dashboard,23.0,2025-08-20
3956,export,49.0,02/08/2024
3099,reports,5.0,2025-09-04
824,ai_insights,39.0,2024-08-22
2972,reports,14.0,2025-12-23
3118,dashboard,39.0,2024-11-23
4297,dashboard,48.0,2024-01-12
2094,analytics,42.0,2024-11-17
544,export,29.0,2025-01-23
1305,dashboard,32.0,2025-05-05
1921,dashboard,45.0,09-07-2024
3681,analytics,46.0,2025-03-28
2237,ai_insights,38.0,2024-12-17
3858,analytics,23.0,2024-01-31
3515,dashboard,31.0,2025-01-28
3935,dashboard,46.0,2025-10-13
2156,export,,2025-04-25
2225,analytics,17.0,2025-10-14
3539,export,4.0,26-08-2024
4195,ai_insights,22.0,2025-01-04
1020,export,7.0,2025-01-16
4799,export,45.0,18-05-2025
3837,dashboard,39.0,2025-12-27
3278,dashboard,50.0,04/09/2024
2115,dashboard,25.0,02-10-2025
2695,reports,31.0,2024-09-17
3073,ai_insights,31.0,2025-06-22
3826,export,,2025-03-14
2576,reports,43.0,2024-12-17
2119,ai_insights,26.0,03/13/2025
1695,reports,33.0,2024-03-11
2773,export,41.0,
1415,analytics,20.0,2025-02-20
2325,dashboard,38.0,2025-10-16
796,ai_insights,8.0,2024-09-09
1770,analytics,38.0,09-11-2025
514,ai_insights,29.0,2024-10-20
1120,ai_insights,27.0,2025-09-12
999,analytics,10.0,2024-03-10
1552,analytics,39.0,2025-01-17
3438,analytics,50.0,2025-12-19
4657,dashboard,45.0,2025-02-05
4294,analytics,35.0,2025-08-30
4186,dashboard,8.0,2024-11-21
1139,reports,6.0,2025-08-22
1414,ai_insights,37.0,2025-09-25
3448,dashboard,8.0,2025-12-24
4203,export,39.0,2024-08-22
1066,ai_insights,35.0,11/17/2024
1038,analytics,2.0,03/11/2025
3636,reports,50.0,06/03/2025
3631,ai_insights,2.0,05-03-2025
2382,dashboard,18.0,2024-02-28
4295,dashboard,28.0,2024-12-04
4431,export,22.0,2025-11-20
2872,export,,2025-06-07
4348,reports,5.0,2025-11-10
3609,reports,36.0,2024-10-20
2793,dashboard,28.0,2025-08-11
3642,dashboard,48.0,2024-07-11
1813,export,6.0,03/12/2025
3323,reports,23.0,2025-03-08
1223,dashboard,27.0,2025-08-22
1777,ai_insights,7.0,2025-07-28
905,analytics,19.0,2025-02-11
1873,reports,24.0,2024-03-05
3116,export,20.0,2025-05-30
3451,export,42.0,2025-12-17
2898,reports,37.0,2025-05-01
1738,dashboard,34.0,2025-05-19
2381,ai_insights,,2025-04-18
1479,ai_insights,34.0,2025-04-23
1453,dashboard,6.0,2024-08-07
4442,dashboard,23.0,2024-08-11
403,reports,33.0,2025-05-01
625,reports,8.0,2025-11-26
2731,export,7.0,2025-12-02
4560,reports,4.0,2025-05-07
2457,export,21.0,2024-10-22
1424,ai_insights,42.0,2025-01-22
4747,analytics,14.0,2024-07-25
4122,ai_insights,41.0,2025-10-20
463,export,35.0,2025-01-05
4325,dashboard,50.0,2025-02-21
2902,ai_insights,29.0,2024-03-21
1266,ai_insights,25.0,2025-08-14
3202,reports,12.0,09/22/2024
517,export,17.0,2024-05-15
1614,ai_insights,4.0,2025-08-17
1502,analytics,50.0,
4829,analytics,10.0,2024-12-17
4899,export,32.0,2024-08-12
2581,export,21.0,2024-12-28
2744,analytics,42.0,2025-08-28
2409,ai_insights,33.0,01/12/2024
2611,ai_insights,23.0,2024-03-11
2236,reports,35.0,2024-01-13
4946,dashboard,17.0,2024-06-20
4799,reports,24.0,2025-09-03
4132,analytics,37.0,02/05/2025
2291,reports,15.0,2024-08-07
901,analytics,46.0,2024-12-20
3577,export,3.0,2024-11-13
3588,analytics,28.0,2024-10-10
1641,dashboard,23.0,2024-07-23
3060,dashboard,4.0,2024-05-24
2637,ai_insights,15.0,10-05-2024
1018,dashboard,34.0,2024-11-15
3473,export,17.0,07/20/2024
4947,dashboard,45.0,2024-08-12
2978,dashboard,4.0,2024-08-25
1622,analytics,32.0,2025-12-16
1831,reports,5.0,2025-12-11
372,reports,12.0,10/01/2025
4398,dashboard,15.0,2025-11-21
2551,analytics,17.0,2024-03-03
2802,export,,2024-09-22
62,reports,47.0,2025-03-20
4649,ai_insights,21.0,2025-06-28
648,analytics,34.0,2024-08-27
687,ai_insights,7.0,
2073,ai_insights,38.0,2025-05-09
588,analytics,8.0,2025-10-19
2486,ai_insights,49.0,12/29/2025
2289,dashboard,5.0,2024-12-07
3166,reports,11.0,2025-05-24
939,reports,17.0,2025-12-04
2760,analytics,29.0,2024-12-18
4603,dashboard,35.0,2024-10-11
2827,export,40.0,2025-04-04
1450,dashboard,12.0,07/20/2024
1079,dashboard,29.0,10/20/2025
4606,ai_insights,10.0,2025-03-21
1322,reports,11.0,2024-06-09
4042,ai_insights,1.0,2025-01-26
3342,reports,12.0,2025-03-06
4076,reports,47.0,2025-04-24
2044,analytics,35.0,2025-08-07
4065,export,41.0,2024-12-05
535,dashboard,26.0,2024-11-15
202,reports,46.0,2025-12-26
3678,dashboard,42.0,2024-09-01
136,reports,37.0,2024-10-05
1833,ai_insights,21.0,2025-12-05
4431,export,5.0,13-12-2025
2653,dashboard,38.0,2024-04-21
4922,export,11.0,18-07-2024
2092,ai_insights,39.0,2024-10-31
4876,analytics,26.0,2024-02-24
1909,export,38.0,2025-04-13
51,dashboard,13.0,2024-01-09
4157,ai_insights,32.0,
3928,analytics,34.0,2024-10-11
4220,ai_insights,42.0,28-07-2024
1084,dashboard,24.0,2025-07-23
3233,ai_insights,10.0,2024-02-13
910,reports,9.0,2024-03-23
3950,analytics,,2024-03-21
2449,dashboard,34.0,2025-11-16
4097,reports,50.0,2024-01-15
2327,analytics,12.0,2024-02-16
2224,dashboard,42.0,2024-04-07
1746,dashboard,22.0,2024-09-23
4309,reports,7.0,2024-03-24
2890,analytics,46.0,09/30/2025
722,export,30.0,29-10-2024
3713,reports,22.0,2025-01-15
1816,ai_insights,45.0,2024-06-12
2798,export,15.0,11/12/2025
171,reports,16.0,2024-05-03
4731,analytics,,2024-05-19
868,ai_insights,29.0,2024-05-03
1856,analytics,29.0,2024-02-16
3733,analytics,11.0,2025-10-13
1452,reports,18.0,
93,dashboard,42.0,2025-06-09
3829,export,10.0,2025-03-15
425,reports,27.0,2024-05-15
4553,dashboard,18.0,2024-12-28
3124,dashboard,9.0,2024-01-22
4410,ai_insights,8.0,2025-09-17
582,analytics,45.0,2025-12-26
1634,ai_insights,33.0,04-07-2025
4115,ai_insights,45.0,2024-02-18
447,ai_insights,2.0,2024-01-27
3578,dashboard,48.0,03/04/2025
784,ai_insights,,2025-02-04
2871,reports,22.0,2024-05-04
97,export,50.0,2024-12-09
4463,analytics,17.0,
1111,dashboard,30.0,2024-07-25
4590,dashboard,46.0,2025-04-05
3013,analytics,24.0,04/17/2024
1808,dashboard,23.0,
4161,export,20.0,2024-05-27
2635,export,11.0,2025-08-26
3393,reports,38.0,2024-02-18
3571,reports,27.0,10/16/2024
2730,dashboard,29.0,2025-08-26
808,analytics,12.0,2025-07-03
2283,reports,41.0,2025-01-13
2474,export,15.0,2025-07-04
3035,export,49.0,2025-08-11
1385,export,42.0,2024-01-25
2239,ai_insights,1.0,26-08-2024
1300,export,12.0,02/03/2024
2734,reports,42.0,
1037,export,18.0,2025-03-02
3571,ai_insights,19.0,2025-03-24
3108,dashboard,10.0,2025-06-08
549,analytics,20.0,04/21/2024
3056,reports,7.0,2025-03-05
1580,dashboard,40.0,2024-02-02
190,reports,43.0,2025-03-22
1666,dashboard,27.0,2024-01-08
1411,reports,31.0,2024-08-19
2306,ai_insights,3.0,2025-04-30
3664,reports,19.0,09/18/2025
2760,reports,39.0,05/09/2025
4685,export,29.0,10/12/2025
4539,reports,6.0,2025-07-18
1861,analytics,24.0,2024-01-21
1030,reports,13.0,2025-05-13
4257,reports,39.0,2024-12-29
4781,reports,25.0,2025-05-01
3063,ai_insights,50.0,2025-05-17
3655,dashboard,41.0,2025-01-03
105,export,49.0,02/28/2024
2380,export,12.0,2024-03-12
1491,ai_insights,22.0,2024-12-17
2414,dashboard,33.0,2025-03-31
1447,dashboard,22.0,2025-03-07
1583,dashboard,43.0,2025-12-02
4173,export,38.0,03/25/2024
614,ai_insights,20.0,07/29/2024
3624,dashboard,25.0,2024-07-09
733,dashboard,40.0,2024-10-17
134,ai_insights,12.0,2024-01-24
1750,dashboard,14.0,2024-12-10
2690,dashboard,34.0,2025-07-01
3159,analytics,34.0,2024-12-03
3142,ai_insights,29.0,2024-12-18
4248,reports,8.0,16-04-2025
4505,ai_insights,18.0,2024-03-18
4488,analytics,11.0,2024-02-13
3201,reports,36.0,2024-04-15
1445,export,6.0,2024-09-04
4961,ai_insights,44.0,2025-04-28
2837,ai_insights,37.0,2025-10-11
2549,analytics,,2025-08-05
251,ai_insights,45.0,
3253,analytics,39.0,2025-04-07
1000,reports,30.0,2025-02-04
2898,ai_insights,17.0,29-03-2025
695,dashboard,32.0,27-09-2024
618,export,35.0,2025-04-24
3304,dashboard,17.0,21-11-2024
4438,analytics,47.0,2025-06-29
1285,export,27.0,2024-11-20
4574,ai_insights,14.0,2025-08-23
707,ai_insights,29.0,24-10-2024
3773,dashboard,,2024-10-21
645,ai_insights,14.0,06/27/2024
4782,dashboard,3.0,03/19/2024
2245,analytics,35.0,2024-11-21
1541,export,4.0,2025-03-13
797,export,46.0,2025-12-22
2936,export,47.0,2024-11-26
1583,reports,33.0,2024-06-20
1991,reports,17.0,2025-06-01
2313,export,15.0,
4403,export,24.0,2025-01-29
1333,analytics,20.0,2025-02-28
3240,analytics,49.0,2025-02-17
2947,ai_insights,38.0,2024-01-07
4428,reports,10.0,2024-12-13
1542,reports,23.0,2024-11-02
2786,analytics,8.0,2024-07-19
1902,dashboard,,2024-05-21
3498,reports,36.0,2024-02-22
1942,reports,45.0,2024-05-12
3044,reports,12.0,08-08-2025
4412,export,15.0,2025-10-24
3468,ai_insights,22.0,2025-11-04
1298,reports,35.0,2025-06-26
3927,dashboard,45.0,25-02-2025
2777,analytics,,2025-06-02
4785,dashboard,32.0,2025-05-24
1592,analytics,38.0,2025-07-15
4546,dashboard,8.0,2024-07-02
1671,reports,43.0,2024-01-12
1904,ai_insights,30.0,2024-01-16
2147,export,26.0,2025-05-28
4311,export,22.0,2024-10-11
3092,dashboard,33.0,2025-04-10
2621,analytics,14.0,2024-05-28
4698,export,43.0,2025-04-30
1768,export,48.0,2024-01-14
1266,dashboard,49.0,2025-02-09
2831,ai_insights,30.0,2024-12-22
4789,ai_insights,34.0,2025-01-21
486,ai_insights,3.0,2024-12-14
4673,export,45.0,2025-07-23
4572,analytics,45.0,2025-01-27
3540,dashboard,24.0,2025-11-14
732,dashboard,3.0,2024-11-21
39,ai_insights,5.0,06/20/2025
1863,export,2.0,2024-06-27
4580,dashboard,17.0,2025-11-06
2682,analytics,41.0,2024-10-04
720,dashboard,17.0,2024-10-19
4865,export,43.0,2025-12-22
3020,export,34.0,2024-10-28
2508,reports,30.0,2025-03-20
2340,dashboard,20.0,2025-06-12
2893,ai_insights,48.0,2024-09-18
3921,analytics,36.0,2025-03-20
649,ai_insights,18.0,2025-05-23
4661,dashboard,18.0,25-10-2025
652,analytics,14.0,02/03/2025
4392,ai_insights,38.0,18-05-2024
4190,ai_insights,31.0,2024-08-08
729,export,31.0,02/18/2025
684,reports,8.0,2024-04-20
2137,analytics,18.0,01-04-2025
2968,export,,2024-09-23
4398,dashboard,48.0,2025-09-06
518,analytics,36.0,2024-12-12
576,ai_insights,37.0,2024-01-09
472,reports,39.0,08/12/2024
181,analytics,6.0,2025-11-16
1838,ai_insights,18.0,2024-10-10
708,ai_insights,30.0,2024-06-12
4941,reports,14.0,07/05/2024
253,analytics,,2025-06-02
3691,dashboard,35.0,2025-06-15
684,dashboard,26.0,09/26/2025
1502,reports,30.0,2025-08-19
2071,export,42.0,2025-01-06
1711,export,,2025-04-29
1169,export,23.0,2024-10-09
3665,reports,45.0,2025-03-18
2206,analytics,3.0,2025-07-17
2752,dashboard,31.0,2024-02-25
4218,export,4.0,2024-03-09
3199,dashboard,6.0,2024-11-07
2208,export,43.0,2025-05-18
2633,export,38.0,12-05-2025
4069,export,4.0,2024-01-22
4994,reports,19.0,2024-07-26
3266,dashboard,16.0,02/06/2025
4825,export,12.0,12/26/2024
2471,analytics,49.0,2024-06-19
3285,reports,38.0,08/23/2024
4045,dashboard,24.0,2025-10-26
3867,analytics,1.0,2025-01-19
529,export,,2024-11-11
700,analytics,28.0,2024-12-09
135,export,36.0,2024-12-25
144,reports,27.0,2025-04-23
1409,reports,16.0,04/04/2025
2271,reports,21.0,2024-04-19
594,export,21.0,2025-10-02
3199,analytics,6.0,2024-01-28
1784,analytics,5.0,2025-12-24
1406,analytics,,2024-04-25
881,analytics,10.0,2024-08-07
1850,analytics,6.0,2024-03-19
2907,dashboard,18.0,2024-05-03
3472,export,13.0,2025-07-03
3696,export,,2025-12-05
3251,export,27.0,10/01/2025
2799,ai_insights,36.0,2025-01-22
2667,ai_insights,24.0,2024-12-21
80,analytics,32.0,2024-06-27
1073,export,9.0,2024-10-13
701,analytics,22.0,2024-12-25
2148,ai_insights,29.0,2025-12-28
295,analytics,15.0,2025-11-29
2583,dashboard,1.0,2024-08-10
1372,dashboard,,02/11/2025
2510,dashboard,27.0,2025-09-28
490,analytics,13.0,12/05/2024
1742,dashboard,3.0,2025-04-05
1514,dashboard,49.0,2025-10-15
4729,ai_insights,39.0,2024-12-20
864,dashboard,31.0,2024-10-01
3691,reports,22.0,2024-05-20
526,export,4.0,2024-11-02
3986,analytics,34.0,2024-05-11
2929,dashboard,35.0,06/10/2025
143,analytics,32.0,2024-08-19
335,export,13.0,2024-01-09
1698,analytics,,03/06/2024
4369,reports,47.0,2024-05-08
2263,export,32.0,10/05/2024
4265,analytics,28.0,2024-12-28
364,analytics,32.0,2024-03-30
1587,export,2.0,2024-01-23
1083,reports,16.0,19-07-2025
1247,ai_insights,22.0,2024-06-21
4934,ai_insights,30.0,02/14/2025
1811,dashboard,23.0,2025-09-22
659,reports,44.0,2024-08-16
2110,dashboard,50.0,
3444,ai_insights,21.0,2025-11-11
111,analytics,8.0,2024-02-03
4179,analytics,46.0,2025-06-11
672,dashboard,21.0,2025-07-29
4685,ai_insights,48.0,2025-08-07
952,dashboard,12.0,2024-10-04
2190,dashboard,49.0,2024-10-06
4434,analytics,18.0,2024-08-12
3974,export,46.0,2025-11-17
3722,export,47.0,11/21/2025
1284,dashboard,29.0,2025-10-27
4804,dashboard,47.0,2024-10-19
3867,ai_insights,6.0,2024-04-27
4906,ai_insights,39.0,2024-07-23
1831,dashboard,19.0,04-12-2025
4210,ai_insights,13.0,2024-06-21
1620,reports,24.0,2024-07-04
4502,export,28.0,
4218,export,47.0,2025-11-15
1726,dashboard,39.0,08/04/2025
1164,reports,17.0,01-12-2024
432,analytics,35.0,2024-08-02
3427,dashboard,39.0,2024-10-19
272,ai_insights,45.0,2024-08-15
995,reports,3.0,2024-01-18
80,export,35.0,08/23/2024
1703,export,32.0,2025-10-27
3185,export,15.0,2025-11-28
1119,ai_insights,22.0,2025-09-30
510,dashboard,24.0,29-06-2024
1717,ai_insights,45.0,01/06/2024
4282,export,33.0,2024-09-14
40,export,18.0,2024-07-02
553,reports,47.0,11/09/2025
2832,export,6.0,2024-05-13
978,export,38.0,2024-01-18
4929,ai_insights,23.0,2024-09-20
3319,export,13.0,2025-03-13
2510,dashboard,,02/11/2025
4310,analytics,19.0,2024-09-19
2288,export,31.0,2025-10-27
3883,reports,20.0,2024-11-21
3808,ai_insights,24.0,2024-10-04
2190,analytics,18.0,2025-05-08
4241,export,27.0,
3825,ai_insights,40.0,2025-06-09
2047,ai_insights,50.0,2024-03-21
2561,analytics,8.0,12/10/2024
2000,export,16.0,2024-12-07
4775,analytics,42.0,
174,reports,42.0,2025-02-13
3666,ai_insights,31.0,2025-12-30
3580,dashboard,48.0,2024-05-11
90,dashboard,2.0,2024-07-23
4880,export,37.0,07/30/2024
1315,ai_insights,31.0,2025-03-30
550,analytics,19.0,2025-02-11
1304,export,41.0,
4567,reports,4.0,2024-09-30
3260,export,,11/09/2025
5000,analytics,44.0,2024-12-26
596,export,41.0,01/15/2025
127,reports,4.0,2024-02-26
1382,export,,2024-12-12
4499,dashboard,25.0,2025-04-20
4615,dashboard,3.0,
335,ai_insights,8.0,01-07-2025
1115,export,10.0,2024-09-12
2999,export,46.0,2025-12-18
792,dashboard,11.0,2025-01-26
3649,dashboard,30.0,06/12/2025
2133,ai_insights,14.0,2024-05-04
2170,reports,6.0,2024-04-15
1770,analytics,32.0,2024-11-09
2561,dashboard,46.0,2025-06-12
3852,dashboard,8.0,2024-01-21
1657,ai_insights,27.0,2024-11-17
146,analytics,40.0,2025-07-01
2337,dashboard,17.0,2024-12-20
1339,analytics,40.0,
3752,reports,37.0,11/30/2024
1843,reports,9.0,12/20/2025
3074,analytics,39.0,2024-04-23
827,reports,23.0,06/15/2025
4281,export,48.0,2024-02-21
1895,dashboard,,2024-07-29
4392,ai_insights,13.0,06/26/2025
485,export,41.0,04-07-2025
2522,export,7.0,2025-03-17
2467,analytics,26.0,2024-05-12
2243,dashboard,10.0,2024-02-14
3737,analytics,,2025-01-12
3590,ai_insights,35.0,2025-12-05
3396,analytics,16.0,2024-03-29
4480,dashboard,25.0,2024-05-18
2603,dashboard,6.0,2024-08-20
728,dashboard,40.0,16-09-2025
1045,dashboard,14.0,2025-02-12
2883,analytics,29.0,2025-04-13
878,export,29.0,10/28/2024
1918,analytics,20.0,07/22/2024
3132,reports,44.0,2024-03-29
385,reports,36.0,2024-04-16
3164,dashboard,36.0,01/17/2025
4982,ai_insights,10.0,2024-03-14
3396,reports,25.0,2025-10-20
36,analytics,4.0,12-08-2025
1245,ai_insights,,2025-07-09
721,analytics,13.0,2024-10-21
2869,dashboard,28.0,2025-01-17
4918,dashboard,2.0,2024-07-09
595,reports,14.0,2024-05-27
926,analytics,7.0,10/05/2024
542,reports,26.0,2025-07-18
2357,analytics,16.0,22-02-2025
2994,reports,32.0,2025-01-08
4053,ai_insights,23.0,2025-03-15
4397,analytics,7.0,2025-12-14
2969,analytics,28.0,2025-06-01
4006,dashboard,30.0,04/05/2025
695,reports,44.0,06/08/2024
4639,export,18.0,2025-12-13
385,ai_insights,24.0,2025-08-22
4406,analytics,16.0,2025-10-13
3759,export,50.0,2024-08-28
2803,dashboard,,2025-04-07
2734,export,16.0,2024-09-27
3543,export,36.0,2025-03-14
1320,dashboard,18.0,2025-09-20
3750,reports,,2024-05-04
4219,export,26.0,31-07-2025
522,analytics,22.0,2025-06-16
3955,export,,2024-04-20
3963,ai_insights,2.0,2024-12-12
3982,reports,12.0,2025-11-25
968,analytics,29.0,2024-03-23
2014,export,24.0,2024-10-04
384,reports,22.0,02/16/2025
2913,dashboard,50.0,2025-04-16
4182,export,,2025-04-13
2254,ai_insights,37.0,2025-05-21
536,ai_insights,5.0,2025-06-03
3570,export,2.0,2024-07-03
3433,dashboard,22.0,06/29/2024
4290,reports,2.0,2025-06-18
2388,export,21.0,2024-03-12
1749,ai_insights,,2024-06-21
4217,export,4.0,20-05-2024
573,ai_insights,20.0,15-03-2024
4462,ai_insights,4.0,2024-11-02
4133,export,38.0,2024-09-14
1188,export,7.0,2025-01-31
1905,export,46.0,2025-09-01
2402,reports,50.0,2024-09-02
3698,analytics,26.0,2024-07-03
2497,reports,19.0,2024-10-22
3299,ai_insights,13.0,2024-03-29
2623,analytics,,2024-04-08
3281,dashboard,1.0,2024-09-08
4475,ai_insights,22.0,2025-03-15
4273,export,42.0,2025-12-10
757,reports,14.0,2025-12-26
690,analytics,4.0,2024-02-28
4437,export,42.0,2025-05-17
632,analytics,6.0,2024-06-28
625,ai_insights,5.0,02/02/2024
729,ai_insights,47.0,2024-07-07
4995,ai_insights,14.0,2024-09-17
1280,export,38.0,2025-12-14
1699,reports,28.0,2024-04-18
813,reports,19.0,2025-12-08
3579,export,48.0,2025-04-30
4322,ai_insights,24.0,2025-02-22
4347,ai_insights,48.0,2025-10-12
1807,export,39.0,01/19/2025
2652,reports,30.0,2025-03-24
2344,dashboard,18.0,2024-01-22
961,analytics,6.0,2024-11-16
379,dashboard,2.0,2024-11-07
1239,ai_insights,43.0,2025-07-09
4927,dashboard,43.0,2025-02-01
414,dashboard,42.0,2025-03-26
1189,export,19.0,2024-06-25
4597,ai_insights,24.0,2025-07-15
66,reports,35.0,2024-09-04
211,dashboard,16.0,2025-09-06
3884,export,40.0,2025-12-19
1232,ai_insights,40.0,2024-08-23
3520,export,29.0,2024-06-14
1210,ai_insights,9.0,2024-12-26
302,ai_insights,,2025-10-24
2426,analytics,46.0,
2283,reports,,11-05-2025
4884,reports,38.0,02/28/2025
3350,analytics,50.0,2025-08-19
2183,ai_insights,2.0,2025-07-22
1257,export,7.0,2025-11-09
4108,dashboard,4.0,
2985,ai_insights,9.0,2024-09-30
4275,dashboard,21.0,2025-01-04
162,analytics,12.0,2024-05-31
4466,analytics,46.0,10/21/2024
4983,export,32.0,2025-10-01
3042,analytics,4.0,
676,ai_insights,46.0,2025-08-17
1271,ai_insights,,2025-11-03
593,reports,23.0,30-09-2024
4649,export,41.0,2025-07-22
3454,reports,29.0,2025-01-28
3036,dashboard,15.0,2025-04-05
1249,reports,12.0,2024-11-19
3531,ai_insights,50.0,2025-03-13
1550,dashboard,2.0,09/22/2024
1281,ai_insights,45.0,2024-01-21
1740,dashboard,20.0,2024-11-06
1776,dashboard,41.0,2024-01-27
66,analytics,38.0,2024-02-10
4253,reports,12.0,04/30/2024
921,dashboard,6.0,2024-06-25
959,export,27.0,2025-07-08
1264,dashboard,21.0,2025-10-18
2258,reports,21.0,2024-07-30
2066,reports,49.0,2024-07-11
3555,dashboard,17.0,2024-09-08
316,dashboard,5.0,11/23/2025
3815,dashboard,28.0,2025-04-12
2852,export,27.0,2024-02-20
43,analytics,43.0,2024-04-18
3392,ai_insights,9.0,2025-10-20
2322,analytics,21.0,2024-11-25
3452,export,42.0,2025-05-04
1621,reports,46.0,2024-05-02
983,ai_insights,2.0,2024-08-28
4688,reports,40.0,
2043,dashboard,22.0,2025-07-19
3543,dashboard,4.0,2025-02-24
2240,analytics,44.0,2025-04-27
507,analytics,35.0,2024-01-22
1929,ai_insights,2.0,2024-07-19
284,reports,30.0,
875,dashboard,48.0,2024-07-17
1285,export,47.0,2025-06-07
2876,ai_insights,31.0,2025-07-31
3151,reports,9.0,2024-02-28
1130,reports,47.0,03/27/2025
884,export,41.0,2025-04-22
3636,dashboard,15.0,2024-08-30
1151,analytics,8.0,
3040,dashboard,45.0,2024-04-25
29,ai_insights,28.0,2024-02-04
4196,analytics,38.0,12/02/2025
3815,export,,2025-06-02
3296,reports,33.0,2024-05-30
4024,ai_insights,27.0,2024-02-14
3513,analytics,46.0,2025-07-31
446,dashboard,,11/20/2024
742,reports,8.0,2025-12-21
45,export,46.0,2024-08-10
3645,ai_insights,48.0,2024-01-26
30,dashboard,21.0,2025-10-09
563,export,28.0,2025-04-01
2022,dashboard,34.0,2024-02-20
4608,reports,50.0,2025-11-06
3665,ai_insights,43.0,2024-02-25
4973,dashboard,20.0,10/20/2025
2148,dashboard,49.0,2025-05-22
1933,export,33.0,04-11-2025
4798,dashboard,20.0,2024-10-27
2411,export,31.0,2025-12-16
1783,export,33.0,09/01/2024
2075,ai_insights,16.0,
3569,export,15.0,07-01-2025
124,analytics,38.0,2025-12-13
4893,dashboard,2.0,03/04/2025
2121,ai_insights,45.0,06/09/2024
2365,analytics,11.0,2025-10-06
3420,analytics,50.0,2025-06-14
4914,reports,1.0,11/14/2024
2406,export,6.0,2025-08-03
1041,ai_insights,5.0,03/13/2025
1440,export,,2025-11-24
4655,analytics,37.0,05/18/2024
1313,dashboard,46.0,2024-03-18
4220,export,15.0,2025-02-11
90,analytics,13.0,2025-07-16
4100,dashboard,50.0,2024-07-05
1459,ai_insights,44.0,2024-07-09
1463,ai_insights,10.0,2025-04-08
1972,export,39.0,2025-11-06
4459,dashboard,27.0,09/07/2024
379,dashboard,45.0,2024-11-20
938,reports,34.0,2024-12-30
1516,reports,34.0,2024-05-14
2105,analytics,29.0,04/23/2024
3816,export,36.0,2025-11-11
4288,export,42.0,2025-07-22
4400,analytics,44.0,2025-09-18
134,export,47.0,2025-01-28
2807,reports,32.0,2024-04-10
4262,reports,6.0,28-03-2024
710,ai_insights,37.0,09/18/2025
1796,dashboard,36.0,2025-05-12
2586,export,40.0,19-09-2025
1156,reports,35.0,2024-02-01
2502,analytics,43.0,2024-11-03
3706,dashboard,40.0,2025-11-16
1261,analytics,49.0,2025-09-10
4516,reports,41.0,2024-10-10
1554,reports,28.0,2025-09-18
4898,analytics,35.0,04-04-2025
3631,export,40.0,2024-10-12
2418,ai_insights,23.0,2025-09-19
4998,ai_insights,33.0,2025-01-18
1128,analytics,13.0,2025-12-15
3005,dashboard,50.0,2024-11-16
339,dashboard,13.0,2025-04-23
1528,dashboard,30.0,2024-04-20
4924,analytics,47.0,13-08-2024
3424,dashboard,47.0,2025-12-31
4348,analytics,40.0,23-06-2024
4860,dashboard,46.0,2025-10-07
465,ai_insights,17.0,2024-06-21
2948,analytics,26.0,2024-12-18
732,analytics,17.0,04/09/2024
3575,analytics,37.0,2025-11-23
2727,export,28.0,2025-07-23
4024,analytics,1.0,2024-11-08
2750,analytics,15.0,2025-09-15
41,export,22.0,2024-03-16
1586,dashboard,,2025-12-04
4976,analytics,30.0,2025-02-26
2390,ai_insights,45.0,2025-05-05
3136,analytics,44.0,2025-09-06
3099,reports,35.0,
4884,reports,49.0,2024-09-19
632,ai_insights,10.0,
714,analytics,48.0,2025-04-21
1350,reports,13.0,10/26/2025
3570,analytics,1.0,2025-01-25
4917,dashboard,48.0,01/31/2024
3753,export,3.0,08/12/2024
958,reports,11.0,2025-05-30
4126,ai_insights,34.0,05/15/2025
3080,reports,20.0,2024-09-27
1504,export,4.0,2024-03-10
4136,export,16.0,2024-08-21
1929,analytics,21.0,12-02-2025
1613,ai_insights,,12/04/2025
3547,reports,,2024-01-19
3394,reports,26.0,2024-06-02
3478,ai_insights,27.0,2025-06-14
4940,analytics,16.0,
1884,dashboard,10.0,2025-11-10
3348,export,40.0,2025-01-31
4382,ai_insights,16.0,2024-03-31
404,ai_insights,45.0,2024-04-04
1268,dashboard,22.0,2025-03-16
4034,dashboard,44.0,2024-04-17
3908,ai_insights,47.0,2025-10-28
1801,ai_insights,33.0,2025-09-10
2984,ai_insights,35.0,2024-03-03
1947,analytics,36.0,2024-11-22
3712,export,6.0,2025-07-06
1108,reports,25.0,2025-08-22
990,dashboard,48.0,2024-09-16
3396,reports,33.0,2025-08-22
109,analytics,,2025-11-06
3980,ai_insights,41.0,2025-05-25
2411,analytics,35.0,2024-10-09
4088,export,2.0,07-07-2025
2867,dashboard,39.0,2024-12-30
3266,reports,12.0,2024-02-28
884,export,39.0,07/23/2025
9,analytics,31.0,2024-05-05
3159,dashboard,50.0,10/04/2025
4629,export,37.0,2025-11-25
1230,analytics,42.0,2024-06-05
947,export,14.0,2025-11-24
1695,export,5.0,05/08/2024
3147,reports,29.0,2025-05-07
4833,ai_insights,19.0,02/11/2025
3748,ai_insights,10.0,2024-12-14
809,dashboard,49.0,2024-01-19
2944,dashboard,16.0,2025-06-08
1361,export,10.0,2024-08-10
2636,dashboard,26.0,2025-09-04
3644,export,22.0,2024-06-28
4225,dashboard,48.0,2025-12-12
3343,reports,22.0,2025-04-16
2701,analytics,32.0,2025-03-15
1685,ai_insights,32.0,2025-10-17
4278,analytics,28.0,2025-04-12
149,reports,15.0,01/06/2024
1012,export,3.0,2025-12-16
2147,dashboard,15.0,2025-11-21
1012,reports,39.0,2024-02-03
2404,analytics,9.0,2024-08-27
3431,dashboard,9.0,2025-01-18
2780,analytics,22.0,
508,export,4.0,2024-06-01
4749,export,16.0,
1168,dashboard,4.0,2025-09-01
3988,analytics,49.0,2024-10-15
4068,dashboard,38.0,2025-12-03
3670,reports,43.0,2024-05-05
4186,dashboard,43.0,01-01-2025
1680,export,25.0,2024-05-31
4686,ai_insights,35.0,04/27/2025
4647,export,5.0,2025-10-16
3064,dashboard,34.0,2025-09-28
4295,reports,2.0,2025-04-20
3939,analytics,12.0,2024-02-04
4287,export,47.0,2024-04-23
567,analytics,44.0,2025-06-22
2783,ai_insights,39.0,2025-11-04
4957,analytics,28.0,2024-10-27
2800,analytics,10.0,2025-09-13
4413,ai_insights,19.0,2025-07-23
3307,export,33.0,2024-05-25
2854,reports,49.0,2024-01-11
1773,analytics,44.0,2025-11-14
2085,dashboard,25.0,2025-07-14
1385,dashboard,3.0,2025-08-01
103,analytics,,2024-08-12
4206,dashboard,48.0,2025-05-10
2316,analytics,1.0,2025-11-10
2661,dashboard,1.0,02/01/2024
4225,reports,44.0,2025-06-20
2127,export,25.0,2025-04-03
857,analytics,7.0,2024-07-25
3037,reports,11.0,2025-05-22
2426,export,31.0,13-11-2024
2167,ai_insights,46.0,2025-08-20
234,reports,17.0,2025-11-04
2526,analytics,42.0,2025-05-28
990,analytics,,2024-08-10
57,reports,49.0,2024-01-03
259,analytics,7.0,2025-08-11
3395,export,31.0,2025-02-14
2632,ai_insights,44.0,2024-09-26
811,export,5.0,2025-07-16
4624,dashboard,17.0,2025-01-24
4519,analytics,39.0,22-10-2024
2533,dashboard,49.0,2024-09-05
2980,dashboard,15.0,2024-02-11
1310,reports,13.0,2024-02-05
1236,analytics,,2024-10-29
1943,reports,22.0,2025-07-31
70,export,,03/26/2025
3590,analytics,9.0,2024-05-15
3071,reports,34.0,2025-05-10
1293,dashboard,1.0,2024-09-21
3205,reports,19.0,11/22/2025
24,dashboard,19.0,2025-02-08
783,dashboard,46.0,2025-02-22
2229,analytics,8.0,02/01/2024
4684,reports,5.0,01/01/2024
1383,analytics,31.0,2024-06-12
4414,export,10.0,03-11-2025
296,export,26.0,2025-09-27
3713,analytics,27.0,20-10-2024
2902,analytics,29.0,
136,analytics,36.0,2024-05-17
4659,reports,46.0,2024-09-28
1761,analytics,15.0,2025-05-09
685,dashboard,25.0,2025-05-18
2694,dashboard,41.0,2024-08-06
1376,ai_insights,41.0,2025-05-21
3174,export,10.0,2024-05-08
1863,analytics,39.0,2024-05-29
1637,ai_insights,27.0,
3562,analytics,34.0,2024-01-25
2626,ai_insights,33.0,2025-08-30
638,analytics,33.0,2024-05-29
1860,analytics,25.0,2025-02-27
4965,ai_insights,16.0,2024-04-05
1847,reports,11.0,2024-12-28
2567,reports,26.0,2024-07-17
2180,analytics,41.0,2024-07-02
205,ai_insights,29.0,2025-05-13
15,ai_insights,28.0,2025-09-02
29,export,12.0,2025-03-25
3275,reports,11.0,2024-09-02
4677,ai_insights,21.0,2024-01-18
581,dashboard,14.0,2024-09-12
2430,analytics,39.0,2025-02-18
1313,ai_insights,39.0,2025-12-02
4931,export,13.0,2024-05-04
358,analytics,21.0,2025-07-21
1469,dashboard,30.0,2024-06-13
431,analytics,26.0,2025-02-11
4637,export,44.0,2025-06-14
2178,dashboard,28.0,2024-09-05
3573,ai_insights,31.0,2025-09-26
2977,dashboard,42.0,2025-04-09
3056,ai_insights,23.0,2025-11-19
766,ai_insights,21.0,2024-02-24
436,ai_insights,12.0,2025-11-26
2252,export,17.0,2024-01-18
4081,ai_insights,1.0,2025-09-16
853,dashboard,48.0,2025-05-01
1734,analytics,9.0,2024-08-22
822,analytics,35.0,2025-01-19
4697,export,34.0,06/17/2025
369,dashboard,42.0,2025-08-19
4726,reports,35.0,2025-08-07
4299,reports,45.0,2025-04-17
3816,export,25.0,01/19/2024
1160,analytics,22.0,2024-02-16
4651,dashboard,2.0,2024-06-27
2329,ai_insights,19.0,07/01/2025
848,reports,31.0,2024-04-14
515,ai_insights,40.0,2024-04-04
47,export,4.0,2025-11-07
1391,export,2.0,2024-09-13
3626,ai_insights,23.0,04-07-2024
4909,export,2.0,2025-06-19
2182,ai_insights,45.0,09/20/2024
553,export,34.0,2025-01-23
2228,dashboard,24.0,2025-09-01
3217,export,10.0,2025-01-22
4149,dashboard,31.0,22-05-2024
553,ai_insights,29.0,2025-07-21
1339,reports,33.0,14-02-2024
4873,analytics,33.0,2024-10-19
1710,analytics,47.0,2025-06-21
3033,ai_insights,14.0,08/03/2025
3447,reports,20.0,2024-06-29
1801,reports,22.0,2024-11-07
3203,analytics,7.0,09-07-2024
2574,export,39.0,2024-07-02
1756,ai_insights,29.0,2024-03-12
1223,analytics,41.0,2025-09-08
3220,analytics,47.0,01/19/2025
4577,dashboard,50.0,27-07-2024
3127,dashboard,28.0,2024-07-14
3776,export,29.0,2024-05-09
1898,export,20.0,
1693,export,43.0,2024-03-07
1898,ai_insights,50.0,2024-10-07
947,ai_insights,44.0,2024-08-28
3334,reports,31.0,12/08/2024
3005,analytics,31.0,2025-07-19
2015,dashboard,43.0,2024-01-23
3064,reports,13.0,2025-11-22
2494,dashboard,2.0,2024-01-08
89,analytics,38.0,2025-07-20
2827,dashboard,14.0,2025-09-12
3693,export,44.0,
922,analytics,44.0,2024-04-22
1283,reports,,
1144,dashboard,2.0,2025-09-12
1595,reports,27.0,24-10-2025
1869,ai_insights,36.0,04/06/2024
1037,dashboard,28.0,07/19/2024
1713,reports,31.0,07/03/2024
2394,export,,08/16/2025
3450,export,,2024-12-07
1674,dashboard,3.0,2024-12-30
2239,dashboard,46.0,2024-12-19
1263,dashboard,42.0,2025-05-13
2522,dashboard,8.0,2025-12-19
4208,export,4.0,2025-02-06
1430,ai_insights,29.0,
4244,reports,27.0,03/14/2025
4853,analytics,29.0,2024-10-04
4096,reports,1.0,12/08/2024
1985,reports,20.0,2024-02-25
2371,reports,13.0,2025-01-18
1217,export,42.0,2024-12-23
696,ai_insights,49.0,2025-03-18
1920,export,7.0,2025-06-25
3497,reports,29.0,11/18/2024
3318,reports,17.0,2024-03-16
3626,ai_insights,35.0,07-11-2024
2680,ai_insights,50.0,2025-06-03
1736,ai_insights,,07/03/2025
3949,reports,27.0,2024-06-13
4789,analytics,22.0,2024-10-02
785,dashboard,23.0,2024-05-20
4137,analytics,38.0,
4035,analytics,9.0,02/02/2024
2064,export,43.0,11/01/2025
883,ai_insights,43.0,2024-08-13
4782,analytics,25.0,2025-06-05
4943,dashboard,16.0,2024-10-07
4908,dashboard,18.0,2025-05-29
4573,reports,32.0,2025-02-24
173,export,14.0,2024-05-27
1632,ai_insights,45.0,07/24/2025
4863,reports,2.0,2025-05-15
2346,export,23.0,2025-04-17
1785,analytics,31.0,2024-07-17
2486,export,,2024-05-29
4969,analytics,37.0,2024-03-20
1244,analytics,44.0,2025-02-02
4767,analytics,8.0,09/29/2024
782,analytics,15.0,09/03/2024
1281,dashboard,10.0,2024-01-18
3803,reports,23.0,2024-10-10
61,dashboard,33.0,2025-10-02
522,dashboard,27.0,2025-10-17
4816,analytics,28.0,
143,reports,24.0,2024-02-09
3019,ai_insights,4.0,2025-03-23
2335,ai_insights,10.0,2025-07-28
2351,analytics,12.0,2025-08-16
2194,ai_insights,41.0,08-05-2024
3534,export,24.0,2025-03-13
3510,reports,35.0,11/23/2025
1047,ai_insights,2.0,2024-08-06
4697,export,3.0,2025-02-24
424,ai_insights,24.0,2025-10-26
213,ai_insights,6.0,2025-12-08
3991,export,37.0,2024-05-03
2897,dashboard,33.0,2024-08-09
718,ai_insights,39.0,2024-03-29
3549,reports,50.0,2025-04-12
269,dashboard,5.0,2025-07-28
1882,export,,2024-03-05
3357,export,10.0,
2425,analytics,11.0,2025-05-12
560,analytics,14.0,2025-07-29
4104,analytics,41.0,2024-09-30
3249,export,,2024-05-06
1281,ai_insights,35.0,2025-06-02
2575,reports,22.0,2024-11-01
62,reports,,2024-02-19
2542,reports,36.0,2024-02-04
4456,dashboard,8.0,2024-10-06
282,dashboard,17.0,2024-08-23
495,ai_insights,34.0,2024-05-10
2018,reports,33.0,2024-05-29
2651,dashboard,46.0,09/24/2024
3011,ai_insights,25.0,2024-10-17
1390,ai_insights,10.0,2025-09-03
847,analytics,11.0,2025-11-25
4935,export,,2025-10-13
4185,ai_insights,46.0,2025-12-12
489,ai_insights,21.0,2025-03-30
4286,reports,15.0,2025-03-26
528,export,5.0,2025-10-12
3342,dashboard,30.0,14-05-2025
355,ai_insights,26.0,2025-03-05
3967,export,15.0,2025-03-19
3171,dashboard,48.0,2024-04-18
1029,reports,14.0,2024-10-30
3148,export,1.0,2024-01-19
1364,ai_insights,46.0,2025-06-30
4717,reports,34.0,2024-12-24
563,dashboard,39.0,09/24/2025
4468,reports,22.0,12-11-2025
2979,ai_insights,27.0,09/29/2024
124,ai_insights,11.0,2025-06-09
130,ai_insights,48.0,2024-03-28
3907,dashboard,18.0,2025-05-01
2483,dashboard,29.0,2025-07-07
2145,ai_insights,24.0,10/01/2025
1715,reports,2.0,2024-06-10
37,export,37.0,2024-02-13
1090,analytics,50.0,2025-06-06
1480,analytics,49.0,03/11/2024
225,reports,48.0,2025-11-12
1944,export,1.0,2025-11-21
2355,export,44.0,2024-05-02
151,analytics,24.0,2024-04-09
2917,analytics,24.0,2024-07-13
1079,analytics,30.0,2025-05-31
3221,analytics,9.0,01/15/2024
747,analytics,21.0,2025-12-19
621,ai_insights,36.0,2024-12-18
1610,export,23.0,2025-03-10
1077,ai_insights,38.0,12/15/2025
4781,dashboard,20.0,2024-09-13
1727,ai_insights,12.0,2025-08-20
3696,ai_insights,40.0,2024-08-15
4077,ai_insights,9.0,2025-02-03
4711,reports,17.0,2025-06-12
1120,dashboard,,2025-04-06
2357,analytics,39.0,2024-03-18
2075,reports,3.0,2025-09-09
1254,ai_insights,37.0,2025-01-21
596,dashboard,11.0,2024-01-30
3171,export,9.0,16-10-2024
4279,reports,39.0,2024-08-21
762,reports,32.0,2025-03-26
205,analytics,2.0,2024-12-17
771,reports,19.0,2024-12-14
2684,dashboard,39.0,08/31/2024
2103,export,5.0,09/30/2024
1665,ai_insights,8.0,2025-01-29
3423,analytics,12.0,2024-08-15
1146,ai_insights,13.0,2024-07-06
3685,reports,21.0,05/29/2024
2116,analytics,21.0,2025-04-24
1714,export,41.0,2024-10-28
1724,ai_insights,34.0,2025-02-26
2948,reports,38.0,2025-12-23
2259,analytics,44.0,2025-11-17
4228,reports,,2025-04-17
344,dashboard,11.0,2024-05-03
4750,ai_insights,19.0,04/12/2025
3107,reports,13.0,04/02/2024
4084,reports,11.0,2024-07-14
3894,analytics,23.0,2025-05-25
833,dashboard,9.0,27-11-2024
2106,analytics,43.0,10/27/2024
4388,reports,30.0,2025-02-09
4607,ai_insights,11.0,2025-01-16
626,export,4.0,2024-09-30
2384,reports,20.0,2024-11-18
2445,export,34.0,2024-05-23
2600,dashboard,34.0,11/23/2025
2057,dashboard,49.0,21-12-2024
2151,dashboard,44.0,2024-04-19
3388,reports,40.0,06/02/2025
4984,export,12.0,2025-07-13
3087,reports,29.0,2025-06-14
1297,export,38.0,2024-08-01
703,reports,3.0,2025-05-29
3016,ai_insights,32.0,2025-11-25
4036,dashboard,,06/04/2024
4847,analytics,8.0,2024-05-30
3543,dashboard,43.0,2024-07-01
2347,export,28.0,10/09/2025
703,export,17.0,2024-03-20
1583,reports,15.0,2025-11-27
3990,export,3.0,2025-12-17
4130,reports,39.0,2024-10-16
2873,dashboard,13.0,2024-09-28
4177,export,2.0,2024-11-22
2096,export,6.0,03/24/2024
1739,dashboard,24.0,2025-07-20
2826,dashboard,9.0,30-06-2024
1190,export,,2024-09-22
2900,reports,32.0,16-04-2024
4066,export,11.0,2024-09-11
59,export,14.0,2024-08-28
1499,reports,20.0,2024-04-22
702,analytics,45.0,2024-12-27
1328,dashboard,19.0,04/21/2025
2462,dashboard,,2024-08-31
3861,dashboard,5.0,2025-12-08
3944,reports,35.0,2024-01-09
445,export,34.0,2025-09-27
2996,analytics,30.0,10/23/2024
289,analytics,12.0,2025-01-11
2037,analytics,25.0,2025-11-27
3596,reports,24.0,2025-02-22
2816,dashboard,22.0,19-02-2025
2499,dashboard,43.0,2025-04-25
288,analytics,14.0,2024-03-20
3545,export,19.0,24-09-2024
3481,reports,31.0,2024-10-21
332,ai_insights,29.0,2025-08-22
3771,analytics,18.0,2025-10-04
2924,reports,3.0,2024-10-08
748,export,45.0,27-05-2024
2757,dashboard,8.0,01/24/2024
1587,analytics,39.0,2025-03-03
4726,ai_insights,50.0,07/02/2024
3016,ai_insights,41.0,2025-05-12
4896,analytics,50.0,01/08/2025
3048,ai_insights,32.0,2025-03-27
300,ai_insights,38.0,2024-03-04
2867,dashboard,19.0,2024-12-21
399,ai_insights,25.0,2024-06-03
1098,ai_insights,20.0,2025-05-11
145,export,,
3669,analytics,44.0,2025-10-21
890,analytics,5.0,2025-08-17
1083,dashboard,39.0,2024-03-22
4066,reports,17.0,12-06-2024
2235,dashboard,30.0,2025-12-02
4002,dashboard,42.0,2025-09-24
514,analytics,37.0,2024-10-28
4137,reports,8.0,2024-07-04
3409,dashboard,24.0,12-03-2025
3386,dashboard,1.0,2025-04-16
583,dashboard,30.0,2025-09-08
1557,export,39.0,2025-12-26
4046,dashboard,6.0,02-02-2024
2166,reports,24.0,2024-03-18
627,dashboard,21.0,11/23/2025
4237,analytics,26.0,2025-05-20
1797,export,17.0,
1016,export,43.0,2024-01-30
4719,export,39.0,2024-10-03
3583,reports,11.0,2024-11-26
4817,export,21.0,11/05/2024
3278,export,37.0,06-03-2024
3968,ai_insights,26.0,14-10-2024
98,reports,24.0,2024-09-12
4000,dashboard,1.0,2025-07-12
4651,export,41.0,2025-06-29
3223,analytics,20.0,2024-11-23
523,export,17.0,2025-01-14
85,ai_insights,33.0,2024-03-24
183,export,16.0,2025-10-07
3404,reports,50.0,2025-05-24
4738,ai_insights,36.0,2024-11-19
4690,dashboard,42.0,2025-01-16
3756,analytics,50.0,2024-07-06
3579,dashboard,12.0,2025-01-03
411,analytics,6.0,2025-05-10
2095,ai_insights,27.0,2024-04-13
2537,analytics,5.0,2024-01-28
2273,export,13.0,2024-05-31
552,analytics,36.0,2025-05-19
2670,reports,27.0,2025-07-23
4421,analytics,9.0,03-07-2025
417,ai_insights,48.0,12-10-2024
4943,analytics,25.0,2025-12-05
267,ai_insights,40.0,2024-01-25
3963,export,22.0,2024-02-16
3010,ai_insights,20.0,2025-03-10
455,ai_insights,15.0,2025-02-15
86,ai_insights,31.0,10/17/2024
2963,reports,,06/12/2024
2948,export,2.0,2024-09-10
1668,export,50.0,2024-06-26
4806,analytics,40.0,2025-10-15
4550,analytics,19.0,2025-04-23
3530,dashboard,,2024-01-22
226,export,14.0,2025-10-28
460,analytics,9.0,2025-05-26
4067,dashboard,12.0,2024-12-09
2924,ai_insights,16.0,2025-09-06
4474,reports,9.0,2025-12-05
4324,export,2.0,2025-12-29
761,ai_insights,30.0,07/02/2024
2847,dashboard,18.0,2024-04-29
3122,export,19.0,2024-11-04
952,dashboard,19.0,2025-09-11
1711,export,49.0,07/01/2024
317,export,1.0,05/13/2025
2658,reports,38.0,2025-12-28
2725,export,15.0,2025-04-17
89,dashboard,50.0,2025-07-27
2833,reports,23.0,2025-10-26
151,analytics,6.0,2024-05-09
774,ai_insights,36.0,2024-10-04
2189,analytics,9.0,2025-10-14
2765,reports,42.0,10/10/2024
337,export,17.0,2025-10-24
857,dashboard,14.0,2024-06-20
798,export,4.0,2024-11-20
4391,analytics,47.0,2024-03-04
1407,export,14.0,2025-12-27
1702,dashboard,34.0,27-12-2024
1395,export,18.0,07/31/2024
3920,dashboard,9.0,08/09/2025
3464,dashboard,5.0,03/04/2025
118,reports,25.0,2025-11-20
420,analytics,30.0,2024-06-09
1677,reports,29.0,2024-11-15
3694,export,7.0,12/03/2024
3349,export,24.0,
1059,export,35.0,2024-08-06
4320,ai_insights,12.0,2025-10-22
2720,export,39.0,2025-01-25
2933,export,9.0,2025-07-04
4017,analytics,28.0,2024-08-16
2049,export,22.0,2024-02-23
2305,analytics,1.0,2024-03-11
2503,analytics,20.0,
1421,reports,38.0,03/14/2024
892,analytics,33.0,2024-03-02
8,ai_insights,12.0,2024-10-18
4213,dashboard,13.0,2024-03-28
4131,reports,35.0,03/18/2024
1862,analytics,19.0,
4960,reports,44.0,2025-05-12
4043,reports,4.0,2025-03-08
1500,analytics,49.0,2024-05-12
3700,export,39.0,2025-07-26
3754,ai_insights,38.0,2025-06-08
370,reports,17.0,2025-11-01
1248,ai_insights,38.0,2025-10-03
3323,dashboard,36.0,2025-05-10
299,export,22.0,2025-03-18
1195,analytics,18.0,05/26/2025
2578,dashboard,6.0,2025-12-29
3839,export,44.0,2024-04-18
98,analytics,33.0,2024-11-15
158,dashboard,32.0,2024-02-22
1982,export,13.0,2025-11-03
1360,dashboard,4.0,10/20/2024
2773,reports,,30-10-2025
2289,reports,4.0,2025-01-04
4822,analytics,46.0,2025-08-25
2113,ai_insights,17.0,2024-03-15
3021,analytics,34.0,2025-12-31
2004,reports,4.0,2024-03-07
4922,analytics,15.0,2025-04-28
2328,dashboard,25.0,2024-11-22
1020,reports,1.0,11/03/2025
2387,export,14.0,2025-03-28
1523,dashboard,34.0,2024-10-12
531,ai_insights,42.0,2024-10-18
1129,reports,27.0,2024-01-09
556,analytics,36.0,2024-08-25
2881,ai_insights,,2025-07-18
539,ai_insights,22.0,05/18/2024
1558,reports,9.0,2024-12-08
3039,analytics,29.0,08-12-2025
152,dashboard,45.0,2025-09-26
510,reports,7.0,25-08-2024
4021,dashboard,40.0,
3732,export,30.0,02/15/2024
4898,analytics,1.0,2025-11-23
897,export,35.0,2024-06-19
1255,ai_insights,6.0,2024-01-10
772,reports,,2025-10-07
547,analytics,14.0,2024-07-25
526,reports,25.0,2024-08-08
4696,dashboard,27.0,2025-09-09
3784,ai_insights,6.0,2025-04-24
298,export,50.0,2024-02-22
527,reports,48.0,11/23/2025
111,reports,36.0,2025-08-21
4329,reports,27.0,2024-10-28
1745,ai_insights,18.0,2025-07-06
3697,ai_insights,1.0,2024-06-06
2945,ai_insights,9.0,2025-09-03
629,ai_insights,7.0,2025-01-10
527,ai_insights,4.0,2025-11-06
659,analytics,44.0,2025-04-18
2249,analytics,31.0,2025-04-25
2191,reports,1.0,2024-07-08
1572,export,36.0,2025-10-07
1408,analytics,12.0,2025-05-31
4888,ai_insights,7.0,2024-03-14
1673,ai_insights,16.0,2025-11-13
460,reports,39.0,2024-02-13
1711,export,49.0,
3097,reports,22.0,2024-06-09
3370,export,35.0,2024-01-26
3785,export,15.0,2025-08-19
1975,analytics,28.0,2025-04-27
4864,dashboard,43.0,2025-01-21
495,analytics,9.0,2025-07-21
3498,ai_insights,4.0,2025-12-26
4010,analytics,39.0,04/11/2025
2241,ai_insights,7.0,2025-07-19
2084,ai_insights,13.0,2025-07-27
2876,export,29.0,2024-04-15
1248,ai_insights,,
737,dashboard,47.0,2025-07-25
3075,analytics,39.0,2025-06-27
3677,dashboard,43.0,22-02-2025
2903,export,37.0,2025-07-17
545,reports,44.0,10/04/2024
1375,export,45.0,2025-06-11
1468,analytics,4.0,2024-08-10
1931,dashboard,28.0,2024-02-16
4401,export,3.0,2024-07-26
249,dashboard,18.0,04/05/2024
1715,dashboard,2.0,2025-07-18
627,dashboard,14.0,2025-05-12
1029,reports,33.0,2025-04-23
3436,dashboard,30.0,2024-01-01
3245,export,23.0,2024-02-11
1571,ai_insights,36.0,2024-03-22
1365,analytics,45.0,2024-04-05
3019,ai_insights,5.0,2025-11-15
15,ai_insights,15.0,2025-12-02
2137,dashboard,10.0,2024-11-30
4072,ai_insights,37.0,2025-02-20
2906,dashboard,11.0,2025-12-04
4368,reports,41.0,2025-10-17
778,analytics,5.0,2024-08-25
1802,dashboard,17.0,2025-12-24
4127,ai_insights,23.0,2025-03-05
1127,ai_insights,3.0,2024-01-13
4058,ai_insights,10.0,2024-09-20
1346,reports,16.0,2024-05-31
3668,dashboard,39.0,2025-12-24
4408,analytics,34.0,2024-07-20
3053,ai_insights,7.0,12/18/2025
3491,ai_insights,7.0,2024-06-23
971,reports,24.0,2024-02-26
1276,reports,2.0,2024-05-19
4590,dashboard,50.0,2024-06-05
1041,ai_insights,22.0,2024-04-15
2810,reports,49.0,2024-04-15
4039,export,43.0,2024-10-04
1545,reports,8.0,2025-11-09
2430,dashboard,31.0,2024-07-11
2310,export,2.0,2024-03-04
2074,reports,1.0,2025-04-24
4533,reports,49.0,2024-08-26
4122,reports,14.0,2024-11-16
3016,dashboard,10.0,2025-08-08
3631,export,14.0,2024-09-22
3045,analytics,4.0,2024-09-23
730,analytics,27.0,2025-07-08
2608,ai_insights,46.0,2025-06-03
3003,analytics,39.0,2024-12-07
3484,ai_insights,5.0,2025-05-10
1738,reports,49.0,10/14/2025
696,export,,2025-08-08
4026,reports,7.0,2024-03-21
298,analytics,24.0,2025-10-20
2762,export,8.0,
2125,ai_insights,9.0,13-11-2024
3608,reports,21.0,2025-09-27
4591,ai_insights,6.0,2024-02-13
761,dashboard,43.0,2024-11-21
973,reports,48.0,2024-07-03
586,dashboard,19.0,2025-07-22
4834,ai_insights,41.0,14-10-2024
4908,export,46.0,2024-11-27
2581,reports,31.0,02/18/2024
2550,ai_insights,45.0,09/08/2025
4327,dashboard,12.0,11/21/2025
4380,ai_insights,22.0,2024-10-14
946,reports,18.0,07-03-2024
4873,ai_insights,12.0,2024-08-26
4470,export,38.0,06/08/2024
2057,ai_insights,34.0,10/13/2025
3922,export,35.0,
4956,ai_insights,36.0,2025-08-27
888,reports,35.0,2025-08-17
1525,reports,50.0,2025-01-06
4862,analytics,33.0,2024-06-30
4462,analytics,27.0,16-12-2024
2554,export,30.0,2025-05-25
1738,export,25.0,2025-10-05
2744,export,39.0,2024-01-08
3439,ai_insights,,2024-08-14
2802,analytics,1.0,2024-02-12
3234,dashboard,23.0,2025-12-03
1354,export,26.0,05/25/2024
165,ai_insights,17.0,2025-01-03
2212,ai_insights,38.0,08/14/2024
4921,reports,46.0,2025-09-23
3168,analytics,6.0,2025-11-23
4849,analytics,37.0,2024-01-12
673,ai_insights,1.0,2024-12-12
4974,export,44.0,2025-03-10
4753,analytics,15.0,09/27/2024
2714,reports,,2025-12-23
2232,reports,31.0,2025-02-17
2708,export,37.0,2025-11-30
3207,export,6.0,2025-08-11
1004,analytics,24.0,2024-04-12
1473,dashboard,37.0,08/29/2024
2704,ai_insights,6.0,2024-10-23
3922,reports,18.0,02-04-2025
1478,analytics,24.0,2025-11-08
1347,ai_insights,42.0,2025-07-11
3897,export,31.0,04/24/2025
2326,export,39.0,2025-08-24
3886,ai_insights,5.0,2025-10-17
2527,reports,15.0,2024-07-21
1642,analytics,50.0,2024-08-08
4067,reports,8.0,2024-06-24
1671,export,18.0,2025-12-25
3004,export,11.0,2025-04-17
1469,ai_insights,31.0,2024-07-22
669,dashboard,16.0,2025-08-30
4559,reports,45.0,2024-11-24
2399,dashboard,7.0,09/20/2024
399,export,9.0,2024-11-13
1939,export,1.0,2024-03-23
308,analytics,34.0,2024-09-03
2164,ai_insights,9.0,11-04-2025
3416,dashboard,24.0,2024-02-06
2673,export,7.0,2024-06-12
3981,reports,22.0,2024-12-17
1752,export,13.0,2024-01-01
1800,ai_insights,15.0,08/29/2024
3878,reports,21.0,02/17/2024
328,reports,39.0,2024-04-16
1383,reports,47.0,2025-05-06
341,dashboard,43.0,10/27/2024
333,analytics,40.0,2024-05-20
1366,analytics,14.0,2024-12-14
4551,analytics,41.0,2024-06-04
269,analytics,4.0,14-01-2024
4241,export,23.0,2025-10-05
1863,export,50.0,2024-05-12
4843,analytics,18.0,04/13/2025
2473,analytics,4.0,2025-04-19
2392,export,4.0,2025-08-19
3701,export,35.0,2025-04-08
3041,reports,25.0,2024-12-29
4932,ai_insights,42.0,2024-11-20
1825,export,1.0,2025-10-17
2478,export,,2024-10-18
1548,dashboard,7.0,2024-08-07
3859,dashboard,,06-12-2024
218,dashboard,22.0,
2732,ai_insights,32.0,2025-06-12
4512,ai_insights,22.0,03/23/2025
2202,export,1.0,2024-07-13
1137,analytics,36.0,2025-06-01
1230,reports,3.0,2024-02-03
560,ai_insights,25.0,2024-06-05
2252,reports,20.0,11/21/2024
552,dashboard,13.0,2024-08-07
4629,reports,26.0,2024-10-19
2027,ai_insights,42.0,2025-10-19
1092,dashboard,14.0,2025-08-29
4490,dashboard,10.0,2025-12-27
2035,dashboard,48.0,2024-02-29
1286,export,3.0,2024-03-11
737,analytics,37.0,2024-10-10
1701,export,14.0,2025-02-23
2107,reports,37.0,2024-07-28
3286,ai_insights,8.0,2024-05-28
1913,export,14.0,2024-09-21
990,export,36.0,2025-11-19
379,export,49.0,2025-10-09
1235,ai_insights,,2025-10-06
72,ai_insights,47.0,03/08/2025
3813,reports,50.0,2024-12-19
1733,analytics,6.0,2024-12-07
3704,dashboard,,2025-07-12
1065,reports,36.0,2025-11-22
1157,dashboard,32.0,10/27/2024
4981,dashboard,36.0,11/30/2025
2132,export,13.0,2024-04-18
1971,dashboard,18.0,2024-11-12
1693,dashboard,16.0,10/14/2024
605,analytics,43.0,2025-01-28
1347,reports,23.0,2024-04-14
1203,reports,7.0,03/07/2025
2848,reports,8.0,2025-02-22
1252,analytics,36.0,05/30/2025
1543,export,46.0,2025-07-24
1141,analytics,4.0,2024-01-13
2476,reports,23.0,2025-09-14
3171,dashboard,47.0,2024-05-09
4980,export,13.0,2025-10-23
1369,reports,32.0,2024-07-04
4813,ai_insights,42.0,2025-02-11
1067,dashboard,32.0,2025-02-16
519,reports,46.0,2025-02-02
419,export,33.0,2025-09-03
1291,export,24.0,07/22/2025
2461,ai_insights,24.0,2024-01-04
2362,reports,42.0,2024-11-02
693,export,37.0,2024-04-30
3532,ai_insights,21.0,2024-12-21
4341,reports,2.0,06/13/2024
2708,dashboard,19.0,17-12-2025
4865,ai_insights,4.0,2025-03-28
2118,export,47.0,2025-09-06
3023,export,16.0,2025-11-05
1205,ai_insights,11.0,2025-08-21
4551,ai_insights,,03/17/2024
582,ai_insights,17.0,2024-02-15
1778,analytics,8.0,2024-11-30
2085,dashboard,16.0,2025-04-15
73,reports,5.0,02/22/2025
4030,reports,41.0,2024-11-20
2822,export,,2025-10-27
1929,analytics,35.0,2024-11-29
2989,analytics,28.0,2024-04-20
3048,analytics,37.0,01/02/2024
676,analytics,,04/03/2025
2898,analytics,48.0,2025-01-11
3876,ai_insights,13.0,2025-08-14
3954,reports,34.0,2024-06-30
3625,dashboard,10.0,01/12/2025
4352,reports,47.0,2024-12-08
3539,ai_insights,9.0,10/14/2024
4195,dashboard,36.0,2024-05-01
3463,export,5.0,2024-06-11
3915,export,8.0,2024-03-20
4789,ai_insights,29.0,2024-02-26
1013,reports,36.0,2025-03-11
4967,ai_insights,30.0,16-10-2024
1788,analytics,3.0,2025-03-21
3751,ai_insights,35.0,2024-08-31
3841,ai_insights,39.0,2025-01-07
2088,analytics,50.0,2025-12-18
4407,export,12.0,2024-02-03
1743,ai_insights,,
221,dashboard,46.0,01/14/2024
3939,dashboard,40.0,2024-09-06
2191,dashboard,22.0,2025-07-30
4601,reports,7.0,2024-07-20
4483,dashboard,8.0,2025-10-17
4883,ai_insights,4.0,2024-05-08
4941,reports,47.0,2024-02-25
2382,analytics,47.0,2025-05-22
4292,dashboard,26.0,
3262,reports,13.0,2024-01-18
1837,reports,32.0,12/21/2025
4480,analytics,32.0,05/19/2025
523,ai_insights,7.0,2024-11-27
4681,ai_insights,7.0,11/29/2024
3680,analytics,15.0,2025-05-18
591,export,9.0,2024-05-30
2096,export,8.0,
1055,ai_insights,5.0,2024-05-20
1532,dashboard,13.0,2025-04-15
4648,ai_insights,2.0,2024-04-21
3614,export,43.0,2024-07-31
4894,dashboard,2.0,2025-08-10
4100,dashboard,20.0,2024-11-09
4500,dashboard,46.0,2025-12-12
3596,reports,16.0,2025-10-07
4833,ai_insights,47.0,05/09/2024
521,ai_insights,7.0,06/18/2025
1670,export,26.0,2025-05-28
4976,reports,20.0,2025-05-17
4480,analytics,27.0,09/29/2024
4258,ai_insights,17.0,09-03-2025
205,reports,19.0,02/07/2025
3508,analytics,37.0,2025-12-02
1992,ai_insights,42.0,06/03/2024
4937,ai_insights,13.0,2024-09-12
4174,export,1.0,2025-12-16
609,analytics,7.0,2024-08-25
4339,reports,20.0,07/06/2024
2493,analytics,9.0,2024-10-20
3660,ai_insights,20.0,17-01-2025
1866,ai_insights,29.0,2025-07-01
1608,export,10.0,2024-10-19
875,reports,45.0,2025-01-06
4244,ai_insights,21.0,2025-12-10
2832,export,2.0,2024-10-05
4192,analytics,18.0,2024-01-12
3368,analytics,40.0,12/04/2025
131,analytics,33.0,2024-04-30
1635,export,48.0,2024-03-20
333,dashboard,22.0,12/15/2024
2103,reports,49.0,04/08/2024
1787,analytics,7.0,2024-12-28
4098,analytics,18.0,2025-11-22
4870,analytics,11.0,2024-02-18
3083,dashboard,37.0,2025-12-06
3567,dashboard,18.0,2024-03-11
3999,reports,25.0,03/27/2025
4214,export,13.0,2024-03-03
1136,reports,9.0,2024-05-05
3613,analytics,7.0,2024-05-22
3763,reports,3.0,2024-07-17
623,analytics,17.0,2025-02-17
3308,dashboard,26.0,2024-10-21
2353,ai_insights,40.0,05-03-2025
1264,dashboard,,2025-09-14
2466,reports,23.0,29-02-2024
3306,export,1.0,05/05/2025
4157,ai_insights,25.0,2025-08-28
2730,analytics,15.0,2024-11-21
1137,dashboard,36.0,2025-08-29
2247,reports,9.0,02-10-2025
4612,dashboard,,2024-07-03
660,ai_insights,38.0,2025-04-12
1783,ai_insights,17.0,12/18/2024
2670,reports,14.0,2024-11-22
3655,export,42.0,2025-12-13
780,analytics,45.0,2025-08-27
1662,dashboard,14.0,2024-10-28
2739,reports,33.0,2024-11-17
2118,dashboard,50.0,2025-02-24
4424,dashboard,18.0,2024-01-08
1983,ai_insights,,2025-04-12
2709,dashboard,13.0,2024-05-31
2289,dashboard,43.0,2025-04-08
542,analytics,49.0,2024-07-08
4500,export,9.0,2024-02-29
1408,analytics,6.0,2024-07-02
766,export,15.0,2024-12-16
2904,ai_insights,28.0,2024-08-11
1840,ai_insights,8.0,2025-07-11
4732,dashboard,18.0,2025-07-26
4273,dashboard,47.0,2024-03-08
3744,analytics,44.0,2024-10-15
298,analytics,32.0,2025-12-09
3796,analytics,,2025-12-01
4492,reports,11.0,2025-10-02
4544,dashboard,6.0,18-05-2024
526,reports,26.0,2025-07-17
4635,export,20.0,2025-06-05
4893,export,13.0,2025-03-26
15,export,7.0,2024-11-15
3873,ai_insights,34.0,2025-06-03
885,export,32.0,2024-01-22
4502,ai_insights,50.0,2025-05-10
239,reports,49.0,22-05-2025
1223,ai_insights,44.0,2024-02-26
2755,analytics,19.0,2025-01-14
1873,reports,31.0,02/23/2024
2871,analytics,17.0,2024-06-11
4155,ai_insights,26.0,2024-05-29
3731,ai_insights,31.0,2024-08-08
3381,dashboard,27.0,2024-04-20
4614,analytics,7.0,2024-09-10
4742,dashboard,22.0,2025-02-18
2368,reports,49.0,2025-07-15
2839,dashboard,36.0,2024-07-03
2348,reports,,2025-12-03
4485,dashboard,25.0,2025-09-10
4755,analytics,7.0,2024-12-11
3141,ai_insights,48.0,
4448,dashboard,46.0,2024-02-24
3397,dashboard,24.0,2024-07-10
806,reports,21.0,2025-07-04
1891,ai_insights,14.0,2025-12-21
3989,export,35.0,2025-05-03
3783,ai_insights,,08/04/2024
588,analytics,29.0,2025-05-06
91,dashboard,19.0,2024-12-14
4136,ai_insights,26.0,2024-01-28
73,reports,3.0,11/15/2025
4103,analytics,33.0,2025-09-24
1578,export,24.0,
3501,reports,43.0,2025-04-25
3927,ai_insights,23.0,08/08/2024
389,analytics,32.0,2025-10-06
2101,export,,2024-07-04
1925,export,36.0,2025-07-17
1187,reports,17.0,2025-10-20
27,export,22.0,2025-07-17
971,analytics,6.0,2025-03-09
835,reports,16.0,2025-11-10
4738,export,41.0,2025-10-01
2155,dashboard,32.0,2025-12-14
4850,export,33.0,05/26/2024
4567,export,,2024-10-14
4200,export,47.0,2024-05-26
4094,ai_insights,9.0,2025-11-22
4055,ai_insights,37.0,04/09/2024
4078,reports,34.0,2024-12-13
1928,ai_insights,39.0,2024-03-05
1928,dashboard,10.0,2024-10-10
1056,ai_insights,44.0,01/17/2025
4493,analytics,32.0,2024-10-22
4357,dashboard,40.0,2024-12-15
677,analytics,12.0,2025-08-22
4710,export,38.0,2024-01-26
697,ai_insights,12.0,01-05-2024
3109,ai_insights,41.0,2024-09-01
3488,ai_insights,12.0,2025-05-06
990,reports,,2024-01-02
2112,analytics,31.0,2024-03-18
4456,reports,,02/27/2024
2833,analytics,2.0,2025-03-05
3476,analytics,38.0,11-07-2024
3577,analytics,14.0,2025-05-17
231,dashboard,4.0,2025-03-02
4173,reports,44.0,2025-03-24
2907,export,20.0,2025-01-16
2168,ai_insights,45.0,2025-03-23
718,export,36.0,
1975,dashboard,5.0,2025-09-09
1713,analytics,12.0,2025-01-23
1665,export,26.0,2024-11-03
2195,ai_insights,14.0,2024-07-14
4827,export,15.0,2025-06-09
2442,export,21.0,2025-10-14
4395,reports,11.0,04/04/2024
2712,ai_insights,41.0,2024-08-24
3812,dashboard,24.0,2025-12-17
1269,reports,,2024-09-05
2232,dashboard,32.0,2025-12-26
3274,analytics,35.0,2024-06-11
1762,analytics,40.0,2024-03-10
4346,dashboard,7.0,2024-10-29
3030,dashboard,34.0,2024-08-05
4969,analytics,10.0,2024-06-23
3926,dashboard,10.0,2025-07-27
988,ai_insights,,2024-12-31
3214,analytics,40.0,2024-11-03
4025,dashboard,44.0,2024-04-12
2713,reports,41.0,2024-10-06
1093,reports,20.0,08/01/2024
3072,reports,26.0,2025-11-08
711,dashboard,34.0,2024-03-20
2993,export,46.0,2024-08-27
689,ai_insights,44.0,2024-07-06
278,reports,35.0,2025-07-17
3719,analytics,7.0,03/22/2024
947,export,28.0,2024-12-14
2665,analytics,3.0,2024-11-16
3840,analytics,24.0,2024-11-27
570,analytics,26.0,2025-05-25
3753,reports,33.0,02/14/2024
1418,ai_insights,31.0,2025-02-14
4731,ai_insights,38.0,2024-09-10
2292,analytics,18.0,2025-08-12
987,ai_insights,31.0,2024-11-20
530,dashboard,,2024-10-24
3775,export,37.0,2025-12-29
3131,export,12.0,2024-11-19
2888,dashboard,5.0,2024-10-06
4104,analytics,38.0,2024-03-13
844,ai_insights,,2024-06-24
3654,ai_insights,25.0,01/06/2024
773,analytics,8.0,2025-07-14
3423,analytics,21.0,06/01/2025
4022,analytics,40.0,2024-07-29
503,analytics,39.0,
3223,analytics,37.0,2024-04-25
3903,export,8.0,2024-01-13
1965,analytics,38.0,
1010,dashboard,39.0,2024-07-16
4631,analytics,32.0,2025-11-06
3598,reports,7.0,2024-01-09
2466,export,24.0,2024-05-10
283,analytics,47.0,03/08/2024
3509,analytics,46.0,2025-08-13
4460,export,46.0,2024-01-13
3477,dashboard,,2024-03-20
2774,reports,40.0,2025-06-14
4396,reports,,2025-02-17
2494,reports,34.0,2025-05-03
3382,ai_insights,23.0,11/25/2025
428,analytics,31.0,01/06/2025
2128,analytics,31.0,2024-12-11
2189,reports,36.0,2025-05-20
3449,reports,4.0,2024-06-17
1409,export,7.0,2025-12-21
2998,reports,11.0,2024-12-07
195,ai_insights,38.0,2024-07-14
1045,ai_insights,9.0,02/20/2025
1951,ai_insights,47.0,2025-08-25
4750,analytics,49.0,2025-07-21
1750,reports,15.0,2024-12-20
1986,ai_insights,6.0,04/03/2025
2888,export,,2024-07-31
1814,analytics,46.0,2024-08-04
4500,dashboard,47.0,11/25/2024
2382,ai_insights,29.0,07/11/2025
4207,reports,1.0,2024-05-31
1983,analytics,10.0,2025-02-14
2390,dashboard,39.0,05/22/2024
3822,ai_insights,50.0,2024-01-20
2822,ai_insights,32.0,08/22/2025
141,ai_insights,18.0,2025-06-11
1030,export,28.0,2025-02-06
1105,export,10.0,
560,ai_insights,42.0,10/14/2024
3516,analytics,16.0,05/20/2025
1320,export,7.0,2025-12-23
2331,reports,21.0,2025-02-23
1391,ai_insights,39.0,10/11/2025
4243,export,12.0,2024-08-19
1600,export,15.0,2025-01-29
1342,reports,30.0,2024-09-05
3963,dashboard,31.0,2024-10-02
2484,export,26.0,2024-04-04
2230,reports,15.0,2024-01-29
926,analytics,36.0,11/13/2025
887,reports,,2025-01-16
4779,analytics,37.0,2025-05-22
1669,analytics,5.0,01/08/2024
1139,analytics,12.0,2024-03-25
4727,analytics,7.0,2025-05-03
1480,analytics,13.0,
1761,dashboard,15.0,2025-06-01
932,reports,28.0,2024-07-21
4629,export,5.0,2025-10-10
2984,ai_insights,43.0,2024-02-10
2164,reports,23.0,2024-10-24
298,ai_insights,6.0,10/19/2024
1248,reports,41.0,2024-11-06
575,dashboard,23.0,
3551,analytics,25.0,2024-06-14
582,analytics,9.0,2024-01-24
1178,reports,19.0,2024-07-03
1758,analytics,7.0,2024-01-09
4331,export,39.0,2024-05-15
3190,analytics,29.0,2024-01-31
72,reports,34.0,01/07/2025
40,dashboard,27.0,2024-06-19
2798,analytics,34.0,2024-08-04
1109,dashboard,7.0,03/12/2024
4370,export,3.0,2025-05-11
3846,reports,31.0,2024-03-31
234,reports,21.0,07/30/2024
1259,reports,49.0,2025-10-08
3301,dashboard,19.0,2024-12-14
2018,dashboard,11.0,2025-11-27
2631,reports,45.0,19-07-2024
4757,dashboard,50.0,2024-09-19
2694,ai_insights,44.0,2025-11-23
168,analytics,1.0,2025-09-16
4294,ai_insights,42.0,2025-08-19
2729,analytics,9.0,2025-12-02
2918,analytics,45.0,2025-05-17
903,export,40.0,05/30/2024
4699,dashboard,40.0,2024-03-31
1971,analytics,8.0,2025-02-23
1145,analytics,30.0,07/01/2025
2779,ai_insights,7.0,2024-06-20
4186,export,10.0,2025-12-20
4870,analytics,19.0,29-06-2024
4422,reports,45.0,2025-12-12
2563,analytics,8.0,2024-10-01
3417,analytics,17.0,2025-01-13
365,dashboard,30.0,2024-01-19
2019,ai_insights,,19-04-2024
618,analytics,1.0,2025-01-10
3984,analytics,41.0,28-03-2024
1728,reports,5.0,03/23/2024
3104,dashboard,40.0,2025-09-14
3439,reports,19.0,04/01/2024
2042,ai_insights,33.0,2024-10-21
1691,analytics,11.0,2025-03-22
761,dashboard,28.0,
3051,analytics,7.0,2024-11-14
1632,export,25.0,2025-11-26
2449,analytics,32.0,2025-12-26
2727,dashboard,27.0,2024-04-09
2095,ai_insights,42.0,2025-06-08
3757,reports,48.0,2024-11-30
60,export,38.0,2024-10-25
4187,dashboard,46.0,2024-09-10
4869,dashboard,38.0,2024-09-22
3456,analytics,11.0,2025-09-07
1373,ai_insights,46.0,2025-11-30
2506,reports,33.0,04/15/2024
2197,analytics,23.0,2024-03-11
3175,dashboard,40.0,2025-06-29
4124,analytics,47.0,
3780,export,1.0,2025-07-11
1108,reports,42.0,2024-05-26
2514,reports,33.0,2025-09-16
89,dashboard,35.0,2024-11-11
1920,export,46.0,02/19/2025
1483,analytics,47.0,2024-02-14
248,analytics,35.0,2025-09-30
4506,analytics,1.0,2024-11-10
3024,ai_insights,26.0,
3400,dashboard,20.0,2024-06-02
3089,reports,15.0,2024-01-09
1841,dashboard,45.0,2025-03-05
4060,export,49.0,2025-04-17
2558,export,21.0,2024-05-17
4189,ai_insights,48.0,2024-07-29
471,reports,18.0,2025-12-25
711,dashboard,47.0,2024-08-09
4440,dashboard,33.0,01/10/2025
594,export,11.0,2024-03-09
4147,export,23.0,02/13/2024
2972,ai_insights,,2024-01-10
3036,analytics,1.0,2025-05-18
822,export,42.0,2025-04-17
3675,dashboard,,2024-12-14
87,analytics,44.0,2024-07-11
2541,ai_insights,26.0,2025-02-21
1784,export,3.0,2025-11-05
36,ai_insights,4.0,2024-10-06
1647,dashboard,36.0,2025-10-30
1668,export,2.0,2024-07-16
2462,ai_insights,49.0,2025-08-03
1291,ai_insights,40.0,07/27/2024
4581,analytics,26.0,2025-06-30
3938,export,27.0,2024-07-21
2555,ai_insights,7.0,
1281,reports,45.0,2025-03-16
1502,ai_insights,18.0,2024-10-20
1067,reports,41.0,2025-12-07
959,ai_insights,29.0,2025-06-13
1904,reports,,2025-03-23
2414,dashboard,32.0,2025-06-26
4936,ai_insights,43.0,15-11-2024
4042,analytics,12.0,2025-10-29
4379,export,20.0,2024-05-26
3751,analytics,6.0,2024-06-06
1956,reports,21.0,10/02/2025
2138,reports,21.0,2024-11-21
1537,ai_insights,18.0,02/03/2025
3451,analytics,15.0,2025-07-29
2415,ai_insights,25.0,07/21/2025
1662,dashboard,10.0,02-06-2025
2882,export,,2024-06-27
2608,ai_insights,8.0,2025-05-08
4477,analytics,30.0,2025-12-17
3915,dashboard,12.0,2025-04-25
3983,analytics,26.0,2025-12-28
1391,reports,30.0,2024-12-15
1468,export,48.0,2024-07-23
931,export,25.0,2024-03-18
1551,dashboard,30.0,2025-04-11
879,analytics,21.0,2025-07-10
2350,ai_insights,11.0,2024-02-24
352,analytics,42.0,2025-04-18
2255,dashboard,,2025-10-19
2683,analytics,13.0,2025-06-08
4016,dashboard,38.0,08-05-2024
4974,analytics,19.0,08/13/2024
4788,dashboard,49.0,2025-12-09
1820,export,2.0,2025-01-15
4799,reports,19.0,2025-06-07
3990,ai_insights,47.0,2025-01-11
3623,reports,32.0,2024-10-18
583,ai_insights,33.0,04-02-2025
3580,dashboard,4.0,2025-04-23
1982,ai_insights,22.0,2025-05-11
2940,analytics,37.0,12/13/2024
4659,dashboard,47.0,2024-09-05
1387,export,45.0,23-03-2025
2435,ai_insights,42.0,2024-10-12
401,export,50.0,2025-05-14
3521,ai_insights,50.0,07/20/2024
3432,analytics,19.0,2025-08-09
4206,dashboard,6.0,2025-11-30
2997,ai_insights,2.0,07-02-2024
4864,analytics,34.0,2024-09-30
4266,analytics,40.0,2025-01-10
1310,dashboard,49.0,2025-08-01
571,analytics,12.0,2025-10-16
1501,dashboard,39.0,04/01/2024
3930,analytics,34.0,2024-05-10
4070,analytics,47.0,2024-08-21
3309,ai_insights,47.0,2024-03-11
1903,reports,25.0,2025-12-24
667,ai_insights,35.0,02/05/2025
3292,dashboard,29.0,2025-05-17
297,reports,3.0,2025-07-14
4476,reports,27.0,2025-08-29
4897,analytics,26.0,2025-11-21
132,reports,39.0,2024-07-20
1102,export,17.0,2024-08-09
4110,export,8.0,03/16/2024
3327,ai_insights,25.0,2025-03-23
4378,dashboard,13.0,2024-08-28
1614,export,34.0,2025-09-10
4491,export,41.0,2025-12-01
1505,export,21.0,2024-07-14
1232,export,15.0,27-07-2025
640,export,44.0,2024-06-19
1141,reports,34.0,2025-11-21
2165,analytics,23.0,07/27/2025
1032,reports,12.0,02/22/2024
1880,ai_insights,26.0,2024-01-18
3500,analytics,42.0,2025-08-27
2317,ai_insights,45.0,03/22/2024
2584,export,37.0,10/18/2024
1724,dashboard,31.0,2025-01-05
3639,analytics,23.0,2024-03-12
3110,ai_insights,43.0,2025-11-26
2571,export,21.0,13-09-2024
3008,analytics,42.0,2024-04-10
2001,analytics,33.0,2024-08-10
2682,export,50.0,2025-11-12
2714,export,22.0,2025-12-13
3590,dashboard,,2025-12-05
1057,analytics,7.0,2025-12-07
4446,reports,,2024-12-23
2981,export,3.0,2025-02-06
549,dashboard,20.0,12/11/2024
2220,ai_insights,49.0,04/25/2025
2057,analytics,1.0,01/11/2024
4188,export,,06-08-2024
2243,dashboard,20.0,2024-07-03
715,reports,48.0,12/30/2024
1154,analytics,33.0,2025-03-29
1420,analytics,37.0,2024-08-03
3453,reports,1.0,2025-08-01
2792,dashboard,27.0,2024-10-28
4753,analytics,47.0,2024-10-27
3885,reports,,04/07/2025
2628,dashboard,12.0,07/29/2025
4148,export,32.0,03/20/2024
2009,reports,48.0,2025-12-28
2085,reports,29.0,2025-06-16
120,reports,1.0,18-02-2024
1135,reports,14.0,2024-03-28
1795,dashboard,24.0,03/18/2024
614,analytics,3.0,
3222,analytics,18.0,2024-06-06
4614,dashboard,43.0,2024-05-22
3220,dashboard,34.0,2025-04-24
1010,dashboard,36.0,2024-11-19
3119,dashboard,36.0,10/12/2024
4441,export,48.0,2024-03-18
1502,ai_insights,47.0,2024-11-20
2070,export,45.0,2024-06-10
1675,ai_insights,40.0,2024-12-31
45,reports,22.0,01/14/2024
4967,analytics,20.0,2025-03-09
4990,analytics,2.0,2025-11-13
4642,dashboard,29.0,02/09/2025
3250,ai_insights,25.0,2025-07-15
4014,dashboard,22.0,11/24/2025
527,reports,48.0,2025-04-18
1447,ai_insights,33.0,2025-02-04
1874,analytics,23.0,2024-11-21
2346,ai_insights,22.0,2024-09-01
1287,reports,31.0,2024-03-09
2394,reports,2.0,2024-04-29
2983,ai_insights,11.0,2025-01-05
2997,analytics,16.0,2025-06-28
2113,reports,28.0,2024-07-30
4620,export,3.0,2024-04-09
3588,analytics,28.0,2024-02-14
2680,ai_insights,35.0,2025-07-21
4499,export,18.0,02/02/2025
2851,reports,44.0,08/25/2024
2188,reports,41.0,2024-05-02
4047,reports,7.0,2025-04-19
1745,ai_insights,48.0,2024-03-14
985,analytics,43.0,2025-07-02
1754,export,,2024-09-21
3816,ai_insights,,2024-01-07
2960,dashboard,46.0,2025-08-26
687,dashboard,48.0,2024-08-04
4753,dashboard,50.0,05/22/2025
2428,export,15.0,2025-04-18
1173,ai_insights,41.0,2025-11-06
3038,ai_insights,45.0,2024-01-13
3421,ai_insights,48.0,2025-12-24
381,dashboard,6.0,2025-02-02
3714,ai_insights,44.0,2025-04-20
3911,ai_insights,36.0,05/04/2024
4469,export,45.0,06/21/2024
3772,dashboard,39.0,
19,analytics,20.0,10/04/2024
1808,reports,37.0,2024-12-11
2781,analytics,45.0,2025-09-18
1608,reports,41.0,2025-07-29
4192,reports,35.0,01/06/2025
1952,reports,50.0,07/19/2025
1893,analytics,37.0,05/02/2024
12,analytics,14.0,2025-11-07
1249,ai_insights,28.0,2025-01-09
505,reports,49.0,2025-02-10
1808,reports,19.0,03-10-2024
2111,dashboard,24.0,2024-07-31
2960,ai_insights,5.0,07/14/2025
1236,dashboard,21.0,2025-06-02
1025,export,31.0,2025-11-19
2242,ai_insights,17.0,2025-03-04
3807,analytics,9.0,2025-10-18
1205,dashboard,8.0,
2553,ai_insights,1.0,2025-06-05
1359,analytics,29.0,2024-06-30
1168,analytics,29.0,2025-02-12
1328,dashboard,33.0,07/24/2024
165,analytics,21.0,2024-07-13
2673,dashboard,17.0,2024-12-14
3191,dashboard,19.0,2025-07-02
2607,reports,,2024-09-17
2055,export,43.0,2024-12-14
2908,ai_insights,23.0,2024-02-14
236,reports,33.0,06-12-2025
1095,dashboard,16.0,2024-09-10
1701,export,30.0,2024-02-14
1697,reports,45.0,02/08/2024
547,analytics,18.0,2025-02-06
741,ai_insights,36.0,2025-09-04
280,dashboard,41.0,2025-08-26
1499,analytics,40.0,11/01/2024
1171,dashboard,8.0,2025-02-20
3413,analytics,,01/26/2024
2684,reports,43.0,2025-04-06
936,ai_insights,16.0,2025-04-04
676,analytics,11.0,2024-05-16
2057,ai_insights,2.0,2025-03-25
649,export,39.0,2025-01-11
671,dashboard,22.0,2024-08-06
3386,ai_insights,31.0,2024-10-07
456,analytics,42.0,2025-02-04
22,export,44.0,2025-09-02
1483,analytics,9.0,08/17/2025
4922,reports,34.0,2025-09-05
4049,dashboard,2.0,03/05/2025
4133,dashboard,26.0,23-04-2025
4411,export,15.0,2024-06-23
2995,analytics,10.0,
2648,ai_insights,45.0,08/21/2024
459,analytics,16.0,15-05-2024
3675,export,45.0,2024-11-24
4006,reports,39.0,04-01-2024
1300,analytics,5.0,2024-10-23
2943,export,12.0,2025-11-19
3729,export,2.0,2024-01-12
3409,dashboard,11.0,2024-05-16
394,export,,2025-04-28
4839,reports,21.0,2025-11-07
1903,analytics,29.0,2024-12-03
4565,export,10.0,2024-05-24
3738,export,25.0,2025-01-10
4380,dashboard,47.0,2024-12-24
4112,export,,2025-02-03
2745,dashboard,27.0,2025-12-04
2629,reports,,07/30/2025
2662,dashboard,9.0,2024-01-10
620,analytics,3.0,2025-07-22
2461,export,8.0,2024-11-22
3523,analytics,26.0,03/04/2025
3955,export,13.0,2024-08-26
2161,dashboard,26.0,
1266,reports,,2024-06-22
1782,analytics,16.0,2024-11-11
1297,reports,47.0,2025-09-28
4876,dashboard,50.0,2024-08-17
3402,ai_insights,39.0,01/21/2024
930,analytics,17.0,11/16/2024
4357,reports,34.0,2024-02-26
4802,reports,13.0,2025-11-05
4886,dashboard,26.0,07/04/2025
4516,dashboard,44.0,2024-05-04
2008,export,33.0,2025-12-05
3810,dashboard,6.0,03/19/2024
2092,export,16.0,2025-07-14
3988,analytics,28.0,2024-03-09
3945,ai_insights,40.0,01/15/2025
4672,ai_insights,4.0,2025-01-17
3078,analytics,13.0,2024-07-09
612,reports,34.0,2024-08-12
4367,ai_insights,29.0,2025-04-22
3010,dashboard,46.0,2024-10-08
1959,dashboard,47.0,28-08-2024
3747,reports,31.0,11/24/2024
2172,dashboard,40.0,29-04-2025
2763,analytics,12.0,05/31/2025
3420,dashboard,35.0,2025-09-11
506,reports,10.0,2025-02-06
1829,export,9.0,2024-06-10
2377,export,17.0,08/23/2024
387,ai_insights,8.0,2025-08-09
4225,export,32.0,2025-10-23
1383,analytics,1.0,2025-12-02
294,export,11.0,05/15/2025
2556,reports,1.0,2024-04-27
3569,dashboard,33.0,2025-08-08
3145,reports,,2025-10-24
863,reports,31.0,2025-04-30
3322,ai_insights,35.0,2024-09-19
4413,dashboard,31.0,2024-12-15
3628,ai_insights,45.0,2024-05-06
1079,dashboard,4.0,2024-08-15
214,export,23.0,2024-01-10
3571,ai_insights,27.0,2024-11-12
3791,export,41.0,2024-06-06
627,reports,50.0,08/20/2024
3214,analytics,24.0,2025-12-17
456,analytics,26.0,2025-08-10
3167,analytics,34.0,2025-07-15
312,export,40.0,2024-03-11
953,dashboard,39.0,08/18/2025
3142,dashboard,34.0,2024-03-17
1397,ai_insights,35.0,2025-12-16
4518,analytics,10.0,2025-09-06
1833,export,36.0,2024-08-23
2395,reports,39.0,2025-07-11
4066,export,7.0,01/04/2025
4311,analytics,36.0,09/04/2024
1236,dashboard,6.0,2025-04-22
4311,analytics,33.0,2024-06-10
4442,reports,21.0,10-09-2025
2304,ai_insights,22.0,2024-07-19
1532,ai_insights,2.0,2025-03-04
2629,export,7.0,2025-11-21
3157,analytics,10.0,2025-12-12
188,ai_insights,23.0,2025-02-03
3314,analytics,50.0,2025-05-13
389,analytics,6.0,2025-10-11
3504,analytics,20.0,2025-12-03
3568,export,14.0,2024-03-21
2981,dashboard,14.0,2025-08-28
3067,reports,29.0,
3655,analytics,29.0,
526,export,1.0,2025-04-14
229,ai_insights,40.0,2025-06-09
2896,ai_insights,35.0,2025-05-29
4581,reports,37.0,2025-09-06
1430,reports,23.0,02/01/2024
3875,ai_insights,30.0,2024-05-17
3822,dashboard,34.0,2024-08-07
2920,export,12.0,2025-08-22
4173,reports,12.0,2024-01-28
1722,reports,49.0,2024-11-17
3762,dashboard,32.0,2025-03-25
4834,export,26.0,
843,analytics,7.0,11/20/2025
3080,dashboard,31.0,2024-02-13
2809,analytics,26.0,09/24/2025
4791,export,44.0,2024-12-25
2583,dashboard,16.0,
4782,analytics,15.0,2025-12-31
1528,ai_insights,23.0,2025-03-06
1684,analytics,41.0,2025-08-31
1172,export,31.0,2025-09-30
1810,ai_insights,1.0,18-10-2024
2256,export,9.0,2025-02-28
1112,analytics,33.0,2025-05-29
1691,reports,11.0,2025-12-15
3515,analytics,38.0,11/02/2025
2905,analytics,29.0,2024-01-06
3070,ai_insights,39.0,2024-04-05
2697,ai_insights,37.0,08/17/2024
3653,dashboard,19.0,2025-09-26
1523,export,38.0,2024-01-05
742,export,31.0,2024-12-11
1588,dashboard,30.0,2024-10-03
3077,dashboard,19.0,08/10/2024
1376,reports,33.0,2024-10-31
2613,export,19.0,2025-04-24
1246,export,34.0,12/12/2024
4193,analytics,40.0,2025-08-02
4445,dashboard,45.0,2025-07-22
3031,analytics,24.0,2025-04-14
1467,dashboard,44.0,2024-06-23
49,ai_insights,17.0,2024-01-23
4378,ai_insights,24.0,2025-03-29
112,export,48.0,2024-12-13
1733,analytics,23.0,2025-10-27
446,analytics,49.0,2025-03-28
1648,ai_insights,48.0,2024-04-12
202,analytics,19.0,2025-06-03
96,reports,40.0,2024-03-20
1076,ai_insights,24.0,2024-05-28
2744,export,30.0,2025-02-08
1429,ai_insights,50.0,2025-11-01
3301,export,15.0,2024-06-26
1500,reports,25.0,2025-10-11
3846,reports,29.0,2025-01-05
3131,analytics,2.0,
4054,reports,11.0,2025-03-14
2403,ai_insights,9.0,2024-06-26
2979,reports,36.0,10/10/2025
1258,dashboard,13.0,2024-11-02
3485,ai_insights,13.0,2025-07-01
1154,dashboard,42.0,18-03-2024
156,ai_insights,7.0,2025-07-26
733,export,,2024-03-28
3891,analytics,27.0,2024-01-30
453,dashboard,14.0,2024-03-04
2963,export,36.0,05/30/2025
1531,export,43.0,08/01/2024
272,analytics,21.0,08/17/2025
4147,export,6.0,2024-05-09
1682,export,29.0,2025-03-30
2828,reports,3.0,2024-10-11
1076,reports,30.0,25-12-2024
2086,ai_insights,30.0,2024-02-02
3497,analytics,13.0,2025-11-09
3828,export,3.0,09/21/2025
374,dashboard,27.0,2024-06-18
1095,reports,1.0,2024-02-11
4461,reports,45.0,2024-10-06
4106,reports,44.0,2025-05-08
568,analytics,36.0,2024-06-02
1289,analytics,49.0,02-10-2025
3767,dashboard,3.0,2025-03-03
549,analytics,10.0,2025-07-07
1998,analytics,22.0,2024-01-16
3435,ai_insights,,2025-06-15
4208,reports,12.0,05/26/2025
122,reports,41.0,2025-12-26
3642,reports,7.0,2025-09-01
840,export,11.0,2024-12-17
2406,ai_insights,37.0,2024-01-30
3546,export,33.0,2024-03-10
1523,ai_insights,46.0,2025-10-24
54,dashboard,1.0,2025-01-31
4820,ai_insights,24.0,2025-06-02
543,analytics,31.0,2024-01-31
4413,export,49.0,04/02/2024
1402,export,9.0,2024-02-06
4746,dashboard,50.0,2025-09-14
3456,export,34.0,
3449,export,47.0,2025-02-09
1671,ai_insights,10.0,2025-08-14
2742,analytics,18.0,2025-04-08
3648,reports,46.0,07/12/2024
313,dashboard,30.0,09/19/2025
1691,export,31.0,2024-07-26
4162,analytics,34.0,10/18/2024
1474,dashboard,25.0,2025-02-28
2325,export,34.0,2025-09-24
959,dashboard,,2024-03-21
3762,export,22.0,2024-10-18
4336,reports,14.0,2024-01-12
3425,analytics,,2025-12-24
4203,ai_insights,47.0,2025-12-14
1551,analytics,10.0,2025-05-16
1033,ai_insights,43.0,02/11/2024
4011,analytics,47.0,2025-12-28
748,export,32.0,2025-07-06
3206,ai_insights,32.0,2024-08-13
2848,ai_insights,8.0,11/09/2024
4356,analytics,40.0,2025-08-01
278,reports,33.0,
593,reports,6.0,2025-10-07
2073,reports,15.0,2024-09-17
2537,dashboard,45.0,2025-10-07
686,export,15.0,2025-07-31
1313,analytics,21.0,2024-04-29
2804,dashboard,29.0,2025-01-17
2825,dashboard,17.0,12/31/2024
4875,reports,,2025-07-09
1494,dashboard,1.0,2025-03-31
2833,export,18.0,2024-08-19
4529,ai_insights,1.0,07-01-2025
503,reports,16.0,2025-02-20
1455,dashboard,50.0,11/12/2024
342,analytics,37.0,2024-04-19
3885,analytics,47.0,
4947,analytics,7.0,2025-09-30
3416,reports,38.0,2024-07-06
4572,dashboard,19.0,2025-10-26
4594,export,47.0,31-08-2025
1546,reports,1.0,2024-08-22
2039,reports,37.0,2025-02-07
3917,dashboard,8.0,2024-12-23
2292,ai_insights,33.0,2024-01-21
1768,dashboard,16.0,11/01/2024
4222,analytics,24.0,2024-06-04
3840,reports,39.0,2025-09-15
3803,ai_insights,6.0,2025-05-10
1937,analytics,7.0,2024-07-09
4466,ai_insights,45.0,2025-03-13
3683,analytics,30.0,2024-06-14
918,analytics,5.0,05/11/2025
1986,analytics,43.0,2025-11-29
4613,export,28.0,2024-08-11
3722,analytics,35.0,2025-05-29
4453,export,48.0,2025-02-19
3817,export,49.0,2024-09-08
4148,reports,7.0,05-11-2025
3129,export,32.0,16-08-2024
2535,analytics,8.0,2025-03-21
897,export,18.0,29-08-2025
4620,export,5.0,20-01-2025
3845,dashboard,7.0,2025-07-05
2146,analytics,1.0,2025-08-31
1546,export,17.0,2025-10-04
1849,dashboard,45.0,2024-07-21
3850,analytics,33.0,09/16/2025
2247,ai_insights,47.0,2025-12-24
1117,ai_insights,13.0,2024-05-07
4305,analytics,42.0,2024-03-11
270,dashboard,26.0,2024-09-17
1427,ai_insights,26.0,2024-02-14
2785,dashboard,,2024-12-01
3336,dashboard,45.0,2024-01-08
2141,analytics,30.0,2025-09-07
4017,dashboard,11.0,2024-04-08
273,reports,12.0,06/07/2025
3846,dashboard,7.0,2024-08-15
4671,analytics,,12/19/2024
33,reports,28.0,03/31/2024
1620,reports,2.0,08/13/2024
141,analytics,41.0,2025-01-23
1317,dashboard,31.0,
2112,ai_insights,25.0,01/12/2025
3673,dashboard,11.0,2025-08-03
840,analytics,48.0,2025-09-24
4476,reports,26.0,2024-02-12
1482,dashboard,48.0,30-08-2024
942,analytics,22.0,2024-01-25
770,analytics,23.0,12/18/2024
3821,reports,17.0,2024-12-27
1472,export,6.0,2025-07-19
2581,analytics,44.0,06/09/2024
2063,dashboard,46.0,2025-01-04
2881,export,37.0,2025-10-02
4010,dashboard,14.0,2024-04-26
4990,analytics,25.0,04/15/2025
2472,reports,36.0,2025-11-11
1840,ai_insights,39.0,2025-07-09
2307,dashboard,32.0,2025-04-05
397,export,10.0,04/20/2025
1933,reports,50.0,08-03-2024
165,dashboard,4.0,2024-12-26
2107,dashboard,,2024-12-23
4686,analytics,47.0,2025-06-22
2320,analytics,13.0,2024-08-24
2177,ai_insights,39.0,2024-02-01
3274,export,16.0,06/22/2024
2218,reports,27.0,2025-11-22
1133,reports,49.0,2025-02-03
3267,ai_insights,12.0,2024-01-27
1688,ai_insights,33.0,2024-06-04
2972,dashboard,48.0,2024-01-19
1934,ai_insights,21.0,2025-10-02
4394,reports,1.0,2024-02-08
1645,reports,3.0,2025-09-18
2510,ai_insights,12.0,2025-03-07
295,dashboard,25.0,2024-07-09
447,reports,24.0,08-06-2025
1757,reports,18.0,2024-04-11
1418,reports,29.0,2025-02-13
2102,reports,30.0,09/15/2024
3603,dashboard,13.0,06/06/2024
2695,ai_insights,1.0,2025-09-20
1406,ai_insights,21.0,2025-05-27
4053,analytics,3.0,03/20/2025
2815,reports,32.0,2024-03-20
684,reports,33.0,2025-12-15
3380,ai_insights,10.0,10/31/2025
1698,dashboard,,2025-08-01
4411,reports,30.0,09/14/2024
3022,reports,12.0,2025-11-25
772,ai_insights,10.0,01/19/2025
2237,reports,38.0,2024-11-25
963,reports,39.0,2024-08-28
4510,ai_insights,18.0,2025-10-20
2069,analytics,5.0,2025-09-30
3465,reports,33.0,2025-09-11
4020,analytics,49.0,2025-01-25
3995,export,31.0,2024-01-15
3020,dashboard,13.0,2024-07-15
2136,analytics,26.0,2025-10-16
226,analytics,46.0,2025-01-12
3889,ai_insights,27.0,2025-07-23
4798,reports,31.0,2024-10-30
1507,dashboard,32.0,03/31/2025
4670,export,21.0,2024-12-04
2930,ai_insights,23.0,2025-08-27
396,analytics,18.0,2024-12-20
1652,export,44.0,2024-01-12
3182,export,1.0,03/17/2024
1196,export,46.0,2025-12-12
320,dashboard,11.0,2024-03-05
3920,reports,16.0,
1480,ai_insights,27.0,2024-02-02
2838,reports,25.0,2024-06-07
3841,dashboard,6.0,2025-10-12
1067,analytics,,06/10/2024
3024,dashboard,5.0,2025-10-11
1933,reports,23.0,2025-08-08
2836,analytics,30.0,2024-02-28
1476,dashboard,48.0,2024-04-30
4159,export,41.0,2025-07-05
805,export,2.0,2024-03-31
3486,dashboard,45.0,2024-01-25
3955,reports,3.0,2024-03-15
1828,ai_insights,47.0,10-12-2025
700,dashboard,21.0,
432,export,18.0,2024-04-06
4542,export,42.0,2025-11-05
1699,reports,13.0,2024-12-24
940,analytics,48.0,2024-12-29
4441,export,9.0,2025-09-19
4031,dashboard,28.0,09/22/2025
1374,dashboard,27.0,2025-03-17
4647,export,11.0,10/08/2025
1901,reports,39.0,06/13/2025
1073,export,25.0,2024-05-16
2276,analytics,1.0,2025-04-13
769,analytics,47.0,2025-05-23
1726,export,30.0,12/15/2024
2105,export,,2025-12-02
1984,analytics,50.0,2024-10-19
1193,analytics,4.0,2024-07-15
4750,ai_insights,37.0,2024-12-28
4963,dashboard,33.0,2025-11-08
1802,analytics,38.0,2024-12-15
109,analytics,25.0,2024-03-15
1535,export,,06/23/2024
249,ai_insights,27.0,2025-11-15
2883,analytics,5.0,2025-05-19
965,dashboard,9.0,2025-11-02
2943,export,23.0,2024-03-03
2765,dashboard,15.0,2025-04-08
4764,export,2.0,2025-01-31
389,dashboard,8.0,2024-03-04
149,ai_insights,37.0,2024-07-14
1531,export,16.0,04/29/2024
187,analytics,18.0,2025-08-25
2519,export,1.0,2024-04-17
3245,dashboard,49.0,07/18/2024
7,ai_insights,25.0,2024-10-20
425,analytics,17.0,2025-08-30
4032,analytics,2.0,2025-09-30
300,analytics,8.0,05/15/2024
1692,dashboard,23.0,12/25/2025
1393,dashboard,30.0,12/11/2024
3081,reports,49.0,2025-01-18
1811,ai_insights,38.0,2024-01-24
1918,analytics,41.0,2025-02-11
3755,export,25.0,2024-10-07
744,analytics,47.0,2024-02-09
4801,export,2.0,2024-12-21
4202,ai_insights,20.0,2025-11-09
1075,ai_insights,21.0,04/30/2024
555,dashboard,,2024-06-27
2292,ai_insights,26.0,2025-06-17
893,export,45.0,2024-07-25
329,ai_insights,12.0,2024-08-12
3919,analytics,21.0,2025-12-30
1992,dashboard,41.0,2024-04-16
4466,reports,21.0,02/19/2025
3012,ai_insights,46.0,2025-05-09
4017,analytics,9.0,2025-07-13
2236,dashboard,5.0,2024-03-25
1155,export,32.0,2025-06-28
4240,analytics,6.0,15-02-2025
3859,dashboard,49.0,2025-02-14
4795,ai_insights,41.0,09/09/2024
1891,analytics,22.0,2024-02-09
2860,dashboard,4.0,18-01-2024
398,export,49.0,2024-07-09
362,ai_insights,43.0,2025-01-09
2051,reports,,2024-03-04
4662,analytics,42.0,2025-02-24
562,dashboard,36.0,2025-08-07
2495,export,48.0,
3270,ai_insights,10.0,08/28/2025
4825,export,44.0,2025-02-24
4756,analytics,20.0,11/05/2024
166,export,42.0,2024-03-06
3237,export,12.0,2024-05-22
3310,analytics,37.0,09/08/2024
1349,export,35.0,2025-07-01
4294,reports,4.0,2024-01-31
1442,dashboard,10.0,2025-03-29
3106,export,42.0,
288,reports,42.0,2025-01-01
1882,ai_insights,4.0,10/07/2025
3689,ai_insights,15.0,2025-06-26
1980,analytics,17.0,10/07/2024
1300,reports,40.0,03/03/2025
529,dashboard,1.0,2025-11-20
4686,reports,25.0,2025-07-12
3986,ai_insights,40.0,06/16/2024
2000,export,33.0,2025-02-02
2631,export,5.0,2025-04-13
2058,ai_insights,44.0,2024-01-21
2732,analytics,28.0,2024-10-24
2651,ai_insights,10.0,2025-02-17
1594,ai_insights,21.0,2025-09-17
1980,dashboard,47.0,2025-04-22
2039,ai_insights,21.0,2025-11-25
2200,analytics,22.0,2025-07-25
3125,analytics,32.0,2025-09-01
4000,dashboard,23.0,2025-09-06
1370,export,21.0,2025-09-12
76,dashboard,45.0,2025-10-06
1358,dashboard,29.0,2024-03-07
1483,export,47.0,2025-11-14
4050,reports,49.0,2024-10-02
4917,reports,26.0,2024-10-11
2806,export,9.0,2024-04-26
4624,dashboard,48.0,2025-07-10
833,ai_insights,44.0,2024-08-09
4164,reports,16.0,01/16/2024
3028,dashboard,31.0,2024-05-24
1341,reports,49.0,2025-06-09
2855,reports,20.0,2025-01-13
1798,ai_insights,24.0,08/17/2024
1673,export,36.0,04/27/2025
2748,analytics,30.0,2024-12-28
1408,ai_insights,32.0,2024-12-01
853,reports,13.0,28-08-2024
4146,analytics,36.0,2025-09-12
2870,dashboard,18.0,2024-02-19
1851,reports,36.0,01/08/2025
3656,analytics,2.0,2024-03-24
3342,reports,6.0,2024-08-07
2627,reports,46.0,2025-06-08
4040,ai_insights,32.0,2025-02-19
4220,reports,24.0,2024-04-12
4457,ai_insights,36.0,08/24/2025
1592,export,46.0,2024-01-29
578,dashboard,25.0,2024-07-09
3754,dashboard,42.0,2025-03-11
2781,export,35.0,2024-03-07
2024,export,4.0,2025-12-25
4086,analytics,40.0,2024-08-17
2598,export,44.0,2024-03-15
1298,reports,28.0,2024-09-04
3570,ai_insights,1.0,2025-01-05
1523,export,,2024-03-25
3046,export,49.0,2025-08-14
2495,export,31.0,2024-04-09
4998,dashboard,24.0,2025-06-11
4620,analytics,24.0,2025-01-31
4809,reports,23.0,2025-12-04
2556,export,10.0,
4292,export,29.0,2024-10-06
2601,dashboard,20.0,2024-10-19
3962,dashboard,,2025-11-11
692,dashboard,41.0,08/26/2024
3743,export,37.0,2025-06-20
3821,reports,19.0,15-01-2025
2933,analytics,17.0,2025-03-26
1316,export,37.0,
3370,analytics,38.0,01-01-2025
1696,ai_insights,13.0,2025-03-30
193,dashboard,15.0,2025-11-04
4856,dashboard,32.0,2025-11-23
551,ai_insights,39.0,2024-11-22
2009,reports,46.0,2024-03-22
2550,dashboard,41.0,12/29/2025
3843,dashboard,46.0,2025-01-11
4354,export,36.0,2024-12-09
3883,export,26.0,2025-01-06
4862,reports,46.0,2024-12-03
2702,export,23.0,2024-03-14
1328,ai_insights,18.0,2024-07-08
3046,analytics,1.0,2025-01-15
4192,dashboard,11.0,2024-05-10
2932,ai_insights,30.0,2024-12-28
2919,dashboard,39.0,2025-05-25
4404,analytics,15.0,04/08/2025
2299,analytics,36.0,2024-06-09
2358,export,24.0,06/13/2025
4521,analytics,27.0,10/16/2024
4351,dashboard,10.0,16-12-2024
1372,export,41.0,06/24/2025
309,export,12.0,01/06/2025
3450,export,14.0,2025-02-20
107,reports,13.0,2025-12-28
897,analytics,41.0,2024-02-11
1994,ai_insights,31.0,2025-04-26
4161,dashboard,42.0,2024-04-20
3320,reports,36.0,2025-12-29
3769,export,,10/07/2024
4706,dashboard,36.0,2025-08-14
2303,dashboard,42.0,2024-01-24
289,analytics,49.0,2024-06-07
3466,analytics,41.0,2024-08-28
3200,dashboard,16.0,2024-03-11
481,ai_insights,13.0,2025-05-25
4769,export,8.0,2024-12-01
4549,export,34.0,2024-08-18
1327,ai_insights,18.0,2025-12-16
334,dashboard,9.0,2025-07-04
4537,export,15.0,2024-01-24
2999,analytics,49.0,06/03/2025
532,ai_insights,39.0,2024-10-03
242,reports,37.0,2024-06-19
3600,dashboard,26.0,2025-08-07
1104,ai_insights,24.0,09/08/2024
1795,dashboard,39.0,2025-05-27
244,ai_insights,,2024-08-19
3401,analytics,13.0,2024-10-04
3827,export,23.0,01-08-2024
1099,export,2.0,2024-11-26
4491,reports,17.0,2025-10-28
1356,export,34.0,10/03/2025
4068,analytics,15.0,2025-07-03
1985,ai_insights,30.0,2024-05-28
3770,ai_insights,26.0,2025-10-11
2686,dashboard,41.0,06/09/2024
1404,dashboard,19.0,2024-08-20
639,export,46.0,2024-08-22
4115,analytics,49.0,10/25/2025
4301,reports,19.0,2024-04-22
1919,analytics,50.0,2024-03-01
3426,export,41.0,2024-04-02
1788,analytics,15.0,2024-04-11
1613,ai_insights,5.0,2024-02-24
3433,analytics,5.0,2024-03-14
2731,ai_insights,34.0,2025-01-08
3899,export,36.0,2024-03-23
2005,export,39.0,2024-05-20
3304,export,,2025-06-27
122,analytics,7.0,2024-11-03
2902,export,41.0,09/30/2025
3927,analytics,35.0,2024-04-24
58,export,12.0,02/15/2024
427,ai_insights,49.0,2024-04-22
4740,ai_insights,12.0,03-08-2024
4507,ai_insights,17.0,2025-09-04
4116,export,47.0,2024-11-14
3376,reports,12.0,01/13/2024
2846,reports,13.0,2024-02-28
4875,analytics,44.0,19-08-2024
4773,export,1.0,2025-10-29
903,reports,2.0,2024-12-30
3989,reports,18.0,2025-05-18
4737,export,2.0,10/28/2024
2152,ai_insights,10.0,2025-07-09
1822,dashboard,12.0,2024-10-13
4314,analytics,11.0,2025-01-17
2412,ai_insights,,2024-08-01
2117,analytics,14.0,2024-10-27
1290,reports,21.0,2024-01-30
4949,ai_insights,27.0,12/10/2024
4,reports,44.0,07-11-2025
2059,export,35.0,2025-03-10
262,export,24.0,2025-05-12
1587,dashboard,10.0,2024-04-06
4287,ai_insights,18.0,2025-01-25
183,analytics,49.0,2025-08-06
4216,export,21.0,2024-01-15
3610,reports,1.0,2024-09-24
3590,export,50.0,
2089,export,50.0,2025-08-13
1026,analytics,9.0,2024-02-07
2147,dashboard,14.0,2024-07-15
2607,ai_insights,,2024-09-10
3284,export,46.0,2024-12-11
3580,export,14.0,
2815,ai_insights,27.0,2025-09-01
2154,analytics,24.0,2024-04-15
3586,analytics,50.0,2024-08-20
19,dashboard,1.0,2024-05-02
4818,reports,22.0,2024-05-04
3023,export,5.0,2025-11-15
4022,reports,7.0,2024-11-13
507,ai_insights,40.0,2024-06-19
4284,dashboard,49.0,02-08-2024
4210,analytics,17.0,2024-12-27
1774,reports,40.0,2024-04-16
2582,dashboard,34.0,16-10-2025
3505,dashboard,24.0,2024-07-11
4307,export,24.0,2025-03-13
3834,analytics,2.0,2024-10-03
1461,ai_insights,,2025-11-12
2658,ai_insights,10.0,2025-01-18
3348,dashboard,34.0,2024-11-27
417,dashboard,3.0,2024-04-28
3604,ai_insights,2.0,19-06-2025
4622,ai_insights,3.0,2025-03-06
4873,reports,16.0,2024-09-01
3493,ai_insights,44.0,2024-06-19
3481,ai_insights,48.0,2024-03-05
546,dashboard,13.0,2025-03-25
4243,reports,10.0,2025-06-16
1520,ai_insights,37.0,07/10/2024
4555,reports,4.0,2025-06-24
141,dashboard,,2024-09-27
1662,dashboard,21.0,2024-07-23
2483,ai_insights,29.0,2025-10-25
995,dashboard,15.0,2024-01-24
3412,analytics,36.0,2025-05-08
1594,analytics,5.0,2025-05-31
1572,dashboard,39.0,2025-08-11
4287,export,23.0,10/25/2025
4466,reports,29.0,2025-05-01
2997,dashboard,30.0,2024-04-29
1393,ai_insights,6.0,2025-07-23
3188,reports,33.0,27-09-2025
4978,dashboard,13.0,
1639,export,22.0,02/18/2025
654,analytics,2.0,27-12-2024
1545,export,43.0,2025-08-02
4527,reports,44.0,04/08/2025
3425,reports,27.0,2024-04-04
4635,analytics,13.0,2025-01-19
2236,reports,46.0,2024-04-06
4882,export,8.0,2025-06-18
2023,ai_insights,14.0,2024-09-05
3734,ai_insights,30.0,01/19/2025
4930,reports,1.0,09/21/2025
4238,reports,6.0,2025-12-05
4562,analytics,12.0,03/19/2024
1079,analytics,22.0,2024-07-25
1004,reports,16.0,11/27/2025
4229,analytics,24.0,2025-07-12
1974,analytics,13.0,2024-08-25
3856,ai_insights,50.0,2024-08-24
520,dashboard,15.0,2025-02-04
2553,dashboard,50.0,2024-08-06
4792,ai_insights,22.0,2024-05-21
3091,ai_insights,39.0,2024-10-25
4692,ai_insights,10.0,08/02/2025
2349,ai_insights,9.0,2024-02-25
1629,analytics,23.0,2024-01-25
3694,dashboard,17.0,11/26/2024
3490,reports,47.0,21-05-2025
3547,ai_insights,11.0,2025-12-20
2712,analytics,11.0,2024-11-24
4666,analytics,45.0,2024-06-14
4739,dashboard,,2025-04-13
3411,ai_insights,49.0,2024-05-02
2072,analytics,,2025-11-27
2372,dashboard,19.0,2024-01-30
3277,dashboard,41.0,2025-10-28
1197,export,33.0,
4357,analytics,31.0,02/27/2025
1755,reports,48.0,2024-06-02
2229,ai_insights,3.0,2025-07-27
4055,reports,25.0,2025-06-15
2541,analytics,31.0,2024-11-17
1173,ai_insights,14.0,2024-02-11
1276,ai_insights,,2024-03-29
3875,export,49.0,2025-01-10
3349,export,5.0,2025-02-08
1806,ai_insights,6.0,2025-10-20
114,ai_insights,26.0,2025-11-26
3557,export,20.0,06/20/2024
721,reports,43.0,2024-06-01
4138,ai_insights,41.0,10-12-2024
1688,analytics,26.0,2024-08-16
1775,ai_insights,18.0,2024-03-20
1508,reports,11.0,2024-03-12
4238,export,25.0,2025-07-03
985,analytics,50.0,02/14/2025
4908,analytics,49.0,
2574,dashboard,,09/29/2025
2166,export,8.0,2024-01-21
420,reports,50.0,2025-07-03
22,export,41.0,30-01-2025
2693,ai_insights,,2025-11-09
2500,analytics,42.0,30-12-2025
798,reports,7.0,2024-03-22
3651,export,50.0,2025-03-23
1478,dashboard,25.0,2024-06-20
3757,reports,46.0,2024-06-13
1955,dashboard,45.0,2024-05-02
118,reports,,2025-07-30
3935,reports,19.0,09/17/2024
3848,ai_insights,48.0,
2595,reports,22.0,2024-09-04
1616,export,4.0,2024-09-25
4689,dashboard,43.0,04-03-2024
3044,dashboard,23.0,2024-07-21
4207,analytics,9.0,2024-08-19
4900,reports,11.0,2025-02-15
3997,reports,36.0,2024-04-28
2922,analytics,20.0,2024-03-29
9,ai_insights,10.0,2025-10-01
1221,dashboard,11.0,2025-04-18
2313,export,23.0,2024-04-27
4619,ai_insights,18.0,2024-07-28
1112,ai_insights,5.0,2024-09-26
4169,reports,19.0,01-02-2024
3634,analytics,35.0,2025-04-11
1255,dashboard,29.0,01/26/2025
342,export,38.0,2024-06-05
343,analytics,46.0,2024-11-23
1252,reports,48.0,07-12-2024
4001,export,46.0,2025-09-05
41,reports,41.0,2025-07-04
3452,analytics,42.0,
3008,ai_insights,5.0,04/08/2025
1928,analytics,36.0,2025-01-03
3707,export,1.0,2025-04-17
1249,analytics,25.0,2024-03-16
4576,reports,46.0,2025-07-01
1846,ai_insights,41.0,2025-02-07
3105,reports,30.0,2025-12-19
907,export,38.0,2024-10-06
2618,dashboard,8.0,2025-02-24
4016,export,31.0,2025-12-26
612,reports,7.0,
350,export,45.0,08/28/2025
4155,analytics,30.0,2025-07-24
2244,dashboard,31.0,27-12-2025
840,ai_insights,22.0,2025-11-09
3341,analytics,4.0,2025-01-21
4718,dashboard,29.0,2024-06-04
4481,export,23.0,2025-05-10
1613,dashboard,18.0,2025-12-06
629,ai_insights,9.0,2025-07-27
1911,dashboard,17.0,2025-07-09
3912,dashboard,8.0,2025-02-23
4916,dashboard,3.0,09/29/2024
511,analytics,6.0,2024-09-30
2828,dashboard,13.0,07/30/2024
4267,reports,14.0,06/06/2025
1463,dashboard,12.0,2024-08-17
2136,analytics,14.0,2024-12-03
2351,dashboard,9.0,2024-02-07
215,reports,16.0,2025-09-06
2523,analytics,36.0,2024-02-10
578,export,15.0,2024-03-04
1261,reports,,2024-07-13
4297,export,30.0,2024-05-04
3461,export,12.0,2025-03-16
3921,analytics,2.0,2024-12-05
2827,dashboard,,05/18/2024
1521,reports,,2025-11-26
4158,dashboard,,11/16/2025
1717,reports,10.0,2025-12-19
4308,dashboard,3.0,09/11/2025
2927,dashboard,25.0,2024-12-13
2987,analytics,3.0,05/07/2024
1975,analytics,22.0,2024-12-29
3449,export,40.0,2025-07-28
3710,ai_insights,,2024-11-29
654,dashboard,46.0,2024-06-04
2252,dashboard,2.0,2025-11-24
2304,analytics,21.0,02/22/2025
2508,reports,,30-11-2024
4873,analytics,9.0,2025-11-19
3460,analytics,12.0,2024-03-05
2819,reports,49.0,2025-08-16
3708,analytics,9.0,2024-03-06
373,export,32.0,2025-11-14
4075,reports,11.0,2024-03-19
84,ai_insights,32.0,2025-01-07
270,dashboard,10.0,2025-08-26
39,analytics,26.0,2025-04-30
635,dashboard,41.0,2025-04-03
1357,reports,6.0,2024-07-26
3352,analytics,49.0,06-08-2025
3961,dashboard,27.0,2025-04-01
4704,export,44.0,2025-12-08
2349,ai_insights,29.0,2025-10-08
2949,export,38.0,2024-10-03
765,dashboard,43.0,2024-05-12
3374,dashboard,42.0,2024-08-12
1427,analytics,32.0,2025-11-26
2933,analytics,46.0,08/15/2025
3384,analytics,25.0,2025-08-01
4535,analytics,28.0,2024-05-09
120,analytics,3.0,2024-10-18
883,dashboard,3.0,2024-09-06
927,analytics,22.0,05/02/2025
3854,analytics,45.0,2024-10-18
4696,export,30.0,2024-11-14
524,dashboard,38.0,2024-10-17
2688,ai_insights,17.0,2025-01-21
1516,analytics,40.0,2024-06-24
4537,reports,39.0,05/02/2025
4202,analytics,34.0,2025-10-02
1661,export,47.0,2024-08-16
1628,ai_insights,,2024-06-23
811,analytics,21.0,20-09-2025
507,reports,12.0,2024-02-28
4816,reports,1.0,2025-10-22
392,export,32.0,2024-08-05
1375,export,7.0,2024-03-16
764,export,33.0,2025-04-16
2346,reports,42.0,2025-01-03
1025,ai_insights,39.0,2025-08-23
2618,reports,28.0,2025-12-12
2122,ai_insights,45.0,2025-01-25
3204,analytics,16.0,2024-02-12
1147,analytics,50.0,16-08-2025
3371,reports,9.0,2024-07-16
1402,analytics,4.0,2025-09-11
3786,export,15.0,2025-07-11
4739,ai_insights,38.0,07-06-2024
1546,ai_insights,19.0,2024-07-29
353,reports,20.0,2025-09-21
1852,dashboard,29.0,2024-12-24
2391,export,41.0,2025-07-29
1085,reports,1.0,2025-02-25
3576,reports,6.0,2025-05-14
657,ai_insights,16.0,2025-02-16
1232,ai_insights,9.0,2024-03-27
1066,analytics,13.0,2024-03-27
804,reports,4.0,2024-12-06
4215,analytics,37.0,2024-01-11
4172,export,2.0,2024-12-31
1943,export,26.0,2025-04-05
2813,dashboard,43.0,2024-02-18
2472,export,5.0,2024-06-03
4644,dashboard,45.0,2025-09-13
400,reports,26.0,2025-06-24
4195,ai_insights,29.0,2025-01-15
1369,dashboard,36.0,2024-06-29
4788,dashboard,47.0,2025-03-13
3879,analytics,41.0,
42,analytics,43.0,2025-11-17
3816,export,11.0,2024-10-25
3694,ai_insights,45.0,2024-07-31
1849,analytics,23.0,2025-10-19
598,dashboard,49.0,
3475,export,45.0,2024-07-02
490,export,18.0,2024-08-06
2059,reports,16.0,2025-11-03
3794,reports,2.0,2024-08-22
1632,export,24.0,2025-07-04
2350,export,30.0,2024-02-04
430,dashboard,17.0,2025-04-24
2651,ai_insights,37.0,2025-07-21
2469,reports,39.0,
336,ai_insights,45.0,2024-02-10
4563,analytics,8.0,
2915,ai_insights,50.0,2025-07-14
1418,dashboard,17.0,2024-11-10
3938,dashboard,50.0,05/29/2025
4764,ai_insights,22.0,06-05-2025
2206,export,35.0,2025-03-24
2770,dashboard,,2025-03-23
4629,export,32.0,2024-02-27
2461,analytics,22.0,2024-12-24
2815,export,39.0,03/23/2025
4567,ai_insights,1.0,2024-08-28
368,ai_insights,20.0,30-01-2024
352,reports,28.0,2024-10-25
1026,reports,39.0,2024-02-07
1395,ai_insights,22.0,2024-12-22
238,reports,13.0,2025-08-26
2284,reports,13.0,2024-02-15
3711,ai_insights,5.0,2025-03-16
4034,reports,8.0,2024-03-31
1312,dashboard,35.0,2024-05-14
774,ai_insights,43.0,2025-09-03
3991,analytics,40.0,08-06-2025
2637,reports,,05/01/2025
1027,dashboard,41.0,2024-08-31
1022,analytics,17.0,2025-12-22
2004,ai_insights,34.0,2024-09-15
4517,reports,15.0,
4872,export,9.0,2025-12-03
4260,analytics,40.0,12/15/2025
297,ai_insights,49.0,2024-08-15
2880,reports,43.0,2024-03-18
3054,reports,36.0,04/27/2025
842,analytics,38.0,09/07/2025
4654,reports,9.0,2024-08-22
1472,ai_insights,50.0,2024-01-06
1711,analytics,43.0,2024-07-02
4816,reports,40.0,05/29/2025
1293,analytics,,2024-07-25
1303,analytics,8.0,2024-01-19
3331,dashboard,6.0,2025-04-07
320,reports,8.0,2025-10-13
3298,reports,8.0,2024-08-11
4013,ai_insights,47.0,2025-11-01
1064,ai_insights,27.0,02-08-2025
2718,dashboard,,2024-04-29
4177,reports,43.0,2024-04-27
4720,reports,35.0,2024-10-12
3995,ai_insights,37.0,2025-04-20
2377,export,23.0,2024-02-13
2075,dashboard,46.0,29-10-2024
527,reports,24.0,2025-08-04
1304,export,14.0,2024-07-19
265,dashboard,48.0,2025-03-22
4086,export,29.0,2024-11-24
222,dashboard,9.0,03/20/2025
3725,reports,,2025-10-29
3639,ai_insights,19.0,2024-05-16
4114,export,25.0,2025-09-04
162,export,13.0,2025-01-21
1605,export,,2025-12-05
649,ai_insights,14.0,2024-10-13
2189,export,34.0,2024-11-15
300,ai_insights,6.0,2025-01-18
4620,analytics,44.0,2025-08-30
3803,dashboard,3.0,2024-02-03
2940,analytics,18.0,2024-01-18
4627,analytics,8.0,2024-04-05
211,ai_insights,24.0,2024-07-20
4036,ai_insights,10.0,2025-05-26
4150,export,1.0,2025-10-28
1843,ai_insights,11.0,2025-12-07
2097,dashboard,,2025-09-23
2455,reports,36.0,2024-02-29
1252,export,16.0,08/23/2024
2633,analytics,11.0,2025-11-21
382,reports,4.0,2024-08-20
137,export,47.0,2024-08-08
4289,export,9.0,2024-05-27
3056,analytics,27.0,2024-07-19
4980,analytics,15.0,2024-04-09
3809,dashboard,10.0,04/10/2024
715,analytics,36.0,2025-02-04
1209,reports,8.0,2024-08-10
50,export,24.0,2024-05-12
3273,reports,24.0,2025-06-30
115,export,28.0,2025-10-11
3463,export,31.0,2025-09-24
2122,export,24.0,
1341,ai_insights,42.0,2025-02-16
2271,ai_insights,15.0,01/19/2024
3906,export,,2024-03-09
2862,export,35.0,2025-11-03
4988,analytics,49.0,02/09/2025
2921,ai_insights,40.0,09/15/2024
2797,dashboard,35.0,2024-02-08
1820,dashboard,1.0,02/08/2024
50,ai_insights,27.0,2024-07-04
3091,analytics,12.0,2024-06-01
4507,export,32.0,2024-09-17
512,export,12.0,2025-02-09
2477,reports,46.0,2025-08-22
4985,export,48.0,2024-03-06
1946,ai_insights,3.0,2025-03-05
1104,ai_insights,13.0,10/26/2025
1180,ai_insights,6.0,2024-02-10
4418,export,49.0,2024-06-06
2079,ai_insights,39.0,2024-11-22
3190,reports,34.0,2025-11-28
4378,reports,37.0,2024-02-10
1535,analytics,22.0,02/28/2024
1400,ai_insights,43.0,2024-09-10
1868,reports,47.0,24-01-2024
1825,dashboard,49.0,2024-06-27
3687,analytics,43.0,08/13/2024
309,dashboard,38.0,2024-06-29
3552,analytics,49.0,2024-04-01
2161,export,4.0,2025-09-16
669,analytics,16.0,2025-01-01
1716,reports,32.0,2024-08-07
4932,reports,45.0,2024-07-28
3772,reports,14.0,10/14/2025
3347,reports,40.0,02/19/2025
1370,reports,3.0,03/01/2025
1514,dashboard,2.0,2025-07-29
412,export,4.0,2025-02-11
740,export,34.0,2024-03-24
4701,dashboard,12.0,2025-01-07
1440,ai_insights,33.0,2024-06-02
4060,export,33.0,2024-12-15
3452,export,7.0,09/04/2024
1217,export,32.0,2024-01-27
906,ai_insights,16.0,2024-02-28
3647,export,32.0,2025-05-22
1724,export,19.0,2024-05-14
4576,reports,13.0,2024-09-02
4217,reports,44.0,2025-06-22
819,export,,2024-05-01
716,ai_insights,7.0,2024-02-02
4140,reports,14.0,2025-10-30
2010,reports,27.0,2025-01-18
1113,ai_insights,10.0,29-05-2024
1269,ai_insights,4.0,2024-01-29
1406,analytics,31.0,2024-05-14
1584,reports,18.0,03/20/2024
1182,reports,38.0,01/01/2025
3965,reports,1.0,2025-12-17
2567,reports,18.0,2025-02-09
1106,ai_insights,37.0,2025-12-14
816,ai_insights,13.0,
1597,export,27.0,
692,ai_insights,7.0,2024-10-04
4817,analytics,3.0,09/02/2024
2387,analytics,32.0,2024-05-17
2559,reports,,2024-02-08
4051,dashboard,37.0,2024-12-03
250,ai_insights,44.0,07/03/2024
444,reports,6.0,2024-10-07
2962,dashboard,31.0,11/30/2025
432,export,47.0,02/15/2024
2188,analytics,29.0,02/18/2025
365,export,31.0,2025-10-16
4289,ai_insights,6.0,2025-04-24
1972,dashboard,41.0,2025-06-15
3454,ai_insights,21.0,2024-06-04
2766,analytics,41.0,2024-10-10
4166,ai_insights,41.0,11-05-2025
4504,dashboard,42.0,09/01/2024
292,dashboard,47.0,2024-10-15
1890,analytics,33.0,12/08/2025
1040,ai_insights,20.0,2025-02-16
453,export,39.0,2024-09-21
2625,ai_insights,1.0,2025-10-10
1096,export,46.0,2025-09-10
2405,export,21.0,2024-07-02
1543,dashboard,6.0,2024-12-19
801,analytics,22.0,2025-05-23
2037,analytics,36.0,
3987,reports,,2024-11-08
628,dashboard,10.0,2024-11-28
4873,export,2.0,
2732,ai_insights,39.0,28-09-2024
3704,export,48.0,07-02-2025
4186,export,14.0,2025-08-03
2062,ai_insights,44.0,2024-10-28
4839,ai_insights,29.0,2025-06-26
3333,dashboard,,01/15/2025
957,ai_insights,17.0,2025-02-03
4914,dashboard,41.0,2024-02-28
2994,analytics,49.0,19-06-2024
3229,ai_insights,21.0,2024-11-18
2967,analytics,38.0,2024-12-17
4578,dashboard,44.0,2025-12-05
938,ai_insights,3.0,2025-04-12
3079,dashboard,35.0,2024-12-26
1772,ai_insights,43.0,2025-02-11
3608,dashboard,13.0,2025-11-06
3358,ai_insights,7.0,2024-05-18
2648,analytics,1.0,2024-10-24
995,dashboard,49.0,2024-04-28
4269,analytics,44.0,2024-01-08
3364,ai_insights,39.0,01/15/2025
592,export,39.0,2024-12-19
3458,ai_insights,18.0,2025-03-04
3606,reports,46.0,2025-07-23
1369,export,48.0,2025-12-30
1162,ai_insights,15.0,04/20/2024
2799,reports,25.0,2025-06-04
3314,ai_insights,36.0,2024-01-10
4482,export,44.0,2024-09-14
2275,reports,25.0,2025-05-31
1751,ai_insights,14.0,2024-04-30
1409,reports,5.0,2024-07-03
4117,ai_insights,35.0,2024-12-28
1958,reports,24.0,2024-08-18
4112,dashboard,17.0,2025-03-29
4679,analytics,42.0,2025-03-19
19,ai_insights,17.0,2024-05-08
4250,reports,45.0,2024-11-19
4533,reports,41.0,2024-06-08
4316,reports,44.0,2024-09-28
1600,dashboard,36.0,05-02-2025
2699,ai_insights,10.0,12/06/2024
1501,export,32.0,2024-12-29
1440,reports,43.0,2025-02-13
244,dashboard,14.0,2024-07-24
2087,reports,42.0,14-03-2024
4511,reports,,07/13/2024
4458,dashboard,25.0,2025-09-30
3757,ai_insights,4.0,06/24/2025
4557,reports,11.0,2025-11-15
1454,analytics,11.0,2025-10-12
599,ai_insights,20.0,07/03/2024
4440,dashboard,12.0,31-01-2025
2639,dashboard,,
2922,export,36.0,2025-02-27
1557,export,27.0,07/30/2024
2416,ai_insights,24.0,2025-04-09
2994,export,50.0,2024-06-05
1976,dashboard,17.0,2024-01-02
4254,reports,18.0,01/22/2025
4108,dashboard,12.0,2025-10-06
4459,dashboard,40.0,2024-05-24
2753,ai_insights,5.0,
2208,analytics,,2024-07-29
4071,export,30.0,03/03/2025
4461,reports,6.0,2024-08-06
1865,export,19.0,08-09-2025
1224,ai_insights,41.0,09/22/2025
3227,ai_insights,4.0,2025-03-01
2986,analytics,24.0,2024-11-08
3821,ai_insights,42.0,2024-06-13
2509,analytics,17.0,
2699,analytics,33.0,2025-06-09
2513,export,32.0,2024-12-31
1455,export,31.0,06/07/2025
4364,reports,39.0,2025-10-11
55,ai_insights,46.0,2025-09-07
4207,export,35.0,2024-12-25
2989,export,38.0,2025-03-05
2740,dashboard,32.0,2025-03-23
1905,analytics,4.0,2024-05-10
55,ai_insights,41.0,11/03/2024
2463,reports,24.0,07/23/2024
956,export,1.0,2024-10-17
2359,analytics,36.0,2025-07-29
1187,ai_insights,32.0,2025-04-24
186,ai_insights,,2025-01-29
1403,export,39.0,2025-02-06
2068,ai_insights,19.0,07/04/2025
4279,dashboard,33.0,01/13/2024
423,export,35.0,2025-06-13
3704,dashboard,1.0,2024-07-02
2968,analytics,7.0,2024-05-08
3284,reports,27.0,10/07/2024
2906,analytics,8.0,2024-12-17
3656,ai_insights,11.0,19-10-2025
2707,reports,34.0,2025-05-30
1490,analytics,32.0,2024-09-05
3714,analytics,37.0,2025-07-25
1064,ai_insights,5.0,05/06/2025
1266,analytics,26.0,12/29/2024
3798,analytics,1.0,2025-01-27
3161,ai_insights,28.0,2025-03-28
2298,analytics,24.0,2025-09-21
87,export,5.0,2024-09-19
3890,reports,5.0,03/19/2024
2048,dashboard,31.0,10/20/2024
4294,export,35.0,
484,analytics,30.0,2025-05-15
4353,analytics,18.0,2025-11-12
285,analytics,40.0,2024-06-07
3322,export,45.0,07/13/2024
228,analytics,48.0,
2245,reports,25.0,2024-12-20
3689,dashboard,17.0,08/22/2024
2628,analytics,3.0,2025-06-09
2908,export,49.0,
134,export,24.0,2025-02-16
4124,analytics,48.0,2025-01-26
3050,reports,43.0,2025-02-15
1899,dashboard,7.0,2024-04-08
3390,dashboard,48.0,2025-05-21
3877,export,50.0,2024-07-01
4423,analytics,5.0,10/27/2024
4544,dashboard,27.0,07/17/2025
1433,export,22.0,2025-09-15
1491,dashboard,22.0,2025-10-17
343,reports,10.0,08/17/2025
514,reports,5.0,02/17/2025
4306,reports,6.0,2025-12-02
957,reports,44.0,2024-10-03
55,dashboard,47.0,2024-05-11
2730,reports,5.0,2024-10-31
1382,ai_insights,31.0,2024-10-07
394,reports,42.0,2025-08-08
3567,export,5.0,2025-12-26
1660,analytics,8.0,06/05/2024
3046,reports,38.0,2024-03-22
3705,export,42.0,2025-08-18
4902,ai_insights,6.0,2025-08-25
4756,ai_insights,17.0,2024-07-04
986,analytics,19.0,2024-06-05
666,reports,5.0,2024-09-15
4456,ai_insights,43.0,2024-04-14
3949,export,50.0,2025-02-23
2182,dashboard,26.0,2025-08-08
810,dashboard,29.0,2024-06-22
2027,dashboard,36.0,
3424,dashboard,37.0,2025-07-04
993,dashboard,2.0,2024-09-01
72,reports,40.0,06/11/2025
973,reports,47.0,2024-03-25
2295,reports,48.0,2024-06-01
1033,reports,35.0,12/28/2025
2978,reports,11.0,2025-10-07
241,reports,23.0,2024-07-28
3525,dashboard,30.0,2024-07-18
798,export,16.0,10/16/2025
1624,export,36.0,2024-04-22
2570,dashboard,45.0,2024-05-17
2752,dashboard,15.0,2024-06-18
484,ai_insights,35.0,06/10/2024
2249,ai_insights,14.0,2024-08-23
2806,ai_insights,22.0,2024-06-19
4850,analytics,25.0,2025-07-29
2346,reports,16.0,2025-05-17
2087,export,2.0,2024-04-05
676,analytics,5.0,2024-04-22
4935,export,,
4981,ai_insights,30.0,2024-12-13
4861,analytics,,2024-07-29
2055,dashboard,24.0,07/04/2024
2214,analytics,15.0,09/29/2025
6,ai_insights,8.0,2025-06-13
2023,export,7.0,2024-05-24
1013,analytics,34.0,2025-01-02
2788,ai_insights,10.0,2024-06-24
1593,dashboard,20.0,2024-03-25
2082,dashboard,10.0,11/23/2024
1681,analytics,22.0,11/23/2024
3570,ai_insights,26.0,07/02/2024
2321,reports,36.0,2025-08-04
765,reports,38.0,2024-02-15
3985,ai_insights,49.0,2025-02-05
1565,reports,1.0,03/25/2024
819,analytics,47.0,2024-02-20
4850,analytics,7.0,2024-08-08
512,dashboard,40.0,2024-09-27
1568,dashboard,37.0,
4236,dashboard,39.0,2024-02-15
3553,analytics,8.0,
4738,dashboard,43.0,2025-11-07
2209,export,41.0,2025-10-10
2302,analytics,31.0,2025-07-05
2471,ai_insights,15.0,2024-08-04
3273,dashboard,,2024-01-30
1666,export,38.0,2025-11-15
3441,analytics,29.0,06/13/2025
1774,reports,34.0,04/25/2024
4717,dashboard,39.0,2024-03-22
212,analytics,13.0,10/07/2024
1613,export,4.0,2025-06-30
1104,analytics,18.0,2024-12-04
3997,export,31.0,2025-02-17
1220,reports,4.0,2024-03-13
4573,ai_insights,32.0,2025-11-21
3657,reports,43.0,2024-05-28
959,ai_insights,39.0,07/31/2025
3393,reports,12.0,2024-12-19
4689,ai_insights,13.0,2025-05-10
2384,ai_insights,31.0,2025-03-07
1071,ai_insights,7.0,2025-07-06
231,analytics,,2025-09-25
3786,analytics,47.0,05/30/2025
3607,export,33.0,2025-02-05
2884,export,28.0,2024-09-30
2970,export,43.0,2025-02-14
3646,ai_insights,44.0,2025-06-06
2737,ai_insights,10.0,2024-08-22
1104,analytics,32.0,2025-10-31
2651,reports,2.0,2024-08-29
2686,analytics,38.0,2025-04-16
2750,dashboard,47.0,10/14/2024
3803,ai_insights,7.0,2025-03-11
428,export,7.0,2024-12-25
3730,dashboard,24.0,
2718,dashboard,11.0,2025-08-08
1706,ai_insights,7.0,2024-12-01
1746,dashboard,13.0,2025-05-10
3648,ai_insights,8.0,07/27/2025
1604,reports,39.0,2024-09-13
1960,dashboard,50.0,01/14/2024
1559,reports,5.0,2024-02-13
2254,analytics,5.0,2025-12-06
1506,analytics,47.0,2024-04-23
92,reports,41.0,2024-09-03
984,export,49.0,2025-04-28
4568,dashboard,29.0,2024-07-01
962,analytics,3.0,2025-10-19
100,export,18.0,2025-08-17
1182,ai_insights,27.0,2025-12-05
3221,dashboard,46.0,2025-10-10
3128,ai_insights,5.0,2025-02-15
1761,export,39.0,2025-10-13
4476,dashboard,3.0,02/14/2024
4496,analytics,16.0,2025-04-06
3872,reports,35.0,2025-02-07
594,reports,30.0,2024-08-23
3242,dashboard,,2024-01-25
4923,ai_insights,34.0,2024-03-05
1538,dashboard,32.0,2025-11-14
3067,export,34.0,2024-12-15
4340,reports,28.0,2024-05-20
2918,ai_insights,27.0,2025-01-07
4518,reports,47.0,09-08-2024
277,analytics,8.0,2025-07-18
1131,reports,27.0,2024-01-09
1785,reports,20.0,2024-02-14
1383,ai_insights,50.0,2024-07-26
3462,analytics,13.0,2024-05-19
4862,dashboard,27.0,06-11-2025
1594,analytics,,2025-05-06
690,reports,38.0,2025-06-05
3897,reports,13.0,04/16/2025
763,export,13.0,2024-05-29
4470,ai_insights,31.0,2024-05-03
4611,dashboard,5.0,2025-10-13
2408,analytics,11.0,11/18/2024
1998,ai_insights,20.0,2024-04-19
4134,analytics,29.0,2025-11-12
1303,reports,1.0,2024-07-24
1157,reports,24.0,2025-04-21
2007,reports,18.0,2024-08-24
4242,export,14.0,2024-01-30
607,reports,50.0,2025-09-29
4776,export,37.0,2025-05-14
1744,dashboard,,2025-02-09
2890,ai_insights,8.0,2024-11-27
46,ai_insights,45.0,2025-08-29
2982,reports,13.0,2025-08-09
3320,reports,3.0,2024-06-05
3522,analytics,23.0,2025-02-24
4694,analytics,37.0,2025-07-14
1885,reports,30.0,2025-11-07
1860,reports,5.0,2025-12-11
4185,dashboard,45.0,2024-04-13
1737,dashboard,7.0,2025-08-09
2201,dashboard,5.0,2025-07-11
4893,export,18.0,2025-09-04
4805,ai_insights,46.0,2025-12-07
4629,reports,47.0,2025-11-29
497,ai_insights,22.0,2025-02-13
4167,dashboard,10.0,2025-06-27
2213,reports,21.0,2025-03-23
3661,ai_insights,10.0,2025-10-01
585,reports,4.0,04/28/2025
2008,analytics,48.0,01/03/2024
2374,ai_insights,11.0,2025-07-12
629,export,31.0,09/22/2025
3734,ai_insights,4.0,2025-02-18
1107,dashboard,30.0,2024-09-18
210,dashboard,34.0,2025-12-25
2428,dashboard,9.0,2024-04-01
2579,dashboard,35.0,2025-08-05
2348,reports,,05/30/2024
897,export,24.0,2025-10-20
346,dashboard,31.0,2025-11-08
1579,analytics,49.0,2024-02-09
3695,dashboard,22.0,2025-08-10
2133,ai_insights,42.0,09/20/2025
3760,export,30.0,2024-08-12
2859,analytics,45.0,2025-11-01
2774,export,31.0,2024-02-16
1500,dashboard,40.0,2024-12-29
2651,dashboard,50.0,2025-01-25
4513,export,5.0,2025-12-31
2363,ai_insights,,2025-08-18
1986,reports,,2025-03-14
2504,export,14.0,2024-12-22
3704,dashboard,22.0,2025-08-13
381,dashboard,43.0,2024-04-17
4526,analytics,44.0,2025-10-30
1443,dashboard,47.0,2024-05-29
307,reports,27.0,2025-06-12
2492,ai_insights,49.0,2025-11-06
4621,export,24.0,2025-05-28
2474,dashboard,25.0,2025-12-09
4396,reports,26.0,2025-06-29
3041,reports,7.0,2025-11-29
1368,ai_insights,32.0,01/05/2025
2444,export,34.0,2025-10-08
3363,dashboard,10.0,2025-09-17
1938,reports,29.0,02/26/2025
2683,reports,20.0,06/27/2025
1813,ai_insights,29.0,2025-06-10
219,dashboard,32.0,2024-01-19
3392,analytics,44.0,2025-04-07
1825,analytics,,18-05-2025
2046,ai_insights,13.0,09/23/2025
746,export,8.0,2025-01-21
1823,reports,36.0,2024-01-17
1070,ai_insights,19.0,07/08/2024
4876,reports,20.0,2024-02-29
4603,analytics,4.0,2024-02-10
1307,export,45.0,2025-04-08
3695,ai_insights,36.0,2025-05-23
3556,reports,28.0,2025-06-02
1689,ai_insights,3.0,2024-03-06
1543,dashboard,38.0,2024-03-22
4775,reports,9.0,2024-03-23
3519,analytics,3.0,09/19/2025
2044,ai_insights,,20-10-2025
1918,ai_insights,50.0,03-03-2025
3488,analytics,13.0,2024-01-08
2394,dashboard,7.0,2025-08-04
1239,export,26.0,
3249,dashboard,42.0,
2259,dashboard,21.0,04/30/2024
455,export,,2025-04-03
1754,analytics,36.0,21-01-2025
2274,ai_insights,6.0,2025-04-05
3392,reports,30.0,2025-09-20
768,dashboard,34.0,2024-03-17
3651,export,29.0,2024-08-30
420,ai_insights,44.0,2025-04-23
4375,export,8.0,2024-09-19
3919,dashboard,12.0,02/02/2024
57,dashboard,49.0,2024-04-24
4987,dashboard,30.0,2024-03-27
1967,analytics,6.0,2024-10-04
2293,dashboard,37.0,2024-05-12
814,dashboard,20.0,
1241,export,12.0,09-01-2025
1624,dashboard,5.0,2024-03-06
2859,export,7.0,08/29/2024
4712,ai_insights,49.0,
3884,reports,,28-06-2024
3527,analytics,10.0,01/28/2024
3724,analytics,8.0,05-11-2025
2626,dashboard,10.0,2024-11-29
2901,reports,29.0,
131,dashboard,,2025-04-12
1705,ai_insights,10.0,2025-08-29
3885,export,23.0,2024-04-30
1156,ai_insights,30.0,2024-02-19
875,dashboard,,2025-10-20
4863,analytics,7.0,2025-09-15
1256,dashboard,43.0,05/21/2025
512,export,39.0,2025-12-13
1628,ai_insights,35.0,29-10-2024
2304,export,8.0,05/05/2024
1951,dashboard,28.0,2025-09-26
3226,reports,45.0,2024-07-05
3429,analytics,49.0,2024-06-27
3480,reports,20.0,02/13/2025
4250,reports,42.0,2024-02-10
737,dashboard,31.0,2024-07-04
2960,ai_insights,45.0,2025-03-14
4424,analytics,,2024-03-17
1692,analytics,13.0,2024-12-23
3784,reports,7.0,2025-09-27
4222,ai_insights,40.0,2024-01-18
168,dashboard,26.0,2024-11-29
1770,reports,16.0,2024-02-04
302,ai_insights,35.0,28-12-2025
1093,reports,40.0,2024-05-30
3475,reports,44.0,2024-12-19
2543,dashboard,,2025-05-25
3812,dashboard,28.0,2024-07-11
137,export,11.0,2025-03-05
4883,analytics,6.0,14-08-2024
98,reports,13.0,
3403,export,9.0,20-07-2024
2951,analytics,47.0,2024-11-07
358,analytics,18.0,2025-01-08
1274,export,45.0,2024-08-19
4056,dashboard,23.0,2024-08-01
496,ai_insights,32.0,2025-03-29
2132,ai_insights,16.0,2025-08-05
3778,ai_insights,26.0,
818,analytics,32.0,2025-01-27
913,reports,9.0,2025-11-30
4772,reports,9.0,2025-01-14
1428,dashboard,50.0,12/30/2024
2884,reports,23.0,2024-06-14
4747,ai_insights,21.0,02/14/2024
2366,ai_insights,21.0,2024-02-17
1718,ai_insights,47.0,05/17/2025
3290,export,20.0,
1480,reports,24.0,2024-05-04
1740,dashboard,33.0,2024-04-27
4432,dashboard,49.0,
1963,dashboard,39.0,2024-10-19
3781,reports,15.0,10/13/2024
3246,reports,6.0,2024-03-07
1495,analytics,47.0,2024-02-06
286,dashboard,33.0,2025-03-24
1917,dashboard,45.0,2025-11-26
1336,ai_insights,35.0,
65,dashboard,27.0,2024-02-03
1756,reports,29.0,2025-01-24
1106,reports,48.0,
1548,reports,42.0,2024-07-24
4582,reports,30.0,2025-09-19
1135,ai_insights,37.0,2025-03-08
696,export,32.0,
1767,reports,40.0,2024-01-21
2508,analytics,43.0,2025-11-15
805,ai_insights,2.0,2025-11-28
1297,analytics,7.0,2025-10-09
959,analytics,22.0,2024-02-02
2553,ai_insights,47.0,2025-03-27
769,dashboard,31.0,06/27/2025
3444,analytics,19.0,05-12-2024
2188,analytics,8.0,2024-06-28
23,ai_insights,9.0,05/18/2025
2879,analytics,,2024-11-13
791,analytics,26.0,20-03-2025
3211,dashboard,3.0,02/06/2024
1892,ai_insights,34.0,2024-01-15
2655,reports,7.0,2025-11-27
2670,analytics,5.0,03-03-2024
4578,export,43.0,2024-03-28
2784,analytics,29.0,2024-04-21
4507,export,7.0,2025-08-03
1945,ai_insights,5.0,2024-03-14
1190,ai_insights,36.0,2025-11-05
4760,export,,03/24/2025
1694,ai_insights,15.0,2024-03-29
3808,analytics,37.0,2024-02-12
186,export,28.0,
3556,dashboard,15.0,2024-11-13
605,analytics,45.0,30-10-2024
4049,dashboard,7.0,09-05-2025
1699,export,4.0,04/21/2024
2599,analytics,32.0,2025-02-17
2305,export,6.0,2025-07-12
3875,analytics,32.0,05/06/2024
2554,reports,2.0,2024-11-12
968,dashboard,34.0,03/30/2025
4208,ai_insights,35.0,2025-11-16
199,export,18.0,07/31/2024
1535,reports,4.0,2024-09-18
3726,export,43.0,2024-08-23
700,export,29.0,11/28/2024
3124,ai_insights,27.0,2024-12-28
4926,reports,19.0,2025-02-14
1123,ai_insights,9.0,12/16/2024
4620,analytics,39.0,04/20/2024
839,export,45.0,2024-06-23
183,export,46.0,2024-01-03
449,analytics,48.0,11/10/2024
987,analytics,7.0,24-11-2025
231,reports,30.0,
4822,reports,49.0,2024-08-08
2929,ai_insights,47.0,10/22/2025
3003,ai_insights,9.0,2024-08-06
4440,export,42.0,21-06-2025
2338,ai_insights,45.0,2025-10-14
1573,dashboard,10.0,2024-07-05
193,ai_insights,12.0,2024-10-26
3724,analytics,2.0,2024-10-28
1977,ai_insights,27.0,2024-06-22
3549,analytics,48.0,2024-05-25
2653,export,6.0,2024-09-02
3307,dashboard,19.0,2025-09-25
4954,reports,30.0,2025-04-21
3652,dashboard,45.0,2025-02-12
2980,analytics,19.0,2024-09-23
4636,ai_insights,43.0,2024-02-07
2830,dashboard,12.0,2024-11-27
1393,reports,34.0,2025-01-24
3527,reports,5.0,2025-09-04
4370,reports,37.0,2024-10-22
1212,ai_insights,21.0,2025-07-03
4272,ai_insights,12.0,2024-09-17
1783,analytics,34.0,2024-11-09
2327,dashboard,32.0,01/27/2024
4477,ai_insights,47.0,2024-08-01
470,dashboard,8.0,2024-08-09
4780,reports,41.0,2024-07-08
214,export,13.0,2025-09-12
3319,export,20.0,08-08-2025
4044,dashboard,1.0,2025-10-23
3165,analytics,6.0,2025-07-10
3320,reports,50.0,2025-01-15
3775,analytics,9.0,2024-11-13
4153,ai_insights,26.0,2024-11-21
478,analytics,24.0,2024-04-16
1002,analytics,1.0,11/24/2025
474,analytics,24.0,2025-11-24
3881,analytics,9.0,2024-05-27
4756,dashboard,,2024-05-16
3586,export,39.0,07/31/2025
3446,analytics,3.0,2024-12-07
2788,export,1.0,2024-01-24
1141,analytics,46.0,09/18/2024
4002,analytics,4.0,
2494,ai_insights,2.0,2024-07-18
2403,reports,35.0,2024-11-29
3445,analytics,33.0,2024-10-03
1846,analytics,33.0,05/24/2025
3899,ai_insights,1.0,12/28/2024
370,ai_insights,50.0,2025-12-22
3509,reports,39.0,2025-01-14
4811,dashboard,18.0,2025-07-01
3809,dashboard,7.0,2025-03-04
2408,reports,32.0,2025-08-02
3452,analytics,27.0,2024-11-08
3760,dashboard,39.0,2025-06-09
4710,analytics,27.0,2025-07-02
3085,analytics,48.0,10/13/2024
30,analytics,42.0,2025-06-29
4826,export,20.0,2024-02-01
3938,analytics,44.0,11/15/2025
433,ai_insights,23.0,2025-01-15
3608,dashboard,38.0,2025-06-22
4711,ai_insights,25.0,12/23/2024
3829,ai_insights,1.0,2024-11-02
1715,reports,26.0,2024-10-16
4984,ai_insights,46.0,2025-03-09
1141,export,43.0,2025-10-18
758,reports,41.0,2025-10-28
1468,ai_insights,,2024-02-26
1783,dashboard,29.0,2024-08-10
923,export,49.0,10/21/2024
3686,analytics,25.0,14-03-2025
2145,dashboard,47.0,
1172,dashboard,7.0,01/20/2024
2960,analytics,36.0,2025-04-05
4818,reports,33.0,
4808,export,39.0,2024-11-25
4668,ai_insights,12.0,28-01-2025
3373,export,6.0,2024-09-10
4591,ai_insights,26.0,2024-10-10
4282,export,6.0,05-01-2024
3393,reports,6.0,2024-06-08
4816,export,50.0,2024-07-03
2298,analytics,50.0,2025-01-07
4336,ai_insights,23.0,2025-04-04
3222,reports,36.0,2025-04-16
1345,reports,8.0,2025-08-02
3753,analytics,1.0,2024-04-05
2104,export,35.0,2025-01-13
1851,export,41.0,2024-02-02
1851,reports,13.0,2024-06-01
4002,ai_insights,22.0,2025-11-01
935,dashboard,48.0,2024-11-22
4842,reports,22.0,2025-12-26
4720,reports,34.0,2025-08-13
2108,ai_insights,37.0,03/01/2024
447,dashboard,45.0,15-06-2025
4902,ai_insights,47.0,24-06-2025
4341,ai_insights,23.0,01/12/2025
2466,export,5.0,2024-12-13
4888,ai_insights,39.0,2024-04-07
1308,ai_insights,16.0,2024-09-12
1301,ai_insights,44.0,2024-01-06
4999,export,29.0,2024-06-08
2568,dashboard,24.0,01/07/2024
371,ai_insights,6.0,11/22/2025
4083,reports,11.0,
110,analytics,19.0,2024-10-05
2661,ai_insights,32.0,05/06/2025
1292,analytics,24.0,2024-06-01
904,ai_insights,,2024-12-24
1323,dashboard,50.0,2024-11-09
242,analytics,25.0,2025-07-05
3122,ai_insights,5.0,2024-01-18
225,reports,29.0,05/23/2024
1883,dashboard,40.0,2024-09-23
826,dashboard,33.0,2024-01-07
4091,reports,26.0,2024-05-10
1970,export,14.0,2024-07-15
1755,analytics,,2025-12-18
947,ai_insights,18.0,2024-09-28
1125,reports,22.0,24-07-2025
3730,analytics,,2025-02-14
3114,export,20.0,2024-07-16
2857,dashboard,37.0,03/12/2024
2897,analytics,29.0,06-04-2025
112,ai_insights,9.0,2025-12-09
2804,ai_insights,36.0,2024-12-10
1575,reports,16.0,2024-01-13
194,ai_insights,45.0,10/17/2025
341,ai_insights,17.0,2024-12-03
360,dashboard,7.0,06/13/2024
974,export,34.0,2025-06-26
3330,analytics,7.0,01/08/2025
3146,analytics,32.0,12/06/2024
4925,ai_insights,33.0,09/04/2024
2861,export,39.0,2024-07-22
3057,dashboard,21.0,2024-05-31
2009,reports,,29-07-2024
3779,dashboard,10.0,2024-02-03
3447,ai_insights,22.0,04/02/2025
2465,dashboard,18.0,2025-07-31
4674,dashboard,33.0,2025-05-14
246,reports,50.0,2025-09-11
1190,export,,2024-10-13
811,reports,29.0,2024-10-30
3024,dashboard,39.0,2024-08-24
923,export,24.0,2024-12-03
755,analytics,48.0,2025-07-10
548,ai_insights,12.0,2025-10-20
4465,ai_insights,26.0,2025-03-02
448,analytics,7.0,2024-12-08
1605,analytics,49.0,2024-07-11
3546,ai_insights,14.0,2025-10-07
1299,reports,33.0,03/29/2025
4259,analytics,12.0,2025-07-14
4172,ai_insights,10.0,11/05/2024
394,ai_insights,43.0,2024-12-14
3874,export,15.0,2024-03-26
1193,ai_insights,23.0,2024-05-06
3714,export,4.0,2024-10-18
2377,ai_insights,10.0,2025-06-11
8,ai_insights,43.0,12/26/2025
1558,reports,16.0,2024-08-08
3385,ai_insights,5.0,2024-01-02
425,ai_insights,7.0,2025-11-27
764,dashboard,15.0,2024-06-05
2791,ai_insights,30.0,2025-09-22
2886,analytics,29.0,2025-06-28
3139,dashboard,45.0,25-08-2024
389,ai_insights,36.0,26-08-2025
1724,analytics,4.0,2025-05-23
515,dashboard,26.0,2024-06-28
1463,ai_insights,29.0,2025-04-19
437,ai_insights,5.0,2025-09-04
3511,reports,44.0,2025-03-12
832,analytics,2.0,2024-04-20
4149,analytics,8.0,2024-10-01
4191,dashboard,,2025-05-07
2277,dashboard,23.0,2025-09-02
1314,analytics,49.0,2024-07-31
1701,ai_insights,1.0,2025-08-19
3355,ai_insights,33.0,2024-04-14
4082,reports,23.0,2025-10-25
1314,ai_insights,4.0,2025-03-05
177,reports,45.0,2025-11-04
2848,analytics,24.0,2025-05-23
172,analytics,43.0,2024-11-02
2112,reports,31.0,10/03/2025
3846,analytics,5.0,2025-06-01
111,reports,22.0,2024-05-03
4458,ai_insights,12.0,12/20/2025
833,analytics,41.0,2024-10-29
2616,export,33.0,2024-04-27
4782,analytics,27.0,11/12/2024
7,reports,50.0,2025-09-14
3291,export,29.0,2025-11-01
4266,analytics,20.0,2025-09-05
129,dashboard,9.0,2025-02-05
951,ai_insights,,2025-03-02
3922,analytics,26.0,2024-07-04
187,ai_insights,46.0,2025-10-21
2981,dashboard,15.0,2024-07-26
774,reports,40.0,2025-04-19
2635,dashboard,39.0,15-07-2024
899,export,31.0,2024-10-30
1270,export,36.0,2024-11-11
4065,analytics,2.0,28-11-2024
3857,dashboard,22.0,2025-03-02
1784,analytics,40.0,08/04/2024
1729,reports,17.0,2024-09-02
3809,dashboard,44.0,2024-12-15
628,ai_insights,36.0,2024-12-27
2325,dashboard,8.0,03-11-2025
352,analytics,4.0,2024-04-22
1666,reports,45.0,2025-11-27
3495,ai_insights,34.0,2025-07-24
4152,dashboard,9.0,2025-10-27
2142,dashboard,21.0,2024-01-29
858,export,38.0,2025-11-13
1947,ai_insights,24.0,2025-12-20
1142,dashboard,47.0,02-11-2024
3194,dashboard,13.0,2024-01-03
629,ai_insights,11.0,2024-01-27
3825,analytics,40.0,2024-05-08
716,export,45.0,10/23/2024
4341,ai_insights,40.0,07/23/2024
3907,analytics,8.0,2025-11-01
776,analytics,24.0,
451,ai_insights,35.0,2025-11-14
4961,export,16.0,2025-06-24
3465,analytics,34.0,2025-10-01
87,analytics,17.0,2025-05-20
4269,ai_insights,9.0,2025-05-30
1083,analytics,29.0,2025-05-17
2542,reports,30.0,2025-04-24
2581,dashboard,40.0,2024-11-15
2045,ai_insights,2.0,2024-11-19
4560,reports,26.0,2024-07-18
4418,export,48.0,2025-03-21
768,reports,13.0,11/04/2024
1989,export,21.0,2024-03-18
790,analytics,28.0,2025-04-24
4021,analytics,42.0,2024-05-09
3258,analytics,28.0,2024-07-22
4320,export,39.0,2025-12-11
713,dashboard,46.0,02/19/2024
3622,ai_insights,30.0,22-10-2025
3292,ai_insights,11.0,10/13/2024
4897,export,50.0,2025-08-25
1325,ai_insights,15.0,2025-03-11
2507,ai_insights,2.0,2025-10-22
8,reports,43.0,2025-07-28
3754,export,22.0,2024-01-14
340,reports,6.0,2024-01-09
282,export,25.0,2025-10-21
3148,dashboard,32.0,2025-07-23
4137,export,39.0,2024-03-29
3515,analytics,39.0,08/22/2024
1135,analytics,6.0,2025-04-18
1917,dashboard,9.0,2024-02-25
2048,export,37.0,2024-01-22
4227,ai_insights,,2025-05-05
258,ai_insights,31.0,2024-11-14
4634,analytics,,2025-10-29
4963,ai_insights,44.0,2024-08-31
4984,ai_insights,35.0,04/23/2025
2990,export,22.0,2025-07-31
1054,analytics,49.0,2024-01-10
780,export,2.0,2024-02-19
4143,analytics,49.0,2024-04-30
1720,export,4.0,2025-07-31
1705,ai_insights,24.0,2024-01-14
715,analytics,45.0,2024-07-09
419,ai_insights,1.0,2025-08-08
1162,ai_insights,13.0,11/04/2025
3930,reports,5.0,2025-11-28
4166,dashboard,,2025-08-12
2894,reports,8.0,2024-10-09
3301,ai_insights,29.0,2025-07-19
2807,dashboard,15.0,04-05-2024
701,export,32.0,2024-06-26
1848,export,39.0,2024-10-19
1321,export,23.0,2024-04-05
958,export,43.0,2025-06-02
2021,ai_insights,31.0,03/03/2024
1740,analytics,19.0,04/10/2024
1946,export,14.0,2025-07-19
2501,dashboard,28.0,2025-12-24
2014,ai_insights,35.0,03/03/2024
3935,export,9.0,2025-07-24
27,export,18.0,2024-08-12
1565,analytics,1.0,2024-03-21
3856,reports,23.0,2025-12-09
422,dashboard,23.0,2024-02-06
4407,dashboard,9.0,30-07-2024
3336,export,25.0,22-04-2024
33,analytics,28.0,2025-05-27
2507,dashboard,3.0,2024-10-06
4674,reports,1.0,2025-06-29
399,reports,25.0,2025-07-27
353,ai_insights,49.0,2024-11-20
4088,analytics,18.0,2024-03-22
4132,reports,21.0,2025-11-08
1884,export,6.0,2025-05-14
3119,dashboard,38.0,2025-02-26
3604,ai_insights,1.0,2024-11-12
2762,reports,13.0,2025-05-11
2883,dashboard,41.0,2025-03-01
2115,export,9.0,2024-01-08
2299,reports,42.0,2024-02-23
2674,ai_insights,31.0,2025-05-31
1819,export,30.0,2024-09-22
177,ai_insights,17.0,2025-06-16
3623,dashboard,22.0,2025-03-18
808,export,13.0,01/26/2025
4736,export,49.0,2024-11-01
1171,ai_insights,44.0,2024-04-25
2344,ai_insights,10.0,2025-09-24
3127,analytics,1.0,2025-02-16
4308,ai_insights,,11/20/2025
3243,reports,29.0,2024-09-15
2609,analytics,,2025-07-22
1202,export,44.0,2024-11-11
1577,dashboard,24.0,2025-02-26
791,analytics,27.0,2024-02-29
3447,reports,10.0,2024-09-30
446,reports,4.0,2025-11-15
1414,analytics,,2025-08-11
3722,ai_insights,,2025-02-07
1370,analytics,32.0,2025-07-15
3418,ai_insights,5.0,2025-08-04
4865,dashboard,23.0,2025-05-06
4445,dashboard,13.0,2025-07-25
3408,reports,5.0,27-04-2024
2914,reports,13.0,2025-09-27
2713,reports,,02/25/2024
2949,ai_insights,13.0,2025-11-11
2615,ai_insights,3.0,2025-11-09
208,reports,49.0,11/07/2024
2475,dashboard,20.0,2025-11-25
2347,dashboard,40.0,2025-06-18
443,ai_insights,17.0,2025-05-22
2140,reports,12.0,08-10-2024
1146,export,4.0,2025-11-13
778,ai_insights,24.0,2025-03-31
2291,dashboard,,01/21/2025
4053,export,42.0,2024-01-10
1350,reports,36.0,2024-04-04
4125,dashboard,40.0,2024-06-08
283,analytics,15.0,2024-04-26
2332,analytics,50.0,2025-02-22
1762,reports,2.0,2025-02-05
3002,export,,2024-10-06
3098,analytics,46.0,
74,reports,36.0,2025-12-06
4672,reports,23.0,2025-08-30
2359,dashboard,4.0,2025-06-06
3077,analytics,33.0,2025-12-02
4940,ai_insights,42.0,2025-10-03
3797,dashboard,47.0,2025-06-12
2491,analytics,31.0,2024-12-16
1578,analytics,,2024-01-29
1991,ai_insights,34.0,2025-11-10
2471,analytics,1.0,13-03-2025
2990,ai_insights,5.0,
2345,export,31.0,2024-05-02
2625,analytics,46.0,2025-05-07
783,export,35.0,2025-06-21
3036,dashboard,20.0,2025-06-17
764,ai_insights,21.0,2024-12-15
2605,ai_insights,15.0,05/11/2025
2455,analytics,3.0,11/04/2024
559,ai_insights,43.0,2025-06-20
2648,analytics,38.0,2024-03-23
4028,analytics,37.0,01/24/2024
4575,ai_insights,31.0,2025-07-19
2925,dashboard,23.0,2024-08-26
423,export,1.0,2025-05-04
824,analytics,24.0,30-09-2024
1961,analytics,50.0,06/23/2024
1869,reports,24.0,2025-02-04
2596,export,23.0,2025-02-04
2781,export,,2024-03-14
4531,reports,19.0,2024-11-10
4510,dashboard,1.0,07/10/2024
3506,reports,45.0,2025-01-01
548,export,23.0,2025-05-09
1313,analytics,1.0,2025-03-21
1255,dashboard,27.0,01-03-2025
4252,dashboard,22.0,2024-09-10
1822,reports,33.0,2025-09-07
697,analytics,50.0,2024-08-02
3421,dashboard,48.0,21-04-2024
308,dashboard,41.0,03/13/2024
1503,reports,30.0,2025-06-12
3792,ai_insights,3.0,2024-05-31
2580,reports,39.0,2024-04-26
679,analytics,36.0,2025-09-01
3408,export,14.0,2025-01-10
2166,export,27.0,2025-09-04
1347,reports,10.0,2024-07-23
794,dashboard,13.0,2024-07-23
111,ai_insights,44.0,2025-02-01
3405,reports,41.0,2025-07-16
3142,export,49.0,2024-04-26
1883,analytics,6.0,2024-07-10
4110,ai_insights,27.0,2024-05-12
2636,ai_insights,34.0,2025-04-05
1177,export,9.0,2024-11-18
3961,ai_insights,22.0,2024-04-13
1238,analytics,9.0,2025-10-09
1610,dashboard,2.0,2025-02-27
1558,ai_insights,37.0,06/08/2024
3080,dashboard,23.0,2024-09-08
3338,export,6.0,
2343,analytics,46.0,24-01-2025
2270,dashboard,29.0,2025-05-11
1805,ai_insights,16.0,2024-02-29
1906,analytics,23.0,03-08-2024
415,export,48.0,2024-07-15
2884,export,35.0,2024-06-27
940,dashboard,1.0,2025-09-24
1656,reports,10.0,2024-05-18
849,export,39.0,09/20/2024
741,analytics,31.0,
3406,ai_insights,13.0,2025-06-28
4002,analytics,38.0,2024-12-31
2572,export,30.0,2024-02-21
1051,dashboard,40.0,2024-02-16
1244,analytics,10.0,2024-05-17
1991,dashboard,49.0,2024-03-14
4935,export,35.0,2024-06-28
1327,reports,37.0,02/24/2025
4900,dashboard,3.0,2025-06-12
715,dashboard,49.0,2024-04-15
2734,export,50.0,2025-01-29
3963,export,,12/10/2024
728,export,48.0,2024-06-19
3144,analytics,5.0,2025-10-02
3384,reports,19.0,2024-11-26
4052,dashboard,8.0,2025-11-30
2818,reports,45.0,2025-03-23
3579,reports,41.0,01/07/2024
107,dashboard,,2025-10-24
1541,ai_insights,39.0,2024-09-27
1089,ai_insights,14.0,07/23/2025
2952,reports,15.0,2025-05-06
2797,ai_insights,31.0,2024-01-20
1033,dashboard,47.0,2025-11-12
4885,export,20.0,2024-10-08
2823,export,46.0,2024-10-16
2537,analytics,36.0,2024-11-14
99,reports,44.0,2025-09-08
1019,dashboard,25.0,2025-02-14
3095,dashboard,4.0,2024-12-12
1743,ai_insights,44.0,2024-02-18
2801,reports,10.0,2024-06-05
4587,reports,29.0,04/21/2025
1138,analytics,35.0,2024-04-30
735,reports,19.0,2024-08-31
2287,dashboard,9.0,2024-07-01
3197,dashboard,20.0,08/30/2025
3177,ai_insights,28.0,2024-05-04
1932,analytics,2.0,11/07/2025
2861,export,4.0,2025-03-03
976,analytics,21.0,2025-12-29
208,analytics,,2024-05-29
1198,reports,45.0,2024-10-28
3150,dashboard,7.0,2024-02-15
1600,reports,,2024-12-18
574,reports,34.0,2025-08-25
3737,export,32.0,2024-03-10
146,dashboard,6.0,2024-07-28
2102,reports,35.0,2025-05-17
4665,dashboard,50.0,05/02/2024
2960,reports,2.0,2024-11-19
118,export,4.0,2024-10-05
1977,ai_insights,37.0,2025-09-12
2204,analytics,28.0,05/15/2024
2547,reports,2.0,23-11-2024
3886,export,1.0,2024-10-27
3358,dashboard,39.0,2024-04-14
2550,ai_insights,43.0,2024-10-29
4691,ai_insights,49.0,2025-12-20
1872,analytics,19.0,10/06/2024
50,ai_insights,1.0,2025-01-14
537,export,22.0,2024-10-31
2158,export,28.0,2024-03-18
2961,analytics,40.0,2025-03-19
2624,ai_insights,44.0,01/29/2025
3376,reports,23.0,2024-05-31
2428,ai_insights,21.0,2024-09-04
2993,ai_insights,16.0,04/28/2024
1718,dashboard,42.0,2025-08-22
245,ai_insights,38.0,02/27/2025
4398,reports,38.0,2025-04-22
471,analytics,39.0,2025-11-10
1634,reports,26.0,2025-07-19
317,reports,16.0,2024-08-21
1458,dashboard,33.0,03-05-2025
3867,dashboard,23.0,2024-11-03
1521,analytics,4.0,2025-02-16
4828,dashboard,42.0,04-08-2025
2455,export,12.0,2025-03-27
554,ai_insights,45.0,2025-06-22
2345,analytics,23.0,2025-02-06
2984,dashboard,49.0,2024-12-05
3773,reports,34.0,2025-06-20
3663,reports,19.0,2024-03-20
3330,analytics,26.0,12/15/2024
4944,ai_insights,8.0,2024-03-04
2611,export,16.0,2025-01-19
3939,reports,17.0,2024-12-13
570,ai_insights,14.0,15-07-2024
3395,export,48.0,2025-01-02
2845,dashboard,46.0,2025-11-21
3443,export,35.0,2025-10-05
2307,ai_insights,13.0,2024-09-13
667,ai_insights,46.0,12/26/2024
2029,dashboard,18.0,07/29/2024
3791,export,23.0,2024-09-05
2478,dashboard,29.0,2025-07-03
2977,dashboard,19.0,2024-02-07
247,reports,11.0,2025-09-06
4824,reports,6.0,2024-10-29
2582,ai_insights,,2025-04-16
497,ai_insights,30.0,2025-11-30
3872,reports,47.0,2024-11-07
363,export,19.0,2025-01-21
2861,reports,41.0,2024-01-20
1886,export,21.0,2024-08-07
4789,reports,38.0,2025-12-01
2481,analytics,42.0,05-05-2024
2037,ai_insights,20.0,2025-09-09
3904,export,24.0,2024-02-21
3451,export,24.0,09/12/2024
3349,ai_insights,48.0,2025-09-11
894,analytics,,12/05/2025
4297,analytics,,2024-09-19
4613,export,2.0,2024-07-21
3412,dashboard,10.0,2025-10-21
4580,export,18.0,2024-03-18
4841,export,34.0,08/02/2024
727,analytics,30.0,2025-02-11
282,reports,43.0,12-12-2025
4680,dashboard,50.0,11/06/2025
2959,export,30.0,2024-07-03
4057,analytics,46.0,2024-03-09
981,ai_insights,,2025-06-01
2220,dashboard,29.0,2024-02-08
3995,ai_insights,24.0,2025-06-25
2189,reports,4.0,08/22/2024
3257,dashboard,1.0,2025-04-04
692,ai_insights,,2025-03-30
990,reports,19.0,2025-04-02
601,export,49.0,07/30/2025
3906,analytics,6.0,2025-05-23
2154,reports,10.0,12/30/2024
4979,analytics,29.0,2025-11-19
2162,export,31.0,2025-08-14
3027,export,,2024-09-14
3749,dashboard,47.0,2025-11-03
1164,reports,20.0,2024-03-24
462,dashboard,4.0,2025-11-28
2621,export,39.0,2025-04-17
3470,export,1.0,2025-08-31
4830,export,37.0,2024-03-17
728,analytics,47.0,2024-01-01
1455,analytics,6.0,2024-12-23
1330,ai_insights,26.0,2024-08-17
741,ai_insights,34.0,2024-06-12
4756,ai_insights,10.0,05/31/2024
4112,ai_insights,6.0,2025-05-05
951,analytics,43.0,2024-08-01
4351,reports,,2024-12-30
875,ai_insights,28.0,2025-04-15
3178,ai_insights,25.0,
3067,export,3.0,23-05-2025
3427,export,27.0,2025-10-24
177,ai_insights,14.0,2025-04-18
688,ai_insights,9.0,2024-02-09
4659,analytics,22.0,2025-07-24
340,dashboard,47.0,2025-03-17
2609,reports,43.0,2024-02-19
3722,export,8.0,02/15/2024
3023,ai_insights,27.0,
4486,dashboard,20.0,2025-09-06
122,ai_insights,50.0,2025-02-22
3690,reports,23.0,2025-01-24
1364,export,,2024-10-26
678,export,21.0,2024-07-23
2073,dashboard,32.0,2024-10-22
1943,ai_insights,10.0,2025-01-05
3827,ai_insights,36.0,2024-11-03
220,analytics,24.0,2024-05-27
546,export,36.0,2024-01-31
944,export,7.0,2025-12-13
1578,export,33.0,2025-12-27
932,reports,,2025-06-02
2406,export,6.0,2025-08-20
4862,dashboard,19.0,2024-08-07
4125,reports,7.0,2024-12-10
3101,analytics,12.0,2024-04-15
1659,analytics,43.0,01/18/2024
1264,export,35.0,2024-02-23
145,ai_insights,31.0,2025-09-07
3962,export,50.0,06-03-2025
3604,dashboard,19.0,2024-06-26
1517,reports,13.0,2024-09-02
3695,reports,12.0,2025-03-24
3314,reports,12.0,2025-05-23
1462,reports,12.0,2024-10-27
3069,dashboard,20.0,2024-01-20
2590,analytics,44.0,2025-10-24
3103,dashboard,40.0,2025-01-03
1518,dashboard,36.0,2024-09-22
3040,dashboard,18.0,2025-09-24
761,dashboard,41.0,2025-04-29
730,export,19.0,2025-01-17
3515,analytics,34.0,2025-08-30
2834,analytics,21.0,2025-08-03
3188,export,21.0,2024-09-03
3088,dashboard,43.0,05/18/2025
3,analytics,35.0,2025-09-14
590,ai_insights,23.0,2024-11-22
2324,analytics,46.0,2025-03-12
3904,reports,45.0,2024-08-19
3024,reports,16.0,2025-02-23
4637,reports,27.0,2025-08-07
2381,export,45.0,2024-11-11
704,dashboard,9.0,2025-08-22
4276,ai_insights,17.0,2025-09-07
1504,reports,46.0,2025-12-11
386,dashboard,14.0,2024-06-02
4563,ai_insights,42.0,08/24/2025
734,reports,17.0,2024-08-28
3211,ai_insights,5.0,2024-04-02
4888,ai_insights,25.0,2025-06-04
3896,analytics,38.0,12/13/2025
2073,export,46.0,2024-05-11
881,ai_insights,35.0,2025-01-29
4179,export,46.0,2024-09-20
1468,dashboard,39.0,2025-10-01
2159,export,15.0,02/27/2024
4019,analytics,6.0,01/09/2025
4758,reports,50.0,2025-12-11
547,reports,31.0,10/10/2025
1494,reports,23.0,2025-03-31
2052,reports,11.0,2025-10-11
1143,ai_insights,25.0,2024-12-08
47,dashboard,7.0,2024-09-18
4214,analytics,13.0,2025-04-06
4116,export,9.0,2025-05-03
2952,reports,48.0,2025-06-19
745,ai_insights,45.0,2024-02-11
57,reports,,2024-09-26
3762,reports,17.0,2025-11-03
1114,analytics,22.0,2025-02-11
1858,export,8.0,2025-01-19
3083,dashboard,,2025-07-26
837,analytics,20.0,2025-02-23
16,dashboard,45.0,2025-12-09
1730,reports,33.0,2024-04-09
1115,reports,42.0,2024-04-24
4150,reports,38.0,07/25/2025
4455,export,15.0,2025-03-23
449,export,20.0,2025-04-06
1729,analytics,17.0,03/17/2025
1671,reports,27.0,2025-09-28
127,analytics,11.0,2025-11-19
2423,reports,4.0,01/04/2024
2665,ai_insights,,04/27/2025
2854,export,45.0,2024-04-28
3123,analytics,22.0,02/10/2024
3068,dashboard,30.0,2024-12-11
527,dashboard,5.0,2024-05-02
4045,reports,24.0,2024-11-15
4063,export,14.0,2025-01-09
3885,export,11.0,2024-03-03
4580,analytics,12.0,2025-11-20
734,reports,18.0,2024-01-22
1739,reports,3.0,06/24/2024
723,export,21.0,2025-09-06
3375,ai_insights,1.0,2024-07-17
463,ai_insights,30.0,2025-05-31
3984,reports,44.0,2024-05-15
2072,reports,41.0,2024-09-04
1510,reports,23.0,2024-01-05
3291,export,33.0,2025-06-27
2553,reports,48.0,2025-11-15
2471,ai_insights,24.0,2024-12-06
1978,analytics,29.0,2025-10-12
4280,reports,33.0,2025-07-08
4366,reports,19.0,2025-08-13
2147,export,42.0,2025-09-24
1792,dashboard,18.0,2024-09-01
4983,reports,38.0,2025-11-01
2632,reports,12.0,2024-03-23
1326,ai_insights,29.0,2025-06-24
494,export,3.0,2025-12-30
2684,export,36.0,2025-06-15
808,ai_insights,24.0,11-03-2024
3738,export,45.0,2025-07-15
796,dashboard,31.0,2024-08-29
775,reports,27.0,2024-06-22
791,reports,48.0,2024-11-08
1351,dashboard,47.0,2024-08-24
2020,analytics,40.0,2025-03-16
4612,ai_insights,30.0,2025-06-11
4032,ai_insights,27.0,2025-04-15
2005,analytics,34.0,2024-12-07
595,dashboard,29.0,2024-02-05
4329,analytics,40.0,2025-09-20
1436,analytics,1.0,2025-11-17
2496,analytics,7.0,01/27/2025
1688,analytics,43.0,2024-05-02
3858,dashboard,47.0,03-12-2024
1687,dashboard,18.0,2025-11-01
3849,analytics,27.0,2024-03-27
2110,reports,28.0,2025-02-11
607,dashboard,19.0,01/16/2025
1746,analytics,22.0,2025-03-18
4062,ai_insights,24.0,2024-12-28
2171,analytics,37.0,
2799,ai_insights,13.0,2025-08-27
914,reports,35.0,2025-12-17
4655,analytics,21.0,2024-02-17
4192,dashboard,18.0,2024-04-03
2761,analytics,26.0,08/29/2025
1919,analytics,1.0,2025-02-28
2940,reports,37.0,04-05-2025
4749,reports,27.0,2025-06-13
1604,export,46.0,2024-11-19
4481,dashboard,7.0,2025-02-28
215,dashboard,9.0,05-05-2024
1785,export,15.0,2024-09-23
3615,export,27.0,2025-10-07
1675,export,6.0,2024-05-17
3044,export,29.0,2025-08-26
4602,dashboard,,03/12/2024
1909,export,22.0,2024-04-29
2010,ai_insights,41.0,2024-02-13
3424,export,21.0,2025-12-27
178,dashboard,14.0,2024-06-24
1826,ai_insights,20.0,27-07-2024
2111,analytics,41.0,2024-05-18
3011,export,8.0,2025-02-08
3474,analytics,2.0,
2388,ai_insights,20.0,2025-08-31
4189,ai_insights,29.0,2024-04-02
1472,reports,19.0,2024-09-22
2877,reports,8.0,2025-06-30
4929,ai_insights,45.0,2024-02-22
2975,dashboard,23.0,2024-06-18
4783,reports,43.0,02/09/2025
4230,export,19.0,05/23/2024
1549,reports,41.0,2024-03-12
4199,ai_insights,14.0,2024-03-01
2341,ai_insights,46.0,2024-05-19
3981,reports,14.0,2025-07-23
8,export,24.0,05/07/2024
4745,analytics,23.0,2024-02-22
1885,export,7.0,2024-05-31
2868,export,12.0,2025-11-20
1377,ai_insights,3.0,04/29/2024
1245,analytics,20.0,2024-01-03
4284,analytics,46.0,2025-06-21
513,ai_insights,16.0,2024-01-24
1162,ai_insights,10.0,2025-05-19
1214,analytics,4.0,2024-07-18
1757,reports,20.0,2025-03-16
1606,dashboard,31.0,2025-07-14
2905,export,1.0,02/04/2024
698,dashboard,9.0,2025-05-08
2774,analytics,33.0,2024-07-17
914,export,45.0,2025-02-27
2320,ai_insights,47.0,06-12-2025
551,ai_insights,6.0,2024-11-01
361,ai_insights,19.0,02/21/2024
4778,ai_insights,17.0,2024-04-08
3651,dashboard,7.0,2025-03-26
2802,ai_insights,22.0,06/09/2025
2288,export,33.0,2025-10-04
3819,dashboard,15.0,2025-11-24
2905,export,45.0,25-10-2024
563,ai_insights,35.0,2024-12-22
4095,dashboard,1.0,2024-03-23
3930,analytics,45.0,2024-04-09
4830,reports,37.0,2024-08-28
410,dashboard,26.0,2024-05-23
668,dashboard,2.0,2024-03-11
965,reports,13.0,2025-09-04
3517,export,3.0,16-09-2024
1845,dashboard,18.0,2025-10-06
4195,dashboard,17.0,07/24/2024
1,analytics,46.0,2025-10-23
1431,export,11.0,2024-11-25
4346,export,4.0,2025-04-30
32,ai_insights,39.0,2024-07-20
4688,reports,28.0,2024-09-26
2970,reports,33.0,2024-09-23
752,export,48.0,07/13/2024
3164,analytics,9.0,2024-08-09
1746,ai_insights,46.0,2024-03-18
1835,reports,25.0,2024-12-26
3937,reports,13.0,2024-02-25
1544,reports,26.0,2025-03-15
3842,dashboard,6.0,2025-09-24
2995,export,18.0,2025-03-09
2532,dashboard,44.0,2024-12-28
2757,export,34.0,11/25/2025
2673,reports,6.0,2024-08-10
3466,dashboard,11.0,2025-11-03
28,reports,7.0,2024-06-08
4437,ai_insights,48.0,2025-02-09
1967,reports,42.0,05/19/2025
2789,dashboard,29.0,2024-07-19
2228,ai_insights,50.0,2025-07-05
3709,export,16.0,2025-03-24
4195,export,8.0,01/19/2024
2532,reports,35.0,2025-04-16
4711,analytics,32.0,2024-05-05
498,export,17.0,29-04-2025
3353,dashboard,28.0,2025-12-23
2198,reports,12.0,2024-06-16
603,export,38.0,2024-10-01
2141,export,18.0,2025-09-06
2911,analytics,14.0,2025-09-15
1169,export,21.0,2025-07-20
4141,export,27.0,2024-03-01
3639,analytics,47.0,2024-02-02
3045,ai_insights,40.0,
4481,ai_insights,20.0,2024-12-20
3507,analytics,40.0,2024-12-02
278,reports,17.0,2025-02-18
788,reports,26.0,2024-05-07
4735,ai_insights,50.0,2025-07-30
4309,ai_insights,47.0,01/14/2025
3573,export,19.0,2025-02-14
4206,reports,,12-01-2024
2668,export,13.0,2025-09-27
1095,ai_insights,15.0,2024-12-14
3137,export,25.0,2024-07-05
1054,analytics,39.0,02/01/2024
3725,analytics,1.0,2025-06-05
992,analytics,19.0,2024-11-05
108,export,41.0,2024-01-03
295,analytics,1.0,2025-12-01
4301,analytics,17.0,2025-01-14
4337,ai_insights,22.0,2025-11-04
2590,analytics,32.0,10-12-2024
1515,export,29.0,2025-08-04
2923,reports,29.0,2025-11-09
1688,analytics,22.0,
36,reports,40.0,2025-10-12
3559,reports,38.0,
2904,reports,23.0,02/08/2025
1258,dashboard,43.0,2024-10-02
4662,dashboard,30.0,14-03-2025
660,export,14.0,2025-07-25
1604,dashboard,19.0,17-07-2024
811,analytics,25.0,2025-07-01
1874,dashboard,44.0,2024-08-26
1010,reports,33.0,2024-04-04
731,ai_insights,35.0,2025-01-30
1304,analytics,46.0,2025-05-30
2206,export,,2025-08-09
2947,reports,8.0,06/20/2025
933,export,28.0,2025-09-08
1243,analytics,4.0,2025-11-29
2012,analytics,13.0,21-05-2024
53,ai_insights,25.0,2024-03-27
941,dashboard,31.0,
2899,dashboard,30.0,05/02/2024
3660,reports,43.0,2025-05-13
4694,export,34.0,2025-02-16
134,ai_insights,41.0,2024-10-29
2939,analytics,4.0,2024-12-13
1270,dashboard,4.0,04/25/2025
735,ai_insights,2.0,04/12/2024
338,ai_insights,23.0,11/26/2024
3199,dashboard,26.0,2025-01-15
693,reports,22.0,2025-04-03
1616,analytics,50.0,2025-01-16
1322,export,45.0,2024-05-11
1566,ai_insights,21.0,2024-10-22
2609,reports,10.0,2025-10-28
2604,analytics,50.0,2025-02-13
726,ai_insights,7.0,2024-09-14
1663,ai_insights,21.0,2025-03-08
1187,export,37.0,2024-07-26
3059,export,10.0,2025-09-06
519,export,14.0,2025-03-01
4424,ai_insights,48.0,2025-03-01
3388,analytics,49.0,2025-08-27
3073,ai_insights,11.0,2024-06-08
1384,reports,2.0,11/12/2024
2226,analytics,49.0,2024-01-29
3239,analytics,,2024-04-19
1662,analytics,7.0,2024-09-15
4261,ai_insights,25.0,2024-03-14
4774,ai_insights,31.0,2025-07-27
526,dashboard,18.0,2025-06-06
788,export,3.0,2025-08-10
3563,analytics,13.0,
2926,ai_insights,6.0,2025-07-20
4081,dashboard,8.0,03/29/2025
4468,reports,17.0,
290,reports,50.0,09/06/2025
1307,dashboard,46.0,2025-02-24
4895,dashboard,37.0,2025-05-17
2669,analytics,42.0,2024-06-18
3343,analytics,15.0,01/22/2024
3599,analytics,2.0,2025-05-15
324,export,46.0,2025-04-22
4392,analytics,22.0,10/18/2024
4996,reports,46.0,07/29/2025
3116,analytics,4.0,2025-03-06
535,export,27.0,2024-09-03
4819,export,5.0,2024-01-31
2034,dashboard,28.0,2025-09-26
557,dashboard,50.0,2025-10-02
3818,export,3.0,2024-01-16
1068,dashboard,49.0,02/28/2024
2270,export,6.0,2024-01-30
4638,dashboard,25.0,2025-02-09
3543,reports,19.0,02/25/2024
3252,export,7.0,2025-01-15
257,export,16.0,2025-12-12
4528,reports,39.0,01-08-2024
3061,analytics,19.0,2024-04-20
1383,export,,2025-06-25
1493,export,43.0,26-09-2025
219,analytics,3.0,2025-02-28
1146,reports,48.0,2025-05-27
4817,ai_insights,24.0,2024-03-14
885,dashboard,3.0,09/16/2024
4458,ai_insights,22.0,2024-10-16
3653,export,,2024-03-29
381,reports,46.0,2024-01-19
2406,ai_insights,,2025-02-23
701,reports,20.0,2025-10-09
631,reports,11.0,2025-11-04
3196,export,1.0,2025-03-16
2024,ai_insights,35.0,2025-01-16
419,analytics,23.0,2025-02-21
2959,analytics,50.0,2024-11-04
925,analytics,22.0,2024-03-04
1283,export,37.0,2024-07-27
4470,reports,39.0,10-12-2025
1380,reports,23.0,09/17/2025
1448,export,9.0,2025-06-10
3909,analytics,34.0,2024-11-29
4732,ai_insights,39.0,2025-04-15
503,ai_insights,44.0,2025-10-24
997,ai_insights,12.0,2024-12-26
2600,reports,7.0,2025-06-12
333,reports,32.0,2024-01-19
1381,reports,20.0,29-09-2024
1947,ai_insights,43.0,09/23/2024
3657,dashboard,45.0,2024-07-29
2707,reports,30.0,02/06/2024
243,analytics,13.0,2025-02-05
2130,ai_insights,41.0,2025-01-02
1117,export,38.0,2025-10-19
1634,export,35.0,
1843,ai_insights,4.0,2025-07-18
4934,export,22.0,2024-10-07
956,export,10.0,08/12/2024
85,export,22.0,2024-01-04
1660,ai_insights,45.0,2024-06-29
3684,reports,41.0,2025-11-14
2203,ai_insights,36.0,2025-06-13
1144,export,22.0,2024-05-31
1036,reports,2.0,2025-02-25
1695,analytics,3.0,01/01/2025
4551,ai_insights,12.0,2025-09-11
4695,analytics,17.0,2025-08-26
2764,analytics,48.0,2025-02-19
2017,reports,17.0,01/14/2025
586,analytics,17.0,2025-02-04
4412,analytics,37.0,2025-04-01
4747,ai_insights,12.0,2024-06-09
192,export,28.0,2025-06-10
3041,export,14.0,2025-09-07
3928,export,39.0,2024-06-21
4501,dashboard,11.0,2025-01-20
4736,dashboard,32.0,2024-12-16
13,reports,7.0,02/25/2024
421,dashboard,46.0,2024-11-22
3937,ai_insights,3.0,2025-04-27
130,export,10.0,2025-01-29
3387,reports,21.0,2024-11-04
163,ai_insights,45.0,2025-03-24
2225,reports,43.0,2025-03-30
4560,analytics,41.0,2024-10-14
1900,ai_insights,39.0,2025-11-16
3340,dashboard,37.0,2025-04-20
4258,export,46.0,2025-11-02
919,reports,10.0,2025-06-04
488,reports,9.0,2025-07-19
1584,reports,32.0,2025-07-26
1400,export,9.0,2024-05-06
878,reports,38.0,01/25/2024
318,export,32.0,2025-02-28
3469,dashboard,3.0,2024-04-27
703,dashboard,42.0,2025-10-11
4692,export,24.0,2025-06-20
733,ai_insights,32.0,07/11/2025
417,export,15.0,2024-06-09
176,reports,41.0,12/08/2025
3007,export,3.0,2025-03-26
2127,ai_insights,31.0,2024-05-25
4567,reports,,2025-10-16
904,analytics,35.0,2024-07-16
977,ai_insights,39.0,
3668,dashboard,42.0,2025-01-11
1504,analytics,45.0,2025-04-17
1668,reports,7.0,2024-08-26
4898,export,42.0,2024-02-08
3775,export,8.0,09/03/2025
371,ai_insights,24.0,2024-05-25
1558,dashboard,19.0,05/21/2024
1056,export,39.0,2024-02-28
3472,export,2.0,2024-05-31
931,analytics,17.0,2024-06-22
820,export,33.0,2025-10-01
629,dashboard,8.0,2025-07-21
2925,export,3.0,2025-04-21
1700,reports,36.0,2025-05-20
1613,ai_insights,31.0,2024-06-26
1132,reports,9.0,02/14/2024
4147,ai_insights,,2024-06-24
26,ai_insights,32.0,2024-07-18
4303,reports,15.0,2024-10-20
4354,reports,44.0,2024-03-30
4135,ai_insights,1.0,2024-01-19
1790,dashboard,37.0,2024-05-21
3314,reports,5.0,12/19/2025
1311,analytics,35.0,2025-11-27
3856,reports,20.0,2025-03-12
2257,dashboard,49.0,2024-06-06
2767,reports,18.0,2025-12-31
1946,ai_insights,5.0,16-10-2024
200,reports,31.0,2025-12-30
22,reports,,2024-03-25
4371,reports,34.0,2025-01-22
1585,reports,,2024-12-16
189,reports,18.0,03/16/2025
4697,ai_insights,41.0,2024-10-17
2733,export,36.0,2024-09-18
468,dashboard,46.0,2025-01-16
3140,reports,21.0,2025-04-06
4426,dashboard,6.0,2024-02-01
711,analytics,6.0,2025-05-08
4231,analytics,2.0,2025-07-26
131,ai_insights,37.0,03/15/2025
3717,export,28.0,04-04-2024
1156,export,22.0,2025-11-10
4145,reports,34.0,2024-05-01
1852,dashboard,36.0,12/13/2025
3525,analytics,26.0,2024-08-05
3283,analytics,30.0,2025-02-04
46,reports,16.0,2024-05-15
1273,reports,27.0,2025-05-17
1791,export,33.0,2024-06-01
4586,analytics,16.0,2024-03-06
4335,export,6.0,2024-06-22
1706,analytics,48.0,2024-12-29
4142,export,15.0,2025-07-08
1523,export,36.0,2024-06-09
717,analytics,3.0,
3982,dashboard,49.0,2024-10-16
2437,dashboard,7.0,2024-07-01
3006,export,26.0,2024-12-05
64,reports,25.0,2024-05-27
4906,export,35.0,2025-01-11
2036,analytics,4.0,2024-02-06
2273,export,39.0,2025-01-12
74,dashboard,21.0,2025-03-18
1616,analytics,11.0,09/07/2024
1869,analytics,27.0,2024-10-28
2337,export,,2025-07-15
1176,ai_insights,37.0,10-09-2024
2298,analytics,4.0,2025-03-25
2134,analytics,13.0,2024-11-19
4574,dashboard,30.0,06/16/2024
3364,analytics,49.0,2025-06-19
3353,analytics,,07/13/2025
1606,dashboard,16.0,04/25/2025
4332,ai_insights,10.0,11/25/2025
1768,export,17.0,2025-01-20
875,dashboard,,2024-02-04
2373,reports,32.0,2025-12-29
4797,reports,21.0,2024-06-14
4221,reports,48.0,2025-02-11
4000,export,29.0,2024-02-05
3978,export,11.0,2024-08-18
3816,export,39.0,2025-09-05
2532,analytics,8.0,2024-05-30
2470,ai_insights,,2025-09-08
225,analytics,26.0,2024-08-14
709,dashboard,47.0,2025-12-04
2159,dashboard,15.0,2024-11-11
3605,export,32.0,2025-09-24
4778,dashboard,29.0,2025-06-24
673,reports,25.0,01/13/2025
2238,ai_insights,42.0,2025-10-29
3593,export,,2025-05-28
2532,reports,18.0,2025-09-01
2615,reports,17.0,2024-07-01
2333,dashboard,19.0,2025-05-04
4347,dashboard,34.0,2025-12-07
2976,analytics,41.0,08/13/2024
3348,analytics,22.0,2025-02-27
1037,export,21.0,2024-05-12
4147,export,49.0,2025-03-08
2494,reports,8.0,2025-07-06
303,export,,2024-04-25
4581,export,,2025-07-12
65,analytics,18.0,2024-08-13
1401,dashboard,11.0,04-11-2024
440,ai_insights,29.0,12/25/2024
3091,export,8.0,2024-07-22
4897,ai_insights,8.0,2025-12-20
3744,export,11.0,12-04-2024
3035,analytics,,11/22/2025
4623,ai_insights,9.0,02/10/2025
1572,reports,9.0,2025-02-16
1350,analytics,31.0,2024-04-12
2111,reports,7.0,2024-12-20
561,ai_insights,24.0,2025-12-08
415,analytics,47.0,2024-07-16
1869,export,4.0,2024-02-01
2381,export,39.0,2024-06-26
345,ai_insights,45.0,2024-12-29
4189,reports,16.0,2025-03-04
2614,analytics,10.0,2024-06-23
3149,dashboard,46.0,2025-12-09
178,reports,50.0,2025-07-31
4665,analytics,15.0,2024-03-09
2656,analytics,38.0,2024-01-26
4650,reports,44.0,2024-12-04
4314,dashboard,9.0,2025-09-26
67,ai_insights,1.0,2024-10-08
1821,analytics,45.0,06/10/2025
1430,export,5.0,08/22/2025
4614,analytics,25.0,2025-10-20
3302,analytics,48.0,2025-10-04
808,dashboard,17.0,01/27/2024
1798,ai_insights,11.0,07/04/2025
3962,reports,20.0,2024-04-27
3879,dashboard,42.0,2024-08-13
2287,ai_insights,7.0,05/13/2025
1047,export,7.0,2024-02-21
1526,export,18.0,2025-10-11
1004,export,29.0,2025-11-16
4283,export,15.0,2025-04-10
2936,dashboard,7.0,2025-08-01
2030,export,16.0,12/15/2024
4076,reports,7.0,2024-01-13
1025,export,43.0,2025-11-22
3827,analytics,,2024-12-26
1167,ai_insights,22.0,2025-01-30
3251,export,35.0,09/08/2025
1929,ai_insights,17.0,2024-02-18
3012,analytics,12.0,2025-03-16
2738,reports,7.0,2024-06-22
601,reports,10.0,07/11/2025
1945,export,11.0,2025-05-06
4742,export,40.0,2025-07-23
2040,ai_insights,37.0,2025-10-18
3508,reports,41.0,2024-05-18
1551,analytics,44.0,2025-08-06
1655,reports,26.0,2024-08-15
4816,reports,31.0,10-01-2024
1349,reports,48.0,2025-06-24
1066,ai_insights,17.0,2024-07-19
106,reports,41.0,10/01/2025
260,reports,,01/25/2025
936,export,,2024-07-15
2222,reports,37.0,2025-06-04
1816,analytics,25.0,
1636,export,20.0,2025-10-18
4189,dashboard,5.0,12/09/2024
1629,export,36.0,2024-05-28
2745,dashboard,13.0,2025-05-06
3161,reports,10.0,2024-02-20
418,dashboard,24.0,2024-09-07
4645,analytics,38.0,2025-09-24
3580,dashboard,14.0,2025-04-30
2036,export,48.0,12/01/2024
108,reports,11.0,2024-01-13
1201,ai_insights,,2025-11-15
4351,analytics,40.0,22-12-2025
2265,analytics,49.0,2024-08-08
3287,export,14.0,2025-07-17
1906,analytics,17.0,2025-02-15
888,analytics,46.0,2024-05-16
4572,analytics,23.0,11-10-2025
1621,export,44.0,12/28/2025
4175,reports,2.0,04/25/2025
3546,export,18.0,2024-06-17
2782,ai_insights,3.0,
3847,ai_insights,38.0,2024-07-17
4046,dashboard,36.0,2025-08-21
53,reports,35.0,2024-02-26
1767,dashboard,48.0,2025-09-28
2805,export,34.0,02-05-2025
239,dashboard,34.0,2024-05-26
588,ai_insights,10.0,
2102,analytics,5.0,2024-10-26
4187,reports,41.0,09/02/2025
889,dashboard,43.0,2024-05-04
3523,ai_insights,21.0,03/15/2025
4143,ai_insights,5.0,09/23/2025
3863,ai_insights,11.0,2025-03-08
1770,ai_insights,22.0,02/25/2024
2434,dashboard,22.0,01/21/2025
4673,analytics,42.0,2025-04-12
147,dashboard,43.0,2024-11-17
1490,reports,41.0,2025-12-19
3082,reports,,2025-08-08
4087,ai_insights,38.0,2025-11-20
3731,export,30.0,2024-01-22
4968,analytics,22.0,2025-07-07
1643,dashboard,,2025-09-14
4067,analytics,30.0,2024-10-26
1895,ai_insights,43.0,2025-08-31
3211,reports,20.0,2025-01-29
155,analytics,30.0,2025-10-31
1232,export,38.0,20-04-2024
4316,reports,30.0,2025-01-18
2407,reports,10.0,2025-11-19
1913,ai_insights,30.0,2024-11-18
2856,analytics,24.0,2024-03-24
463,ai_insights,1.0,2024-07-13
5000,dashboard,38.0,2025-11-04
298,analytics,28.0,11/25/2025
2475,dashboard,11.0,2025-03-29
2713,reports,26.0,2025-05-03
3677,analytics,18.0,2024-06-02
914,analytics,37.0,2024-06-20
3382,reports,42.0,2024-11-17
4642,reports,2.0,2025-10-25
3703,ai_insights,2.0,2024-12-26
3587,reports,43.0,08/03/2024
2172,reports,44.0,2025-08-05
3217,analytics,13.0,08-01-2024
2858,ai_insights,3.0,2024-09-20
4386,analytics,34.0,2025-01-12
2066,analytics,17.0,2024-08-09
2681,dashboard,14.0,2025-03-30
2168,dashboard,10.0,02/23/2024
4729,dashboard,6.0,05/12/2024
2062,analytics,2.0,2024-07-30
3853,reports,16.0,
1366,ai_insights,47.0,2024-04-09
2721,export,12.0,2024-05-05
1250,analytics,47.0,2025-11-07
4285,dashboard,44.0,2024-10-02
1669,export,,2024-12-29
4868,export,5.0,2025-07-04
212,analytics,2.0,2024-10-05
4939,ai_insights,23.0,2024-03-15
4224,ai_insights,13.0,2025-02-19
1898,export,1.0,
3446,ai_insights,13.0,2025-11-23
2522,export,5.0,06/28/2024
3673,analytics,20.0,2025-07-28
4397,analytics,42.0,2025-07-19
2091,dashboard,26.0,11/17/2024
3926,export,17.0,2024-11-18
1777,dashboard,40.0,2024-07-25
212,dashboard,39.0,2024-08-01
702,ai_insights,13.0,2024-06-20
110,dashboard,10.0,2024-08-23
4569,dashboard,35.0,2025-12-11
3944,dashboard,46.0,
208,analytics,8.0,2025-11-16
4391,export,36.0,2025-12-13
2853,export,5.0,2024-09-29
1938,ai_insights,5.0,2024-07-07
3009,ai_insights,31.0,2024-06-06
4696,export,20.0,2024-07-20
2759,dashboard,37.0,2025-06-03
4875,reports,4.0,
3664,export,,11/18/2024
4814,analytics,8.0,2025-09-26
3366,analytics,48.0,2025-05-16
3017,analytics,30.0,2024-08-26
2475,reports,24.0,2025-11-24
1927,dashboard,5.0,2024-07-07
4124,export,30.0,2025-04-14
547,analytics,20.0,16-12-2025
2790,ai_insights,23.0,2024-10-09
1016,ai_insights,37.0,2025-05-02
30,ai_insights,18.0,2025-06-24
1554,reports,9.0,28-07-2024
2664,reports,44.0,2025-02-26
1003,analytics,8.0,2025-07-09
2907,ai_insights,22.0,2024-06-09
4536,ai_insights,39.0,2025-09-11
3168,dashboard,17.0,2024-03-14
3836,reports,20.0,2025-06-30
2003,ai_insights,26.0,2024-06-15
632,reports,19.0,2024-12-12
405,analytics,21.0,
2469,analytics,33.0,2024-08-25
171,analytics,33.0,2025-01-07
3538,reports,10.0,2025-08-09
3728,dashboard,14.0,2024-06-23
2030,dashboard,19.0,2024-02-12
167,analytics,38.0,2024-07-16
3493,analytics,20.0,2025-06-23
86,analytics,33.0,2025-09-09
1331,reports,42.0,10/09/2025
4163,dashboard,47.0,2024-03-29
2166,ai_insights,40.0,
4381,analytics,46.0,2025-10-04
4129,analytics,50.0,23-07-2024
668,reports,30.0,2024-04-09
3415,analytics,20.0,07-02-2025
1911,dashboard,48.0,04/03/2024
1528,reports,37.0,2024-07-01
4237,analytics,,2024-03-22
902,export,3.0,06/23/2025
2662,dashboard,8.0,2024-11-08
4447,analytics,15.0,2025-05-31
2723,export,12.0,08/05/2025
1278,ai_insights,25.0,2025-02-18
2467,analytics,8.0,2025-10-15
4243,export,27.0,2025-07-26
3440,dashboard,16.0,2025-03-12
4740,reports,5.0,2025-10-04
805,analytics,6.0,2025-08-20
1421,dashboard,8.0,2024-01-27
2719,reports,2.0,2024-10-12
2971,export,8.0,2025-05-31
1343,reports,50.0,06/27/2025
1507,reports,1.0,2025-08-10
4094,export,44.0,
4808,analytics,46.0,2024-07-25
2913,analytics,18.0,2025-10-02
1703,dashboard,23.0,10/05/2025
2958,reports,33.0,25-06-2024
4870,reports,27.0,2024-12-17
1656,analytics,50.0,2024-12-25
2767,reports,34.0,2025-02-28
3952,ai_insights,37.0,2024-07-05
1894,dashboard,45.0,2024-06-26
4852,export,43.0,2025-07-03
488,analytics,18.0,01/10/2024
384,ai_insights,27.0,2024-01-11
1893,ai_insights,1.0,2025-08-10
4922,reports,39.0,2025-03-03
3411,ai_insights,45.0,2024-11-26
344,analytics,10.0,2024-12-11
845,dashboard,5.0,2025-05-30
1521,export,21.0,2025-11-18
1321,analytics,17.0,11/23/2024
3911,analytics,47.0,2024-06-04
1999,dashboard,3.0,2024-05-16
2753,analytics,43.0,2025-08-18
4651,analytics,,2024-09-18
1912,analytics,17.0,
946,ai_insights,48.0,2024-10-03
4693,analytics,32.0,2025-10-08
402,dashboard,24.0,05/22/2025
3574,analytics,47.0,2025-12-16
273,export,36.0,
4964,dashboard,33.0,2024-12-31
2563,ai_insights,46.0,2024-07-07
725,reports,15.0,2025-07-06
339,dashboard,33.0,2025-09-05
2822,export,2.0,2025-12-02
2013,reports,49.0,2025-01-23
4059,reports,2.0,2025-11-20
4615,ai_insights,10.0,07/20/2025
1457,reports,43.0,2024-03-23
3647,dashboard,18.0,2024-02-15
1564,reports,30.0,2025-03-08
389,analytics,12.0,2025-07-11
4051,reports,11.0,03/16/2024
2910,dashboard,45.0,2025-10-31
4481,analytics,35.0,2025-09-07
105,reports,,2025-09-03
4679,ai_insights,22.0,2025-06-22
2031,export,18.0,2025-06-10
3188,dashboard,3.0,2025-01-15
427,reports,8.0,2025-05-13
3169,analytics,20.0,
4022,dashboard,28.0,2025-02-02
4445,reports,,2025-03-16
3649,export,8.0,2024-07-03
253,analytics,30.0,2025-12-02
577,analytics,45.0,04/25/2025
3212,ai_insights,42.0,
4131,analytics,27.0,2024-10-22
607,analytics,9.0,03/26/2025
1370,reports,46.0,05/04/2024
3486,export,34.0,2024-02-07
1089,dashboard,42.0,2024-04-21
1933,export,39.0,2024-04-26
4273,ai_insights,4.0,2025-07-14
2048,export,20.0,2024-09-20
3537,export,49.0,2024-02-18
472,analytics,,2025-09-02
420,export,29.0,2024-05-03
4242,analytics,13.0,01/26/2024
4053,dashboard,16.0,26-10-2024
4196,export,25.0,2025-04-12
4371,reports,7.0,2024-09-23
3012,ai_insights,20.0,09/21/2025
4339,reports,11.0,2025-12-07
170,ai_insights,15.0,2025-01-11
1636,export,21.0,2025-12-24
1902,dashboard,10.0,2025-02-11
4555,analytics,24.0,2024-05-20
3558,dashboard,36.0,05/24/2024
1298,export,34.0,2025-06-08
251,reports,43.0,13-12-2024
5000,export,46.0,08/07/2024
1639,ai_insights,28.0,06/02/2024
2449,export,29.0,02/07/2024
3930,reports,40.0,2024-11-04
636,dashboard,36.0,2024-08-10
1316,export,16.0,2025-08-26
1643,analytics,26.0,2025-08-21
2883,export,47.0,2025-04-30
2808,ai_insights,26.0,2024-11-08
3583,reports,6.0,2025-10-01
2376,export,5.0,2024-06-29
3338,export,24.0,2024-05-19
4560,export,2.0,2025-03-17
2664,ai_insights,34.0,2025-06-24
1353,reports,3.0,10/15/2025
2565,analytics,31.0,2025-06-29
100,dashboard,11.0,2025-08-07
2238,ai_insights,18.0,2025-04-30
225,reports,21.0,10/25/2024
362,reports,9.0,14-06-2025
4170,reports,45.0,2025-10-25
2266,export,2.0,2024-04-03
4493,dashboard,18.0,2024-05-26
3234,export,46.0,2025-12-27
1816,analytics,19.0,2025-12-11
992,export,38.0,2024-07-13
972,reports,11.0,11/29/2025
11,export,42.0,11/03/2024
3414,export,19.0,2025-03-13
2047,export,20.0,2024-10-10
3141,dashboard,19.0,11/03/2025
733,analytics,15.0,10/19/2024
3477,reports,17.0,2025-01-22
1886,export,17.0,2024-12-30
1150,reports,39.0,2025-03-19
3757,export,36.0,2024-06-03
1391,ai_insights,11.0,2025-03-12
4666,reports,7.0,2025-10-20
2147,dashboard,31.0,2025-12-08
1826,analytics,6.0,2024-10-03
4809,dashboard,22.0,2025-07-24
994,ai_insights,38.0,2025-02-25
3175,reports,20.0,2024-01-13
3348,analytics,12.0,2025-10-26
3653,analytics,1.0,2025-01-21
2343,reports,19.0,2024-10-14
3579,analytics,37.0,04/19/2025
3040,ai_insights,7.0,2024-02-07
2608,reports,24.0,2025-02-25
1227,reports,38.0,2025-09-30
1227,reports,4.0,08/09/2025
4281,ai_insights,34.0,2025-07-15
3498,analytics,41.0,2024-12-25
2556,reports,19.0,2024-06-11
476,analytics,37.0,23-02-2025
1713,dashboard,10.0,2025-07-03
4630,export,46.0,03/18/2025
190,dashboard,4.0,2024-02-27
2142,analytics,30.0,2025-07-03
2805,export,42.0,2025-08-18
4704,ai_insights,31.0,2025-12-22
2452,dashboard,,2025-03-07
3370,reports,34.0,2025-11-10
1191,reports,4.0,2025-02-10
3934,analytics,1.0,2025-09-24
3465,reports,25.0,2025-07-01
3126,ai_insights,1.0,2024-11-30
3808,export,20.0,2024-01-24
4623,dashboard,14.0,06/25/2025
4052,analytics,2.0,
1650,export,10.0,2025-01-21
3937,analytics,,2024-02-06
1922,export,47.0,03-01-2024
4293,dashboard,48.0,2024-06-26
522,export,17.0,2025-05-14
2878,export,29.0,2025-03-08
68,export,8.0,06/18/2025
1886,analytics,49.0,2025-02-28
3668,analytics,5.0,2025-01-25
1709,analytics,12.0,2024-08-29
3589,analytics,14.0,2024-12-09
987,export,42.0,2024-12-30
2508,ai_insights,5.0,11/20/2025
87,analytics,10.0,2025-04-10
793,reports,29.0,2024-11-03
1128,export,9.0,12/30/2024
3282,analytics,48.0,2024-12-26
4505,reports,21.0,2025-02-28
4898,analytics,29.0,2024-09-11
879,export,28.0,2025-12-17
2280,analytics,31.0,2024-04-19
4239,dashboard,28.0,06/26/2025
4376,analytics,20.0,2025-04-29
2060,ai_insights,11.0,2024-09-27
3240,export,47.0,2024-10-02
4313,export,,2025-12-23
1011,analytics,25.0,2025-04-12
816,dashboard,39.0,2025-06-02
1826,ai_insights,36.0,2025-08-26
3622,dashboard,4.0,07/21/2025
4421,dashboard,21.0,2025-02-24
2780,reports,28.0,07/13/2024
396,export,35.0,08/31/2025
1565,export,24.0,
4980,export,36.0,2025-01-09
2088,reports,,2024-01-17
1743,dashboard,24.0,2024-10-10
1410,dashboard,,2024-10-24
2059,analytics,33.0,2024-04-06
1310,analytics,33.0,12/24/2025
1637,ai_insights,50.0,06/18/2025
3231,export,37.0,2024-03-31
4680,analytics,41.0,2025-05-05
571,export,19.0,2024-09-16
2975,export,1.0,11-09-2025
4460,reports,7.0,2024-01-24
3249,ai_insights,23.0,2024-08-16
793,reports,50.0,
3208,ai_insights,41.0,
4283,ai_insights,8.0,2025-05-07
3698,reports,37.0,2024-12-14
2419,ai_insights,7.0,2024-10-24
1308,ai_insights,8.0,02/20/2025
3630,reports,14.0,03/03/2024
3270,dashboard,,2024-01-12
1135,dashboard,20.0,2024-10-23
3442,ai_insights,32.0,2024-04-25
1180,reports,40.0,2024-01-17
3469,export,38.0,2024-03-08
2041,dashboard,23.0,08/05/2024
2840,analytics,23.0,2024-01-02
996,reports,,2024-09-20
4382,ai_insights,40.0,2024-06-15
2231,ai_insights,19.0,2024-08-25
4798,reports,36.0,2025-08-23
4498,ai_insights,41.0,2025-03-26
3514,reports,45.0,2024-11-07
1691,analytics,13.0,05/28/2024
3722,reports,8.0,2025-10-08
4384,dashboard,50.0,2024-02-14
1971,reports,5.0,2024-09-07
3537,reports,48.0,2025-08-24
2773,ai_insights,49.0,2024-04-14
2007,export,33.0,2024-12-11
708,export,13.0,2024-01-06
2260,dashboard,1.0,
4368,export,30.0,2025-10-16
4854,reports,36.0,2025-09-09
4454,reports,28.0,2024-07-09
1610,export,40.0,2025-07-17
4384,reports,1.0,2024-01-09
3060,dashboard,9.0,01/02/2025
3806,export,46.0,2024-03-11
1142,analytics,33.0,2024-05-14
4477,export,31.0,04/02/2024
3671,ai_insights,2.0,2024-05-22
341,reports,2.0,08/27/2024
3805,analytics,37.0,2025-12-17
2699,analytics,37.0,2024-12-26
4175,dashboard,11.0,08/28/2024
3139,reports,32.0,2024-11-18
853,reports,36.0,2024-06-13
1670,reports,12.0,02/26/2025
772,dashboard,16.0,2025-10-19
2991,dashboard,48.0,07/12/2025
457,dashboard,40.0,2024-10-13
77,export,19.0,2025-12-22
2813,ai_insights,34.0,2025-05-14
2850,ai_insights,21.0,2025-03-12
3462,reports,19.0,23-01-2024
4649,dashboard,25.0,2024-12-01
411,analytics,17.0,2024-11-09
3926,dashboard,44.0,2024-09-03
2129,export,40.0,2025-11-19
2065,ai_insights,35.0,2025-07-02
128,reports,38.0,2024-07-10
4563,dashboard,32.0,2024-08-09
1363,dashboard,1.0,2024-12-29
2455,export,30.0,2025-03-24
2864,ai_insights,30.0,2025-11-16
1459,export,21.0,03/20/2025
128,reports,,2025-02-15
347,analytics,44.0,2024-10-05
910,export,4.0,2025-08-03
3694,analytics,13.0,2025-07-13
2706,ai_insights,11.0,2024-05-17
267,ai_insights,9.0,2024-10-09
996,reports,10.0,2025-02-19
4485,dashboard,9.0,2025-08-06
478,analytics,17.0,2025-09-21
3819,export,43.0,2025-12-05
4234,ai_insights,39.0,2024-07-26
2578,dashboard,9.0,
1323,analytics,13.0,2024-07-02
2882,reports,34.0,2024-08-16
61,analytics,16.0,2024-10-10
4516,analytics,48.0,2025-03-10
4067,export,41.0,2025-05-26
3845,dashboard,49.0,2025-12-03
1201,ai_insights,47.0,06/06/2024
4544,dashboard,23.0,2024-02-08
4897,analytics,23.0,2024-12-23
4479,dashboard,30.0,2024-09-13
1697,export,28.0,2024-08-25
467,export,6.0,2025-09-19
548,ai_insights,21.0,2024-09-02
4767,reports,39.0,04/02/2024
2711,dashboard,15.0,2025-05-04
3474,analytics,50.0,01/26/2025
4440,dashboard,34.0,03/18/2025
1641,ai_insights,,2024-08-14
1919,dashboard,27.0,2025-11-23
1066,reports,,12/21/2024
2249,export,2.0,12/23/2025
2169,export,3.0,2024-05-29
548,reports,,2025-02-26
4776,reports,31.0,25-12-2024
543,export,31.0,2024-06-03
4856,analytics,24.0,05/16/2024
614,analytics,6.0,05/06/2025
1397,dashboard,40.0,2024-08-03
1940,export,19.0,09/25/2025
3227,export,8.0,2024-01-16
2231,dashboard,1.0,2025-12-01
740,dashboard,2.0,2024-04-21
279,export,21.0,2024-10-19
3858,export,24.0,2025-10-14
4008,export,25.0,2025-07-13
4797,reports,13.0,12/13/2024
2096,export,35.0,2025-10-20
42,ai_insights,29.0,2025-11-01
2842,export,,2024-02-15
2860,ai_insights,43.0,2024-04-06
640,dashboard,2.0,2025-07-28
2829,dashboard,13.0,2024-08-26
3262,reports,27.0,2024-10-07
1687,ai_insights,6.0,2024-05-29
3958,dashboard,25.0,2024-12-01
4935,analytics,10.0,2024-08-20
3877,export,27.0,07/27/2025
4005,reports,46.0,2025-06-09
4052,reports,1.0,05/03/2024
2627,export,39.0,2025-06-05
2061,analytics,39.0,2025-07-29
3135,ai_insights,,2025-05-14
2989,ai_insights,30.0,05/05/2024
117,ai_insights,40.0,02-06-2024
1215,analytics,8.0,2024-04-30
1833,export,32.0,2024-03-09
923,reports,48.0,2025-09-18
987,reports,17.0,2025-04-10
3376,dashboard,,2025-06-01
926,reports,41.0,2024-10-23
4573,ai_insights,29.0,2024-11-08
1324,export,49.0,2025-11-06
2564,reports,11.0,2025-10-11
1518,dashboard,43.0,2025-10-04
100,analytics,13.0,2024-07-31
3864,reports,15.0,2024-08-02
3855,ai_insights,32.0,2025-12-15
4777,export,9.0,2025-12-01
635,dashboard,40.0,12/10/2024
4450,ai_insights,6.0,2025-02-14
223,export,45.0,06/27/2025
1195,reports,3.0,2024-04-12
2201,reports,,2025-06-19
2761,analytics,40.0,04/06/2025
2171,reports,28.0,2024-05-20
4208,export,1.0,2024-05-26
201,reports,13.0,2024-02-05
2692,export,38.0,2024-04-02
2394,dashboard,37.0,2025-05-02
247,ai_insights,43.0,2025-04-20
2642,analytics,28.0,2024-02-22
581,ai_insights,20.0,2024-03-17
919,ai_insights,39.0,2025-02-13
1127,ai_insights,28.0,2025-11-08
282,export,35.0,02/16/2024
1482,analytics,42.0,11/02/2025
4317,ai_insights,1.0,2024-04-18
3898,analytics,34.0,06-03-2024
1083,export,24.0,2024-02-09
3950,ai_insights,1.0,
4415,dashboard,4.0,2025-02-06
4539,analytics,19.0,2024-07-03
567,dashboard,48.0,2025-11-02
785,ai_insights,1.0,08/09/2024
2330,export,2.0,2024-11-20
364,analytics,45.0,2025-11-30
4501,reports,37.0,2024-10-27
2436,dashboard,39.0,01-06-2024
4198,export,11.0,10/08/2025
435,ai_insights,,2025-05-05
2206,dashboard,26.0,2024-08-02
3745,reports,13.0,2025-02-14
1542,export,24.0,2025-07-29
3278,reports,23.0,2025-09-21
2471,ai_insights,6.0,2025-03-29
2756,ai_insights,1.0,2025-08-02
777,analytics,23.0,2024-09-11
9,analytics,27.0,2025-02-14
1516,reports,28.0,2024-12-26
3519,dashboard,20.0,2025-06-06
3565,export,,2025-08-23
3318,export,47.0,05/12/2025
494,analytics,41.0,2024-10-22
4450,dashboard,18.0,2025-10-21
2651,ai_insights,29.0,2024-03-01
3779,ai_insights,27.0,2024-11-01
123,dashboard,,04/30/2025
2945,dashboard,42.0,2025-05-02
2403,export,44.0,2025-04-23
