session_id,user_id,date,duration_minutes,device_type
1,1256,08/19/2024,113.0,desktop
2,833,01/17/2025,10.0,tablet
3,1256,10-03-2024,28.0,desktop
4,1256,,98.0,desktop
5,1256,19-09-2024,93.0,desktop
6,1256,2024-05-30,95.0,desktop
7,1256,07/26/2024,23.0,mobile
8,1256,2024-05-22,21.0,desktop
9,833,07/30/2024,76.0,tablet
10,833,01/16/2024,67.0,mobile
11,1256,2024-10-13,104.0,desktop
12,1256,2025-01-26,57.0,tablet
13,1256,11/02/2024,77.0,desktop
14,1256,14-08-2024,59.0,
15,1256,16-06-2024,48.0,mobile
16,833,20-12-2024,105.0,desktop
17,1256,06/03/2024,28.0,tablet
18,1256,03/27/2024,,desktop
19,1256,16-08-2024,87.0,desktop
20,833,05/11/2024,,mobile
21,833,21-04-2024,4.0,mobile
22,1256,2024-06-20,,desktop
23,833,06/16/2024,,desktop
24,833,07/25/2024,71.0,mobile
25,1256,10-04-2024,94.0,tablet
26,833,19-03-2024,15.0,tablet
27,1256,2024-10-25,103.0,desktop
28,1256,10/16/2024,33.0,desktop
29,1256,10/28/2024,39.0,desktop
30,1256,07-12-2024,82.0,tablet
31,1256,03-03-2024,18.0,mobile
32,1256,2024-04-03,85.0,tablet
33,1256,2024-03-15,44.0,desktop
34,1256,28-11-2024,16.0,mobile
35,1256,2024-11-26,47.0,mobile
36,1256,10/13/2024,106.0,desktop
37,1256,2024-01-27,26.0,mobile
38,1256,04/27/2024,57.0,desktop
39,1256,01/31/2025,66.0,tablet
40,1256,17-07-2024,56.0,tablet
41,1256,14-04-2024,54.0,tablet
42,1256,03-06-2024,106.0,desktop
43,1256,09/23/2024,10.0,mobile
44,1256,2024-05-05,101.0,mobile
45,1256,06/17/2024,78.0,desktop
46,1256,12/17/2024,81.0,desktop
47,833,18-08-2024,1.0,desktop
48,1256,12/07/2024,6.0,
49,1256,23-08-2024,62.0,
50,1256,2024-12-12,111.0,
51,1256,06/29/2024,15.0,mobile
52,1256,2025-01-11,120.0,desktop
53,833,22-11-2024,108.0,desktop
54,1256,08/05/2024,4.0,desktop
55,1256,11/04/2024,72.0,desktop
56,1256,2024-07-31,59.0,mobile
57,1256,01/19/2024,71.0,tablet
58,1256,05/10/2024,,
59,1256,05/08/2024,39.0,tablet
60,1256,02/01/2024,90.0,desktop
61,1256,16-12-2024,24.0,mobile
62,1256,05/08/2024,46.0,desktop
63,833,2024-07-07,58.0,mobile
64,1256,2024-06-15,71.0,mobile
65,1256,17-02-2024,26.0,mobile
66,1256,26-06-2024,82.0,desktop
67,762,01/12/2024,68.0,mobile
68,1256,2024-11-17,58.0,tablet
69,1256,11-06-2024,27.0,mobile
70,1256,2024-10-05,19.0,tablet
71,1256,2024-04-06,116.0,desktop
72,1256,29-12-2024,68.0,tablet
73,1256,08/31/2024,22.0,mobile
74,1256,2024-04-14,8.0,tablet
75,1256,09-12-2024,9.0,mobile
76,1256,01/25/2024,100.0,mobile
77,1256,14-04-2024,106.0,
78,1256,2024-07-24,9.0,mobile
79,1256,15-01-2025,61.0,desktop
80,1256,09-02-2024,70.0,desktop
81,1256,2024-01-23,19.0,desktop
82,1256,05-03-2024,29.0,
83,1256,05/16/2024,120.0,tablet
84,1256,12/01/2024,44.0,desktop
85,1256,01/27/2025,,mobile
86,1256,2024-11-02,21.0,mobile
87,1256,03/08/2024,18.0,tablet
88,1256,,77.0,tablet
89,1256,11-11-2024,77.0,mobile
90,1256,02/27/2024,17.0,mobile
91,833,2024-09-14,108.0,mobile
92,1256,04-01-2024,20.0,tablet
93,1256,09-01-2025,66.0,mobile
94,1256,2024-03-04,38.0,mobile
95,833,2024-02-09,104.0,desktop
96,1256,2024-03-19,88.0,desktop
97,1256,08-10-2024,,mobile
98,1256,2024-06-22,23.0,desktop
99,1256,02/26/2024,94.0,tablet
100,1256,2024-05-02,21.0,desktop
101,1256,2024-05-05,28.0,desktop
102,1256,08/15/2024,120.0,mobile
103,1256,2024-02-14,,desktop
104,1256,07/29/2024,20.0,desktop
105,1256,2024-01-23,19.0,tablet
106,1256,2024-07-24,70.0,desktop
107,1256,07/01/2024,36.0,tablet
108,1256,2024-08-02,33.0,mobile
109,1256,06/15/2024,117.0,desktop
110,833,08/03/2024,26.0,
111,1256,28-01-2024,58.0,mobile
112,1256,11/18/2024,81.0,desktop
113,1256,03/14/2024,58.0,tablet
114,833,2024-02-27,,mobile
115,833,,102.0,tablet
116,1256,18-01-2025,2.0,mobile
117,1256,10/08/2024,,desktop
118,1256,2024-10-23,24.0,tablet
119,833,2024-02-08,98.0,desktop
120,1256,12-02-2024,74.0,desktop
121,1256,07/15/2024,33.0,mobile
122,1256,2024-11-02,30.0,tablet
123,1256,05/03/2024,,desktop
124,1256,06-04-2024,73.0,mobile
125,1256,24-01-2025,21.0,desktop
126,833,09-01-2024,26.0,desktop
127,1256,19-05-2024,102.0,tablet
128,833,25-10-2024,114.0,desktop
129,1256,02/11/2024,27.0,desktop
130,1256,01/29/2024,22.0,tablet
131,1256,2024-04-06,112.0,tablet
132,833,27-12-2024,101.0,desktop
133,1256,03/16/2024,20.0,mobile
134,833,12/15/2024,11.0,mobile
135,1256,09/27/2024,92.0,tablet
136,833,12/16/2024,97.0,mobile
137,1256,2024-10-20,22.0,mobile
138,1256,01/18/2024,37.0,tablet
139,833,31-01-2025,50.0,mobile
140,1256,14-06-2024,,desktop
141,1256,2024-09-15,59.0,mobile
142,1256,2024-02-20,17.0,tablet
143,1256,04/07/2024,9.0,mobile
144,1256,05-07-2024,102.0,mobile
145,1256,2024-08-01,39.0,mobile
146,1256,01/04/2024,108.0,mobile
147,1256,01/30/2025,,tablet
148,1256,04/09/2024,,desktop
149,1256,2024-01-28,22.0,desktop
150,1256,10/03/2024,114.0,mobile
151,1256,01/29/2025,2.0,desktop
152,1256,2024-08-17,7.0,tablet
153,1256,2024-03-16,89.0,desktop
154,1256,06-01-2024,86.0,desktop
155,833,2024-02-01,110.0,desktop
156,1256,23-06-2024,93.0,desktop
157,1256,2024-11-14,114.0,mobile
158,1256,2024-12-14,49.0,tablet
159,1256,17-11-2024,11.0,mobile
160,1256,02/17/2024,93.0,mobile
161,1256,10/03/2024,60.0,desktop
162,1256,02/25/2024,31.0,mobile
163,1256,08/15/2024,6.0,desktop
164,1256,2024-11-05,72.0,mobile
165,1256,2025-01-13,44.0,tablet
166,1256,31-01-2025,17.0,tablet
167,1256,25-01-2025,54.0,desktop
168,1256,30-01-2024,,mobile
169,833,04-07-2024,25.0,tablet
170,1256,12-07-2024,111.0,desktop
171,1256,2024-04-06,55.0,tablet
172,1256,02/07/2024,74.0,desktop
173,1256,07/11/2024,76.0,tablet
174,1256,15-01-2024,101.0,tablet
175,833,11-05-2024,82.0,desktop
176,1256,07/16/2024,18.0,mobile
177,833,11/18/2024,13.0,desktop
178,833,2024-06-30,99.0,mobile
179,1256,20-06-2024,113.0,mobile
180,1256,07/07/2024,3.0,desktop
181,1256,,43.0,desktop
182,833,07/14/2024,14.0,tablet
183,1256,,23.0,tablet
184,833,2024-04-02,74.0,mobile
185,1256,11/27/2024,17.0,tablet
186,1256,30-11-2024,14.0,desktop
187,1256,26-02-2024,74.0,mobile
188,1256,03/22/2024,54.0,tablet
189,833,,35.0,mobile
190,833,19-11-2024,25.0,desktop
191,1256,2025-01-13,36.0,tablet
192,1256,11-08-2024,14.0,desktop
193,1256,11-01-2024,13.0,tablet
194,833,2024-11-06,91.0,desktop
195,1256,02-01-2024,70.0,desktop
196,1256,10/28/2024,115.0,tablet
197,1256,02-01-2024,,tablet
198,833,2024-08-27,42.0,desktop
199,1256,2024-04-10,54.0,desktop
200,1256,26-07-2024,10.0,mobile
201,1256,01/13/2024,85.0,desktop
202,1256,08-12-2024,120.0,mobile
203,1256,08/24/2024,35.0,tablet
204,1256,2024-09-10,68.0,mobile
205,1256,09-12-2024,49.0,mobile
206,1256,12/23/2024,61.0,tablet
207,1256,2024-02-21,10.0,desktop
208,833,06-08-2024,,tablet
209,1256,11-01-2025,6.0,mobile
210,833,06/05/2024,32.0,mobile
211,1256,,84.0,mobile
212,1256,13-04-2024,21.0,tablet
213,833,10/31/2024,,mobile
214,833,15-10-2024,81.0,mobile
215,1256,2024-10-30,24.0,desktop
216,1256,2024-06-30,62.0,tablet
217,1256,07/07/2024,50.0,desktop
218,1256,08-01-2025,56.0,desktop
219,1256,12/05/2024,20.0,tablet
220,1256,09-01-2025,73.0,tablet
221,1256,2024-11-08,11.0,desktop
222,1256,01/25/2024,79.0,tablet
223,762,08/05/2024,,tablet
224,1256,04-01-2025,20.0,tablet
225,1256,2024-08-30,80.0,
226,1256,02-03-2024,116.0,desktop
227,1256,02/27/2024,,mobile
228,833,14-05-2024,55.0,desktop
229,1256,05/24/2024,102.0,
230,1256,05/02/2024,69.0,mobile
231,1256,10-11-2024,,mobile
232,1256,19-06-2024,120.0,desktop
233,1256,20-04-2024,29.0,desktop
234,1256,16-07-2024,77.0,tablet
235,1256,2024-08-28,101.0,mobile
236,1256,2024-03-15,88.0,tablet
237,1256,2024-11-09,116.0,mobile
238,1256,07/13/2024,96.0,mobile
239,833,2024-10-22,91.0,mobile
240,1256,2024-09-08,67.0,mobile
241,1256,10/18/2024,93.0,tablet
242,833,2024-10-21,42.0,desktop
243,833,02-05-2024,83.0,mobile
244,1256,2024-11-17,66.0,desktop
245,1256,10/11/2024,44.0,desktop
246,1256,01/21/2024,61.0,mobile
247,1256,2024-09-28,84.0,tablet
248,1256,12-01-2025,61.0,tablet
249,1256,2024-07-10,40.0,mobile
250,1256,2024-06-18,69.0,desktop
251,1256,2024-03-28,90.0,
252,1256,12/11/2024,118.0,
253,833,09/08/2024,97.0,tablet
254,1256,2024-03-04,33.0,desktop
255,1256,03/21/2024,28.0,tablet
256,833,06-12-2024,74.0,tablet
257,1256,01/16/2025,119.0,tablet
258,1256,28-04-2024,11.0,tablet
259,1256,2024-03-06,54.0,tablet
260,1256,02/12/2024,112.0,mobile
261,1256,09/18/2024,65.0,mobile
262,1256,2024-01-05,54.0,mobile
263,1256,21-05-2024,15.0,desktop
264,1256,08/12/2024,116.0,mobile
265,1256,25-11-2024,47.0,mobile
266,1256,06/15/2024,37.0,mobile
267,1256,10-09-2024,58.0,mobile
268,833,2024-10-15,5.0,mobile
269,1256,2024-04-14,78.0,tablet
270,1256,12/08/2024,85.0,desktop
271,1256,11/24/2024,72.0,tablet
272,1256,06-05-2024,66.0,mobile
273,1256,2024-02-09,66.0,desktop
274,1256,09/10/2024,88.0,tablet
275,1256,2024-10-27,47.0,desktop
276,1256,2024-08-23,75.0,desktop
277,833,19-05-2024,8.0,desktop
278,1256,04/06/2024,95.0,mobile
279,1256,07/10/2024,,mobile
280,1256,2024-08-01,117.0,tablet
281,1256,2024-05-11,2.0,mobile
282,1256,02/21/2024,13.0,tablet
283,833,2024-08-23,73.0,mobile
284,1256,10/01/2024,33.0,mobile
285,1256,23-07-2024,38.0,tablet
286,833,26-04-2024,27.0,desktop
287,833,05/19/2024,22.0,desktop
288,1256,31-01-2024,30.0,mobile
289,1256,2024-06-02,102.0,desktop
290,1256,03-02-2025,76.0,desktop
291,1256,13-05-2024,90.0,tablet
292,1256,22-05-2024,63.0,desktop
293,1256,2024-01-01,6.0,desktop
294,1256,06-02-2024,30.0,tablet
295,1256,23-11-2024,21.0,desktop
296,1256,14-11-2024,30.0,desktop
297,1256,20-03-2024,27.0,desktop
298,1256,07/08/2024,112.0,desktop
299,1256,2024-06-13,109.0,desktop
300,1256,14-09-2024,53.0,mobile
301,1256,02/15/2024,102.0,tablet
302,1256,2024-01-20,34.0,tablet
303,1256,07/08/2024,8.0,desktop
304,1256,02/17/2024,12.0,desktop
305,1256,2024-12-17,27.0,mobile
306,833,06/03/2024,47.0,desktop
307,1256,05/25/2024,31.0,tablet
308,833,2024-01-02,30.0,tablet
309,1256,04/28/2024,40.0,desktop
310,1256,18-07-2024,18.0,desktop
311,1256,2024-03-27,90.0,tablet
312,1256,10/18/2024,25.0,mobile
313,1256,,25.0,mobile
314,833,02/12/2024,27.0,tablet
315,1256,2024-05-31,40.0,desktop
316,1256,2024-07-15,70.0,mobile
317,1256,11/15/2024,43.0,tablet
318,1256,05/12/2024,13.0,desktop
319,1256,04-01-2025,96.0,desktop
320,1256,2024-01-26,38.0,desktop
321,1256,2024-09-26,48.0,desktop
322,1256,10/22/2024,50.0,tablet
323,1256,04/07/2024,91.0,desktop
324,1256,12-05-2024,90.0,tablet
325,1256,13-02-2024,53.0,mobile
326,1256,2024-03-28,38.0,tablet
327,1256,02/24/2024,99.0,desktop
328,1256,02/04/2024,47.0,tablet
329,1256,11/06/2024,76.0,desktop
330,1256,2024-12-06,1.0,tablet
331,1256,06/20/2024,25.0,mobile
332,1256,21-04-2024,45.0,desktop
333,1256,07/19/2024,32.0,mobile
334,1256,2024-01-07,44.0,tablet
335,1256,2024-11-01,32.0,desktop
336,1256,08-08-2024,76.0,tablet
337,1256,12-06-2024,54.0,tablet
338,1256,27-11-2024,32.0,
339,1256,10-07-2024,27.0,mobile
340,1256,28-03-2024,105.0,mobile
341,1256,2024-06-17,77.0,mobile
342,833,04-06-2024,8.0,tablet
343,1256,13-02-2024,31.0,tablet
344,1256,25-11-2024,83.0,mobile
345,1256,2024-05-24,102.0,mobile
346,1256,11/07/2024,16.0,desktop
347,1256,2024-05-28,59.0,tablet
348,1256,2025-01-19,35.0,desktop
349,1256,09/19/2024,61.0,mobile
350,833,22-07-2024,98.0,tablet
351,1256,2024-10-24,120.0,mobile
352,1256,03/27/2024,26.0,mobile
353,1256,2024-01-03,60.0,desktop
354,1256,2024-12-29,33.0,mobile
355,833,2024-06-03,84.0,tablet
356,1256,13-11-2024,40.0,tablet
357,1256,12/25/2024,79.0,tablet
358,1256,14-09-2024,57.0,mobile
359,1256,07/19/2024,62.0,
360,1256,01-06-2024,70.0,tablet
361,1256,2024-10-04,62.0,desktop
362,1256,2024-11-03,15.0,mobile
363,1256,07/16/2024,37.0,mobile
364,1256,16-06-2024,84.0,mobile
365,1256,08/01/2024,104.0,mobile
366,762,21-12-2024,29.0,desktop
367,1256,2024-06-09,41.0,mobile
368,1256,2025-01-03,86.0,desktop
369,1256,2024-01-14,104.0,desktop
370,1256,01-02-2024,66.0,desktop
371,1256,2024-03-11,17.0,mobile
372,833,25-07-2024,6.0,tablet
373,1256,04/30/2024,12.0,desktop
374,1256,08-05-2024,84.0,mobile
375,1256,2025-01-07,62.0,mobile
376,833,06-01-2025,10.0,desktop
377,833,2024-07-21,,mobile
378,1256,2024-09-01,113.0,mobile
379,1256,2025-02-03,34.0,desktop
380,1256,,110.0,desktop
381,833,05/06/2024,44.0,mobile
382,1256,10/01/2024,114.0,mobile
383,1256,01/21/2024,19.0,tablet
384,1256,01/16/2024,101.0,mobile
385,1256,12-11-2024,62.0,mobile
386,1256,20-11-2024,,desktop
387,1256,19-01-2025,110.0,desktop
388,1256,12/27/2024,77.0,desktop
389,1256,08/28/2024,45.0,tablet
390,833,03-10-2024,101.0,mobile
391,1256,09/12/2024,32.0,tablet
392,1256,2024-02-08,20.0,mobile
393,1256,2024-06-22,20.0,tablet
394,1256,2024-12-18,20.0,tablet
395,1256,,43.0,tablet
396,1256,2024-12-23,53.0,tablet
397,833,2024-07-08,103.0,desktop
398,1256,,87.0,mobile
399,833,21-01-2025,21.0,desktop
400,833,2024-09-09,80.0,mobile
401,1256,2024-08-24,13.0,mobile
402,1256,04/03/2024,104.0,desktop
403,833,02/03/2024,35.0,tablet
404,1256,07-12-2024,10.0,mobile
405,1256,16-04-2024,104.0,mobile
406,1256,10-08-2024,99.0,desktop
407,833,29-12-2024,100.0,desktop
408,1256,10/09/2024,66.0,desktop
409,1256,22-04-2024,74.0,mobile
410,1256,2024-10-09,68.0,desktop
411,1256,18-09-2024,45.0,tablet
412,1256,14-07-2024,76.0,
413,1256,09-12-2024,82.0,desktop
414,833,23-08-2024,49.0,mobile
415,833,2024-09-21,91.0,
416,1256,2025-01-12,52.0,tablet
417,833,2024-11-29,28.0,mobile
418,1256,21-08-2024,65.0,desktop
419,1256,23-09-2024,36.0,mobile
420,1256,2024-10-23,38.0,tablet
421,1256,11-02-2024,53.0,desktop
422,1256,23-10-2024,39.0,desktop
423,1256,11-02-2024,75.0,tablet
424,1256,05/07/2024,40.0,tablet
425,833,2025-01-03,101.0,desktop
426,1256,28-08-2024,75.0,desktop
427,1256,,,desktop
428,1256,04-01-2024,115.0,mobile
429,1256,01/31/2025,117.0,desktop
430,1256,03-12-2024,92.0,desktop
431,833,2024-07-23,71.0,tablet
432,1256,08/21/2024,66.0,mobile
433,833,12/26/2024,86.0,mobile
434,1256,2024-02-06,35.0,mobile
435,1256,01/06/2024,13.0,desktop
436,1256,2024-07-02,63.0,mobile
437,1256,11-05-2024,47.0,desktop
438,1256,07/02/2024,109.0,desktop
439,1256,03/24/2024,90.0,mobile
440,1256,2024-06-21,115.0,desktop
441,833,06-04-2024,76.0,tablet
442,1256,16-06-2024,4.0,mobile
443,1256,2024-05-30,32.0,mobile
444,1256,16-04-2024,44.0,desktop
445,1256,26-02-2024,114.0,tablet
446,1256,2024-02-20,103.0,desktop
447,1256,09/11/2024,68.0,desktop
448,833,2024-12-10,92.0,mobile
449,833,2024-08-07,34.0,desktop
450,833,01-07-2024,63.0,tablet
451,1256,20-06-2024,71.0,mobile
452,1256,02/03/2024,,desktop
453,1256,2024-03-13,91.0,tablet
454,1256,03/09/2024,56.0,mobile
455,1256,06-09-2024,49.0,desktop
456,833,2024-08-26,59.0,desktop
457,1256,11-04-2024,8.0,tablet
458,1256,20-11-2024,4.0,tablet
459,1256,2024-09-21,89.0,desktop
460,1256,26-09-2024,15.0,tablet
461,833,2024-10-18,78.0,desktop
462,1256,06-06-2024,,mobile
463,1256,15-12-2024,,mobile
464,1256,2024-03-12,102.0,mobile
465,1256,03/23/2024,36.0,desktop
466,1256,10/24/2024,10.0,desktop
467,1256,2024-09-11,56.0,tablet
468,1256,05-06-2024,118.0,tablet
469,1256,2024-04-15,40.0,mobile
470,833,2024-02-23,,
471,1256,09/14/2024,80.0,tablet
472,1256,2024-05-03,,tablet
473,1256,01/09/2025,113.0,desktop
474,1256,10/24/2024,59.0,tablet
475,1256,2024-01-14,20.0,tablet
476,1256,2024-09-29,29.0,tablet
477,1256,2024-01-10,,tablet
478,1256,01-06-2024,76.0,mobile
479,1256,2025-01-01,88.0,desktop
480,1256,2024-01-23,3.0,tablet
481,1256,03/19/2024,69.0,tablet
482,1256,2024-05-09,,mobile
483,1256,2024-08-17,26.0,mobile
484,1256,05/14/2024,4.0,mobile
485,1256,20-11-2024,73.0,mobile
486,1256,16-08-2024,88.0,mobile
487,1256,2024-04-08,51.0,desktop
488,1256,24-05-2024,116.0,desktop
489,1256,2024-09-01,44.0,desktop
490,1256,2024-03-06,33.0,desktop
491,1256,11/25/2024,19.0,mobile
492,1256,2024-05-10,110.0,mobile
493,1256,06/06/2024,15.0,tablet
494,1256,01/23/2024,58.0,mobile
495,1256,2024-01-24,77.0,mobile
496,833,2024-07-21,1.0,tablet
497,1256,11/18/2024,106.0,tablet
498,1256,2024-03-03,12.0,tablet
499,1256,19-06-2024,1.0,mobile
500,1256,2024-06-04,108.0,tablet
501,1256,2024-08-29,36.0,mobile
502,1256,06-03-2024,77.0,mobile
503,1256,07/01/2024,39.0,tablet
504,1256,12/20/2024,83.0,tablet
505,1256,02/13/2024,,tablet
506,1256,2025-02-03,48.0,desktop
507,1256,26-01-2025,67.0,desktop
508,833,13-10-2024,65.0,mobile
509,833,01-01-2025,48.0,mobile
510,833,08/20/2024,112.0,desktop
511,1256,01/11/2025,114.0,desktop
512,833,2024-02-02,96.0,mobile
513,1256,25-08-2024,,mobile
514,1256,19-04-2024,84.0,mobile
515,833,29-09-2024,60.0,desktop
516,833,21-08-2024,104.0,tablet
517,1256,2024-03-23,116.0,desktop
518,1256,2024-08-31,10.0,desktop
519,1256,2024-07-03,56.0,mobile
520,833,06/12/2024,44.0,desktop
521,1256,28-07-2024,,desktop
522,1256,13-02-2024,45.0,desktop
523,1256,21-08-2024,25.0,tablet
524,1256,28-02-2024,30.0,mobile
525,1256,2024-12-17,44.0,tablet
526,1256,23-10-2024,48.0,tablet
527,1256,08-06-2024,60.0,mobile
528,1256,06-05-2024,17.0,desktop
529,1256,02/24/2024,53.0,mobile
530,1256,12-06-2024,15.0,mobile
531,833,08-04-2024,112.0,tablet
532,1256,03-10-2024,,tablet
533,833,12/04/2024,25.0,mobile
534,1256,01/17/2024,91.0,mobile
535,1256,05-06-2024,20.0,desktop
536,1256,30-04-2024,90.0,tablet
537,1256,11-02-2024,94.0,mobile
538,1256,2024-05-08,71.0,mobile
539,1256,26-04-2024,101.0,desktop
540,1256,08/03/2024,59.0,desktop
541,1256,,,desktop
542,1256,01/13/2025,40.0,tablet
543,1256,02/08/2024,117.0,desktop
544,1256,13-10-2024,,desktop
545,1256,29-01-2024,18.0,tablet
546,1256,02-07-2024,94.0,desktop
547,1256,01/03/2025,46.0,tablet
548,1256,12/10/2024,70.0,mobile
549,1256,2025-01-23,106.0,desktop
550,833,21-09-2024,64.0,tablet
551,1256,07/30/2024,51.0,mobile
552,833,14-09-2024,105.0,mobile
553,1256,2024-10-27,33.0,mobile
554,1256,2025-01-08,25.0,mobile
555,1256,2024-02-24,22.0,
556,1256,2024-08-21,6.0,mobile
557,1256,01/05/2024,92.0,desktop
558,1256,,112.0,mobile
559,1256,06/07/2024,96.0,tablet
560,1256,2024-02-04,104.0,tablet
561,1256,05/31/2024,1.0,tablet
562,833,08/15/2024,32.0,mobile
563,1256,02-10-2024,68.0,tablet
564,1256,,42.0,mobile
565,1256,2024-02-18,37.0,tablet
566,1256,08-06-2024,67.0,mobile
567,1256,2024-09-04,42.0,mobile
568,1256,05/11/2024,17.0,mobile
569,1256,2024-08-09,107.0,tablet
570,1256,06/02/2024,33.0,tablet
571,1256,12-05-2024,99.0,tablet
572,1256,2024-08-28,107.0,tablet
573,1256,2024-01-09,99.0,mobile
574,1256,2024-08-26,88.0,desktop
575,833,03/21/2024,97.0,tablet
576,1256,25-01-2024,,tablet
577,833,2024-05-30,108.0,mobile
578,1256,01/15/2024,88.0,desktop
579,833,06/06/2024,51.0,desktop
580,1256,30-01-2025,,tablet
581,1256,11/10/2024,119.0,tablet
582,1256,11-05-2024,31.0,tablet
583,1256,2024-12-13,104.0,mobile
584,1256,2024-11-23,37.0,tablet
585,1256,26-04-2024,,desktop
586,1256,08/25/2024,99.0,tablet
587,1256,14-01-2025,118.0,mobile
588,1256,2024-10-20,20.0,tablet
589,1256,2024-10-20,71.0,mobile
590,1256,01/12/2024,118.0,desktop
591,1256,2024-03-03,92.0,desktop
592,1256,2024-12-14,31.0,mobile
593,1256,09/18/2024,43.0,tablet
594,1256,2024-05-27,7.0,tablet
595,1256,02/12/2024,9.0,tablet
596,1256,12/18/2024,81.0,mobile
597,1256,19-02-2024,112.0,mobile
598,1256,03/26/2024,28.0,desktop
599,1256,02/11/2024,42.0,tablet
600,1256,05/05/2024,88.0,desktop
601,833,01/23/2025,29.0,desktop
602,1256,2025-01-08,,mobile
603,1256,14-07-2024,38.0,desktop
604,1256,15-01-2024,47.0,mobile
605,1256,2024-07-13,67.0,desktop
606,1256,28-11-2024,70.0,desktop
607,1256,2024-03-04,85.0,desktop
608,1256,2024-05-12,114.0,tablet
609,1256,28-02-2024,3.0,mobile
610,1256,14-01-2024,40.0,tablet
611,1256,2024-07-13,28.0,desktop
612,1256,06-05-2024,111.0,mobile
613,1256,2024-10-25,93.0,
614,833,01/17/2024,53.0,mobile
615,833,2024-03-31,20.0,desktop
616,1256,06/07/2024,2.0,
617,1256,08/05/2024,67.0,mobile
618,1256,05-05-2024,112.0,desktop
619,1256,12-04-2024,77.0,mobile
620,1256,03/10/2024,72.0,tablet
621,1256,2024-03-02,117.0,mobile
622,1256,25-02-2024,34.0,mobile
623,1256,26-01-2025,115.0,tablet
624,1256,11/08/2024,67.0,desktop
625,1256,03/13/2024,2.0,tablet
626,1256,13-02-2024,95.0,desktop
627,1256,06/17/2024,117.0,mobile
628,1256,01/25/2025,120.0,tablet
629,1256,03/19/2024,70.0,
630,1256,03-01-2025,39.0,desktop
631,1256,31-01-2024,38.0,tablet
632,1256,09-11-2024,114.0,mobile
633,1256,12/02/2024,29.0,mobile
634,1256,2024-04-03,22.0,mobile
635,1256,26-06-2024,80.0,tablet
636,1256,04/27/2024,22.0,mobile
637,1256,2024-12-21,80.0,tablet
638,1256,12-01-2025,43.0,mobile
639,833,2024-11-26,98.0,mobile
640,833,01/16/2024,115.0,mobile
641,1256,,49.0,mobile
642,1256,2024-06-10,114.0,tablet
643,1256,01-01-2025,97.0,mobile
644,833,26-10-2024,2.0,tablet
645,1256,11/18/2024,1.0,
646,1256,07/03/2024,77.0,desktop
647,1256,2024-05-30,90.0,mobile
648,833,23-05-2024,13.0,desktop
649,1256,09/09/2024,10.0,desktop
650,1256,05/26/2024,20.0,mobile
651,1256,15-05-2024,,tablet
652,1256,06/05/2024,14.0,mobile
653,1256,2024-01-28,,mobile
654,1256,16-07-2024,56.0,tablet
655,833,2024-09-18,96.0,mobile
656,1256,10/06/2024,107.0,mobile
657,1256,14-01-2025,112.0,desktop
658,1256,2024-07-05,95.0,desktop
659,833,2024-10-30,95.0,mobile
660,833,10/14/2024,15.0,desktop
661,1256,28-05-2024,91.0,mobile
662,1256,11-01-2024,1.0,mobile
663,1256,2024-03-03,95.0,mobile
664,1256,2024-05-10,84.0,desktop
665,1256,07/03/2024,87.0,desktop
666,1256,30-06-2024,2.0,mobile
667,1256,2024-08-10,79.0,desktop
668,1256,2024-08-10,109.0,mobile
669,1256,2024-11-10,5.0,mobile
670,1256,19-11-2024,79.0,mobile
671,1256,01/16/2024,13.0,
672,1256,2024-07-22,,mobile
673,833,23-02-2024,101.0,tablet
674,833,2024-04-13,9.0,desktop
675,1256,2025-01-31,13.0,tablet
676,833,2024-07-09,82.0,tablet
677,1256,28-04-2024,62.0,tablet
678,833,20-12-2024,118.0,mobile
679,1256,11-12-2024,112.0,tablet
680,1256,09/28/2024,86.0,tablet
681,833,03/20/2024,,desktop
682,833,2024-07-02,27.0,mobile
683,1256,05/04/2024,116.0,tablet
684,1256,12-09-2024,103.0,desktop
685,1256,10/18/2024,35.0,desktop
686,833,06/21/2024,86.0,tablet
687,1256,01/18/2025,117.0,tablet
688,1256,06/30/2024,16.0,desktop
689,833,2024-02-29,3.0,desktop
690,1256,08-04-2024,53.0,mobile
691,1256,12/29/2024,47.0,mobile
692,1256,2024-12-03,42.0,tablet
693,1256,24-02-2024,,tablet
694,1256,15-03-2024,62.0,tablet
695,1256,2024-01-13,,tablet
696,1256,04/16/2024,28.0,tablet
697,1256,03/07/2024,,mobile
698,1256,08/24/2024,70.0,tablet
699,1256,18-05-2024,11.0,desktop
700,1256,12/07/2024,114.0,desktop
701,1256,22-05-2024,16.0,tablet
702,1256,21-06-2024,109.0,desktop
703,1256,2024-02-11,50.0,tablet
704,1256,28-04-2024,104.0,tablet
705,1256,2024-03-03,93.0,desktop
706,1256,10-03-2024,105.0,tablet
707,1256,08-03-2024,,desktop
708,833,2024-03-23,4.0,mobile
709,1256,11/28/2024,24.0,mobile
710,1256,22-06-2024,109.0,desktop
711,1256,26-09-2024,59.0,tablet
712,1256,08/14/2024,,desktop
713,1256,2024-05-19,63.0,desktop
714,833,04/17/2024,22.0,desktop
715,1256,2024-04-21,88.0,mobile
716,1256,2024-08-21,2.0,tablet
717,1256,09-03-2024,52.0,tablet
718,833,20-04-2024,105.0,tablet
719,1256,17-01-2025,99.0,mobile
720,1256,2024-06-25,70.0,mobile
721,762,03/11/2024,119.0,desktop
722,1256,,44.0,mobile
723,1256,2024-03-25,76.0,desktop
724,1256,17-11-2024,8.0,tablet
725,833,22-12-2024,18.0,mobile
726,1256,18-10-2024,9.0,mobile
727,1256,2024-06-24,114.0,tablet
728,1256,02/04/2024,115.0,tablet
729,1256,2024-08-31,,mobile
730,1256,01/14/2024,30.0,mobile
731,1256,13-10-2024,71.0,mobile
732,1256,03-02-2024,108.0,mobile
733,1256,16-01-2024,71.0,tablet
734,1256,2024-07-04,38.0,mobile
735,1256,2024-04-17,,desktop
736,1256,2024-04-26,11.0,desktop
737,1256,11/09/2024,6.0,desktop
738,1256,2024-05-20,52.0,mobile
739,1256,09/21/2024,2.0,mobile
740,1256,2025-01-27,84.0,tablet
741,1256,20-08-2024,49.0,desktop
742,1256,10-07-2024,,tablet
743,1256,2024-12-22,,tablet
744,833,29-07-2024,12.0,tablet
745,1256,01-01-2024,33.0,mobile
746,1256,2024-03-18,29.0,mobile
747,1256,,40.0,desktop
748,833,2024-09-01,120.0,desktop
749,1256,2025-01-20,54.0,mobile
750,1256,01/20/2025,103.0,tablet
751,833,05-05-2024,120.0,tablet
752,1256,12/24/2024,62.0,tablet
753,1256,2025-01-30,33.0,mobile
754,1256,2024-04-17,57.0,mobile
755,1256,13-11-2024,37.0,mobile
756,1256,08/25/2024,43.0,mobile
757,1256,07/03/2024,75.0,desktop
758,1256,2024-01-16,67.0,tablet
759,833,08-01-2024,68.0,mobile
760,1256,01/30/2024,17.0,desktop
761,1256,11/05/2024,44.0,tablet
762,1256,08/26/2024,43.0,mobile
763,1256,,,tablet
764,1256,01/10/2025,66.0,tablet
765,833,2024-04-23,50.0,tablet
766,1256,19-09-2024,,tablet
767,833,09-09-2024,44.0,tablet
768,1256,12/24/2024,25.0,tablet
769,1256,15-12-2024,76.0,mobile
770,1256,03-01-2024,78.0,
771,833,2025-01-20,103.0,mobile
772,1256,01/23/2024,113.0,mobile
773,1256,2024-08-12,117.0,tablet
774,833,07/19/2024,88.0,tablet
775,1256,12/12/2024,91.0,tablet
776,833,01-04-2024,92.0,mobile
777,1256,2024-06-22,18.0,tablet
778,1256,03/04/2024,33.0,desktop
779,1256,2024-03-09,115.0,desktop
780,833,25-04-2024,112.0,desktop
781,1256,26-01-2025,98.0,tablet
782,1256,24-01-2024,69.0,mobile
783,1256,05/12/2024,32.0,desktop
784,1256,09/06/2024,102.0,desktop
785,833,04/09/2024,87.0,desktop
786,1256,13-04-2024,117.0,tablet
787,1256,02/24/2024,73.0,desktop
788,1256,01/01/2025,102.0,tablet
789,833,01/18/2024,31.0,
790,1256,13-12-2024,,tablet
791,1256,12/21/2024,92.0,tablet
792,1256,11-01-2025,25.0,mobile
793,1256,03-07-2024,14.0,tablet
794,1256,18-05-2024,111.0,desktop
795,1256,2025-01-19,49.0,mobile
796,833,11/26/2024,107.0,tablet
797,1256,03/18/2024,40.0,mobile
798,833,16-02-2024,63.0,mobile
799,1256,30-04-2024,78.0,desktop
800,1256,02-10-2024,113.0,desktop
801,1256,04/20/2024,120.0,mobile
802,1256,2024-02-07,85.0,mobile
803,1256,2024-04-18,113.0,mobile
804,1256,05/16/2024,12.0,mobile
805,833,01-11-2024,114.0,mobile
806,1256,2024-05-12,84.0,tablet
807,1256,12-08-2024,22.0,mobile
808,1256,,1.0,desktop
809,1256,2024-05-29,74.0,mobile
810,1256,2024-10-28,58.0,
811,1256,04-02-2024,25.0,desktop
812,833,07/10/2024,29.0,mobile
813,1256,04/01/2024,92.0,desktop
814,1256,2024-10-28,49.0,desktop
815,1256,2025-01-31,28.0,desktop
816,1256,2025-01-06,41.0,tablet
817,1256,04/16/2024,39.0,mobile
818,1256,2024-03-01,117.0,desktop
819,1256,2024-09-04,10.0,tablet
820,1256,2024-03-20,12.0,mobile
821,1256,,76.0,desktop
822,1256,06/23/2024,62.0,tablet
823,833,10/21/2024,90.0,tablet
824,833,02/28/2024,,mobile
825,1256,12/27/2024,33.0,mobile
826,1256,02/01/2025,9.0,desktop
827,1256,04-01-2024,39.0,mobile
828,1256,2025-01-05,50.0,tablet
829,1256,06/19/2024,7.0,mobile
830,1256,04/18/2024,5.0,tablet
831,1256,24-01-2024,109.0,tablet
832,1256,2024-01-16,,mobile
833,1256,2024-05-17,18.0,desktop
834,1256,05-05-2024,47.0,
835,1256,2024-11-30,94.0,desktop
836,1256,09/20/2024,52.0,
837,1256,10/01/2024,34.0,mobile
838,1256,13-12-2024,,tablet
839,1256,15-08-2024,64.0,desktop
840,1256,15-01-2024,11.0,tablet
841,1256,01/23/2024,110.0,mobile
842,1256,09/12/2024,32.0,mobile
843,1256,02/20/2024,22.0,mobile
844,1256,05/06/2024,77.0,desktop
845,1256,01/27/2024,70.0,desktop
846,1256,10-02-2024,95.0,desktop
847,1256,09/06/2024,112.0,tablet
848,1256,2024-05-25,12.0,desktop
849,1256,2024-08-12,55.0,mobile
850,833,11/22/2024,89.0,mobile
851,833,12/25/2024,11.0,mobile
852,1256,02/10/2024,76.0,tablet
853,1256,12/28/2024,44.0,mobile
854,1256,04-01-2024,,desktop
855,1256,10-07-2024,52.0,desktop
856,1256,03-03-2024,10.0,desktop
857,1256,24-01-2025,63.0,tablet
858,833,2024-06-06,117.0,desktop
859,1256,07-09-2024,114.0,tablet
860,833,29-04-2024,11.0,tablet
861,1256,25-02-2024,50.0,mobile
862,833,14-09-2024,94.0,mobile
863,1256,2024-08-02,,desktop
864,1256,17-12-2024,7.0,mobile
865,1256,2024-11-20,108.0,tablet
866,1256,2024-12-31,56.0,mobile
867,1256,26-10-2024,25.0,tablet
868,1256,2024-03-22,15.0,desktop
869,833,2024-01-13,111.0,mobile
870,1256,2024-03-03,102.0,desktop
871,1256,11-03-2024,33.0,tablet
872,833,28-05-2024,49.0,desktop
873,1256,09/18/2024,31.0,desktop
874,1256,06/28/2024,95.0,tablet
875,1256,2024-09-04,18.0,desktop
876,1256,12/07/2024,109.0,mobile
877,1256,25-08-2024,105.0,mobile
878,833,2024-07-18,92.0,mobile
879,1256,01-08-2024,74.0,desktop
880,1256,28-04-2024,27.0,desktop
881,833,02/20/2024,98.0,desktop
882,1256,01/13/2025,75.0,desktop
883,1256,11/30/2024,,desktop
884,833,12/07/2024,84.0,tablet
885,833,07/23/2024,67.0,mobile
886,1256,01/03/2025,20.0,desktop
887,833,05/08/2024,110.0,desktop
888,1256,24-01-2024,1.0,
889,1256,05-01-2024,35.0,mobile
890,833,24-06-2024,39.0,
891,1256,08/11/2024,11.0,tablet
892,1256,2024-06-13,75.0,tablet
893,1256,2024-07-05,75.0,desktop
894,833,15-11-2024,55.0,mobile
895,1256,2024-09-27,12.0,tablet
896,1256,09/13/2024,87.0,desktop
897,833,08/27/2024,71.0,tablet
898,1256,2024-05-21,82.0,tablet
899,833,2024-08-08,94.0,tablet
900,1256,10/10/2024,6.0,mobile
901,1256,31-07-2024,71.0,tablet
902,833,10/01/2024,99.0,mobile
903,833,28-04-2024,22.0,desktop
904,1256,12/17/2024,26.0,desktop
905,1256,07/13/2024,2.0,mobile
906,833,07/31/2024,23.0,mobile
907,833,2024-01-20,28.0,desktop
908,1256,02/14/2024,55.0,tablet
909,1256,2024-04-09,26.0,tablet
910,833,07-04-2024,49.0,tablet
911,1256,2024-05-02,61.0,mobile
912,1256,2024-02-10,52.0,mobile
913,833,09/17/2024,46.0,mobile
914,1256,07/24/2024,24.0,tablet
915,833,09/29/2024,,tablet
916,1256,09/12/2024,42.0,mobile
917,1256,12/22/2024,20.0,desktop
918,1256,10/18/2024,84.0,desktop
919,1256,02/08/2024,1.0,desktop
920,1256,11/07/2024,39.0,tablet
921,1256,06/26/2024,42.0,tablet
922,1256,2024-09-24,114.0,mobile
923,1256,19-08-2024,5.0,mobile
924,1256,12-04-2024,54.0,tablet
925,1256,2024-12-30,86.0,tablet
926,1256,06/17/2024,118.0,mobile
927,1256,05-08-2024,80.0,tablet
928,833,06-05-2024,65.0,mobile
929,1256,04-10-2024,92.0,tablet
930,1256,30-06-2024,114.0,desktop
931,1256,10/02/2024,79.0,
932,1256,02/04/2024,10.0,desktop
933,1256,03/13/2024,102.0,tablet
934,833,2024-07-17,109.0,mobile
935,1256,03-11-2024,39.0,mobile
936,1256,26-02-2024,114.0,desktop
937,1256,05/15/2024,15.0,mobile
938,833,05-06-2024,108.0,desktop
939,1256,2024-12-26,3.0,mobile
940,833,20-07-2024,46.0,tablet
941,1256,2024-05-25,29.0,mobile
942,1256,2024-07-04,36.0,mobile
943,1256,10/29/2024,95.0,mobile
944,1256,03-09-2024,100.0,tablet
945,1256,2024-11-06,28.0,desktop
946,1256,2024-01-03,,desktop
947,1256,2024-09-10,80.0,
948,762,30-01-2024,35.0,desktop
949,833,11/13/2024,75.0,desktop
950,1256,14-01-2025,106.0,desktop
951,1256,2024-01-05,2.0,desktop
952,1256,12/04/2024,9.0,mobile
953,1256,2024-03-06,111.0,tablet
954,833,06-07-2024,21.0,desktop
955,833,22-01-2024,72.0,desktop
956,1256,29-06-2024,26.0,desktop
957,1256,03/28/2024,107.0,desktop
958,1256,01/05/2025,27.0,mobile
959,1256,2024-04-03,1.0,
960,1256,07/19/2024,114.0,desktop
961,1256,21-04-2024,60.0,desktop
962,1256,2024-11-04,91.0,
963,1256,2024-06-29,25.0,mobile
964,1256,2024-05-27,85.0,desktop
965,1256,2024-07-15,1.0,tablet
966,1256,10-12-2024,107.0,
967,1256,2024-05-21,60.0,mobile
968,1256,11/25/2024,73.0,mobile
969,1256,31-10-2024,7.0,
970,833,03-02-2024,83.0,tablet
971,1256,2024-03-22,64.0,desktop
972,1256,24-05-2024,85.0,tablet
973,1256,01/20/2025,59.0,mobile
974,833,05/23/2024,70.0,tablet
975,833,,39.0,mobile
976,1256,2024-11-03,53.0,mobile
977,1256,2024-05-06,54.0,mobile
978,1256,26-10-2024,78.0,tablet
979,1256,16-10-2024,18.0,mobile
980,833,2024-01-13,49.0,
981,1256,01/03/2024,76.0,desktop
982,1256,2024-04-13,66.0,tablet
983,1256,,24.0,desktop
984,1256,08/27/2024,119.0,tablet
985,1256,2024-10-12,,desktop
986,1256,17-06-2024,66.0,tablet
987,1256,03/07/2024,95.0,desktop
988,1256,2024-11-25,29.0,mobile
989,1256,06/30/2024,105.0,mobile
990,1256,2024-07-22,119.0,tablet
991,1256,08/15/2024,43.0,tablet
992,1256,04/25/2024,73.0,desktop
993,1256,2024-10-12,7.0,mobile
994,1256,2024-02-19,56.0,desktop
995,1256,07/27/2024,41.0,mobile
996,1256,2024-12-15,67.0,tablet
997,1256,30-01-2025,47.0,mobile
998,1256,06-03-2024,5.0,desktop
999,1256,24-08-2024,55.0,mobile
1000,1256,2024-03-12,55.0,desktop
1001,1256,2024-11-24,58.0,mobile
1002,1256,2024-05-10,33.0,mobile
1003,1256,2024-10-18,7.0,tablet
1004,1256,29-08-2024,1.0,mobile
1005,1256,03-10-2024,,mobile
1006,1256,18-06-2024,49.0,desktop
1007,1256,05/27/2024,83.0,tablet
1008,1256,20-04-2024,26.0,tablet
1009,1256,2024-10-16,78.0,
1010,833,04-11-2024,53.0,mobile
1011,1256,04/23/2024,109.0,tablet
1012,1256,18-12-2024,10.0,tablet
1013,1256,08/14/2024,18.0,mobile
1014,833,17-10-2024,100.0,mobile
1015,1256,06/10/2024,35.0,mobile
1016,1256,02/14/2024,17.0,desktop
1017,1256,13-02-2024,84.0,mobile
1018,1256,2024-12-10,3.0,mobile
1019,1256,18-01-2024,117.0,tablet
1020,1256,30-11-2024,56.0,tablet
1021,1256,2024-11-02,92.0,tablet
1022,833,01/02/2025,64.0,tablet
1023,1256,04/07/2024,106.0,desktop
1024,1256,04/20/2024,64.0,mobile
1025,1256,2024-05-08,63.0,desktop
1026,1256,18-01-2025,48.0,desktop
1027,1256,02-08-2024,35.0,desktop
1028,1256,2024-03-16,38.0,desktop
1029,1256,2024-12-28,31.0,desktop
1030,1256,25-08-2024,23.0,tablet
1031,1256,08/14/2024,48.0,mobile
1032,1256,05/02/2024,45.0,desktop
1033,1256,2024-09-17,101.0,tablet
1034,833,09/16/2024,20.0,tablet
1035,1256,12-06-2024,55.0,mobile
1036,1256,29-01-2024,44.0,
1037,833,06-04-2024,29.0,tablet
1038,1256,2024-04-21,77.0,mobile
1039,1256,,42.0,mobile
1040,833,31-01-2024,68.0,desktop
1041,1256,2024-11-20,6.0,desktop
1042,1256,01/09/2025,11.0,mobile
1043,833,08/31/2024,91.0,tablet
1044,1256,05/25/2024,103.0,tablet
1045,1256,2024-07-30,114.0,desktop
1046,1256,10-10-2024,55.0,tablet
1047,1256,24-08-2024,91.0,desktop
1048,1256,,42.0,desktop
1049,1256,03-08-2024,81.0,mobile
1050,833,04-04-2024,3.0,tablet
1051,1256,07/12/2024,57.0,desktop
1052,1256,24-01-2025,47.0,desktop
1053,1256,09/27/2024,44.0,tablet
1054,1256,2025-01-29,119.0,mobile
1055,1256,01/18/2025,60.0,desktop
1056,1256,2024-06-19,50.0,tablet
1057,1256,2024-09-10,72.0,tablet
1058,1256,2025-01-22,,desktop
1059,833,09/20/2024,,tablet
1060,1256,01/08/2025,115.0,mobile
1061,1256,12/11/2024,3.0,mobile
1062,1256,10/16/2024,27.0,tablet
1063,1256,07/28/2024,113.0,desktop
1064,1256,2024-01-07,60.0,mobile
1065,1256,2024-11-23,54.0,desktop
1066,1256,17-08-2024,10.0,mobile
1067,1256,03-04-2024,42.0,desktop
1068,1256,01/12/2025,44.0,tablet
1069,1256,2024-11-22,75.0,mobile
1070,762,2024-10-15,48.0,tablet
1071,833,03/06/2024,32.0,tablet
1072,1256,05/15/2024,81.0,desktop
1073,1256,27-10-2024,,mobile
1074,1256,2025-01-03,11.0,tablet
1075,1256,2024-03-07,79.0,tablet
1076,1256,2024-07-30,8.0,desktop
1077,1256,2024-05-25,27.0,tablet
1078,1256,2024-06-06,55.0,mobile
1079,1256,11/12/2024,113.0,tablet
1080,1256,2024-02-09,95.0,mobile
1081,1256,2024-03-20,33.0,tablet
1082,1256,2024-03-14,85.0,mobile
1083,1256,,37.0,mobile
1084,1256,04-07-2024,21.0,mobile
1085,833,08-06-2024,119.0,tablet
1086,1256,2024-03-19,6.0,desktop
1087,1256,2024-07-08,5.0,mobile
1088,1256,10-12-2024,72.0,tablet
1089,1256,05-06-2024,62.0,desktop
1090,1256,09-03-2024,49.0,tablet
1091,1256,08/23/2024,85.0,desktop
1092,762,07-12-2024,116.0,tablet
1093,1256,11-04-2024,78.0,tablet
1094,1256,10/06/2024,89.0,desktop
1095,833,18-04-2024,98.0,desktop
1096,833,05/30/2024,95.0,tablet
1097,1256,17-12-2024,11.0,mobile
1098,1256,,68.0,mobile
1099,1256,12-08-2024,108.0,mobile
1100,1256,06/04/2024,111.0,tablet
1101,1256,07/19/2024,78.0,desktop
1102,833,18-12-2024,71.0,tablet
1103,833,2024-12-16,8.0,tablet
1104,1256,16-10-2024,26.0,desktop
1105,833,09/22/2024,115.0,
1106,1256,15-12-2024,107.0,tablet
1107,1256,2025-01-08,92.0,mobile
1108,1256,20-06-2024,75.0,tablet
1109,1256,11/20/2024,87.0,desktop
1110,1256,2024-09-01,97.0,tablet
1111,1256,2024-10-16,116.0,tablet
1112,1256,2025-02-02,1.0,tablet
1113,1256,2025-01-11,4.0,mobile
1114,1256,11/19/2024,40.0,desktop
1115,833,30-07-2024,22.0,desktop
1116,1256,06-11-2024,118.0,tablet
1117,1256,29-01-2024,79.0,tablet
1118,833,2024-08-27,14.0,tablet
1119,1256,10-12-2024,95.0,tablet
1120,833,11/22/2024,59.0,mobile
1121,1256,08/08/2024,10.0,mobile
1122,1256,01/24/2024,120.0,desktop
1123,833,01-06-2024,14.0,desktop
1124,833,2024-07-16,110.0,tablet
1125,1256,12-07-2024,13.0,desktop
1126,1256,14-09-2024,,tablet
1127,1256,13-01-2025,109.0,mobile
1128,1256,09/24/2024,111.0,desktop
1129,1256,2024-11-11,64.0,tablet
1130,762,08-05-2024,48.0,mobile
1131,1256,2024-05-10,19.0,desktop
1132,1256,14-12-2024,91.0,tablet
1133,1256,11/14/2024,,
1134,833,06-08-2024,85.0,tablet
1135,1256,2024-08-01,86.0,desktop
1136,1256,06/02/2024,69.0,desktop
1137,1256,14-10-2024,98.0,desktop
1138,1256,2024-12-01,70.0,desktop
1139,1256,2024-10-05,87.0,desktop
1140,762,03/03/2024,84.0,tablet
1141,1256,04/07/2024,95.0,mobile
1142,1256,2024-10-26,45.0,mobile
1143,833,2024-11-26,50.0,tablet
1144,1256,09-09-2024,57.0,tablet
1145,1256,06-05-2024,88.0,tablet
1146,1256,2024-10-09,65.0,mobile
1147,833,2024-12-10,39.0,desktop
1148,1256,2024-01-15,17.0,tablet
1149,1256,19-02-2024,94.0,mobile
1150,1256,2024-04-02,52.0,
1151,833,,97.0,mobile
1152,1256,2024-10-23,26.0,desktop
1153,1256,2024-04-20,50.0,mobile
1154,1256,05/04/2024,10.0,mobile
1155,1256,2024-12-17,66.0,mobile
1156,833,2024-05-29,113.0,mobile
1157,1256,2024-03-31,11.0,tablet
1158,833,2024-01-24,,tablet
1159,833,08-10-2024,21.0,desktop
1160,1256,2024-09-04,,mobile
1161,1256,2024-02-27,56.0,desktop
1162,1256,2024-11-05,120.0,mobile
1163,833,2024-05-05,79.0,tablet
1164,1256,08/21/2024,58.0,mobile
1165,1256,23-07-2024,10.0,mobile
1166,1256,2024-01-08,74.0,tablet
1167,1256,2024-12-19,68.0,mobile
1168,1256,23-11-2024,33.0,tablet
1169,1256,08/25/2024,69.0,desktop
1170,1256,2024-04-18,32.0,mobile
1171,1256,07-06-2024,35.0,mobile
1172,1256,21-04-2024,70.0,desktop
1173,1256,2024-09-03,81.0,mobile
1174,762,02/07/2024,45.0,mobile
1175,1256,09/09/2024,9.0,desktop
1176,1256,2024-02-29,29.0,mobile
1177,1256,2024-11-16,63.0,mobile
1178,833,19-12-2024,61.0,tablet
1179,1256,03/09/2024,43.0,mobile
1180,1256,2024-04-05,17.0,tablet
1181,1256,2024-01-28,107.0,mobile
1182,833,02-12-2024,46.0,desktop
1183,1256,05-01-2024,1.0,tablet
1184,1256,04/13/2024,25.0,tablet
1185,1256,17-10-2024,82.0,mobile
1186,1256,2024-04-14,18.0,mobile
1187,1256,07-12-2024,14.0,mobile
1188,1256,,89.0,mobile
1189,1256,03-11-2024,50.0,tablet
1190,1256,15-05-2024,115.0,tablet
1191,1256,2024-04-29,44.0,desktop
1192,1256,01/21/2025,21.0,mobile
1193,833,08/18/2024,44.0,desktop
1194,1256,16-03-2024,73.0,mobile
1195,833,2024-03-24,25.0,tablet
1196,1256,02/20/2024,65.0,mobile
1197,1256,26-06-2024,117.0,tablet
1198,833,27-09-2024,109.0,tablet
1199,1256,07/16/2024,64.0,desktop
1200,1256,21-02-2024,106.0,tablet
1201,1256,07/24/2024,101.0,desktop
1202,833,02/27/2024,118.0,tablet
1203,1256,27-08-2024,78.0,desktop
1204,1256,2025-01-12,58.0,tablet
1205,1256,2024-01-04,34.0,tablet
1206,1256,2024-06-19,95.0,desktop
1207,1256,2024-05-11,31.0,tablet
1208,833,2024-04-29,7.0,tablet
1209,1256,21-01-2024,81.0,tablet
1210,1256,02/12/2024,111.0,mobile
1211,1256,2024-06-22,51.0,mobile
1212,1256,01/12/2024,15.0,desktop
1213,1256,01/07/2024,76.0,
1214,833,09-02-2024,79.0,mobile
1215,1256,2025-02-03,28.0,tablet
1216,1256,2024-06-24,78.0,tablet
1217,1256,2024-06-12,76.0,desktop
1218,833,09/13/2024,50.0,mobile
1219,1256,05/29/2024,62.0,tablet
1220,1256,2024-08-16,78.0,tablet
1221,833,11-09-2024,23.0,desktop
1222,833,19-08-2024,26.0,tablet
1223,1256,2025-01-10,17.0,desktop
1224,1256,2025-01-06,82.0,tablet
1225,1256,11/29/2024,103.0,desktop
1226,1256,12/03/2024,95.0,mobile
1227,1256,22-06-2024,44.0,desktop
1228,1256,16-06-2024,94.0,desktop
1229,1256,02/13/2024,102.0,mobile
1230,1256,2024-08-14,31.0,desktop
1231,1256,10/31/2024,13.0,desktop
1232,1256,2025-01-06,,desktop
1233,1256,2024-10-16,120.0,tablet
1234,1256,19-12-2024,73.0,tablet
1235,1256,2024-03-07,57.0,
1236,1256,2024-02-16,106.0,tablet
1237,1256,04/08/2024,54.0,tablet
1238,1256,,101.0,
1239,1256,15-07-2024,117.0,desktop
1240,1256,12-11-2024,69.0,mobile
1241,1256,2024-01-16,38.0,desktop
1242,833,07/24/2024,74.0,tablet
1243,1256,12/11/2024,30.0,desktop
1244,1256,05/19/2024,27.0,tablet
1245,1256,2025-01-03,,desktop
1246,1256,12/08/2024,114.0,desktop
1247,1256,06/29/2024,58.0,tablet
1248,1256,18-09-2024,106.0,desktop
1249,1256,09-04-2024,66.0,
1250,833,03/24/2024,49.0,tablet
1251,833,17-08-2024,38.0,desktop
1252,1256,01/13/2024,105.0,mobile
1253,833,05-10-2024,101.0,mobile
1254,833,06-05-2024,118.0,tablet
1255,833,2024-09-23,34.0,mobile
1256,762,2024-03-04,73.0,mobile
1257,833,05/20/2024,91.0,tablet
1258,1256,12-09-2024,38.0,mobile
1259,1256,08/12/2024,47.0,desktop
1260,1256,10/26/2024,104.0,desktop
1261,833,10/16/2024,25.0,desktop
1262,1256,02/19/2024,34.0,mobile
1263,762,2024-03-19,77.0,mobile
1264,1256,06/05/2024,116.0,desktop
1265,833,09/04/2024,63.0,
1266,1256,2024-01-21,107.0,desktop
1267,833,2024-12-06,57.0,desktop
1268,1256,08-05-2024,115.0,
1269,1256,04/27/2024,36.0,mobile
1270,833,03/24/2024,16.0,mobile
1271,1256,03/10/2024,108.0,mobile
1272,1256,2025-01-08,12.0,tablet
1273,1256,29-06-2024,,desktop
1274,1256,2024-12-19,31.0,
1275,1256,25-09-2024,28.0,desktop
1276,1256,04/30/2024,11.0,mobile
1277,833,2024-09-12,58.0,desktop
1278,1256,28-03-2024,60.0,mobile
1279,1256,2024-04-07,107.0,mobile
1280,1256,22-06-2024,23.0,tablet
1281,833,16-12-2024,82.0,tablet
1282,1256,,86.0,desktop
1283,1256,2024-05-10,119.0,mobile
1284,1256,2024-11-09,24.0,mobile
1285,1256,24-07-2024,39.0,tablet
1286,1256,31-12-2024,23.0,desktop
1287,1256,06/06/2024,56.0,tablet
1288,1256,05/26/2024,58.0,mobile
1289,1256,2024-08-20,95.0,desktop
1290,1256,04/29/2024,29.0,mobile
1291,833,20-07-2024,,tablet
1292,1256,2024-12-29,54.0,mobile
1293,1256,10-10-2024,19.0,tablet
1294,833,12/04/2024,89.0,desktop
1295,1256,03/20/2024,53.0,tablet
1296,1256,2024-04-25,33.0,mobile
1297,833,01/02/2024,107.0,mobile
1298,1256,2024-01-29,72.0,desktop
1299,1256,2024-04-09,92.0,tablet
1300,1256,2024-01-31,91.0,tablet
1301,1256,2024-03-09,34.0,desktop
1302,833,2024-12-19,46.0,mobile
1303,1256,12/18/2024,90.0,mobile
1304,1256,2024-07-31,20.0,mobile
1305,1256,27-09-2024,81.0,mobile
1306,1256,2024-04-21,34.0,mobile
1307,1256,01/17/2024,86.0,tablet
1308,1256,07/05/2024,54.0,tablet
1309,1256,01-03-2024,36.0,mobile
1310,833,11/30/2024,116.0,tablet
1311,833,2024-05-28,90.0,desktop
1312,1256,02/23/2024,66.0,mobile
1313,833,10/21/2024,100.0,mobile
1314,1256,10/17/2024,118.0,desktop
1315,1256,2024-05-27,94.0,mobile
1316,1256,11-02-2024,65.0,mobile
1317,1256,01/02/2025,19.0,mobile
1318,1256,11/16/2024,40.0,desktop
1319,1256,2024-09-15,45.0,tablet
1320,1256,2024-02-08,76.0,
1321,1256,03/03/2024,20.0,tablet
1322,1256,08-09-2024,44.0,desktop
1323,1256,08-05-2024,92.0,desktop
1324,1256,01-04-2024,31.0,tablet
1325,1256,09/13/2024,104.0,mobile
1326,1256,13-08-2024,44.0,mobile
1327,1256,19-04-2024,111.0,mobile
1328,1256,12-11-2024,88.0,tablet
1329,833,10-07-2024,47.0,mobile
1330,1256,03/01/2024,66.0,mobile
1331,1256,2024-01-02,9.0,tablet
1332,1256,03/02/2024,85.0,tablet
1333,1256,2024-11-29,19.0,tablet
1334,1256,04/22/2024,65.0,desktop
1335,1256,2024-10-18,3.0,tablet
1336,833,2024-04-30,103.0,mobile
1337,1256,26-08-2024,33.0,desktop
1338,1256,15-06-2024,96.0,tablet
1339,1256,2024-02-09,,tablet
1340,1256,2024-02-16,31.0,desktop
1341,1256,2024-06-02,26.0,desktop
1342,833,30-09-2024,101.0,desktop
1343,1256,2024-07-15,43.0,desktop
1344,833,2025-01-16,54.0,desktop
1345,833,2024-11-21,90.0,mobile
1346,1256,11/19/2024,76.0,tablet
1347,1256,,84.0,mobile
1348,1256,15-01-2025,65.0,
1349,1256,2025-01-06,54.0,mobile
1350,833,31-10-2024,74.0,tablet
1351,1256,01/18/2025,48.0,tablet
1352,1256,2024-11-06,86.0,mobile
1353,1256,2024-03-16,61.0,mobile
1354,1256,08-09-2024,,desktop
1355,1256,2024-11-17,100.0,tablet
1356,1256,01/05/2024,22.0,desktop
1357,1256,01/30/2025,107.0,desktop
1358,1256,28-06-2024,104.0,desktop
1359,1256,,114.0,desktop
1360,1256,03/25/2024,92.0,desktop
1361,1256,,34.0,
1362,1256,2024-04-07,44.0,desktop
1363,1256,01/01/2024,64.0,tablet
1364,1256,04/05/2024,108.0,
1365,1256,13-11-2024,16.0,mobile
1366,1256,2024-09-18,18.0,mobile
1367,833,2024-02-27,37.0,mobile
1368,1256,2024-07-19,15.0,mobile
1369,833,25-12-2024,100.0,tablet
1370,833,03/13/2024,11.0,mobile
1371,1256,24-08-2024,75.0,tablet
1372,1256,13-07-2024,,tablet
1373,1256,11/21/2024,,desktop
1374,1256,2024-05-13,96.0,tablet
1375,1256,01-02-2024,4.0,desktop
1376,833,02/13/2024,54.0,mobile
1377,1256,03/10/2024,32.0,mobile
1378,1256,11/24/2024,51.0,tablet
1379,1256,2024-09-07,18.0,tablet
1380,833,09/30/2024,,desktop
1381,1256,30-06-2024,77.0,desktop
1382,1256,22-09-2024,26.0,mobile
1383,833,13-06-2024,68.0,tablet
1384,833,11/03/2024,14.0,mobile
1385,1256,14-06-2024,46.0,desktop
1386,1256,2024-08-11,45.0,desktop
1387,1256,07-09-2024,96.0,mobile
1388,833,2024-09-14,118.0,mobile
1389,1256,01/15/2024,100.0,desktop
1390,1256,01-09-2024,65.0,mobile
1391,1256,03-11-2024,28.0,mobile
1392,1256,04/16/2024,18.0,mobile
1393,1256,01/09/2024,32.0,tablet
1394,1256,2024-11-16,68.0,mobile
1395,1256,2024-10-27,95.0,tablet
1396,1256,08-01-2025,87.0,tablet
1397,1256,2024-06-11,84.0,mobile
1398,1256,27-04-2024,72.0,desktop
1399,833,05/01/2024,62.0,tablet
1400,1256,10-08-2024,92.0,mobile
1401,1256,,7.0,mobile
1402,1256,01-07-2024,30.0,desktop
1403,833,12-11-2024,46.0,mobile
1404,1256,05-08-2024,118.0,desktop
1405,833,,51.0,desktop
1406,833,04/18/2024,,tablet
1407,1256,08/27/2024,,desktop
1408,1256,,,mobile
1409,1256,2024-02-11,120.0,tablet
1410,833,15-02-2024,46.0,tablet
1411,1256,2024-07-18,91.0,tablet
1412,1256,07/13/2024,101.0,mobile
1413,1256,2024-05-26,44.0,mobile
1414,833,03/07/2024,,mobile
1415,1256,2024-05-30,21.0,tablet
1416,1256,06-11-2024,95.0,mobile
1417,1256,07/26/2024,110.0,tablet
1418,1256,03/21/2024,26.0,tablet
1419,1256,08/28/2024,6.0,tablet
1420,1256,10/29/2024,75.0,desktop
1421,833,16-08-2024,41.0,desktop
1422,1256,12/15/2024,,tablet
1423,833,06/14/2024,67.0,
1424,1256,09/05/2024,7.0,mobile
1425,1256,18-01-2025,90.0,tablet
1426,1256,2025-01-18,13.0,tablet
1427,1256,2024-03-28,58.0,tablet
1428,1256,16-01-2025,5.0,desktop
1429,833,08/02/2024,20.0,desktop
1430,1256,2024-11-23,36.0,tablet
1431,1256,09/08/2024,,mobile
1432,1256,03/21/2024,120.0,tablet
1433,1256,2024-11-20,99.0,tablet
1434,1256,15-10-2024,99.0,mobile
1435,1256,08/07/2024,120.0,desktop
1436,833,17-04-2024,18.0,mobile
1437,1256,10-05-2024,92.0,desktop
1438,1256,15-10-2024,39.0,desktop
1439,1256,2024-01-31,53.0,desktop
1440,1256,06/22/2024,75.0,desktop
1441,1256,2024-01-01,108.0,desktop
1442,1256,2025-01-23,39.0,mobile
1443,1256,2024-12-31,99.0,desktop
1444,1256,2024-05-24,22.0,tablet
1445,1256,01/13/2025,86.0,mobile
1446,1256,2024-06-12,18.0,desktop
1447,833,10/05/2024,67.0,desktop
1448,1256,13-04-2024,109.0,mobile
1449,1256,09/03/2024,13.0,mobile
1450,1256,2024-06-19,76.0,desktop
1451,1256,2024-08-01,112.0,tablet
1452,833,01/05/2025,55.0,mobile
1453,1256,01/12/2024,100.0,mobile
1454,1256,2024-06-30,29.0,tablet
1455,1256,,119.0,mobile
1456,762,04/14/2024,19.0,mobile
1457,1256,2024-02-09,11.0,mobile
1458,1256,12-09-2024,18.0,mobile
1459,1256,2024-08-17,60.0,mobile
1460,1256,11/29/2024,77.0,desktop
1461,1256,2024-11-04,106.0,tablet
1462,1256,20-12-2024,34.0,tablet
1463,1256,22-02-2024,67.0,mobile
1464,833,02/03/2024,,tablet
1465,833,2024-07-15,80.0,desktop
1466,1256,13-04-2024,93.0,mobile
1467,1256,2024-04-28,96.0,tablet
1468,1256,07/10/2024,34.0,mobile
1469,1256,27-09-2024,98.0,tablet
1470,1256,02-08-2024,84.0,tablet
1471,1256,2024-08-08,38.0,desktop
1472,1256,2024-12-12,,desktop
1473,833,2024-04-11,34.0,mobile
1474,1256,10-10-2024,68.0,tablet
1475,833,22-03-2024,108.0,tablet
1476,1256,17-01-2024,31.0,mobile
1477,1256,07/31/2024,45.0,mobile
1478,1256,01/05/2025,86.0,mobile
1479,1256,08/22/2024,11.0,desktop
1480,1256,08/01/2024,84.0,tablet
1481,1256,08/21/2024,61.0,tablet
1482,1256,06/27/2024,21.0,mobile
1483,1256,2024-01-30,113.0,tablet
1484,1256,2024-09-15,119.0,tablet
1485,1256,12/22/2024,67.0,tablet
1486,1256,30-01-2025,106.0,mobile
1487,1256,2024-02-25,38.0,desktop
1488,1256,2024-11-15,103.0,tablet
1489,1256,2024-07-09,118.0,desktop
1490,1256,26-01-2024,12.0,desktop
1491,833,2025-01-19,79.0,mobile
1492,1256,2024-05-07,62.0,desktop
1493,1256,2024-02-12,,mobile
1494,1256,2025-01-16,10.0,mobile
1495,1256,01-12-2024,19.0,tablet
1496,833,2025-01-17,31.0,desktop
1497,1256,03/14/2024,49.0,desktop
1498,1256,2024-08-09,82.0,desktop
1499,1256,2024-08-04,92.0,mobile
1500,833,24-05-2024,84.0,tablet
1501,1256,2024-11-19,,mobile
1502,1256,06/01/2024,14.0,desktop
1503,1256,09/01/2024,89.0,mobile
1504,1256,08/03/2024,59.0,
1505,1256,05-05-2024,20.0,desktop
1506,1256,2024-12-04,115.0,mobile
1507,1256,10/23/2024,45.0,tablet
1508,1256,30-03-2024,15.0,tablet
1509,1256,11-08-2024,84.0,mobile
1510,1256,2024-09-01,6.0,desktop
1511,833,2024-12-07,64.0,desktop
1512,1256,01/14/2025,120.0,mobile
1513,1256,04/15/2024,29.0,tablet
1514,833,2024-02-27,20.0,mobile
1515,1256,02-04-2024,97.0,desktop
1516,833,27-01-2025,4.0,desktop
1517,1256,13-02-2024,52.0,tablet
1518,1256,02-01-2025,95.0,desktop
1519,833,02-06-2024,116.0,mobile
1520,833,02/12/2024,48.0,tablet
1521,1256,19-06-2024,67.0,tablet
1522,1256,18-01-2025,66.0,mobile
1523,1256,05/21/2024,20.0,mobile
1524,1256,20-07-2024,49.0,mobile
1525,1256,06/01/2024,53.0,mobile
1526,1256,2024-06-13,17.0,desktop
1527,1256,2024-10-26,32.0,mobile
1528,1256,02/07/2024,,desktop
1529,1256,20-03-2024,65.0,
1530,1256,10-09-2024,100.0,mobile
1531,1256,05/10/2024,22.0,tablet
1532,1256,05-02-2024,30.0,mobile
1533,1256,01/25/2025,62.0,desktop
1534,1256,2024-06-26,111.0,desktop
1535,1256,12/16/2024,96.0,tablet
1536,1256,23-01-2024,76.0,desktop
1537,1256,2024-12-13,111.0,mobile
1538,1256,14-03-2024,27.0,desktop
1539,833,23-01-2024,103.0,tablet
1540,1256,14-09-2024,71.0,desktop
1541,1256,,83.0,tablet
1542,1256,07-06-2024,106.0,tablet
1543,833,04-09-2024,44.0,mobile
1544,1256,11/21/2024,80.0,mobile
1545,833,12/24/2024,64.0,mobile
1546,1256,2024-05-07,7.0,desktop
1547,1256,23-04-2024,65.0,mobile
1548,1256,01/17/2025,49.0,desktop
1549,1256,06-03-2024,77.0,mobile
1550,1256,07/16/2024,84.0,tablet
1551,833,2024-06-14,94.0,tablet
1552,1256,27-05-2024,107.0,tablet
1553,1256,14-09-2024,,tablet
1554,1256,2024-04-13,114.0,mobile
1555,1256,01/21/2025,69.0,tablet
1556,1256,09/14/2024,23.0,tablet
1557,1256,30-06-2024,69.0,mobile
1558,1256,19-07-2024,10.0,mobile
1559,1256,02/05/2024,6.0,desktop
1560,1256,2024-08-27,10.0,mobile
1561,833,07/05/2024,74.0,desktop
1562,1256,02/11/2024,69.0,mobile
1563,1256,10/25/2024,89.0,mobile
1564,1256,2024-10-16,115.0,tablet
1565,1256,2025-01-17,54.0,
1566,1256,27-07-2024,7.0,tablet
1567,1256,,55.0,desktop
1568,1256,07/08/2024,114.0,tablet
1569,1256,2024-07-30,71.0,tablet
1570,1256,2024-02-06,,mobile
1571,1256,06/20/2024,42.0,desktop
1572,1256,2024-04-05,71.0,tablet
1573,1256,2024-07-09,76.0,tablet
1574,1256,07/10/2024,52.0,mobile
1575,1256,04-02-2024,86.0,mobile
1576,1256,15-03-2024,15.0,mobile
1577,1256,10/17/2024,85.0,mobile
1578,1256,08-06-2024,40.0,tablet
1579,1256,12/24/2024,8.0,mobile
1580,1256,10/10/2024,27.0,tablet
1581,1256,19-10-2024,116.0,tablet
1582,1256,28-07-2024,87.0,
1583,1256,10/19/2024,80.0,tablet
1584,1256,01/30/2024,33.0,desktop
1585,833,2024-11-17,34.0,mobile
1586,1256,04/14/2024,106.0,tablet
1587,1256,2024-04-03,95.0,tablet
1588,1256,15-10-2024,39.0,desktop
1589,1256,2024-05-08,12.0,tablet
1590,1256,2024-03-02,92.0,tablet
1591,1256,26-07-2024,35.0,tablet
1592,1256,2025-01-27,36.0,tablet
1593,1256,2024-07-18,78.0,tablet
1594,1256,20-01-2025,101.0,tablet
1595,1256,09/14/2024,30.0,desktop
1596,1256,15-12-2024,6.0,desktop
1597,1256,,113.0,tablet
1598,1256,12/07/2024,103.0,mobile
1599,833,2024-07-17,15.0,tablet
1600,1256,2024-03-17,117.0,desktop
1601,833,2024-07-30,9.0,mobile
1602,1256,2024-08-28,70.0,desktop
1603,1256,06/29/2024,39.0,desktop
1604,833,19-07-2024,48.0,tablet
1605,1256,26-03-2024,,tablet
1606,1256,2024-02-03,109.0,desktop
1607,1256,05-01-2024,75.0,tablet
1608,1256,2025-01-16,32.0,desktop
1609,1256,2024-01-10,114.0,tablet
1610,1256,06-06-2024,36.0,mobile
1611,833,08/15/2024,,mobile
1612,1256,2024-07-14,95.0,mobile
1613,1256,2024-06-15,113.0,mobile
1614,1256,04/27/2024,23.0,mobile
1615,1256,2024-02-11,86.0,mobile
1616,1256,2024-12-19,103.0,mobile
1617,1256,,19.0,mobile
1618,1256,2024-10-03,114.0,tablet
1619,1256,07-08-2024,103.0,mobile
1620,1256,10/25/2024,3.0,mobile
1621,1256,2024-07-30,118.0,mobile
1622,1256,10/14/2024,80.0,tablet
1623,1256,28-11-2024,74.0,mobile
1624,1256,2024-12-29,24.0,tablet
1625,1256,24-03-2024,105.0,desktop
1626,1256,08/26/2024,26.0,desktop
1627,1256,2024-01-16,97.0,desktop
1628,1256,08/05/2024,75.0,mobile
1629,1256,19-07-2024,111.0,tablet
1630,833,11/11/2024,120.0,desktop
1631,1256,2024-09-16,96.0,
1632,1256,03/22/2024,46.0,mobile
1633,1256,16-06-2024,45.0,mobile
1634,833,2024-06-21,21.0,tablet
1635,1256,12/16/2024,88.0,mobile
1636,1256,2025-01-02,5.0,tablet
1637,1256,11/03/2024,85.0,tablet
1638,1256,2024-01-16,118.0,tablet
1639,3284,04/21/2024,27.0,tablet
1640,1256,11-04-2024,12.0,mobile
1641,1256,2024-12-03,10.0,tablet
1642,1256,08-05-2024,81.0,mobile
1643,833,12/18/2024,49.0,tablet
1644,1256,06/17/2024,115.0,tablet
1645,1256,20-02-2024,55.0,desktop
1646,1256,25-01-2024,41.0,mobile
1647,1256,07/08/2024,1.0,tablet
1648,1256,2024-10-11,116.0,desktop
1649,1256,2024-02-04,35.0,tablet
1650,1256,01/30/2025,84.0,desktop
1651,833,25-05-2024,120.0,desktop
1652,1256,04-10-2024,38.0,mobile
1653,1256,2024-07-01,8.0,desktop
1654,833,02-11-2024,87.0,mobile
1655,1256,2024-09-14,72.0,
1656,1256,2024-12-31,47.0,desktop
1657,1256,21-05-2024,43.0,tablet
1658,1256,09/11/2024,54.0,desktop
1659,1256,2024-02-15,23.0,mobile
1660,833,02/13/2024,59.0,mobile
1661,1256,08/13/2024,36.0,mobile
1662,833,11-03-2024,87.0,tablet
1663,833,2024-03-26,2.0,tablet
1664,1256,01/19/2025,67.0,tablet
1665,1256,17-10-2024,33.0,tablet
1666,1256,17-05-2024,45.0,mobile
1667,1256,2024-12-07,10.0,desktop
1668,1256,08-03-2024,64.0,mobile
1669,1256,14-05-2024,,desktop
1670,1256,07-04-2024,61.0,
1671,1256,11-05-2024,64.0,mobile
1672,1256,08/22/2024,8.0,desktop
1673,1256,07/28/2024,18.0,desktop
1674,1256,01-05-2024,46.0,mobile
1675,1256,08/11/2024,88.0,tablet
1676,833,09-01-2024,74.0,tablet
1677,1256,18-01-2024,23.0,mobile
1678,1256,16-02-2024,34.0,desktop
1679,1256,26-06-2024,40.0,mobile
1680,1256,15-08-2024,119.0,
1681,833,16-04-2024,13.0,mobile
1682,1256,01/14/2025,47.0,desktop
1683,1256,22-01-2025,21.0,tablet
1684,1256,2024-07-15,72.0,tablet
1685,1256,10/23/2024,9.0,desktop
1686,833,11/22/2024,83.0,desktop
1687,833,2024-07-15,76.0,mobile
1688,1256,16-06-2024,50.0,mobile
1689,1256,18-01-2024,99.0,mobile
1690,1256,2024-09-30,60.0,desktop
1691,1256,2024-08-12,61.0,desktop
1692,1256,,37.0,desktop
1693,1256,24-04-2024,30.0,tablet
1694,1256,08-10-2024,19.0,mobile
1695,1256,2024-02-04,79.0,mobile
1696,833,,53.0,tablet
1697,1256,11/12/2024,33.0,desktop
1698,1256,09/01/2024,106.0,mobile
1699,833,2024-08-14,102.0,desktop
1700,1256,12-04-2024,62.0,tablet
1701,1256,05/31/2024,90.0,tablet
1702,1256,07/11/2024,20.0,desktop
1703,1256,01/01/2024,36.0,desktop
1704,1256,23-10-2024,83.0,mobile
1705,1256,06/26/2024,41.0,
1706,1256,06/15/2024,36.0,tablet
1707,833,09-04-2024,117.0,mobile
1708,1256,2024-09-01,48.0,tablet
1709,1256,07/19/2024,15.0,mobile
1710,1256,2024-05-04,69.0,tablet
1711,833,06-01-2025,,mobile
1712,1256,,65.0,tablet
1713,1256,06/23/2024,113.0,desktop
1714,1256,08-10-2024,33.0,desktop
1715,1256,2025-01-17,87.0,mobile
1716,833,01/26/2024,76.0,tablet
1717,1256,09/14/2024,63.0,tablet
1718,1256,2024-01-30,50.0,tablet
1719,1256,2024-02-18,62.0,desktop
1720,1256,03/31/2024,60.0,mobile
1721,1256,2024-08-02,71.0,mobile
1722,1256,10-09-2024,25.0,tablet
1723,1256,2024-12-17,110.0,tablet
1724,1256,2024-09-21,24.0,desktop
1725,1256,02/16/2024,53.0,
1726,1256,10-06-2024,74.0,desktop
1727,1256,28-01-2025,30.0,desktop
1728,1256,,47.0,tablet
1729,833,,82.0,mobile
1730,1256,2024-12-09,25.0,tablet
1731,1256,01/18/2024,11.0,desktop
1732,1256,09/16/2024,22.0,tablet
1733,1256,13-08-2024,77.0,mobile
1734,833,07-06-2024,48.0,mobile
1735,1256,05/04/2024,110.0,tablet
1736,1256,28-04-2024,70.0,mobile
1737,1256,17-01-2024,88.0,mobile
1738,1256,2024-02-23,7.0,desktop
1739,1256,09/28/2024,88.0,desktop
1740,1256,07/12/2024,108.0,mobile
1741,1256,2024-04-22,81.0,tablet
1742,1256,01/07/2024,22.0,mobile
1743,1256,04-12-2024,75.0,tablet
1744,1256,01-12-2024,37.0,tablet
1745,1256,2024-11-18,3.0,desktop
1746,833,25-10-2024,81.0,mobile
1747,1256,01/21/2025,106.0,mobile
1748,833,2025-01-17,92.0,tablet
1749,1256,26-03-2024,101.0,mobile
1750,1256,2024-02-02,76.0,desktop
1751,833,17-08-2024,52.0,desktop
1752,1256,2024-10-28,79.0,mobile
1753,1256,2024-04-26,92.0,tablet
1754,833,04-10-2024,97.0,desktop
1755,1256,08/02/2024,65.0,desktop
1756,1256,2024-08-08,12.0,tablet
1757,1256,2024-07-17,100.0,tablet
1758,1256,25-09-2024,34.0,tablet
1759,1256,2024-02-06,83.0,desktop
1760,833,2024-06-07,105.0,mobile
1761,1256,15-10-2024,28.0,tablet
1762,1256,28-08-2024,17.0,mobile
1763,1256,08/24/2024,14.0,mobile
1764,1256,24-12-2024,74.0,mobile
1765,1256,2024-09-27,67.0,tablet
1766,1256,2024-07-27,96.0,mobile
1767,1256,22-01-2025,107.0,desktop
1768,833,20-11-2024,,tablet
1769,1256,17-08-2024,18.0,tablet
1770,1256,,60.0,tablet
1771,1256,2024-07-14,18.0,
1772,833,01/03/2024,89.0,mobile
1773,1256,07-06-2024,2.0,desktop
1774,1256,2024-06-15,39.0,tablet
1775,762,2024-02-23,96.0,tablet
1776,1256,09/17/2024,3.0,mobile
1777,833,08/12/2024,47.0,mobile
1778,1256,08/19/2024,,desktop
1779,1256,10-03-2024,113.0,
1780,1256,06-12-2024,106.0,tablet
1781,833,2024-03-10,18.0,tablet
1782,1256,2024-01-31,17.0,desktop
1783,1256,08/15/2024,14.0,mobile
1784,1256,2024-05-18,10.0,mobile
1785,1256,2024-11-15,27.0,mobile
1786,1256,2024-01-07,79.0,tablet
1787,833,07/12/2024,89.0,tablet
1788,1256,2024-09-03,40.0,tablet
1789,1256,2024-11-25,51.0,tablet
1790,1256,11/01/2024,56.0,mobile
1791,1256,03/30/2024,40.0,mobile
1792,1256,01/19/2025,98.0,mobile
1793,1256,07/26/2024,13.0,tablet
1794,1256,07/31/2024,60.0,desktop
1795,1256,12/23/2024,94.0,desktop
1796,1256,01/16/2025,75.0,desktop
1797,1256,08/19/2024,11.0,tablet
1798,1256,06/30/2024,79.0,desktop
1799,1256,01-06-2024,82.0,desktop
1800,1256,22-09-2024,89.0,tablet
1801,1256,2024-06-14,70.0,mobile
1802,1256,01-12-2024,81.0,tablet
1803,1256,25-01-2024,59.0,tablet
1804,1256,09/23/2024,25.0,tablet
1805,833,2025-01-25,20.0,mobile
1806,1256,10-06-2024,95.0,mobile
1807,1256,2024-05-07,39.0,mobile
1808,1256,2024-06-25,6.0,desktop
1809,1256,08/07/2024,99.0,mobile
1810,1256,2024-09-10,34.0,desktop
1811,1256,31-01-2024,95.0,desktop
1812,1256,2024-09-29,106.0,tablet
1813,833,2024-10-05,34.0,desktop
1814,1256,2024-04-17,30.0,mobile
1815,1256,04/24/2024,102.0,tablet
1816,1256,2024-12-25,75.0,desktop
1817,1256,09/05/2024,,desktop
1818,1256,2024-08-07,2.0,tablet
1819,833,11/16/2024,16.0,tablet
1820,1256,06/25/2024,27.0,desktop
1821,1256,2024-05-03,41.0,
1822,1256,2024-10-22,87.0,tablet
1823,833,11/15/2024,81.0,desktop
1824,833,01/28/2025,117.0,desktop
1825,1256,2024-06-22,,mobile
1826,1256,21-06-2024,68.0,tablet
1827,1256,28-09-2024,101.0,desktop
1828,1256,08-04-2024,78.0,desktop
1829,1256,2024-11-23,112.0,mobile
1830,833,17-05-2024,34.0,mobile
1831,1256,03/15/2024,120.0,tablet
1832,1256,26-02-2024,61.0,tablet
1833,1256,12/09/2024,78.0,desktop
1834,1256,01-01-2025,100.0,tablet
1835,1256,11/19/2024,31.0,desktop
1836,1256,24-08-2024,46.0,mobile
1837,1256,01-08-2024,42.0,tablet
1838,1256,20-04-2024,59.0,desktop
1839,1256,17-04-2024,91.0,tablet
1840,1256,11/29/2024,92.0,tablet
1841,1256,01/22/2025,109.0,tablet
1842,833,2024-12-21,,desktop
1843,1256,19-02-2024,72.0,mobile
1844,1256,2024-04-06,89.0,
1845,1256,2024-03-20,19.0,tablet
1846,1256,2024-05-23,40.0,tablet
1847,1256,2024-12-30,17.0,tablet
1848,1256,2024-12-25,80.0,desktop
1849,1256,20-01-2025,73.0,tablet
1850,1256,,24.0,mobile
1851,1256,2024-07-19,23.0,desktop
1852,1256,16-12-2024,26.0,tablet
1853,833,2025-01-09,83.0,desktop
1854,1256,07/03/2024,112.0,tablet
1855,1256,2024-05-22,66.0,mobile
1856,833,2024-11-09,55.0,desktop
1857,1256,2024-09-28,57.0,mobile
1858,833,2025-01-27,119.0,mobile
1859,1256,04/28/2024,116.0,mobile
1860,833,2024-01-15,76.0,mobile
1861,1256,22-03-2024,81.0,desktop
1862,1256,2024-08-31,86.0,desktop
1863,1256,04-06-2024,118.0,mobile
1864,1256,,103.0,desktop
1865,1256,23-10-2024,116.0,mobile
1866,1256,07/03/2024,70.0,tablet
1867,1256,14-09-2024,89.0,desktop
1868,1256,2024-11-30,70.0,tablet
1869,833,16-03-2024,72.0,desktop
1870,833,31-01-2024,50.0,desktop
1871,1256,10/03/2024,102.0,mobile
1872,1256,06/09/2024,57.0,tablet
1873,833,2024-11-16,42.0,tablet
1874,833,2024-07-16,86.0,tablet
1875,1256,25-09-2024,65.0,desktop
1876,1256,11-01-2024,40.0,desktop
1877,1256,04-07-2024,119.0,desktop
1878,1256,23-09-2024,97.0,desktop
1879,833,11/23/2024,71.0,desktop
1880,1256,2024-12-06,47.0,tablet
1881,1256,02/09/2024,76.0,mobile
1882,1256,09-01-2024,27.0,mobile
1883,1256,2024-01-22,76.0,mobile
1884,1256,01/16/2025,83.0,desktop
1885,1256,18-03-2024,70.0,desktop
1886,1256,2024-04-30,68.0,mobile
1887,1256,07/26/2024,68.0,tablet
1888,1256,09/20/2024,35.0,desktop
1889,1256,12/07/2024,69.0,
1890,1256,11-02-2024,,mobile
1891,1256,05/02/2024,13.0,desktop
1892,1256,2024-12-28,65.0,tablet
1893,1256,2024-12-14,,tablet
1894,833,2024-02-18,25.0,
1895,833,2024-12-19,85.0,desktop
1896,1256,04/30/2024,6.0,mobile
1897,1256,2025-01-19,5.0,desktop
1898,1256,07/04/2024,99.0,tablet
1899,1256,2024-05-28,52.0,mobile
1900,1256,06/18/2024,84.0,tablet
1901,1256,2024-07-12,64.0,tablet
1902,833,10/21/2024,71.0,desktop
1903,1256,23-02-2024,91.0,mobile
1904,833,,26.0,mobile
1905,833,2024-08-06,82.0,tablet
1906,1256,01/09/2025,40.0,desktop
1907,1256,13-01-2025,2.0,mobile
1908,833,04/03/2024,115.0,tablet
1909,1256,05/31/2024,97.0,tablet
1910,1256,2024-11-22,17.0,mobile
1911,1256,09-11-2024,15.0,desktop
1912,1256,18-09-2024,1.0,desktop
1913,1256,01/03/2025,17.0,tablet
1914,1256,03/09/2024,27.0,tablet
1915,1256,01/13/2024,91.0,
1916,1256,08-09-2024,81.0,mobile
1917,833,06/12/2024,46.0,mobile
1918,1256,2024-04-23,47.0,mobile
1919,1256,08/08/2024,116.0,desktop
1920,1256,31-03-2024,115.0,tablet
1921,1256,18-04-2024,22.0,desktop
1922,1256,06/26/2024,17.0,tablet
1923,833,01/08/2024,118.0,mobile
1924,1256,04-02-2024,74.0,tablet
1925,1256,12/17/2024,86.0,desktop
1926,833,11-11-2024,60.0,mobile
1927,1256,2024-03-27,84.0,tablet
1928,1256,01/14/2024,19.0,
1929,1256,2025-01-18,,desktop
1930,1256,08/10/2024,45.0,mobile
1931,1256,10/03/2024,116.0,desktop
1932,833,23-04-2024,63.0,mobile
1933,1256,03/03/2024,103.0,tablet
1934,833,05/10/2024,100.0,
1935,1256,06/11/2024,30.0,mobile
1936,1256,2024-02-03,,desktop
1937,1256,09-10-2024,31.0,mobile
1938,1256,20-01-2025,30.0,mobile
1939,1256,2024-01-03,105.0,tablet
1940,1256,09-12-2024,102.0,desktop
1941,1256,2024-11-30,73.0,desktop
1942,1256,27-10-2024,92.0,mobile
1943,1256,02/26/2024,8.0,
1944,1256,2024-10-07,86.0,desktop
1945,1256,03/21/2024,108.0,tablet
1946,1256,03/26/2024,70.0,mobile
1947,1256,2024-06-16,103.0,mobile
1948,1256,26-04-2024,94.0,mobile
1949,1256,18-01-2025,119.0,desktop
1950,1256,11/03/2024,100.0,tablet
1951,1256,06-05-2024,,tablet
1952,1256,2024-07-06,113.0,desktop
1953,762,03/27/2024,55.0,mobile
1954,1256,2024-07-22,109.0,mobile
1955,1256,02-05-2024,37.0,desktop
1956,1256,05/24/2024,,mobile
1957,1256,2024-12-13,76.0,mobile
1958,833,07/20/2024,99.0,mobile
1959,1256,01-11-2024,60.0,mobile
1960,833,20-03-2024,4.0,mobile
1961,762,01-07-2024,81.0,desktop
1962,1256,2024-04-07,100.0,desktop
1963,833,09/24/2024,30.0,desktop
1964,1256,02/19/2024,111.0,desktop
1965,1256,2024-12-01,87.0,desktop
1966,1256,29-10-2024,30.0,desktop
1967,833,2024-06-12,55.0,desktop
1968,1256,01/30/2024,22.0,tablet
1969,833,09/18/2024,59.0,tablet
1970,1256,20-06-2024,24.0,tablet
1971,1256,,98.0,tablet
1972,833,2024-10-12,49.0,tablet
1973,1256,08/26/2024,37.0,desktop
1974,1256,31-01-2024,51.0,tablet
1975,1256,05/09/2024,20.0,mobile
1976,1256,20-10-2024,,mobile
1977,1256,24-02-2024,26.0,mobile
1978,1256,03/04/2024,47.0,mobile
1979,1256,2024-12-31,103.0,desktop
1980,1256,,60.0,tablet
1981,1256,07/01/2024,90.0,mobile
1982,833,15-09-2024,107.0,mobile
1983,1256,09/28/2024,23.0,tablet
1984,1256,2024-09-06,113.0,mobile
1985,833,02/03/2025,23.0,mobile
1986,1256,07/26/2024,111.0,desktop
1987,1256,2024-08-14,15.0,desktop
1988,1256,12-07-2024,8.0,tablet
1989,1256,05/29/2024,33.0,tablet
1990,1256,2024-03-16,6.0,mobile
1991,833,2024-10-05,106.0,desktop
1992,1256,21-09-2024,85.0,desktop
1993,833,2024-11-23,106.0,tablet
1994,1256,08-03-2024,101.0,mobile
1995,1256,26-10-2024,57.0,
1996,1256,2024-06-05,51.0,tablet
1997,1256,01/31/2025,106.0,mobile
1998,1256,2024-01-10,101.0,mobile
1999,833,31-01-2025,47.0,mobile
2000,762,08/13/2024,32.0,tablet
2001,1256,08/08/2024,107.0,mobile
2002,1256,2024-10-13,56.0,tablet
2003,1256,2025-01-14,27.0,mobile
2004,1256,07/23/2024,6.0,mobile
2005,1256,08/23/2024,23.0,desktop
2006,1256,27-11-2024,105.0,tablet
2007,1256,2024-06-22,,tablet
2008,1256,2024-05-17,70.0,tablet
2009,1256,2024-09-20,97.0,tablet
2010,1256,2024-04-22,12.0,mobile
2011,1256,11/15/2024,4.0,mobile
2012,1256,2024-07-06,95.0,mobile
2013,1256,2024-07-22,83.0,desktop
2014,1256,10/02/2024,99.0,tablet
2015,1256,03-11-2024,56.0,
2016,1256,05/01/2024,36.0,desktop
2017,1256,2024-01-16,3.0,desktop
2018,1256,13-11-2024,19.0,desktop
2019,1256,01/03/2025,67.0,mobile
2020,1256,06/17/2024,89.0,mobile
2021,1256,13-04-2024,42.0,tablet
2022,1256,08/18/2024,39.0,desktop
2023,1256,24-01-2025,113.0,tablet
2024,1256,21-01-2024,27.0,tablet
2025,1256,22-08-2024,64.0,
2026,1256,06/07/2024,55.0,mobile
2027,833,07/18/2024,113.0,desktop
2028,1256,2024-08-18,45.0,desktop
2029,1256,2024-02-18,115.0,desktop
2030,1256,30-01-2025,43.0,tablet
2031,1256,06/24/2024,84.0,tablet
2032,1256,24-07-2024,18.0,mobile
2033,1256,08-01-2025,10.0,desktop
2034,833,27-01-2024,65.0,tablet
2035,833,01/11/2024,110.0,tablet
2036,1256,27-12-2024,57.0,desktop
2037,833,06/09/2024,,
2038,1256,2024-05-22,37.0,desktop
2039,1256,2024-12-31,115.0,mobile
2040,1256,16-12-2024,25.0,desktop
2041,1256,09/16/2024,49.0,tablet
2042,1256,04-02-2024,,mobile
2043,1256,22-10-2024,63.0,tablet
2044,1256,12-06-2024,25.0,mobile
2045,833,04/28/2024,,desktop
2046,833,2025-01-25,33.0,mobile
2047,1256,15-05-2024,107.0,desktop
2048,1256,13-08-2024,26.0,tablet
2049,1256,08/02/2024,84.0,tablet
2050,833,2024-02-26,63.0,mobile
2051,1256,01-09-2024,53.0,tablet
2052,1256,04-02-2024,48.0,mobile
2053,1256,29-01-2025,109.0,desktop
2054,1256,03/26/2024,108.0,mobile
2055,1256,15-11-2024,114.0,mobile
2056,1256,09/17/2024,2.0,desktop
2057,1256,03/25/2024,42.0,desktop
2058,1256,10-12-2024,109.0,desktop
2059,1256,2024-07-26,102.0,desktop
2060,1256,2024-05-29,68.0,tablet
2061,1256,27-06-2024,7.0,mobile
2062,1256,02/02/2025,23.0,tablet
2063,1256,04/08/2024,60.0,desktop
2064,833,01-02-2024,37.0,mobile
2065,1256,04/19/2024,26.0,mobile
2066,1256,2024-04-14,53.0,mobile
2067,1256,07-07-2024,73.0,tablet
2068,1256,2024-09-09,,mobile
2069,833,03/04/2024,39.0,desktop
2070,1256,05/10/2024,23.0,desktop
2071,1256,02/18/2024,,mobile
2072,1256,2024-01-02,6.0,desktop
2073,1256,01/10/2025,18.0,tablet
2074,1256,08/15/2024,30.0,mobile
2075,1256,2024-03-17,69.0,tablet
2076,1256,2024-03-03,6.0,tablet
2077,1256,2024-06-08,59.0,mobile
2078,1256,11/06/2024,101.0,desktop
2079,1256,29-07-2024,28.0,desktop
2080,1256,31-03-2024,115.0,tablet
2081,833,12/04/2024,,desktop
2082,833,2024-06-05,17.0,mobile
2083,1256,15-04-2024,95.0,mobile
2084,1256,28-10-2024,44.0,tablet
2085,833,14-01-2025,48.0,mobile
2086,1256,2024-07-10,38.0,tablet
2087,833,24-11-2024,32.0,mobile
2088,1256,04/09/2024,44.0,tablet
2089,1256,06/13/2024,,mobile
2090,1256,06-07-2024,62.0,desktop
2091,1256,24-08-2024,32.0,tablet
2092,1256,07-12-2024,93.0,mobile
2093,1256,12/07/2024,62.0,tablet
2094,1256,31-01-2024,120.0,tablet
2095,1256,27-10-2024,1.0,tablet
2096,833,30-06-2024,33.0,tablet
2097,1256,01/29/2024,21.0,desktop
2098,1256,09/10/2024,9.0,desktop
2099,4047,2024-06-14,,tablet
2100,1256,02-01-2024,26.0,mobile
2101,1256,2024-05-28,8.0,desktop
2102,1256,2024-05-11,74.0,desktop
2103,1256,03/21/2024,117.0,mobile
2104,1256,2024-01-31,5.0,mobile
2105,1256,2024-04-12,9.0,mobile
2106,1256,07/22/2024,67.0,desktop
2107,1256,03/16/2024,55.0,desktop
2108,1256,01/01/2024,71.0,mobile
2109,1256,03/20/2024,109.0,mobile
2110,1256,27-12-2024,96.0,tablet
2111,1256,02/22/2024,86.0,desktop
2112,833,01/14/2025,71.0,desktop
2113,1256,,,mobile
2114,1256,01/24/2025,,desktop
2115,1256,12/22/2024,18.0,tablet
2116,1256,03-01-2025,31.0,desktop
2117,1256,12/18/2024,5.0,mobile
2118,1256,07-10-2024,28.0,desktop
2119,1256,01/03/2025,111.0,mobile
2120,762,2024-03-10,113.0,desktop
2121,833,2024-08-12,97.0,tablet
2122,1256,06/27/2024,50.0,desktop
2123,1256,02/06/2024,54.0,mobile
2124,1256,28-04-2024,,desktop
2125,1256,09/18/2024,89.0,mobile
2126,1256,05/19/2024,37.0,desktop
2127,1256,2024-08-02,91.0,tablet
2128,833,07/15/2024,108.0,desktop
2129,833,2024-09-19,11.0,desktop
2130,1256,23-01-2024,39.0,desktop
2131,833,2024-11-13,104.0,mobile
2132,1256,02/25/2024,65.0,mobile
2133,1256,12/25/2024,96.0,desktop
2134,1256,04/04/2024,43.0,desktop
2135,1256,05/01/2024,31.0,desktop
2136,1256,,53.0,desktop
2137,833,2024-08-29,,mobile
2138,1256,2024-03-10,5.0,mobile
2139,1256,2024-12-10,71.0,tablet
2140,1256,12/30/2024,57.0,mobile
2141,762,08/10/2024,26.0,mobile
2142,1256,26-05-2024,73.0,desktop
2143,1256,,42.0,mobile
2144,1256,2024-11-21,86.0,mobile
2145,833,17-11-2024,54.0,tablet
2146,1256,29-07-2024,40.0,desktop
2147,1256,2024-06-20,110.0,mobile
2148,1256,13-09-2024,82.0,desktop
2149,1256,02/07/2024,27.0,tablet
2150,1256,01/07/2024,24.0,tablet
2151,1256,2024-02-04,91.0,mobile
2152,1256,2024-09-22,,tablet
2153,1256,2024-08-19,110.0,mobile
2154,1256,04/24/2024,51.0,tablet
2155,1256,15-08-2024,66.0,tablet
2156,1256,30-11-2024,16.0,tablet
2157,1256,07/01/2024,85.0,desktop
2158,1256,03/09/2024,29.0,desktop
2159,833,2024-03-02,17.0,desktop
2160,1256,01/11/2025,48.0,tablet
2161,1256,2024-09-11,11.0,mobile
2162,1256,21-03-2024,66.0,desktop
2163,1256,19-01-2024,106.0,mobile
2164,1256,09/09/2024,109.0,tablet
2165,1256,2024-03-05,59.0,tablet
2166,1256,10-12-2024,40.0,mobile
2167,1256,23-12-2024,41.0,tablet
2168,1256,2024-12-01,78.0,tablet
2169,1256,11-06-2024,101.0,
2170,1256,03/18/2024,49.0,desktop
2171,1256,2024-08-08,5.0,mobile
2172,833,2024-11-27,,tablet
2173,1256,2024-06-26,13.0,mobile
2174,1256,04-09-2024,15.0,tablet
2175,1256,16-08-2024,33.0,tablet
2176,1256,08-02-2024,8.0,
2177,833,09/23/2024,72.0,mobile
2178,1256,2024-04-21,,tablet
2179,1256,03/29/2024,98.0,tablet
2180,833,05/16/2024,58.0,desktop
2181,1256,20-06-2024,114.0,tablet
2182,1256,2024-12-08,99.0,tablet
2183,1256,09/09/2024,96.0,mobile
2184,833,2024-02-27,30.0,desktop
2185,1256,2024-08-01,52.0,desktop
2186,833,12/15/2024,120.0,tablet
2187,833,17-03-2024,111.0,desktop
2188,1256,08/08/2024,58.0,desktop
2189,1256,2024-03-13,1.0,mobile
2190,1256,05/13/2024,52.0,desktop
2191,833,12-12-2024,32.0,desktop
2192,1256,2024-01-02,107.0,mobile
2193,1256,2024-12-19,103.0,mobile
2194,1256,01/03/2025,75.0,mobile
2195,833,12-10-2024,78.0,desktop
2196,1256,31-01-2025,57.0,tablet
2197,1256,12/03/2024,96.0,desktop
2198,1256,01/28/2025,,tablet
2199,1256,26-01-2025,59.0,tablet
2200,1256,2025-01-10,43.0,mobile
2201,1256,24-07-2024,92.0,desktop
2202,1256,21-01-2025,17.0,tablet
2203,1256,2025-01-07,12.0,tablet
2204,1256,01/10/2024,110.0,tablet
2205,1256,30-10-2024,20.0,mobile
2206,833,17-06-2024,19.0,tablet
2207,1256,2024-09-17,52.0,mobile
2208,1256,2024-05-17,32.0,desktop
2209,1256,24-05-2024,,tablet
2210,1256,2024-06-23,89.0,mobile
2211,1256,2025-01-14,10.0,desktop
2212,1256,01/25/2024,66.0,mobile
2213,1256,2024-12-29,3.0,desktop
2214,1256,24-11-2024,16.0,mobile
2215,1256,12/02/2024,45.0,desktop
2216,833,29-10-2024,,desktop
2217,833,2024-04-04,115.0,tablet
2218,833,2024-02-05,9.0,tablet
2219,1256,31-07-2024,89.0,tablet
2220,1256,2024-01-12,,desktop
2221,1256,2024-02-08,54.0,tablet
2222,1256,05/28/2024,57.0,mobile
2223,1256,08/04/2024,78.0,mobile
2224,1256,2024-02-28,106.0,tablet
2225,1256,05-01-2025,80.0,desktop
2226,1256,2024-09-25,51.0,desktop
2227,1256,2024-03-22,51.0,tablet
2228,833,16-05-2024,114.0,tablet
2229,1256,10/13/2024,115.0,tablet
2230,1256,19-12-2024,100.0,mobile
2231,1256,2024-02-08,,mobile
2232,1256,2024-10-23,99.0,tablet
2233,833,,71.0,mobile
2234,1256,01/05/2025,41.0,desktop
2235,833,07/08/2024,44.0,desktop
2236,833,06/30/2024,34.0,tablet
2237,1256,03/02/2024,31.0,mobile
2238,1256,08-09-2024,62.0,tablet
2239,833,2024-04-18,,tablet
2240,1256,21-10-2024,76.0,
2241,1256,01/30/2024,103.0,mobile
2242,833,13-09-2024,,mobile
2243,1256,07/21/2024,119.0,desktop
2244,1256,07/22/2024,14.0,tablet
2245,1256,09/27/2024,7.0,desktop
2246,1256,05-01-2025,75.0,mobile
2247,833,2024-06-14,105.0,mobile
2248,1256,2024-03-07,42.0,
2249,1256,01/12/2024,110.0,tablet
2250,1256,18-05-2024,54.0,tablet
2251,833,10/09/2024,95.0,desktop
2252,1256,2024-02-18,70.0,tablet
2253,1256,21-04-2024,69.0,tablet
2254,1256,07/05/2024,,desktop
2255,1256,13-06-2024,105.0,mobile
2256,1256,15-09-2024,62.0,tablet
2257,1256,,36.0,tablet
2258,1256,2024-09-15,68.0,mobile
2259,1256,2024-06-08,17.0,tablet
2260,1256,07/07/2024,28.0,tablet
2261,1256,2024-05-22,93.0,tablet
2262,1256,30-08-2024,,mobile
2263,833,16-10-2024,15.0,tablet
2264,1256,04-03-2024,100.0,mobile
2265,833,09-08-2024,103.0,desktop
2266,1256,14-07-2024,38.0,tablet
2267,833,08-07-2024,30.0,desktop
2268,1256,2024-07-31,51.0,tablet
2269,1256,11-08-2024,26.0,tablet
2270,1256,05/02/2024,47.0,mobile
2271,1256,2024-02-12,36.0,desktop
2272,1256,04/28/2024,31.0,desktop
2273,1256,15-04-2024,29.0,tablet
2274,1256,12/26/2024,63.0,desktop
2275,1256,11/21/2024,100.0,desktop
2276,1256,2025-01-18,57.0,mobile
2277,1256,09-03-2024,56.0,tablet
2278,1256,,48.0,desktop
2279,1256,2024-09-11,92.0,tablet
2280,1256,01/14/2024,86.0,desktop
2281,1256,05/31/2024,6.0,tablet
2282,833,2024-01-10,50.0,mobile
2283,833,04-12-2024,40.0,tablet
2284,1256,2024-08-20,44.0,mobile
2285,1256,2024-12-07,109.0,desktop
2286,1256,11/24/2024,57.0,mobile
2287,1256,2024-11-14,23.0,desktop
2288,1256,2024-04-21,99.0,mobile
2289,1256,11-01-2025,20.0,tablet
2290,833,09/27/2024,118.0,
2291,1256,01/18/2025,65.0,desktop
2292,1256,20-10-2024,36.0,tablet
2293,1256,08/05/2024,105.0,tablet
2294,1256,01/16/2025,18.0,tablet
2295,1256,26-11-2024,42.0,desktop
2296,1256,27-01-2024,47.0,mobile
2297,1256,10-02-2024,107.0,desktop
2298,1256,2024-05-31,57.0,mobile
2299,1256,09/17/2024,99.0,mobile
2300,1256,27-08-2024,8.0,tablet
2301,1256,2024-01-10,88.0,tablet
2302,833,08/16/2024,77.0,desktop
2303,1256,11/13/2024,81.0,tablet
2304,1256,06-04-2024,78.0,
2305,1256,2024-03-13,69.0,mobile
2306,1256,2024-10-29,,desktop
2307,1256,2024-03-07,62.0,mobile
2308,1256,07/03/2024,108.0,mobile
2309,1256,2025-01-29,67.0,desktop
2310,1256,05/09/2024,44.0,mobile
2311,1256,2024-06-22,70.0,desktop
2312,833,24-02-2024,91.0,mobile
2313,1256,09/26/2024,59.0,mobile
2314,1256,02/21/2024,27.0,
2315,1256,2024-08-09,19.0,mobile
2316,833,2024-07-12,46.0,mobile
2317,1256,10/25/2024,54.0,mobile
2318,1256,09/30/2024,40.0,mobile
2319,1256,09/15/2024,79.0,tablet
2320,1256,09-01-2024,53.0,mobile
2321,1256,05/26/2024,8.0,mobile
2322,1256,18-12-2024,85.0,mobile
2323,1256,27-10-2024,65.0,
2324,833,05-12-2024,81.0,mobile
2325,833,06/08/2024,86.0,desktop
2326,1256,01/29/2024,110.0,mobile
2327,1256,2025-01-04,104.0,tablet
2328,1256,31-03-2024,14.0,desktop
2329,1256,07-03-2024,,mobile
2330,1256,03/17/2024,5.0,tablet
2331,1256,02/11/2024,30.0,desktop
2332,762,26-12-2024,87.0,mobile
2333,1256,05/28/2024,83.0,mobile
2334,833,15-08-2024,,tablet
2335,1256,2024-12-06,2.0,mobile
2336,1256,24-01-2025,44.0,
2337,833,2024-08-10,85.0,mobile
2338,833,2025-01-17,32.0,desktop
2339,1256,10/20/2024,5.0,desktop
2340,1256,28-05-2024,91.0,mobile
2341,1256,2024-10-26,73.0,mobile
2342,1256,2024-02-03,,tablet
2343,1256,20-06-2024,58.0,tablet
2344,1256,27-04-2024,57.0,tablet
2345,1256,2024-11-18,59.0,desktop
2346,833,05/23/2024,39.0,mobile
2347,1256,06-09-2024,110.0,tablet
2348,1256,24-07-2024,18.0,mobile
2349,1256,04-02-2025,84.0,desktop
2350,1256,06/29/2024,74.0,tablet
2351,1256,15-10-2024,,mobile
2352,833,12/13/2024,22.0,desktop
2353,1256,12/28/2024,99.0,desktop
2354,833,2024-11-19,58.0,desktop
2355,833,2024-03-10,75.0,tablet
2356,1256,02-01-2025,90.0,desktop
2357,1256,2024-01-16,18.0,desktop
2358,1256,01-04-2024,103.0,desktop
2359,1256,12/07/2024,84.0,mobile
2360,1256,2024-07-21,66.0,tablet
2361,1256,06/13/2024,2.0,desktop
2362,1256,2024-06-23,33.0,mobile
2363,1256,2024-10-25,77.0,desktop
2364,1256,07/22/2024,26.0,desktop
2365,1256,23-12-2024,64.0,tablet
2366,1256,08-01-2024,62.0,desktop
2367,1256,01-01-2024,101.0,mobile
2368,1256,29-06-2024,14.0,desktop
2369,1256,04/03/2024,101.0,mobile
2370,1256,03/30/2024,75.0,desktop
2371,1256,11/24/2024,95.0,mobile
2372,1256,03-01-2025,93.0,tablet
2373,1256,07/20/2024,116.0,mobile
2374,1256,2024-12-03,64.0,desktop
2375,833,2024-09-21,34.0,desktop
2376,762,2024-06-25,108.0,desktop
2377,833,10/27/2024,16.0,desktop
2378,1256,2024-06-18,38.0,desktop
2379,833,04/21/2024,64.0,mobile
2380,833,04/30/2024,76.0,mobile
2381,1256,08/09/2024,34.0,desktop
2382,1256,17-08-2024,33.0,desktop
2383,1256,2024-08-15,96.0,mobile
2384,1256,2025-01-04,52.0,mobile
2385,1256,01/28/2025,62.0,desktop
2386,1256,09/03/2024,99.0,tablet
2387,833,2024-12-06,23.0,mobile
2388,1256,,57.0,tablet
2389,833,10/29/2024,104.0,mobile
2390,1256,2024-05-11,32.0,desktop
2391,833,2024-09-01,2.0,desktop
2392,1256,17-12-2024,7.0,desktop
2393,833,2024-09-18,100.0,mobile
2394,833,2024-07-30,100.0,tablet
2395,1256,22-10-2024,29.0,tablet
2396,833,05/15/2024,38.0,mobile
2397,1256,12/28/2024,25.0,desktop
2398,1256,11-09-2024,76.0,tablet
2399,1256,18-03-2024,33.0,mobile
2400,1256,2024-03-02,94.0,mobile
2401,1256,04/27/2024,105.0,mobile
2402,1256,13-09-2024,62.0,desktop
2403,1256,04-02-2025,109.0,tablet
2404,1256,03/19/2024,49.0,tablet
2405,1256,17-07-2024,120.0,tablet
2406,1256,03/14/2024,19.0,desktop
2407,1256,16-08-2024,,tablet
2408,1256,07/13/2024,52.0,mobile
2409,1256,2025-01-08,104.0,desktop
2410,1256,2024-10-13,106.0,tablet
2411,1256,12/04/2024,,desktop
2412,1256,2024-12-18,,desktop
2413,1256,06/01/2024,66.0,mobile
2414,1256,17-05-2024,40.0,mobile
2415,1256,2024-12-13,21.0,mobile
2416,833,2024-07-12,21.0,desktop
2417,1256,23-12-2024,76.0,mobile
2418,1256,14-04-2024,81.0,mobile
2419,1256,2024-05-01,61.0,desktop
2420,1256,2024-07-21,111.0,mobile
2421,1256,08/13/2024,49.0,tablet
2422,1256,06/01/2024,80.0,mobile
2423,1256,2025-01-25,26.0,desktop
2424,1256,02-02-2024,66.0,tablet
2425,1256,06/21/2024,38.0,tablet
2426,1256,2024-07-24,,mobile
2427,1256,01-02-2024,72.0,desktop
2428,1256,2024-07-18,75.0,tablet
2429,1256,2024-03-01,89.0,tablet
2430,1256,02/09/2024,67.0,desktop
2431,833,16-08-2024,88.0,mobile
2432,1256,14-01-2025,119.0,desktop
2433,1256,01/29/2024,104.0,desktop
2434,1256,2024-09-13,52.0,desktop
2435,1256,14-01-2025,35.0,mobile
2436,833,2025-01-20,116.0,tablet
2437,1256,18-12-2024,,mobile
2438,1256,19-11-2024,,tablet
2439,833,11/05/2024,101.0,
2440,1256,03/22/2024,17.0,desktop
2441,833,24-03-2024,113.0,desktop
2442,1256,18-01-2025,101.0,tablet
2443,1256,08/23/2024,87.0,mobile
2444,1256,06/20/2024,114.0,tablet
2445,833,30-10-2024,75.0,mobile
2446,1256,01/19/2024,58.0,mobile
2447,1256,03-04-2024,109.0,mobile
2448,1256,11/05/2024,77.0,desktop
2449,1256,2024-11-03,24.0,mobile
2450,1256,26-12-2024,17.0,tablet
2451,1256,2024-09-01,2.0,tablet
2452,833,06-03-2024,51.0,tablet
2453,833,01-02-2025,65.0,mobile
2454,1256,2024-04-18,21.0,
2455,1256,2024-10-19,47.0,mobile
2456,1256,05/14/2024,,desktop
2457,1256,,80.0,tablet
2458,833,10-08-2024,48.0,desktop
2459,1256,2024-05-27,74.0,tablet
2460,1256,2024-09-03,22.0,mobile
2461,1256,14-01-2025,95.0,desktop
2462,1256,09/26/2024,2.0,tablet
2463,1256,16-11-2024,93.0,tablet
2464,1256,04-01-2025,85.0,mobile
2465,1256,2024-07-30,113.0,mobile
2466,833,12/07/2024,18.0,desktop
2467,1256,2024-11-03,53.0,mobile
2468,833,12/20/2024,63.0,mobile
2469,833,07-03-2024,41.0,tablet
2470,833,10/11/2024,24.0,tablet
2471,833,2024-08-11,107.0,desktop
2472,1256,,11.0,mobile
2473,1256,2025-01-28,46.0,mobile
2474,1256,2024-12-31,32.0,desktop
2475,1256,2024-04-24,69.0,desktop
2476,833,14-03-2024,117.0,tablet
2477,1256,26-09-2024,35.0,desktop
2478,833,10-07-2024,26.0,desktop
2479,1256,28-06-2024,16.0,desktop
2480,833,06/02/2024,48.0,tablet
2481,1256,29-07-2024,78.0,desktop
2482,833,01/12/2025,74.0,desktop
2483,1256,21-05-2024,91.0,tablet
2484,1256,01/18/2024,99.0,desktop
2485,1256,2024-09-23,111.0,tablet
2486,1256,2024-01-06,8.0,desktop
2487,1256,29-06-2024,26.0,tablet
2488,1256,26-09-2024,108.0,mobile
2489,833,10/03/2024,1.0,desktop
2490,1256,01/13/2025,42.0,desktop
2491,1256,2024-06-28,4.0,tablet
2492,1256,22-06-2024,118.0,mobile
2493,1256,01/07/2024,12.0,desktop
2494,1256,2024-02-25,33.0,tablet
2495,1256,24-11-2024,89.0,tablet
2496,833,08/03/2024,72.0,desktop
2497,1256,05/13/2024,95.0,tablet
2498,1256,10-02-2024,56.0,mobile
2499,1256,29-09-2024,,desktop
2500,833,08/06/2024,90.0,tablet
2501,1256,15-07-2024,19.0,desktop
2502,1256,01/25/2025,17.0,tablet
2503,1256,2024-04-22,,desktop
2504,1256,08/15/2024,35.0,tablet
2505,1256,10/20/2024,,desktop
2506,1256,04/11/2024,64.0,mobile
2507,1256,2024-03-16,118.0,mobile
2508,1256,12/20/2024,38.0,desktop
2509,1256,28-03-2024,2.0,tablet
2510,1256,02/08/2024,115.0,
2511,833,,40.0,mobile
2512,1256,2024-05-28,52.0,mobile
2513,1256,11/23/2024,16.0,mobile
2514,1256,2024-06-09,1.0,desktop
2515,1256,2024-03-25,110.0,mobile
2516,1256,01/05/2024,26.0,mobile
2517,1256,01/02/2024,,tablet
2518,1256,01/19/2025,47.0,tablet
2519,1256,,31.0,
2520,1256,24-11-2024,111.0,mobile
2521,1256,2024-10-31,49.0,desktop
2522,1256,10/27/2024,120.0,mobile
2523,1256,07/28/2024,87.0,tablet
2524,1256,,50.0,desktop
2525,1256,01/14/2025,113.0,tablet
2526,1256,06-11-2024,67.0,tablet
2527,833,01/19/2025,106.0,tablet
2528,833,2025-01-03,56.0,
2529,1256,2024-07-05,9.0,tablet
2530,1256,26-11-2024,37.0,tablet
2531,1256,09/25/2024,108.0,mobile
2532,1256,16-09-2024,68.0,mobile
2533,1256,12/14/2024,52.0,desktop
2534,1256,07/04/2024,67.0,mobile
2535,1256,27-02-2024,77.0,desktop
2536,833,05/09/2024,53.0,desktop
2537,1256,05-01-2025,27.0,desktop
2538,1256,02/03/2024,90.0,desktop
2539,1256,10/16/2024,36.0,tablet
2540,1256,09/02/2024,48.0,desktop
2541,1256,09/04/2024,71.0,tablet
2542,1256,2024-11-23,,tablet
2543,1256,23-04-2024,29.0,tablet
2544,833,08/21/2024,51.0,tablet
2545,1256,07-02-2024,37.0,tablet
2546,833,07-10-2024,117.0,desktop
2547,1256,08/28/2024,80.0,mobile
2548,1256,30-10-2024,14.0,tablet
2549,1256,2024-04-23,100.0,desktop
2550,833,2024-10-31,41.0,desktop
2551,1256,2024-01-15,,mobile
2552,1256,01/07/2024,101.0,tablet
2553,1256,2025-01-13,57.0,mobile
2554,1256,07/13/2024,100.0,tablet
2555,1256,2024-05-25,42.0,mobile
2556,1256,2024-10-17,,mobile
2557,1256,05/21/2024,24.0,mobile
2558,1256,05/28/2024,56.0,tablet
2559,833,02-12-2024,95.0,desktop
2560,1256,2024-02-22,107.0,mobile
2561,1256,2024-04-29,71.0,mobile
2562,1256,01/29/2024,118.0,tablet
2563,1256,04/13/2024,14.0,tablet
2564,1256,09-04-2024,77.0,desktop
2565,1256,08/29/2024,63.0,mobile
2566,1256,26-10-2024,11.0,mobile
2567,1256,10/19/2024,68.0,mobile
2568,1256,21-03-2024,51.0,desktop
2569,1256,2024-12-26,71.0,tablet
2570,1256,01-01-2024,102.0,mobile
2571,1256,07-09-2024,89.0,desktop
2572,833,28-08-2024,65.0,desktop
2573,1256,2024-10-09,62.0,tablet
2574,1256,2024-08-31,100.0,tablet
2575,1256,2024-08-05,65.0,
2576,1256,08/28/2024,,tablet
2577,1256,24-11-2024,35.0,tablet
2578,1256,08/11/2024,115.0,tablet
2579,1256,10/18/2024,54.0,mobile
2580,833,12-09-2024,5.0,tablet
2581,1256,2024-06-20,18.0,desktop
2582,1256,2025-01-21,13.0,mobile
2583,1256,05/29/2024,115.0,mobile
2584,1256,2024-12-04,73.0,
2585,1256,12-03-2024,21.0,desktop
2586,1256,08-11-2024,85.0,tablet
2587,1256,30-01-2025,69.0,mobile
2588,1256,,55.0,mobile
2589,1256,14-08-2024,2.0,mobile
2590,833,03-04-2024,35.0,desktop
2591,1256,07/26/2024,8.0,desktop
2592,1256,2024-09-21,90.0,desktop
2593,1256,2024-07-16,,mobile
2594,1256,,4.0,desktop
2595,1256,2024-12-09,120.0,desktop
2596,1256,08/05/2024,89.0,mobile
2597,1256,08/22/2024,116.0,mobile
2598,1256,26-10-2024,26.0,desktop
2599,1256,01/06/2025,8.0,tablet
2600,1256,11/22/2024,106.0,mobile
2601,1256,01-01-2025,85.0,tablet
2602,1256,10/10/2024,118.0,desktop
2603,833,16-09-2024,55.0,mobile
2604,1256,01/04/2024,89.0,mobile
2605,1256,2024-06-10,109.0,tablet
2606,833,01/02/2024,,mobile
2607,1256,07/19/2024,12.0,desktop
2608,1256,2024-09-01,53.0,desktop
2609,1256,21-04-2024,103.0,tablet
2610,1256,01/18/2024,32.0,tablet
2611,1256,01/13/2024,16.0,tablet
2612,833,2024-04-07,64.0,tablet
2613,1256,07/31/2024,110.0,desktop
2614,1256,2025-02-03,45.0,
2615,1256,06/11/2024,66.0,desktop
2616,1256,10/10/2024,29.0,desktop
2617,762,04/03/2024,55.0,tablet
2618,1256,09/23/2024,108.0,mobile
2619,1256,18-10-2024,114.0,desktop
2620,1256,02/27/2024,22.0,desktop
2621,833,06-01-2025,62.0,mobile
2622,1256,2024-02-13,86.0,mobile
2623,833,2024-09-02,119.0,
2624,1256,,,mobile
2625,1256,2024-12-18,59.0,tablet
2626,1256,09/27/2024,2.0,mobile
2627,1256,01/18/2024,106.0,desktop
2628,1256,15-12-2024,113.0,mobile
2629,1256,05-08-2024,9.0,tablet
2630,1256,08/04/2024,49.0,mobile
2631,1256,10/01/2024,72.0,tablet
2632,1256,12/07/2024,57.0,mobile
2633,833,07/23/2024,7.0,tablet
2634,1256,28-06-2024,120.0,desktop
2635,1256,04-05-2024,54.0,desktop
2636,1256,06/16/2024,99.0,desktop
2637,1256,01/02/2024,54.0,tablet
2638,1256,22-01-2025,8.0,tablet
2639,1256,08/14/2024,67.0,desktop
2640,833,03/07/2024,50.0,desktop
2641,1256,2024-05-30,70.0,mobile
2642,1256,18-12-2024,35.0,desktop
2643,1256,10-11-2024,49.0,desktop
2644,1256,2024-02-03,18.0,desktop
2645,1256,06/12/2024,34.0,tablet
2646,1256,2024-03-18,116.0,tablet
2647,1256,09/14/2024,11.0,mobile
2648,1256,29-08-2024,115.0,desktop
2649,833,2024-09-26,17.0,
2650,1256,2024-02-28,51.0,tablet
2651,833,02/13/2024,26.0,desktop
2652,833,27-08-2024,,mobile
2653,1256,01/25/2025,111.0,mobile
2654,1256,02/29/2024,29.0,tablet
2655,1256,24-09-2024,94.0,tablet
2656,1256,27-01-2025,37.0,desktop
2657,833,02/14/2024,96.0,desktop
2658,833,11/18/2024,55.0,tablet
2659,833,2024-02-15,18.0,mobile
2660,1256,09-01-2024,110.0,tablet
2661,1256,05-12-2024,21.0,
2662,1256,2024-01-22,107.0,mobile
2663,1256,06/08/2024,118.0,tablet
2664,1256,18-01-2024,72.0,tablet
2665,1256,2024-03-11,84.0,desktop
2666,1256,01/12/2024,56.0,tablet
2667,1256,19-10-2024,60.0,desktop
2668,1256,11/29/2024,6.0,desktop
2669,1256,06-06-2024,,mobile
2670,1256,11-08-2024,35.0,tablet
2671,1256,22-12-2024,46.0,tablet
2672,1256,21-01-2024,81.0,tablet
2673,1256,12/01/2024,89.0,desktop
2674,1256,04/21/2024,,tablet
2675,1256,2024-03-12,57.0,mobile
2676,1256,15-06-2024,15.0,desktop
2677,1256,02/19/2024,54.0,mobile
2678,1256,2025-01-08,8.0,tablet
2679,1256,02/03/2024,64.0,mobile
2680,1256,2024-12-07,23.0,tablet
2681,1256,27-11-2024,24.0,mobile
2682,1256,09-11-2024,25.0,tablet
2683,1256,07/27/2024,51.0,tablet
2684,1256,09-12-2024,15.0,mobile
2685,833,21-01-2024,68.0,desktop
2686,833,2024-07-01,57.0,mobile
2687,1256,29-12-2024,16.0,tablet
2688,1256,,30.0,mobile
2689,833,05-01-2025,,
2690,1256,05-10-2024,5.0,tablet
2691,1256,2024-11-19,7.0,mobile
2692,1256,02/23/2024,66.0,tablet
2693,833,,28.0,desktop
2694,1256,26-02-2024,16.0,mobile
2695,1256,16-10-2024,67.0,tablet
2696,1256,2024-08-17,59.0,mobile
2697,1256,08-01-2024,86.0,desktop
2698,1256,02/29/2024,64.0,desktop
2699,833,30-09-2024,70.0,mobile
2700,1256,2024-01-10,89.0,mobile
2701,1256,10/06/2024,81.0,
2702,833,25-02-2024,,mobile
2703,1256,02/19/2024,5.0,desktop
2704,1256,07/14/2024,39.0,tablet
2705,1256,07/28/2024,20.0,tablet
2706,1256,07/08/2024,113.0,mobile
2707,1256,03/20/2024,89.0,tablet
2708,1256,2024-02-25,74.0,tablet
2709,1256,30-10-2024,32.0,tablet
2710,1256,2024-03-29,7.0,mobile
2711,1256,10/26/2024,70.0,tablet
2712,1256,16-01-2025,83.0,desktop
2713,1256,06/07/2024,30.0,tablet
2714,1256,20-01-2024,74.0,mobile
2715,1256,15-10-2024,88.0,desktop
2716,833,2024-08-19,109.0,mobile
2717,1256,28-04-2024,36.0,tablet
2718,1256,01/23/2025,81.0,mobile
2719,1256,02/18/2024,9.0,desktop
2720,1256,2024-05-22,33.0,tablet
2721,1256,02/12/2024,17.0,desktop
2722,1256,01/29/2025,53.0,mobile
2723,833,08/01/2024,113.0,desktop
2724,833,05/15/2024,72.0,mobile
2725,1256,2024-07-08,15.0,desktop
2726,1256,05/25/2024,14.0,tablet
2727,1256,13-09-2024,,desktop
2728,1256,11/02/2024,97.0,tablet
2729,1256,26-05-2024,15.0,
2730,1256,2024-05-11,86.0,desktop
2731,1256,2024-10-20,6.0,tablet
2732,1256,01/08/2025,9.0,mobile
2733,1256,10-05-2024,23.0,desktop
2734,1256,2024-08-07,98.0,mobile
2735,1256,,32.0,tablet
2736,1256,2024-10-07,63.0,desktop
2737,1256,10/31/2024,25.0,tablet
2738,1256,2025-01-11,34.0,mobile
2739,1256,03/29/2024,42.0,mobile
2740,1256,02-01-2024,31.0,tablet
2741,1256,24-05-2024,85.0,mobile
2742,833,06/08/2024,80.0,mobile
2743,1256,01/25/2025,70.0,mobile
2744,1256,,81.0,mobile
2745,1256,2024-12-21,75.0,tablet
2746,1256,04/07/2024,32.0,mobile
2747,1256,06/29/2024,31.0,tablet
2748,1256,2024-10-12,56.0,mobile
2749,1256,08-08-2024,39.0,
2750,1256,2024-02-15,59.0,mobile
2751,1256,03-03-2024,34.0,desktop
2752,1256,2024-02-07,20.0,mobile
2753,1256,06/29/2024,12.0,tablet
2754,1256,11/17/2024,93.0,desktop
2755,1256,09/03/2024,45.0,mobile
2756,1256,,96.0,desktop
2757,1256,04-10-2024,96.0,desktop
2758,1256,09/18/2024,103.0,tablet
2759,1256,2024-09-26,110.0,mobile
2760,1256,2024-08-12,47.0,desktop
2761,1256,03/18/2024,18.0,mobile
2762,1256,2024-06-06,97.0,tablet
2763,1256,04-04-2024,,tablet
2764,1256,07-09-2024,63.0,tablet
2765,1256,2025-01-10,43.0,mobile
2766,1256,2024-08-28,9.0,mobile
2767,1256,2024-05-04,,mobile
2768,833,03/05/2024,76.0,tablet
2769,1256,01/04/2025,,
2770,833,10-08-2024,111.0,desktop
2771,1256,16-09-2024,62.0,mobile
2772,833,24-10-2024,81.0,mobile
2773,1256,01/25/2025,118.0,tablet
2774,1256,16-08-2024,112.0,desktop
2775,1256,01/20/2025,5.0,tablet
2776,1256,18-03-2024,9.0,mobile
2777,1256,06-11-2024,117.0,tablet
2778,1256,2024-02-07,97.0,mobile
2779,1256,26-06-2024,41.0,mobile
2780,1256,21-03-2024,116.0,tablet
2781,1256,07/25/2024,35.0,mobile
2782,1256,29-12-2024,82.0,mobile
2783,833,03-01-2024,27.0,mobile
2784,1256,26-07-2024,85.0,tablet
2785,1256,12-08-2024,78.0,mobile
2786,1256,2025-01-25,16.0,mobile
2787,833,02/08/2024,43.0,mobile
2788,1256,31-12-2024,57.0,mobile
2789,1256,02/24/2024,25.0,desktop
2790,1256,01/08/2024,8.0,mobile
2791,1256,2024-01-22,64.0,tablet
2792,833,2024-09-30,26.0,desktop
2793,1256,22-02-2024,63.0,mobile
2794,1256,06-12-2024,55.0,tablet
2795,1256,2024-01-09,88.0,mobile
2796,1256,23-05-2024,55.0,tablet
2797,1256,2024-03-21,95.0,desktop
2798,1256,2024-10-02,74.0,mobile
2799,1256,2024-11-01,97.0,desktop
2800,1256,20-12-2024,100.0,mobile
2801,1256,11/25/2024,31.0,tablet
2802,1256,2024-02-06,69.0,mobile
2803,1256,31-01-2025,100.0,tablet
2804,1256,10/15/2024,29.0,tablet
2805,1256,02/18/2024,102.0,mobile
2806,833,2024-05-13,3.0,tablet
2807,1256,2024-10-23,29.0,tablet
2808,1256,,,desktop
2809,1256,2024-08-06,84.0,mobile
2810,833,2024-04-03,118.0,tablet
2811,1256,2024-06-29,,desktop
2812,1256,2024-01-20,,tablet
2813,1256,2024-11-30,19.0,desktop
2814,1256,06/08/2024,22.0,tablet
2815,1256,2024-11-05,111.0,desktop
2816,1256,2024-06-21,102.0,desktop
2817,1256,08-10-2024,56.0,
2818,1256,06-08-2024,56.0,mobile
2819,1256,2025-02-01,3.0,desktop
2820,1256,2024-07-31,106.0,tablet
2821,1256,09/28/2024,52.0,desktop
2822,1256,06/14/2024,49.0,desktop
2823,1256,10/24/2024,21.0,
2824,1256,01/10/2024,71.0,mobile
2825,1256,10-11-2024,91.0,mobile
2826,1256,15-10-2024,26.0,tablet
2827,1256,2024-06-30,1.0,desktop
2828,1256,04-08-2024,14.0,
2829,1256,2024-07-10,99.0,desktop
2830,833,04/19/2024,48.0,
2831,1256,01/25/2025,59.0,desktop
2832,1256,2024-12-10,60.0,desktop
2833,1256,01/22/2024,57.0,tablet
2834,1256,2024-08-29,46.0,
2835,833,12/17/2024,15.0,tablet
2836,833,2024-05-23,88.0,mobile
2837,1256,09-04-2024,19.0,desktop
2838,1256,,66.0,mobile
2839,1256,2024-03-20,43.0,desktop
2840,1256,23-06-2024,55.0,tablet
2841,1256,03/31/2024,68.0,mobile
2842,1256,2024-09-03,84.0,tablet
2843,1256,11/29/2024,71.0,mobile
2844,1256,09/19/2024,89.0,desktop
2845,1256,17-08-2024,112.0,desktop
2846,1256,30-09-2024,16.0,mobile
2847,1256,2024-02-02,15.0,tablet
2848,833,26-04-2024,76.0,tablet
2849,833,2024-06-18,35.0,mobile
2850,1256,2024-04-16,8.0,mobile
2851,1256,20-08-2024,113.0,tablet
2852,833,01/29/2025,11.0,tablet
2853,1256,02/27/2024,85.0,desktop
2854,1256,2024-12-12,47.0,desktop
2855,1256,05/31/2024,8.0,mobile
2856,1256,07/07/2024,66.0,mobile
2857,1256,13-02-2024,10.0,mobile
2858,1256,06/08/2024,64.0,tablet
2859,1256,20-08-2024,65.0,tablet
2860,833,31-08-2024,63.0,mobile
2861,1256,2024-10-20,87.0,desktop
2862,1256,05/18/2024,71.0,tablet
2863,1256,29-07-2024,59.0,desktop
2864,1256,05/03/2024,56.0,desktop
2865,1256,03-07-2024,,desktop
2866,1256,2024-11-27,10.0,mobile
2867,1256,21-06-2024,,mobile
2868,833,09/09/2024,28.0,desktop
2869,1256,01/14/2025,31.0,desktop
2870,1256,17-01-2024,79.0,mobile
2871,1256,2025-01-09,42.0,mobile
2872,1256,2024-03-15,65.0,mobile
2873,1256,2024-02-09,,tablet
2874,1256,27-10-2024,,tablet
2875,833,2024-05-24,73.0,tablet
2876,1256,02/26/2024,11.0,mobile
2877,833,10/24/2024,100.0,desktop
2878,1256,2024-02-29,74.0,tablet
2879,1256,2024-07-26,82.0,tablet
2880,1256,12-11-2024,26.0,mobile
2881,1256,04/16/2024,119.0,tablet
2882,1256,2024-08-10,103.0,mobile
2883,1256,2024-07-15,80.0,mobile
2884,1256,2024-04-16,58.0,tablet
2885,1256,01/15/2025,115.0,tablet
2886,1256,07/16/2024,12.0,mobile
2887,833,2024-04-26,,
2888,1256,02/18/2024,6.0,tablet
2889,1256,2024-10-08,,desktop
2890,1256,2024-01-04,77.0,tablet
2891,833,12/19/2024,98.0,tablet
2892,1256,10/25/2024,26.0,mobile
2893,1256,01/13/2025,,mobile
2894,1256,2025-01-25,106.0,tablet
2895,1256,22-11-2024,36.0,mobile
2896,1256,2024-10-10,105.0,tablet
2897,1256,2024-12-29,21.0,desktop
2898,1256,,69.0,desktop
2899,1256,06/19/2024,23.0,mobile
2900,1256,29-04-2024,60.0,mobile
2901,1256,2024-08-01,84.0,mobile
2902,1256,2024-07-07,90.0,desktop
2903,1256,2024-08-09,12.0,desktop
2904,1256,2024-05-15,82.0,desktop
2905,1256,2024-01-15,66.0,desktop
2906,1256,09/26/2024,37.0,tablet
2907,762,2024-02-20,75.0,desktop
2908,833,16-06-2024,79.0,desktop
2909,1256,03/27/2024,94.0,
2910,1256,04/08/2024,80.0,desktop
2911,1256,08/13/2024,118.0,tablet
2912,833,12/06/2024,78.0,tablet
2913,1256,07/07/2024,4.0,tablet
2914,833,2024-06-21,29.0,mobile
2915,1256,12/31/2024,70.0,tablet
2916,1256,15-11-2024,117.0,desktop
2917,833,09-09-2024,,desktop
2918,1256,01/28/2025,14.0,desktop
2919,833,03/03/2024,93.0,tablet
2920,1256,24-09-2024,70.0,tablet
2921,1256,25-09-2024,40.0,desktop
2922,1256,02/29/2024,64.0,tablet
2923,1256,2024-10-10,19.0,desktop
2924,1256,02/24/2024,87.0,tablet
2925,762,2024-02-28,75.0,desktop
2926,1256,24-03-2024,116.0,tablet
2927,1256,03/21/2024,,desktop
2928,1256,09/13/2024,3.0,tablet
2929,1256,06/05/2024,23.0,mobile
2930,833,08-02-2024,49.0,tablet
2931,1256,2024-08-15,68.0,mobile
2932,1256,28-08-2024,106.0,desktop
2933,833,2024-10-20,30.0,mobile
2934,833,24-07-2024,61.0,tablet
2935,833,11-06-2024,78.0,tablet
2936,1256,06/29/2024,,desktop
2937,1256,2024-01-03,52.0,mobile
2938,1256,03-03-2024,77.0,desktop
2939,1256,02/16/2024,103.0,tablet
2940,1256,02/15/2024,94.0,tablet
2941,833,,7.0,desktop
2942,1256,2024-11-28,2.0,
2943,1256,2024-12-10,36.0,tablet
2944,833,2024-09-29,117.0,mobile
2945,1256,06-12-2024,,tablet
2946,1256,2024-11-28,15.0,tablet
2947,1256,2024-01-16,105.0,tablet
2948,1256,28-08-2024,26.0,mobile
2949,1256,08/04/2024,,tablet
2950,1256,,14.0,desktop
2951,1256,02-02-2024,120.0,mobile
2952,833,28-11-2024,111.0,tablet
2953,1256,2024-05-28,98.0,desktop
2954,1256,2025-01-05,72.0,mobile
2955,1256,12-08-2024,28.0,desktop
2956,1256,03/17/2024,67.0,desktop
2957,1256,08/03/2024,112.0,
2958,1256,25-01-2025,60.0,
2959,1256,04-12-2024,32.0,desktop
2960,1256,2024-02-05,95.0,tablet
2961,833,08/30/2024,44.0,tablet
2962,1256,12/03/2024,105.0,tablet
2963,1256,03/14/2024,26.0,desktop
2964,1256,2024-09-27,17.0,desktop
2965,1256,01-02-2024,78.0,mobile
2966,833,2024-05-30,,desktop
2967,1256,02/10/2024,10.0,desktop
2968,1256,05/13/2024,120.0,mobile
2969,1256,22-09-2024,29.0,mobile
2970,1256,20-02-2024,33.0,desktop
2971,833,2024-11-10,83.0,mobile
2972,1256,12/18/2024,29.0,desktop
2973,1256,2024-03-16,100.0,mobile
2974,1256,09/10/2024,24.0,mobile
2975,1256,2024-06-15,81.0,mobile
2976,1256,2024-04-29,96.0,desktop
2977,833,01/20/2025,27.0,mobile
2978,1256,2024-06-10,73.0,desktop
2979,1256,02/02/2025,21.0,mobile
2980,833,2024-05-27,56.0,tablet
2981,1256,04/19/2024,48.0,mobile
2982,833,2024-11-30,91.0,tablet
2983,1256,24-11-2024,88.0,tablet
2984,1256,05-08-2024,102.0,mobile
2985,1256,03-05-2024,107.0,tablet
2986,1256,2024-12-16,22.0,desktop
2987,1256,05-10-2024,59.0,tablet
2988,1256,24-01-2024,68.0,desktop
2989,1256,07-08-2024,63.0,tablet
2990,1256,01/18/2025,53.0,tablet
2991,1256,2024-07-11,101.0,mobile
2992,1256,27-01-2025,119.0,tablet
2993,1256,01/08/2024,113.0,desktop
2994,1256,12/10/2024,53.0,mobile
2995,833,22-05-2024,113.0,mobile
2996,1256,06/05/2024,91.0,tablet
2997,833,16-05-2024,118.0,tablet
2998,1256,01-12-2024,22.0,tablet
2999,1256,2024-08-28,81.0,tablet
3000,1256,11/04/2024,37.0,mobile
3001,1256,12/06/2024,95.0,desktop
3002,1256,2024-07-03,58.0,mobile
3003,1256,2024-07-04,39.0,tablet
3004,1256,12/25/2024,39.0,mobile
3005,1256,2024-06-12,31.0,desktop
3006,762,03-01-2024,31.0,desktop
3007,1256,2024-01-10,69.0,mobile
3008,1256,29-02-2024,70.0,mobile
3009,1256,22-07-2024,54.0,tablet
3010,1256,08/17/2024,111.0,tablet
3011,1256,12-01-2025,,desktop
3012,1256,2024-10-16,80.0,desktop
3013,1256,12/02/2024,69.0,desktop
3014,1256,06/28/2024,114.0,tablet
3015,1256,19-03-2024,120.0,tablet
3016,1256,05/16/2024,,mobile
3017,1256,07/18/2024,5.0,tablet
3018,833,2024-07-22,59.0,tablet
3019,833,06-11-2024,28.0,tablet
3020,833,03/29/2024,79.0,tablet
3021,833,2024-11-21,117.0,mobile
3022,833,06/26/2024,45.0,
3023,1256,19-12-2024,7.0,tablet
3024,1256,11/21/2024,103.0,tablet
3025,1256,06-09-2024,,desktop
3026,1256,2024-11-09,118.0,mobile
3027,1256,29-09-2024,85.0,mobile
3028,833,01/28/2024,38.0,desktop
3029,1256,2024-04-13,3.0,mobile
3030,1256,17-03-2024,17.0,mobile
3031,1256,23-08-2024,67.0,desktop
3032,1256,12-03-2024,26.0,mobile
3033,1256,2024-03-23,47.0,tablet
3034,1256,2024-02-11,53.0,tablet
3035,1256,09/05/2024,,tablet
3036,1256,02-01-2024,105.0,tablet
3037,1256,19-04-2024,2.0,desktop
3038,833,01/22/2025,80.0,mobile
3039,1256,30-03-2024,79.0,mobile
3040,1256,02/29/2024,69.0,desktop
3041,1256,2024-05-22,88.0,mobile
3042,1256,12/28/2024,84.0,mobile
3043,1256,04/13/2024,56.0,
3044,1256,29-04-2024,54.0,desktop
3045,833,2024-05-10,105.0,tablet
3046,1256,21-02-2024,,tablet
3047,1256,2025-01-04,35.0,desktop
3048,833,,27.0,mobile
3049,1256,01/18/2024,64.0,desktop
3050,1256,09/03/2024,7.0,
3051,1256,28-11-2024,85.0,desktop
3052,833,12-11-2024,118.0,tablet
3053,1256,03/14/2024,70.0,mobile
3054,1256,12/05/2024,90.0,mobile
3055,1256,10-03-2024,29.0,mobile
3056,1256,2024-06-17,6.0,tablet
3057,1256,2024-11-24,79.0,
3058,1256,10/21/2024,69.0,mobile
3059,1256,13-01-2025,96.0,desktop
3060,1256,10-09-2024,86.0,desktop
3061,833,27-12-2024,43.0,tablet
3062,1256,31-05-2024,59.0,tablet
3063,1256,2024-09-07,92.0,mobile
3064,1256,06/27/2024,80.0,mobile
3065,1256,23-09-2024,37.0,desktop
3066,833,04-08-2024,100.0,tablet
3067,1256,2024-02-06,105.0,tablet
3068,1256,2024-02-13,92.0,tablet
3069,1256,22-02-2024,113.0,tablet
3070,1256,2024-02-07,63.0,desktop
3071,833,2024-01-26,40.0,mobile
3072,1256,,108.0,mobile
3073,1256,09-07-2024,6.0,tablet
3074,1256,05/13/2024,,desktop
3075,1256,22-05-2024,117.0,mobile
3076,1256,27-05-2024,47.0,tablet
3077,833,2024-02-23,66.0,mobile
3078,833,2025-01-08,67.0,mobile
3079,1256,2024-03-28,104.0,mobile
3080,1256,07-05-2024,45.0,mobile
3081,1256,12/26/2024,,mobile
3082,1256,28-01-2025,70.0,tablet
3083,1256,16-04-2024,75.0,desktop
3084,833,2024-02-23,106.0,mobile
3085,1256,09/26/2024,98.0,desktop
3086,1256,13-08-2024,95.0,desktop
3087,833,2024-11-12,78.0,tablet
3088,833,02/27/2024,120.0,mobile
3089,1256,14-01-2025,11.0,mobile
3090,1256,11-07-2024,94.0,tablet
3091,1256,04-01-2024,116.0,tablet
3092,1256,2024-11-01,85.0,desktop
3093,1256,2024-07-09,6.0,desktop
3094,1256,02/08/2024,22.0,
3095,1256,06/03/2024,46.0,mobile
3096,1256,05-10-2024,68.0,mobile
3097,833,06-05-2024,74.0,tablet
3098,1256,,5.0,mobile
3099,833,22-05-2024,79.0,desktop
3100,1256,2025-01-14,1.0,desktop
3101,762,2024-02-19,118.0,desktop
3102,1256,2024-08-16,96.0,mobile
3103,1256,10/21/2024,72.0,mobile
3104,1256,06/05/2024,69.0,desktop
3105,833,01/16/2024,14.0,tablet
3106,1256,2024-01-08,48.0,mobile
3107,833,04/29/2024,113.0,desktop
3108,1256,16-09-2024,3.0,tablet
3109,1256,04/14/2024,,
3110,1256,21-02-2024,75.0,mobile
3111,1256,2024-09-18,50.0,mobile
3112,1256,01-04-2024,10.0,tablet
3113,1256,28-04-2024,103.0,desktop
3114,1256,2024-01-30,74.0,mobile
3115,1256,09/30/2024,69.0,desktop
3116,1256,29-10-2024,52.0,desktop
3117,1256,23-06-2024,34.0,desktop
3118,833,2024-06-30,81.0,tablet
3119,1256,07/09/2024,19.0,mobile
3120,833,02/21/2024,118.0,desktop
3121,1256,2024-04-30,82.0,mobile
3122,1256,2024-08-16,67.0,mobile
3123,1256,01-08-2024,40.0,desktop
3124,1256,01-02-2024,55.0,tablet
3125,833,12/23/2024,27.0,mobile
3126,1256,2024-04-29,40.0,desktop
3127,1256,05-02-2024,21.0,mobile
3128,1256,2024-02-17,58.0,desktop
3129,833,10/29/2024,78.0,desktop
3130,1256,2024-04-22,118.0,tablet
3131,1256,2024-09-07,34.0,desktop
3132,1256,04/07/2024,60.0,desktop
3133,1256,04/27/2024,120.0,mobile
3134,1256,02/09/2024,69.0,tablet
3135,1256,,117.0,desktop
3136,762,05-09-2024,117.0,tablet
3137,1256,2024-04-18,27.0,tablet
3138,1256,02-10-2024,18.0,tablet
3139,833,2024-01-27,101.0,desktop
3140,1256,08-07-2024,14.0,desktop
3141,833,2024-09-01,45.0,tablet
3142,1256,2024-07-19,13.0,tablet
3143,1256,17-08-2024,43.0,mobile
3144,1256,06/01/2024,104.0,desktop
3145,1256,2024-09-01,82.0,tablet
3146,1256,2024-06-13,57.0,tablet
3147,1256,2024-06-17,78.0,mobile
3148,1256,2024-11-06,68.0,mobile
3149,833,04/22/2024,100.0,desktop
3150,1256,13-08-2024,63.0,mobile
3151,833,2024-03-07,8.0,mobile
3152,1256,22-03-2024,2.0,tablet
3153,1256,11/14/2024,14.0,mobile
3154,1256,04-12-2024,28.0,desktop
3155,1256,,99.0,desktop
3156,1256,22-12-2024,81.0,tablet
3157,1256,2024-10-02,9.0,desktop
3158,1256,01/20/2025,4.0,desktop
3159,1256,01/17/2025,31.0,desktop
3160,833,08/10/2024,112.0,desktop
3161,1256,16-08-2024,16.0,tablet
3162,1256,2024-10-02,2.0,mobile
3163,1256,08/16/2024,24.0,tablet
3164,1256,2024-04-04,114.0,tablet
3165,1256,2024-05-13,88.0,
3166,1256,11/21/2024,66.0,mobile
3167,833,08-07-2024,12.0,tablet
3168,1256,08/02/2024,39.0,mobile
3169,833,2024-05-23,28.0,mobile
3170,1256,2024-03-30,103.0,tablet
3171,1256,20-07-2024,99.0,tablet
3172,1256,10-06-2024,111.0,tablet
3173,1256,2024-12-13,65.0,tablet
3174,833,2024-01-13,12.0,tablet
3175,1256,11-05-2024,105.0,desktop
3176,1256,01/18/2024,110.0,mobile
3177,1256,2024-10-02,59.0,mobile
3178,833,2024-09-02,31.0,desktop
3179,1256,05/10/2024,72.0,mobile
3180,1256,07/02/2024,68.0,
3181,1256,2024-01-03,41.0,desktop
3182,833,,62.0,tablet
3183,1256,2024-01-20,50.0,tablet
3184,833,07/30/2024,104.0,desktop
3185,1256,08-05-2024,39.0,desktop
3186,1256,2024-09-27,35.0,mobile
3187,1256,10/01/2024,73.0,tablet
3188,1256,07/03/2024,31.0,mobile
3189,833,,99.0,desktop
3190,1256,09-10-2024,74.0,tablet
3191,1256,05/24/2024,45.0,mobile
3192,1256,06/10/2024,113.0,tablet
3193,1256,2024-02-12,32.0,desktop
3194,833,12/22/2024,,desktop
3195,1256,2025-01-13,38.0,desktop
3196,1256,2024-09-16,26.0,tablet
3197,1256,02/24/2024,7.0,tablet
3198,1256,14-12-2024,35.0,mobile
3199,833,12-10-2024,109.0,tablet
3200,1256,10/16/2024,64.0,tablet
3201,1256,2024-06-06,28.0,desktop
3202,1256,01/12/2024,107.0,mobile
3203,1256,02/06/2024,120.0,tablet
3204,833,11/19/2024,73.0,mobile
3205,1256,09/03/2024,53.0,tablet
3206,1256,04-01-2025,85.0,mobile
3207,1256,2024-04-06,118.0,desktop
3208,1256,2024-12-19,116.0,mobile
3209,833,21-03-2024,118.0,tablet
3210,1256,10/25/2024,78.0,mobile
3211,1256,2024-01-30,30.0,desktop
3212,1256,2024-07-11,,desktop
3213,833,05/10/2024,6.0,mobile
3214,1256,10/30/2024,43.0,tablet
3215,1256,24-01-2025,8.0,desktop
3216,1256,2025-01-23,82.0,mobile
3217,1256,2024-06-06,88.0,desktop
3218,833,2024-10-04,16.0,mobile
3219,833,2025-01-30,16.0,desktop
3220,833,05/03/2024,115.0,mobile
3221,1256,19-05-2024,13.0,mobile
3222,1256,05/22/2024,83.0,mobile
3223,1256,31-10-2024,88.0,mobile
3224,1256,10/23/2024,43.0,mobile
3225,1256,15-06-2024,98.0,desktop
3226,833,05/16/2024,32.0,desktop
3227,833,10/21/2024,71.0,desktop
3228,833,,116.0,mobile
3229,1256,,10.0,tablet
3230,1256,07/15/2024,57.0,desktop
3231,1256,10/05/2024,12.0,mobile
3232,1256,30-04-2024,33.0,mobile
3233,1256,01/18/2025,58.0,
3234,1256,09/14/2024,112.0,tablet
3235,1256,11/25/2024,74.0,mobile
3236,1256,09/01/2024,33.0,desktop
3237,1256,12/10/2024,79.0,mobile
3238,1256,10-05-2024,108.0,tablet
3239,833,04/15/2024,111.0,tablet
3240,1256,2024-06-13,99.0,mobile
3241,833,03/16/2024,3.0,desktop
3242,1256,21-02-2024,108.0,tablet
3243,1256,2024-08-04,95.0,
3244,1256,10/19/2024,34.0,desktop
3245,1256,08/10/2024,99.0,tablet
3246,1256,12/21/2024,95.0,desktop
3247,1256,20-12-2024,40.0,tablet
3248,1256,02-03-2024,22.0,desktop
3249,1256,2024-07-05,,mobile
3250,1256,2024-05-09,108.0,desktop
3251,1256,02-12-2024,94.0,desktop
3252,1256,02/27/2024,111.0,tablet
3253,1256,10/23/2024,16.0,mobile
3254,1256,08-01-2024,103.0,mobile
3255,833,08/03/2024,119.0,tablet
3256,833,2024-02-29,94.0,mobile
3257,1256,11/30/2024,116.0,
3258,1256,18-04-2024,36.0,
3259,1256,12/09/2024,16.0,desktop
3260,1256,12/04/2024,90.0,desktop
3261,1256,08/16/2024,1.0,
3262,1256,02/26/2024,96.0,desktop
3263,833,08/18/2024,50.0,desktop
3264,1256,2024-01-29,23.0,mobile
3265,1256,2025-01-18,82.0,tablet
3266,1256,07/03/2024,12.0,tablet
3267,1256,11-05-2024,12.0,tablet
3268,1256,23-11-2024,37.0,desktop
3269,1256,10/02/2024,11.0,desktop
3270,1256,2024-06-14,78.0,desktop
3271,1256,2024-11-18,60.0,desktop
3272,1256,16-05-2024,82.0,desktop
3273,1256,07/01/2024,34.0,tablet
3274,1256,29-12-2024,42.0,tablet
3275,1256,18-07-2024,115.0,mobile
3276,1256,05/03/2024,97.0,tablet
3277,1256,2024-04-04,35.0,desktop
3278,1256,2024-06-19,76.0,mobile
3279,1256,2024-06-23,3.0,tablet
3280,1256,12/17/2024,15.0,tablet
3281,1256,01/10/2025,52.0,desktop
3282,1256,16-11-2024,62.0,mobile
3283,1256,03/14/2024,61.0,tablet
3284,1256,16-06-2024,77.0,desktop
3285,1256,10/11/2024,72.0,tablet
3286,1256,02-01-2025,41.0,
3287,1256,2024-05-19,74.0,tablet
3288,1256,11/26/2024,72.0,desktop
3289,1256,2024-01-12,119.0,desktop
3290,833,04-08-2024,90.0,tablet
3291,1256,2024-11-21,47.0,tablet
3292,1256,10-08-2024,59.0,desktop
3293,1256,15-05-2024,88.0,mobile
3294,833,29-01-2025,36.0,desktop
3295,1256,2024-05-26,43.0,desktop
3296,1256,2024-01-24,82.0,desktop
3297,1256,11/04/2024,111.0,mobile
3298,833,08/09/2024,82.0,tablet
3299,1256,09/10/2024,59.0,tablet
3300,833,2024-05-11,87.0,desktop
3301,1256,02/24/2024,,mobile
3302,1256,2024-10-15,98.0,desktop
3303,1256,2024-07-18,57.0,desktop
3304,1256,07-08-2024,87.0,tablet
3305,1256,12/17/2024,51.0,mobile
3306,833,24-06-2024,,tablet
3307,1256,2024-01-19,102.0,desktop
3308,1256,02/07/2024,92.0,desktop
3309,1256,31-08-2024,11.0,desktop
3310,1256,15-11-2024,3.0,mobile
3311,1256,01/28/2024,25.0,tablet
3312,1256,11-01-2024,75.0,tablet
3313,833,20-04-2024,105.0,mobile
3314,1256,12-01-2025,97.0,tablet
3315,833,,30.0,desktop
3316,1256,01/29/2025,109.0,mobile
3317,833,04/01/2024,63.0,tablet
3318,1256,2025-01-01,117.0,mobile
3319,1256,22-05-2024,64.0,desktop
3320,1256,2024-10-09,,desktop
3321,1256,13-07-2024,18.0,tablet
3322,1256,29-06-2024,,tablet
3323,1256,01-03-2024,34.0,mobile
3324,1256,10/20/2024,103.0,mobile
3325,1256,2024-05-14,103.0,desktop
3326,1256,24-02-2024,118.0,tablet
3327,1256,24-08-2024,95.0,desktop
3328,1256,05/14/2024,15.0,desktop
3329,1256,10/29/2024,49.0,mobile
3330,1256,12-02-2024,85.0,desktop
3331,1256,2024-04-06,73.0,mobile
3332,1256,2025-01-18,27.0,desktop
3333,1256,11/04/2024,4.0,desktop
3334,1256,12/14/2024,12.0,desktop
3335,1256,2024-05-09,76.0,desktop
3336,1256,2024-05-28,89.0,mobile
3337,833,16-04-2024,46.0,tablet
3338,1256,12-12-2024,98.0,mobile
3339,1256,2024-05-26,66.0,desktop
3340,1256,06/02/2024,34.0,desktop
3341,1256,01/03/2025,33.0,desktop
3342,762,17-11-2024,118.0,tablet
3343,1256,2024-06-15,55.0,mobile
3344,1256,05-01-2024,116.0,tablet
3345,1256,08/17/2024,86.0,tablet
3346,1256,2024-12-16,105.0,desktop
3347,1256,2024-10-21,79.0,desktop
3348,1256,2024-07-24,117.0,mobile
3349,1256,06/17/2024,112.0,tablet
3350,1256,08/05/2024,17.0,mobile
3351,833,03/15/2024,,
3352,1256,01-12-2024,20.0,
3353,1256,31-01-2025,93.0,desktop
3354,833,12/19/2024,92.0,desktop
3355,833,12-10-2024,118.0,mobile
3356,1256,12/28/2024,105.0,mobile
3357,1256,03-05-2024,118.0,tablet
3358,833,06-12-2024,52.0,mobile
3359,1256,17-05-2024,26.0,tablet
3360,1256,28-03-2024,120.0,mobile
3361,833,2024-08-14,55.0,tablet
3362,1256,09/02/2024,2.0,desktop
3363,1256,10/02/2024,9.0,mobile
3364,1256,2024-02-12,,mobile
3365,1256,08/14/2024,16.0,tablet
3366,1256,25-03-2024,116.0,mobile
3367,1256,11/13/2024,24.0,desktop
3368,833,01/18/2025,19.0,
3369,1256,06/11/2024,100.0,desktop
3370,1256,06-12-2024,94.0,tablet
3371,1256,01/10/2024,9.0,desktop
3372,833,,110.0,mobile
3373,833,01/05/2024,62.0,mobile
3374,1256,2024-10-17,108.0,desktop
3375,833,02/01/2025,64.0,desktop
3376,833,2024-12-18,25.0,tablet
3377,833,04/02/2024,74.0,mobile
3378,1256,2024-09-27,71.0,mobile
3379,833,2024-07-21,3.0,mobile
3380,833,2024-06-11,86.0,mobile
3381,1256,04/17/2024,39.0,tablet
3382,833,02-02-2024,27.0,desktop
3383,1256,28-02-2024,36.0,mobile
3384,1256,06/03/2024,16.0,mobile
3385,1256,2024-04-25,78.0,
3386,1256,2024-09-01,105.0,tablet
3387,1256,05-01-2025,115.0,mobile
3388,1256,06-12-2024,109.0,desktop
3389,1256,2024-10-17,86.0,mobile
3390,1256,08/18/2024,,tablet
3391,1256,01/15/2024,47.0,tablet
3392,1256,2024-01-04,119.0,mobile
3393,1256,27-12-2024,75.0,
3394,1256,2024-08-15,25.0,desktop
3395,1256,30-04-2024,28.0,tablet
3396,833,20-11-2024,40.0,mobile
3397,1256,2024-01-03,108.0,desktop
3398,1256,28-05-2024,2.0,desktop
3399,833,2024-03-21,116.0,tablet
3400,1256,09-10-2024,65.0,mobile
3401,1256,22-03-2024,99.0,tablet
3402,1256,2024-05-13,24.0,mobile
3403,833,2024-07-31,67.0,desktop
3404,1256,07/14/2024,113.0,mobile
3405,833,20-12-2024,38.0,mobile
3406,1256,2024-07-25,,mobile
3407,833,11/28/2024,90.0,mobile
3408,1256,2024-05-18,54.0,tablet
3409,1256,2025-01-04,37.0,tablet
3410,1256,2024-08-29,106.0,desktop
3411,1256,12-10-2024,95.0,mobile
3412,1256,01/17/2024,32.0,desktop
3413,1256,02/12/2024,90.0,mobile
3414,1256,05-02-2024,30.0,tablet
3415,1256,16-06-2024,54.0,mobile
3416,1256,11/17/2024,71.0,desktop
3417,1256,03/18/2024,26.0,mobile
3418,1256,2025-02-03,46.0,mobile
3419,1256,12/25/2024,63.0,tablet
3420,1256,01/22/2025,57.0,mobile
3421,833,11/06/2024,59.0,desktop
3422,1256,06/16/2024,50.0,desktop
3423,1256,06/19/2024,89.0,tablet
3424,1256,08/29/2024,5.0,tablet
3425,1256,,44.0,tablet
3426,1256,04/01/2024,49.0,desktop
3427,1256,2024-05-13,,tablet
3428,1256,14-05-2024,113.0,mobile
3429,1256,09/13/2024,63.0,mobile
3430,1256,03-02-2025,48.0,desktop
3431,1256,06/21/2024,7.0,tablet
3432,833,13-01-2025,,mobile
3433,1256,02/01/2025,61.0,mobile
3434,1256,02/29/2024,111.0,desktop
3435,833,02/19/2024,18.0,desktop
3436,1256,2024-10-11,68.0,desktop
3437,1256,10/17/2024,79.0,tablet
3438,1256,06/18/2024,16.0,tablet
3439,1256,22-01-2024,83.0,mobile
3440,1256,08-09-2024,73.0,tablet
3441,1256,2024-06-15,79.0,desktop
3442,1256,01/10/2025,85.0,mobile
3443,1256,06/02/2024,102.0,desktop
3444,1256,11/15/2024,73.0,desktop
3445,833,01/18/2025,19.0,mobile
3446,1256,2024-11-18,1.0,tablet
3447,1256,01-02-2024,111.0,desktop
3448,1256,2024-01-23,81.0,tablet
3449,1256,2024-03-04,70.0,mobile
3450,1256,19-09-2024,15.0,tablet
3451,1256,2025-01-29,51.0,desktop
3452,1256,09-05-2024,42.0,mobile
3453,1256,2024-08-15,49.0,desktop
3454,833,2024-05-10,21.0,
3455,1256,15-10-2024,55.0,desktop
3456,1256,2024-05-30,61.0,tablet
3457,1256,01/03/2024,119.0,mobile
3458,1256,03-12-2024,85.0,tablet
3459,833,2024-11-30,11.0,tablet
3460,1256,2024-09-30,51.0,mobile
3461,833,04/22/2024,87.0,desktop
3462,833,2024-08-29,56.0,desktop
3463,1256,25-04-2024,106.0,mobile
3464,1256,08/27/2024,13.0,mobile
3465,1256,23-02-2024,30.0,desktop
3466,1256,2024-05-08,61.0,tablet
3467,1256,02/12/2024,72.0,mobile
3468,1256,09/10/2024,16.0,tablet
3469,1256,,59.0,tablet
3470,1256,08/22/2024,,desktop
3471,1256,26-02-2024,62.0,tablet
3472,1256,2024-01-04,,
3473,1256,30-08-2024,2.0,mobile
3474,1256,09/16/2024,112.0,mobile
3475,1256,07/04/2024,72.0,tablet
3476,1256,28-09-2024,37.0,tablet
3477,1256,09/04/2024,73.0,tablet
3478,1256,08/09/2024,115.0,mobile
3479,1256,2024-12-18,43.0,tablet
3480,1256,2024-03-22,41.0,tablet
3481,1256,04/29/2024,49.0,tablet
3482,1256,03/01/2024,56.0,desktop
3483,833,21-11-2024,90.0,tablet
3484,1256,02/26/2024,,tablet
3485,1256,31-03-2024,46.0,mobile
3486,1256,05-09-2024,101.0,tablet
3487,1256,08/04/2024,80.0,mobile
3488,1256,23-05-2024,,mobile
3489,1256,25-09-2024,,mobile
3490,1256,28-03-2024,106.0,tablet
3491,762,25-06-2024,97.0,mobile
3492,1256,05/17/2024,82.0,desktop
3493,833,11/17/2024,35.0,mobile
3494,1256,30-09-2024,27.0,tablet
3495,1256,,71.0,mobile
3496,1256,2025-01-31,97.0,mobile
3497,1256,2024-07-26,4.0,desktop
3498,1256,04/20/2024,6.0,tablet
3499,1256,08-01-2024,76.0,desktop
3500,1256,03/17/2024,100.0,mobile
3501,1256,2024-12-02,103.0,mobile
3502,1256,25-07-2024,73.0,desktop
3503,1256,25-01-2024,34.0,desktop
3504,1256,2025-01-02,29.0,tablet
3505,833,04/25/2024,21.0,mobile
3506,833,11/12/2024,64.0,tablet
3507,833,2024-11-14,67.0,mobile
3508,1256,07/19/2024,12.0,desktop
3509,1256,2025-01-20,84.0,tablet
3510,1256,2024-07-30,53.0,tablet
3511,1256,07/26/2024,13.0,tablet
3512,1256,22-07-2024,63.0,tablet
3513,1256,2024-01-28,47.0,tablet
3514,1256,05/04/2024,116.0,desktop
3515,1256,2024-04-06,110.0,tablet
3516,833,2024-11-12,27.0,desktop
3517,1256,05/21/2024,36.0,mobile
3518,1256,2024-10-08,85.0,desktop
3519,1256,2024-05-17,51.0,desktop
3520,1256,10/13/2024,14.0,mobile
3521,1256,28-11-2024,119.0,tablet
3522,1256,19-02-2024,34.0,mobile
3523,1256,11/21/2024,,mobile
3524,1256,2025-01-21,120.0,desktop
3525,1256,2024-11-23,114.0,mobile
3526,1256,14-06-2024,60.0,tablet
3527,1256,2024-05-27,57.0,tablet
3528,1256,21-01-2025,48.0,tablet
3529,1256,2024-01-14,37.0,desktop
3530,1256,2024-02-01,19.0,tablet
3531,1256,09-06-2024,33.0,desktop
3532,1256,01-01-2024,57.0,desktop
3533,1256,22-12-2024,55.0,tablet
3534,1256,01/20/2024,76.0,tablet
3535,833,2024-12-15,88.0,tablet
3536,1256,2024-11-15,19.0,desktop
3537,1256,27-08-2024,,mobile
3538,1256,11/21/2024,5.0,tablet
3539,1256,2024-05-04,56.0,desktop
3540,833,2024-01-08,35.0,mobile
3541,1256,28-09-2024,10.0,mobile
3542,1256,,2.0,mobile
3543,1256,08/05/2024,13.0,desktop
3544,1256,2024-04-06,101.0,desktop
3545,1256,2025-01-28,73.0,mobile
3546,833,2024-11-18,60.0,tablet
3547,833,01-03-2024,104.0,mobile
3548,1256,06/16/2024,118.0,tablet
3549,1256,2024-09-03,21.0,tablet
3550,833,2024-09-17,,desktop
3551,1256,04/02/2024,84.0,mobile
3552,833,2024-07-14,,desktop
3553,833,09/13/2024,82.0,mobile
3554,1256,2024-08-15,97.0,mobile
3555,833,2024-04-24,22.0,tablet
3556,1256,,,mobile
3557,833,10/01/2024,17.0,tablet
3558,1256,2024-07-08,55.0,desktop
3559,1256,2024-06-17,91.0,tablet
3560,1256,2024-02-11,120.0,desktop
3561,833,10-10-2024,36.0,tablet
3562,1256,01/24/2025,,tablet
3563,1256,,109.0,mobile
3564,833,16-04-2024,77.0,desktop
3565,1256,02-03-2024,117.0,mobile
3566,1256,14-02-2024,45.0,desktop
3567,1256,,58.0,desktop
3568,1256,2024-05-28,8.0,tablet
3569,1256,2024-12-31,116.0,tablet
3570,1256,2024-11-19,13.0,desktop
3571,1256,01/11/2025,65.0,mobile
3572,1256,07-08-2024,54.0,tablet
3573,1256,2024-04-18,40.0,desktop
3574,833,03/19/2024,82.0,mobile
3575,833,2024-11-15,66.0,tablet
3576,1256,14-07-2024,103.0,tablet
3577,1256,10/25/2024,41.0,desktop
3578,1256,09/18/2024,38.0,mobile
3579,1256,2024-04-13,,
3580,1256,18-03-2024,,tablet
3581,1256,14-04-2024,24.0,tablet
3582,1256,01/27/2024,97.0,mobile
3583,1256,2024-07-29,95.0,tablet
3584,1256,03/17/2024,58.0,tablet
3585,833,2024-03-04,117.0,desktop
3586,833,11/08/2024,77.0,tablet
3587,1256,11-03-2024,,mobile
3588,1256,05-02-2024,22.0,desktop
3589,833,08/08/2024,96.0,desktop
3590,1256,04/07/2024,92.0,mobile
3591,1256,08/06/2024,68.0,mobile
3592,1256,2024-04-09,82.0,mobile
3593,1256,01/13/2025,33.0,
3594,762,11/01/2024,28.0,desktop
3595,833,03-08-2024,41.0,desktop
3596,1256,2024-07-07,113.0,desktop
3597,1256,10/25/2024,9.0,tablet
3598,1256,05/30/2024,91.0,mobile
3599,833,2024-11-30,44.0,desktop
3600,1256,12-11-2024,94.0,tablet
3601,1256,2024-07-29,76.0,mobile
3602,1256,2024-12-10,52.0,tablet
3603,1256,01/05/2024,26.0,desktop
3604,1256,2024-04-17,,mobile
3605,1256,20-12-2024,106.0,tablet
3606,1256,2025-01-23,24.0,tablet
3607,1256,10/18/2024,113.0,desktop
3608,1256,,83.0,mobile
3609,1256,14-01-2024,113.0,mobile
3610,1256,2024-12-03,18.0,tablet
3611,1256,2024-05-12,100.0,tablet
3612,1256,,96.0,tablet
3613,1256,31-01-2025,22.0,desktop
3614,1256,07/13/2024,111.0,mobile
3615,833,2024-08-27,94.0,mobile
3616,1256,2024-11-29,24.0,tablet
3617,1256,2025-01-12,57.0,mobile
3618,1256,01-09-2024,49.0,tablet
3619,1256,08/02/2024,100.0,mobile
3620,1256,2024-09-14,10.0,desktop
3621,1256,2024-09-05,107.0,desktop
3622,1256,11-10-2024,10.0,tablet
3623,1256,2024-03-16,30.0,desktop
3624,1256,23-01-2024,35.0,mobile
3625,833,17-02-2024,22.0,
3626,1256,24-10-2024,,tablet
3627,1256,08/25/2024,30.0,tablet
3628,1256,12/17/2024,3.0,mobile
3629,1256,25-09-2024,89.0,mobile
3630,1256,2024-03-11,3.0,desktop
3631,1256,,69.0,desktop
3632,1256,16-11-2024,1.0,tablet
3633,1256,2024-07-30,27.0,mobile
3634,1256,27-09-2024,80.0,tablet
3635,1256,28-11-2024,91.0,desktop
3636,1256,04-08-2024,9.0,mobile
3637,833,2024-07-17,51.0,mobile
3638,1256,,20.0,mobile
3639,1256,23-07-2024,40.0,desktop
3640,833,2024-09-25,118.0,tablet
3641,1256,03/22/2024,,tablet
3642,1256,08-06-2024,107.0,desktop
3643,1256,2024-07-08,63.0,
3644,833,05/16/2024,56.0,mobile
3645,1256,01/12/2024,61.0,tablet
3646,833,08-02-2024,111.0,tablet
3647,833,2024-03-09,113.0,tablet
3648,833,21-02-2024,,mobile
3649,1256,21-08-2024,29.0,desktop
3650,833,2024-04-21,68.0,mobile
3651,833,01-02-2024,15.0,desktop
3652,833,13-10-2024,112.0,tablet
3653,1256,,,tablet
3654,1256,26-06-2024,,desktop
3655,833,09/28/2024,90.0,
3656,1256,01/23/2024,94.0,tablet
3657,1256,2024-09-30,77.0,desktop
3658,833,08/01/2024,87.0,tablet
3659,833,12/20/2024,11.0,mobile
3660,833,2024-11-20,74.0,mobile
3661,1256,2024-04-03,118.0,mobile
3662,1256,09-12-2024,,tablet
3663,1256,04-08-2024,117.0,mobile
3664,833,01/07/2025,32.0,tablet
3665,1256,12-06-2024,42.0,tablet
3666,1256,10/22/2024,41.0,tablet
3667,1256,2024-06-04,49.0,mobile
3668,1256,09/28/2024,53.0,tablet
3669,1256,05-01-2024,26.0,tablet
3670,1256,2024-09-25,90.0,desktop
3671,1256,11/24/2024,109.0,tablet
3672,1256,05/03/2024,41.0,mobile
3673,833,02-08-2024,59.0,desktop
3674,1256,26-09-2024,69.0,tablet
3675,1256,2024-05-27,30.0,tablet
3676,1256,06/12/2024,6.0,mobile
3677,833,2024-11-21,68.0,desktop
3678,1256,01/10/2025,112.0,mobile
3679,1256,02/09/2024,96.0,desktop
3680,1256,03/02/2024,65.0,mobile
3681,1256,2024-07-17,22.0,mobile
3682,833,31-10-2024,27.0,desktop
3683,1256,01/04/2025,96.0,desktop
3684,1256,02/26/2024,120.0,mobile
3685,1256,03/22/2024,72.0,mobile
3686,1256,01/20/2024,112.0,mobile
3687,1256,11/11/2024,96.0,mobile
3688,1256,2024-03-10,40.0,tablet
3689,1256,01/08/2024,50.0,mobile
3690,1256,01/01/2025,118.0,mobile
3691,1256,2024-01-07,19.0,
3692,1256,08/17/2024,61.0,mobile
3693,1256,2024-07-16,7.0,mobile
3694,1256,10-11-2024,37.0,tablet
3695,833,12/05/2024,107.0,tablet
3696,1256,24-06-2024,,desktop
3697,833,24-06-2024,87.0,mobile
3698,1256,03/17/2024,84.0,tablet
3699,1256,08/04/2024,6.0,desktop
3700,1256,2024-11-08,95.0,
3701,1256,01/29/2024,73.0,
3702,1256,01/02/2025,100.0,desktop
3703,1256,2024-05-18,20.0,tablet
3704,1256,2024-01-13,31.0,mobile
3705,1256,01/31/2025,19.0,mobile
3706,1256,2024-09-21,40.0,
3707,1256,29-04-2024,105.0,tablet
3708,833,02-10-2024,120.0,desktop
3709,1256,01-05-2024,13.0,mobile
3710,1256,13-04-2024,39.0,mobile
3711,1256,06-11-2024,62.0,desktop
3712,1256,03/20/2024,64.0,mobile
3713,1256,05/09/2024,117.0,tablet
3714,1256,01/13/2025,66.0,desktop
3715,1256,07/30/2024,41.0,tablet
3716,1256,2024-01-31,47.0,tablet
3717,1256,07/09/2024,106.0,tablet
3718,1256,2024-10-10,,desktop
3719,1256,2024-06-08,18.0,mobile
3720,1256,10-02-2024,31.0,tablet
3721,1256,30-01-2025,39.0,mobile
3722,1256,03/15/2024,32.0,mobile
3723,1256,2024-07-06,39.0,tablet
3724,1256,2024-01-17,54.0,desktop
3725,833,03/17/2024,47.0,
3726,1256,05/26/2024,6.0,desktop
3727,1256,19-01-2024,37.0,desktop
3728,1256,02/08/2024,46.0,mobile
3729,1256,19-01-2024,32.0,tablet
3730,1256,2024-02-12,32.0,mobile
3731,1256,02/24/2024,115.0,mobile
3732,833,06-12-2024,48.0,
3733,1256,06/07/2024,32.0,mobile
3734,1256,2025-01-03,69.0,mobile
3735,762,02/19/2024,107.0,tablet
3736,833,05/17/2024,82.0,mobile
3737,833,01/11/2025,101.0,desktop
3738,1256,23-01-2025,39.0,desktop
3739,1256,03-01-2024,69.0,desktop
3740,1256,2024-12-31,86.0,mobile
3741,833,11-12-2024,100.0,desktop
3742,833,22-08-2024,83.0,desktop
3743,1256,2024-04-11,112.0,mobile
3744,1256,2024-04-11,38.0,desktop
3745,1256,07/22/2024,59.0,mobile
3746,1256,23-07-2024,97.0,tablet
3747,1256,24-01-2024,62.0,mobile
3748,1256,17-11-2024,64.0,tablet
3749,1256,2024-07-25,23.0,tablet
3750,1256,2024-09-10,100.0,
3751,833,2024-05-09,7.0,desktop
3752,1256,2024-07-02,10.0,tablet
3753,1256,07/27/2024,98.0,tablet
3754,1256,08/22/2024,23.0,mobile
3755,1256,2024-05-11,41.0,tablet
3756,833,21-10-2024,35.0,tablet
3757,833,12/09/2024,1.0,tablet
3758,1256,08-08-2024,115.0,desktop
3759,1256,2024-07-01,14.0,tablet
3760,1256,04/08/2024,72.0,
3761,1256,08-09-2024,57.0,desktop
3762,1256,2024-02-10,39.0,mobile
3763,1256,2024-01-08,45.0,desktop
3764,1256,24-12-2024,7.0,tablet
3765,1256,08-04-2024,72.0,mobile
3766,833,08-10-2024,18.0,tablet
3767,1256,06/24/2024,118.0,desktop
3768,1256,10/14/2024,94.0,desktop
3769,1256,15-10-2024,61.0,desktop
3770,1256,13-05-2024,43.0,mobile
3771,1256,06/25/2024,73.0,tablet
3772,1256,28-09-2024,59.0,mobile
3773,762,2024-03-25,43.0,desktop
3774,1256,02/20/2024,21.0,tablet
3775,833,20-05-2024,31.0,desktop
3776,833,2024-12-03,22.0,tablet
3777,1256,09-03-2024,96.0,desktop
3778,833,22-08-2024,107.0,mobile
3779,833,11/25/2024,88.0,tablet
3780,1256,01-02-2025,,desktop
3781,1256,30-10-2024,60.0,tablet
3782,1256,12/13/2024,109.0,mobile
3783,1256,12-09-2024,45.0,mobile
3784,1256,24-05-2024,48.0,mobile
3785,1256,08/29/2024,29.0,desktop
3786,1256,21-11-2024,40.0,desktop
3787,1256,01/03/2025,74.0,
3788,762,2024-09-03,99.0,desktop
3789,1256,13-01-2025,58.0,desktop
3790,1256,01/31/2025,116.0,mobile
3791,1256,01/06/2024,87.0,desktop
3792,1256,2024-12-03,116.0,tablet
3793,833,,14.0,mobile
3794,1256,14-08-2024,41.0,tablet
3795,1256,29-03-2024,15.0,desktop
3796,1256,23-10-2024,61.0,tablet
3797,833,13-07-2024,34.0,desktop
3798,1256,2024-03-03,106.0,
3799,1256,08/04/2024,56.0,tablet
3800,762,11/05/2024,23.0,mobile
3801,1256,2024-01-26,84.0,mobile
3802,833,2024-10-30,23.0,tablet
3803,1256,,35.0,tablet
3804,1256,28-08-2024,40.0,mobile
3805,1256,02/15/2024,69.0,mobile
3806,1256,27-09-2024,30.0,mobile
3807,1256,15-05-2024,35.0,mobile
3808,1256,07/12/2024,57.0,desktop
3809,1256,2024-11-29,35.0,desktop
3810,1256,04/24/2024,60.0,tablet
3811,1256,05/15/2024,17.0,tablet
3812,1256,27-08-2024,84.0,mobile
3813,1256,,111.0,mobile
3814,1256,31-07-2024,,mobile
3815,833,2025-01-10,96.0,mobile
3816,1256,08-11-2024,77.0,
3817,1256,06/14/2024,22.0,tablet
3818,1256,12/01/2024,13.0,tablet
3819,1256,2024-11-13,80.0,desktop
3820,1256,17-04-2024,83.0,desktop
3821,1256,2024-03-04,20.0,tablet
3822,1256,07-02-2024,28.0,mobile
3823,1256,2024-02-06,,desktop
3824,1256,2024-11-22,84.0,tablet
3825,1256,03-12-2024,14.0,desktop
3826,1256,05/11/2024,21.0,desktop
3827,833,10-10-2024,74.0,desktop
3828,1256,01/27/2025,62.0,tablet
3829,1256,2024-08-21,75.0,desktop
3830,1256,2024-07-08,116.0,tablet
3831,1256,11/14/2024,35.0,tablet
3832,1256,2025-01-04,22.0,tablet
3833,1256,03/07/2024,47.0,tablet
3834,1256,04/04/2024,69.0,mobile
3835,1256,10-05-2024,103.0,mobile
3836,833,2025-01-25,114.0,mobile
3837,1256,06/20/2024,,tablet
3838,1256,01/28/2025,18.0,mobile
3839,1256,01/27/2024,76.0,tablet
3840,833,01/21/2024,104.0,mobile
3841,1256,15-01-2025,19.0,mobile
3842,1256,05-11-2024,35.0,tablet
3843,1256,12/05/2024,10.0,tablet
3844,1256,2024-11-29,12.0,tablet
3845,1256,11/14/2024,18.0,mobile
3846,1256,04/09/2024,33.0,desktop
3847,1256,25-02-2024,51.0,desktop
3848,1256,05/21/2024,,desktop
3849,1256,13-12-2024,73.0,mobile
3850,1256,24-04-2024,,tablet
3851,1256,19-08-2024,13.0,desktop
3852,1256,19-03-2024,67.0,tablet
3853,1256,16-03-2024,12.0,mobile
3854,1256,02/21/2024,30.0,mobile
3855,1256,2024-06-29,27.0,desktop
3856,1256,05-01-2025,29.0,tablet
3857,1256,09/03/2024,58.0,
3858,1256,05-10-2024,14.0,mobile
3859,1256,02/20/2024,74.0,mobile
3860,1256,2025-01-11,,
3861,1256,2024-04-14,96.0,mobile
3862,1256,16-08-2024,64.0,desktop
3863,1256,2024-04-26,15.0,mobile
3864,833,19-04-2024,11.0,desktop
3865,1256,09/10/2024,50.0,desktop
3866,1256,02-02-2024,,mobile
3867,1256,2025-01-18,61.0,mobile
3868,762,07/13/2024,69.0,mobile
3869,1256,2024-03-13,111.0,mobile
3870,1256,2024-01-11,93.0,tablet
3871,1256,09/27/2024,47.0,mobile
3872,833,08-11-2024,91.0,tablet
3873,1256,24-09-2024,5.0,desktop
3874,762,2024-08-25,4.0,desktop
3875,1256,2024-06-28,87.0,tablet
3876,1256,2024-06-15,107.0,tablet
3877,1256,2024-11-29,113.0,tablet
3878,1256,2024-08-03,26.0,desktop
3879,1256,2024-12-24,10.0,mobile
3880,1256,04/20/2024,4.0,tablet
3881,1256,15-07-2024,114.0,desktop
3882,1256,08-01-2025,66.0,mobile
3883,1256,21-10-2024,77.0,tablet
3884,1256,09/11/2024,53.0,tablet
3885,833,2024-07-16,39.0,desktop
3886,1256,20-09-2024,,tablet
3887,1256,2024-06-11,49.0,mobile
3888,1256,01/17/2025,53.0,desktop
3889,1256,2024-05-13,93.0,tablet
3890,1256,09-03-2024,,
3891,1256,,65.0,mobile
3892,1256,2024-11-04,80.0,mobile
3893,1256,07-06-2024,,desktop
3894,1256,30-11-2024,15.0,mobile
3895,1256,2025-02-04,2.0,desktop
3896,1256,10/16/2024,78.0,desktop
3897,1256,10-06-2024,,tablet
3898,1256,23-01-2025,52.0,tablet
3899,1256,11/20/2024,50.0,desktop
3900,1256,10/10/2024,115.0,mobile
3901,1256,,8.0,mobile
3902,1256,2025-01-01,47.0,desktop
3903,833,16-08-2024,19.0,tablet
3904,1256,06/30/2024,44.0,mobile
3905,1256,27-04-2024,67.0,tablet
3906,1256,09/27/2024,12.0,desktop
3907,833,,79.0,tablet
3908,1256,13-06-2024,,desktop
3909,1256,2024-10-04,65.0,tablet
3910,1256,2024-11-26,41.0,mobile
3911,1256,2024-04-08,13.0,mobile
3912,1256,08/10/2024,114.0,tablet
3913,1256,01/10/2024,111.0,desktop
3914,833,02/23/2024,104.0,desktop
3915,1256,01/14/2025,42.0,mobile
3916,1256,09-02-2024,103.0,mobile
3917,1256,25-07-2024,107.0,desktop
3918,1256,2024-07-11,30.0,tablet
3919,1256,01/03/2025,,tablet
3920,1256,2024-05-18,25.0,tablet
3921,1256,2024-01-01,94.0,mobile
3922,1256,,45.0,tablet
3923,762,11/30/2024,76.0,tablet
3924,1256,12-07-2024,112.0,
3925,1256,07/08/2024,35.0,tablet
3926,833,01/29/2025,52.0,desktop
3927,833,2024-08-22,95.0,desktop
3928,1256,28-10-2024,86.0,mobile
3929,833,2024-06-03,103.0,desktop
3930,1256,2024-06-21,69.0,desktop
3931,4047,15-06-2024,46.0,desktop
3932,1256,,58.0,tablet
3933,1256,2025-01-06,1.0,mobile
3934,1256,28-01-2024,61.0,tablet
3935,833,06-08-2024,79.0,mobile
3936,1256,08-06-2024,50.0,tablet
3937,1256,01/12/2024,78.0,mobile
3938,1256,07/11/2024,,tablet
3939,1256,2024-08-24,36.0,tablet
3940,1256,01/07/2024,,desktop
3941,1256,2024-05-31,13.0,desktop
3942,1256,01/01/2024,74.0,tablet
3943,1256,05-02-2024,102.0,tablet
3944,1256,2024-08-01,102.0,mobile
3945,1256,01-02-2024,52.0,desktop
3946,833,2024-07-12,100.0,tablet
3947,1256,01/29/2024,103.0,desktop
3948,1256,01/26/2024,106.0,desktop
3949,833,22-07-2024,107.0,desktop
3950,1256,08/09/2024,30.0,mobile
3951,1256,2024-10-22,69.0,desktop
3952,1256,03/02/2024,63.0,tablet
3953,1256,20-10-2024,81.0,desktop
3954,1256,08/28/2024,61.0,desktop
3955,1256,2024-12-11,68.0,mobile
3956,833,10/21/2024,83.0,
3957,1256,17-01-2024,114.0,tablet
3958,1256,17-07-2024,76.0,desktop
3959,1256,08/24/2024,93.0,mobile
3960,1256,2024-02-05,,mobile
3961,833,2024-09-18,65.0,desktop
3962,1256,,8.0,desktop
3963,1256,07-09-2024,87.0,tablet
3964,1256,12/30/2024,,tablet
3965,1256,15-10-2024,65.0,tablet
3966,1256,2024-09-15,85.0,
3967,833,04/20/2024,83.0,desktop
3968,762,25-07-2024,20.0,desktop
3969,1256,02-10-2024,15.0,tablet
3970,1256,03/31/2024,44.0,mobile
3971,1256,2024-09-14,6.0,tablet
3972,833,2024-04-29,15.0,tablet
3973,1256,19-01-2024,47.0,tablet
3974,833,02/03/2024,66.0,tablet
3975,1256,19-06-2024,8.0,desktop
3976,1256,2024-01-09,68.0,mobile
3977,833,2024-04-09,13.0,tablet
3978,1256,18-03-2024,33.0,tablet
3979,1256,02/03/2024,99.0,tablet
3980,1256,26-01-2025,99.0,mobile
3981,833,02/03/2024,77.0,tablet
3982,1256,,86.0,mobile
3983,1256,2024-09-30,22.0,desktop
3984,833,01/20/2025,87.0,tablet
3985,1256,07-11-2024,21.0,mobile
3986,1256,01-03-2024,39.0,desktop
3987,1256,02/10/2024,5.0,desktop
3988,1256,29-01-2024,3.0,tablet
3989,1256,2024-11-23,75.0,tablet
3990,1256,2025-02-04,32.0,tablet
3991,1256,10-07-2024,27.0,tablet
3992,1256,04/30/2024,106.0,desktop
3993,1256,2024-02-13,5.0,desktop
3994,1256,30-11-2024,93.0,desktop
3995,1256,24-02-2024,,desktop
3996,1256,2024-12-29,57.0,desktop
3997,833,2024-10-24,99.0,tablet
3998,1256,,72.0,tablet
3999,1256,2024-10-31,99.0,mobile
4000,833,01/10/2025,119.0,tablet
4001,1256,2024-05-14,54.0,mobile
4002,1256,15-12-2024,87.0,desktop
4003,1256,20-02-2024,96.0,mobile
4004,1256,11/11/2024,17.0,mobile
4005,1256,10-09-2024,85.0,mobile
4006,1256,17-02-2024,114.0,tablet
4007,1256,07-02-2024,49.0,desktop
4008,1256,03/23/2024,44.0,tablet
4009,1256,30-09-2024,2.0,mobile
4010,1256,15-11-2024,,desktop
4011,833,06-08-2024,71.0,desktop
4012,1256,04-08-2024,107.0,desktop
4013,833,05/29/2024,72.0,desktop
4014,1256,07-08-2024,71.0,mobile
4015,1256,01/04/2025,40.0,mobile
4016,1256,09/01/2024,,mobile
4017,1256,11/07/2024,114.0,desktop
4018,1256,01/02/2024,15.0,mobile
4019,833,2024-08-28,119.0,tablet
4020,1256,01/16/2024,85.0,desktop
4021,1256,01/15/2025,96.0,mobile
4022,1256,23-05-2024,14.0,tablet
4023,1256,,32.0,mobile
4024,1256,09/02/2024,29.0,mobile
4025,833,28-10-2024,,tablet
4026,833,2024-09-04,85.0,mobile
4027,1256,2024-01-04,66.0,desktop
4028,833,2024-04-11,80.0,desktop
4029,1256,17-01-2025,57.0,tablet
4030,1256,02/17/2024,39.0,tablet
4031,833,12-10-2024,45.0,desktop
4032,1256,2025-01-30,118.0,desktop
4033,1256,11/08/2024,73.0,desktop
4034,833,08/27/2024,23.0,tablet
4035,1256,21-02-2024,31.0,tablet
4036,1256,26-06-2024,,desktop
4037,1256,04/02/2024,116.0,desktop
4038,1256,2024-10-20,79.0,
4039,1256,03/10/2024,48.0,mobile
4040,1256,14-05-2024,40.0,tablet
4041,1256,03/15/2024,120.0,desktop
4042,1256,05-09-2024,42.0,tablet
4043,1256,29-01-2024,68.0,desktop
4044,833,05-06-2024,51.0,desktop
4045,1256,2024-09-16,107.0,tablet
4046,1256,03-12-2024,66.0,desktop
4047,1256,07/08/2024,37.0,tablet
4048,1256,05/22/2024,38.0,mobile
4049,1256,2024-04-03,23.0,tablet
4050,1256,2024-11-20,,mobile
4051,1256,09-06-2024,111.0,mobile
4052,1256,09/01/2024,38.0,mobile
4053,1256,2025-02-02,20.0,mobile
4054,833,2024-07-08,,desktop
4055,1256,10/06/2024,28.0,desktop
4056,1256,2024-05-07,114.0,tablet
4057,1256,04/14/2024,66.0,
4058,1256,2024-09-15,,desktop
4059,1256,2024-05-04,60.0,mobile
4060,833,03/26/2024,42.0,mobile
4061,833,2025-01-02,77.0,desktop
4062,1256,04/30/2024,14.0,desktop
4063,1256,19-02-2024,98.0,desktop
4064,1256,27-06-2024,10.0,tablet
4065,1256,10/21/2024,40.0,mobile
4066,1256,2024-08-11,63.0,tablet
4067,1256,2024-09-08,71.0,tablet
4068,1256,2024-07-10,23.0,mobile
4069,1256,,72.0,tablet
4070,1256,12/19/2024,35.0,tablet
4071,1256,03-01-2025,13.0,mobile
4072,1256,05-06-2024,54.0,desktop
4073,1256,2024-05-29,69.0,tablet
4074,1256,13-12-2024,9.0,mobile
4075,1256,2024-07-13,,mobile
4076,1256,26-06-2024,55.0,desktop
4077,1256,02-04-2024,107.0,mobile
4078,1256,10-01-2025,37.0,tablet
4079,1256,01/27/2025,117.0,mobile
4080,1256,21-03-2024,70.0,mobile
4081,1256,09/16/2024,73.0,tablet
4082,1256,2024-07-13,95.0,desktop
4083,833,07/07/2024,,desktop
4084,1256,2024-12-12,,mobile
4085,1256,2025-01-21,39.0,desktop
4086,1256,2024-12-06,94.0,mobile
4087,1256,08/23/2024,47.0,tablet
4088,1256,2024-02-02,110.0,tablet
4089,1256,10-03-2024,71.0,desktop
4090,833,2025-01-17,84.0,desktop
4091,1256,04/20/2024,61.0,mobile
4092,1256,05/26/2024,,tablet
4093,1256,06/21/2024,115.0,tablet
4094,833,05-10-2024,43.0,desktop
4095,1256,2024-08-03,28.0,mobile
4096,1256,2024-02-15,49.0,tablet
4097,1256,29-10-2024,96.0,desktop
4098,1256,05-01-2024,29.0,mobile
4099,833,12/19/2024,,desktop
4100,1256,04-04-2024,14.0,tablet
4101,1256,08-10-2024,94.0,mobile
4102,1256,31-03-2024,96.0,mobile
4103,833,2025-02-04,,desktop
4104,1256,11/09/2024,11.0,tablet
4105,1256,06/18/2024,50.0,tablet
4106,1256,2024-07-05,11.0,desktop
4107,1256,09/06/2024,32.0,tablet
4108,1256,05/27/2024,93.0,mobile
4109,1256,11/16/2024,63.0,desktop
4110,1256,2024-03-20,120.0,desktop
4111,833,04-10-2024,10.0,mobile
4112,833,05/23/2024,73.0,desktop
4113,762,12/12/2024,101.0,desktop
4114,1256,08-03-2024,93.0,tablet
4115,833,01/10/2025,16.0,desktop
4116,1256,2024-09-22,108.0,tablet
4117,1256,13-10-2024,53.0,desktop
4118,833,2024-07-11,,mobile
4119,1256,09-08-2024,39.0,desktop
4120,833,2024-11-29,31.0,tablet
4121,1256,05/14/2024,67.0,mobile
4122,1256,15-07-2024,58.0,mobile
4123,1256,12-04-2024,55.0,desktop
4124,1256,2024-11-11,44.0,mobile
4125,1256,15-03-2024,37.0,mobile
4126,1256,01/09/2025,60.0,tablet
4127,1256,,98.0,mobile
4128,1256,05-09-2024,52.0,tablet
4129,1256,2024-09-10,45.0,desktop
4130,1256,05/05/2024,28.0,desktop
4131,1256,2024-11-20,45.0,desktop
4132,833,11/02/2024,72.0,desktop
4133,1256,11/29/2024,6.0,desktop
4134,1256,10-06-2024,28.0,tablet
4135,1256,10/24/2024,41.0,tablet
4136,1256,2024-02-07,45.0,mobile
4137,833,27-03-2024,62.0,tablet
4138,1256,10-11-2024,98.0,mobile
4139,1256,01-01-2024,86.0,mobile
4140,833,07-10-2024,63.0,mobile
4141,1256,09/22/2024,77.0,desktop
4142,1256,2024-09-25,6.0,mobile
4143,833,01/02/2024,23.0,tablet
4144,1256,01-11-2024,21.0,tablet
4145,1256,14-04-2024,101.0,tablet
4146,1256,05/05/2024,67.0,tablet
4147,1256,16-09-2024,22.0,mobile
4148,833,12-10-2024,92.0,tablet
4149,1256,05/13/2024,100.0,tablet
4150,1256,2024-09-06,,tablet
4151,833,2024-04-11,117.0,desktop
4152,1256,31-12-2024,19.0,desktop
4153,1256,09/10/2024,83.0,mobile
4154,1256,2024-10-13,110.0,tablet
4155,1256,07-02-2024,74.0,desktop
4156,1256,16-12-2024,65.0,desktop
4157,1256,2024-06-04,119.0,tablet
4158,1256,01-06-2024,116.0,tablet
4159,1256,29-01-2025,90.0,mobile
4160,833,10/18/2024,88.0,desktop
4161,1256,01/29/2025,114.0,tablet
4162,1256,2024-05-13,99.0,desktop
4163,1256,03-03-2024,33.0,desktop
4164,1256,2024-01-17,11.0,mobile
4165,1256,01/17/2025,75.0,desktop
4166,833,26-03-2024,90.0,desktop
4167,1256,2024-12-20,12.0,desktop
4168,1256,03/22/2024,83.0,tablet
4169,833,12/20/2024,72.0,tablet
4170,1256,2024-01-04,1.0,desktop
4171,1256,2024-12-17,82.0,tablet
4172,1256,02/06/2024,97.0,tablet
4173,1256,2024-08-17,87.0,mobile
4174,833,2024-12-26,81.0,tablet
4175,1256,09/09/2024,36.0,tablet
4176,1256,2024-10-09,,mobile
4177,1256,09/29/2024,63.0,mobile
4178,1256,2024-03-26,67.0,desktop
4179,1256,01/13/2024,9.0,desktop
4180,1256,2024-06-25,81.0,desktop
4181,1256,03/26/2024,75.0,mobile
4182,833,2024-10-17,118.0,tablet
4183,1256,,117.0,tablet
4184,833,2024-02-19,105.0,desktop
4185,1256,,,tablet
4186,833,02/05/2024,44.0,mobile
4187,833,04/02/2024,98.0,desktop
4188,1256,22-07-2024,115.0,desktop
4189,1256,09-04-2024,57.0,desktop
4190,1256,2024-02-08,53.0,mobile
4191,1256,2024-01-17,54.0,desktop
4192,1256,,89.0,desktop
4193,1256,2024-10-13,,tablet
4194,1256,2024-06-08,4.0,tablet
4195,1256,01/21/2025,22.0,tablet
4196,1256,2024-07-17,20.0,tablet
4197,1256,04/30/2024,100.0,mobile
4198,1256,08/26/2024,110.0,tablet
4199,833,2024-09-08,103.0,tablet
4200,1256,01/15/2025,115.0,desktop
4201,1256,22-12-2024,92.0,desktop
4202,1256,2024-10-09,66.0,tablet
4203,833,14-04-2024,79.0,desktop
4204,1256,2024-06-28,19.0,
4205,1256,04/15/2024,61.0,tablet
4206,1256,,48.0,mobile
4207,1256,2024-12-29,,desktop
4208,1256,2024-06-15,51.0,mobile
4209,1256,10/22/2024,38.0,desktop
4210,1256,03/02/2024,70.0,desktop
4211,1256,04-07-2024,97.0,tablet
4212,833,01/08/2025,4.0,desktop
4213,1256,23-04-2024,38.0,mobile
4214,833,10/29/2024,14.0,mobile
4215,1256,29-01-2024,75.0,mobile
4216,833,03/17/2024,10.0,tablet
4217,833,09/01/2024,120.0,tablet
4218,1256,04/13/2024,106.0,tablet
4219,1256,12/14/2024,63.0,mobile
4220,1256,2024-05-02,62.0,tablet
4221,833,04/23/2024,101.0,desktop
4222,1256,09/21/2024,5.0,tablet
4223,1256,2024-04-12,4.0,mobile
4224,1256,10/28/2024,82.0,mobile
4225,1256,10-01-2024,69.0,desktop
4226,1256,,108.0,desktop
4227,1256,2024-06-01,33.0,desktop
4228,1256,12/15/2024,109.0,desktop
4229,1256,2024-01-23,111.0,mobile
4230,833,08-08-2024,62.0,tablet
4231,1256,03/03/2024,5.0,mobile
4232,1256,2024-01-03,26.0,desktop
4233,1256,10-05-2024,92.0,desktop
4234,1256,07/08/2024,29.0,desktop
4235,1256,11-12-2024,32.0,mobile
4236,1256,05/28/2024,10.0,tablet
4237,1256,27-05-2024,72.0,desktop
4238,1256,20-02-2024,27.0,tablet
4239,1256,26-11-2024,6.0,tablet
4240,1256,,117.0,desktop
4241,1256,2024-01-02,,mobile
4242,1256,2024-06-27,71.0,desktop
4243,1256,07-10-2024,37.0,mobile
4244,1256,,17.0,tablet
4245,1256,2024-10-31,35.0,mobile
4246,1256,01/27/2025,116.0,tablet
4247,833,2024-06-24,28.0,desktop
4248,1256,15-01-2025,39.0,desktop
4249,1256,07/18/2024,38.0,mobile
4250,1256,2024-06-30,68.0,tablet
4251,833,02/18/2024,3.0,mobile
4252,1256,2024-12-04,40.0,desktop
4253,1256,20-09-2024,72.0,desktop
4254,1256,10-04-2024,58.0,desktop
4255,1256,08/08/2024,68.0,tablet
4256,833,15-01-2025,15.0,mobile
4257,1256,23-01-2025,117.0,mobile
4258,1256,2024-03-25,30.0,tablet
4259,833,01/02/2024,91.0,desktop
4260,833,10/11/2024,51.0,desktop
4261,1256,2024-01-16,71.0,mobile
4262,1256,12/10/2024,21.0,tablet
4263,1256,09/06/2024,4.0,desktop
4264,1256,02/15/2024,81.0,desktop
4265,1256,14-03-2024,113.0,mobile
4266,833,01/17/2025,18.0,desktop
4267,1256,10/25/2024,88.0,mobile
4268,833,2024-06-21,40.0,tablet
4269,1256,05/31/2024,106.0,desktop
4270,1256,2024-06-30,114.0,desktop
4271,1256,2024-01-27,118.0,mobile
4272,1256,2024-11-12,88.0,tablet
4273,833,03-01-2025,75.0,desktop
4274,1256,2024-08-28,25.0,mobile
4275,1256,08/05/2024,1.0,mobile
4276,1256,17-08-2024,35.0,tablet
4277,833,2024-05-10,53.0,desktop
4278,1256,2024-02-17,67.0,desktop
4279,1256,2024-11-08,54.0,desktop
4280,1256,03/22/2024,84.0,tablet
4281,1256,26-11-2024,92.0,tablet
4282,1256,12/29/2024,65.0,
4283,1256,2024-08-14,57.0,desktop
4284,833,04/11/2024,44.0,tablet
4285,1256,,51.0,desktop
4286,1256,2024-09-08,120.0,tablet
4287,833,2024-01-07,33.0,desktop
4288,1256,03/27/2024,,tablet
4289,1256,13-04-2024,99.0,tablet
4290,1256,04/06/2024,84.0,desktop
4291,1256,08/18/2024,104.0,mobile
4292,1256,05-04-2024,52.0,desktop
4293,1256,,3.0,mobile
4294,1256,2024-06-02,28.0,mobile
4295,833,16-05-2024,72.0,tablet
4296,1256,2024-07-17,115.0,desktop
4297,1256,17-08-2024,113.0,mobile
4298,1256,29-01-2025,108.0,desktop
4299,1256,25-03-2024,69.0,mobile
4300,833,06-04-2024,80.0,tablet
4301,1256,21-01-2025,21.0,desktop
4302,833,12-11-2024,54.0,mobile
4303,833,14-01-2024,94.0,mobile
4304,833,10/26/2024,27.0,desktop
4305,1256,06/30/2024,58.0,mobile
4306,1256,2024-03-10,112.0,tablet
4307,1256,07/14/2024,72.0,mobile
4308,1256,01/04/2025,27.0,mobile
4309,1256,09/02/2024,11.0,
4310,1256,10/11/2024,81.0,tablet
4311,1256,2024-06-18,67.0,mobile
4312,1256,2024-06-29,38.0,desktop
4313,1256,09-02-2024,109.0,tablet
4314,1256,2024-06-05,58.0,tablet
4315,1256,20-10-2024,8.0,mobile
4316,1256,07/01/2024,42.0,desktop
4317,1256,24-10-2024,114.0,mobile
4318,1256,09/20/2024,77.0,desktop
4319,1256,14-03-2024,58.0,tablet
4320,1256,2024-06-20,72.0,tablet
4321,833,27-09-2024,87.0,tablet
4322,1256,14-06-2024,39.0,tablet
4323,1256,2024-01-06,58.0,
4324,1256,10-12-2024,88.0,tablet
4325,1256,07/28/2024,115.0,
4326,833,01-03-2024,46.0,tablet
4327,1256,03-03-2024,,tablet
4328,1256,2024-09-27,116.0,mobile
4329,1256,05-04-2024,57.0,tablet
4330,833,2024-11-05,50.0,desktop
4331,1256,2024-06-22,96.0,desktop
4332,1256,,19.0,tablet
4333,1256,2024-04-22,14.0,tablet
4334,1256,2024-10-04,18.0,tablet
4335,1256,26-04-2024,7.0,mobile
4336,833,2024-05-28,105.0,mobile
4337,1256,08-08-2024,51.0,tablet
4338,1256,24-07-2024,58.0,tablet
4339,1256,2024-12-18,119.0,mobile
4340,1256,2024-11-27,73.0,mobile
4341,833,2024-06-17,69.0,tablet
4342,833,21-02-2024,32.0,tablet
4343,762,11/04/2024,115.0,mobile
4344,1256,05/30/2024,31.0,tablet
4345,1256,12/27/2024,48.0,tablet
4346,1256,,107.0,mobile
4347,1256,02/29/2024,80.0,desktop
4348,1256,08/20/2024,24.0,desktop
4349,1256,09-10-2024,,tablet
4350,1256,29-02-2024,91.0,mobile
4351,1256,11-06-2024,16.0,tablet
4352,833,07/30/2024,26.0,desktop
4353,1256,10-06-2024,114.0,desktop
4354,1256,2024-11-15,28.0,tablet
4355,1256,02-04-2024,48.0,mobile
4356,1256,25-03-2024,15.0,mobile
4357,1256,03/26/2024,29.0,desktop
4358,1256,2024-09-07,54.0,desktop
4359,1256,20-11-2024,102.0,desktop
4360,1256,2024-12-07,79.0,tablet
4361,1256,07/26/2024,88.0,mobile
4362,1256,02/25/2024,118.0,tablet
4363,1256,04/29/2024,84.0,mobile
4364,1256,08/17/2024,28.0,tablet
4365,1256,2024-04-28,7.0,tablet
4366,1256,03-02-2025,65.0,desktop
4367,1256,21-12-2024,13.0,tablet
4368,1256,20-11-2024,107.0,mobile
4369,1256,30-06-2024,29.0,desktop
4370,1256,2024-10-25,33.0,mobile
4371,1256,2024-01-04,119.0,tablet
4372,1256,2024-04-05,119.0,tablet
4373,1256,05/03/2024,10.0,tablet
4374,1256,2024-12-04,10.0,mobile
4375,1256,2024-09-30,89.0,tablet
4376,1256,08-02-2024,92.0,tablet
4377,1256,04/08/2024,81.0,desktop
4378,1256,25-06-2024,36.0,tablet
4379,1256,03/02/2024,118.0,desktop
4380,1256,03/14/2024,87.0,desktop
4381,1256,25-02-2024,22.0,desktop
4382,1256,08/24/2024,59.0,desktop
4383,1256,2024-03-28,86.0,tablet
4384,1256,05/10/2024,79.0,desktop
4385,1256,2025-01-19,97.0,mobile
4386,833,2024-06-08,1.0,tablet
4387,1256,06/14/2024,8.0,tablet
4388,833,08/01/2024,10.0,tablet
4389,833,2024-04-09,74.0,desktop
4390,762,02/02/2025,4.0,tablet
4391,1256,16-06-2024,70.0,tablet
4392,1256,2024-07-25,72.0,desktop
4393,1256,2025-01-06,30.0,mobile
4394,1256,,6.0,
4395,1256,24-09-2024,13.0,
4396,1256,2024-10-07,,tablet
4397,833,01-06-2024,88.0,desktop
4398,1256,30-08-2024,,tablet
4399,1256,02/23/2024,115.0,desktop
4400,1256,2024-08-09,107.0,tablet
4401,1256,25-01-2024,6.0,mobile
4402,1256,2024-05-15,64.0,mobile
4403,1256,2024-11-13,53.0,mobile
4404,1256,2024-12-09,61.0,
4405,1256,24-07-2024,109.0,tablet
4406,833,2024-09-26,22.0,tablet
4407,1256,2024-08-27,71.0,desktop
4408,1256,2024-07-12,5.0,mobile
4409,1256,10/06/2024,97.0,desktop
4410,1256,2024-08-10,,desktop
4411,833,2024-10-15,72.0,tablet
4412,1256,2024-09-21,81.0,desktop
4413,1256,2024-03-09,7.0,tablet
4414,1256,13-04-2024,19.0,desktop
4415,1256,01/04/2024,35.0,tablet
4416,1256,2024-11-28,90.0,desktop
4417,1256,,61.0,mobile
4418,1256,25-09-2024,86.0,tablet
4419,1256,2024-10-17,60.0,mobile
4420,833,07/24/2024,10.0,mobile
4421,1256,10-05-2024,98.0,mobile
4422,833,2024-09-01,4.0,mobile
4423,1256,27-07-2024,11.0,desktop
4424,1256,2024-04-14,72.0,mobile
4425,833,31-08-2024,22.0,tablet
4426,1256,2024-12-23,41.0,mobile
4427,833,22-12-2024,11.0,mobile
4428,1256,02/08/2024,87.0,desktop
4429,1256,16-04-2024,7.0,tablet
4430,1256,05-07-2024,29.0,tablet
4431,833,2024-05-07,25.0,tablet
4432,1256,2024-02-15,37.0,tablet
4433,1256,02/02/2024,23.0,tablet
4434,833,2024-05-02,33.0,mobile
4435,1256,07-02-2024,2.0,tablet
4436,1256,09/23/2024,97.0,desktop
4437,1256,20-03-2024,106.0,desktop
4438,1256,2024-11-02,104.0,desktop
4439,1256,30-07-2024,79.0,desktop
4440,833,28-09-2024,89.0,mobile
4441,1256,22-06-2024,62.0,desktop
4442,833,2024-10-27,26.0,desktop
4443,833,2024-10-01,114.0,
4444,1256,18-09-2024,52.0,tablet
4445,1256,08-11-2024,6.0,tablet
4446,1256,27-11-2024,21.0,mobile
4447,1256,20-11-2024,94.0,mobile
4448,1256,2025-01-22,88.0,desktop
4449,1256,2024-03-20,77.0,desktop
4450,1256,26-11-2024,45.0,tablet
4451,1256,05-08-2024,3.0,desktop
4452,1256,10/30/2024,110.0,tablet
4453,1256,01/31/2025,82.0,desktop
4454,833,2025-01-08,72.0,desktop
4455,833,2025-02-01,64.0,tablet
4456,833,26-03-2024,57.0,mobile
4457,1256,09/18/2024,90.0,mobile
4458,1256,2024-12-13,5.0,tablet
4459,833,2024-12-10,44.0,tablet
4460,1256,27-01-2024,72.0,desktop
4461,1256,2024-10-09,119.0,desktop
4462,1256,10/21/2024,70.0,mobile
4463,1256,2024-01-20,64.0,tablet
4464,1256,2024-02-09,16.0,mobile
4465,1256,01/01/2024,80.0,desktop
4466,1256,2024-02-23,,
4467,1256,2024-10-14,40.0,desktop
4468,1256,03/06/2024,70.0,desktop
4469,1256,06-06-2024,66.0,mobile
4470,1256,2024-04-05,56.0,tablet
4471,1256,05-10-2024,43.0,desktop
4472,1256,05-08-2024,51.0,mobile
4473,1256,2024-04-23,61.0,desktop
4474,1256,08/23/2024,113.0,mobile
4475,833,,7.0,tablet
4476,1256,2025-01-23,92.0,tablet
4477,1256,28-11-2024,17.0,mobile
4478,1256,03-02-2024,100.0,mobile
4479,1256,12-10-2024,59.0,mobile
4480,1256,01/26/2024,14.0,desktop
4481,1256,08/30/2024,72.0,desktop
4482,833,30-07-2024,87.0,tablet
4483,1256,2024-11-25,14.0,desktop
4484,1256,07/31/2024,26.0,mobile
4485,1256,04-05-2024,29.0,tablet
4486,1256,01/14/2025,49.0,tablet
4487,1256,13-02-2024,58.0,tablet
4488,833,04/23/2024,105.0,tablet
4489,1256,03-09-2024,37.0,mobile
4490,1256,09/25/2024,95.0,tablet
4491,1256,18-12-2024,18.0,tablet
4492,1256,22-06-2024,22.0,mobile
4493,1256,07-02-2024,35.0,tablet
4494,1256,19-09-2024,116.0,desktop
4495,1256,05/29/2024,106.0,mobile
4496,1256,2024-10-16,52.0,tablet
4497,1256,11/13/2024,26.0,tablet
4498,833,03/07/2024,86.0,mobile
4499,1256,2024-01-03,90.0,tablet
4500,1256,07/18/2024,53.0,desktop
4501,1256,2024-03-20,77.0,tablet
4502,1256,2024-09-21,112.0,tablet
4503,1256,27-10-2024,26.0,tablet
4504,1256,02/06/2024,1.0,desktop
4505,1256,2025-01-05,37.0,tablet
4506,833,12-08-2024,41.0,
4507,1256,2025-01-26,80.0,mobile
4508,1256,2024-01-02,105.0,tablet
4509,1256,17-09-2024,56.0,desktop
4510,1256,2024-06-04,76.0,desktop
4511,1256,16-02-2024,85.0,tablet
4512,833,08-11-2024,40.0,tablet
4513,1256,19-09-2024,115.0,mobile
4514,1256,2024-06-12,52.0,tablet
4515,1256,,96.0,tablet
4516,1256,22-02-2024,86.0,mobile
4517,833,2024-08-24,66.0,mobile
4518,1256,06-01-2025,55.0,mobile
4519,1256,2024-11-15,72.0,mobile
4520,1256,2024-04-30,94.0,tablet
4521,1256,2024-01-17,,desktop
4522,1256,06-07-2024,65.0,mobile
4523,1256,2024-07-02,7.0,mobile
4524,1256,07/25/2024,42.0,mobile
4525,1256,07/05/2024,86.0,tablet
4526,833,09/23/2024,38.0,mobile
4527,1256,17-03-2024,,
4528,1256,06-01-2024,85.0,tablet
4529,1256,10-09-2024,46.0,tablet
4530,833,01/02/2024,88.0,tablet
4531,1256,06/21/2024,120.0,tablet
4532,833,24-09-2024,87.0,mobile
4533,1256,2024-05-25,69.0,tablet
4534,1256,2024-07-26,116.0,mobile
4535,1256,01/17/2025,41.0,tablet
4536,1256,02/29/2024,97.0,mobile
4537,1256,2024-12-11,47.0,desktop
4538,833,2024-04-09,82.0,tablet
4539,833,2024-07-26,72.0,desktop
4540,1256,03/25/2024,5.0,desktop
4541,1256,07/10/2024,42.0,
4542,1256,25-12-2024,54.0,tablet
4543,1256,02/13/2024,,tablet
4544,1256,23-01-2025,58.0,desktop
4545,1256,17-07-2024,54.0,desktop
4546,1256,06/17/2024,59.0,tablet
4547,1256,07/04/2024,103.0,mobile
4548,1256,01/09/2024,77.0,mobile
4549,1256,2024-05-17,59.0,desktop
4550,1256,2024-07-09,88.0,mobile
4551,1256,25-09-2024,16.0,
4552,1256,11/18/2024,12.0,tablet
4553,833,10/28/2024,102.0,tablet
4554,1256,12-07-2024,106.0,tablet
4555,1256,26-12-2024,114.0,desktop
4556,1256,29-02-2024,6.0,tablet
4557,1256,12-06-2024,111.0,tablet
4558,1256,2024-05-27,,mobile
4559,1256,2024-01-11,6.0,mobile
4560,1256,04/24/2024,44.0,desktop
4561,1256,05/13/2024,,tablet
4562,1256,01/15/2025,18.0,desktop
4563,1256,2024-10-15,24.0,desktop
4564,1256,2024-11-09,87.0,tablet
4565,1256,21-03-2024,108.0,desktop
4566,1256,2024-11-06,99.0,mobile
4567,1256,03-11-2024,,desktop
4568,1256,2024-05-30,20.0,
4569,833,05-02-2024,76.0,mobile
4570,833,04/11/2024,32.0,mobile
4571,1256,12/31/2024,94.0,mobile
4572,1256,13-08-2024,6.0,desktop
4573,1256,2024-01-16,28.0,tablet
4574,1256,06/24/2024,45.0,tablet
4575,833,21-01-2025,51.0,desktop
4576,1256,2024-05-07,67.0,desktop
4577,1256,04/17/2024,76.0,desktop
4578,1256,2024-09-26,114.0,
4579,1256,07-02-2024,,tablet
4580,1256,2024-02-25,14.0,mobile
4581,1256,04/30/2024,101.0,tablet
4582,1256,09/04/2024,69.0,tablet
4583,833,11/06/2024,87.0,desktop
4584,1256,02-12-2024,14.0,desktop
4585,1256,2025-01-15,54.0,mobile
4586,1256,03/08/2024,85.0,tablet
4587,1256,07/15/2024,89.0,mobile
4588,1256,10-02-2024,56.0,tablet
4589,1256,06/09/2024,,desktop
4590,1256,2024-10-25,18.0,tablet
4591,1256,16-01-2024,89.0,desktop
4592,1256,15-05-2024,3.0,mobile
4593,1256,,84.0,tablet
4594,1256,26-12-2024,79.0,desktop
4595,1256,05/22/2024,107.0,mobile
4596,1256,12-01-2025,70.0,mobile
4597,1256,10/28/2024,61.0,desktop
4598,1256,2024-05-22,18.0,tablet
4599,1256,07/17/2024,23.0,
4600,1256,27-01-2025,66.0,tablet
4601,1256,16-09-2024,33.0,mobile
4602,833,19-07-2024,84.0,tablet
4603,1256,09/22/2024,75.0,mobile
4604,1256,28-04-2024,,desktop
4605,833,2024-06-01,60.0,tablet
4606,1256,05/02/2024,109.0,tablet
4607,1256,16-01-2025,19.0,desktop
4608,1256,26-05-2024,39.0,mobile
4609,1256,05/24/2024,6.0,desktop
4610,1256,2024-05-22,36.0,mobile
4611,1256,2024-08-19,27.0,tablet
4612,1256,05/19/2024,61.0,desktop
4613,1256,02-09-2024,112.0,mobile
4614,1256,01-02-2024,6.0,desktop
4615,1256,23-08-2024,,desktop
4616,1256,08/31/2024,42.0,tablet
4617,1256,08/21/2024,62.0,
4618,1256,2024-11-10,74.0,
4619,1256,05/09/2024,7.0,desktop
4620,1256,05/02/2024,98.0,mobile
4621,1256,2024-10-13,33.0,desktop
4622,833,30-07-2024,80.0,tablet
4623,833,07-11-2024,27.0,mobile
4624,1256,10-01-2024,46.0,tablet
4625,1256,09-07-2024,107.0,tablet
4626,833,2024-08-23,54.0,
4627,1256,08/28/2024,69.0,tablet
4628,1256,,24.0,mobile
4629,1256,30-11-2024,28.0,mobile
4630,1256,03-11-2024,,mobile
4631,1256,06/14/2024,62.0,desktop
4632,1256,19-08-2024,108.0,desktop
4633,1256,01-09-2024,31.0,tablet
4634,1256,30-01-2025,5.0,desktop
4635,1256,2024-05-05,27.0,desktop
4636,1256,09/02/2024,42.0,desktop
4637,1256,2024-07-25,54.0,desktop
4638,1256,01/09/2025,69.0,desktop
4639,1256,09/27/2024,120.0,mobile
4640,1256,2024-04-29,77.0,mobile
4641,1256,2024-07-19,,tablet
4642,1256,2024-03-02,,desktop
4643,1256,,62.0,mobile
4644,1256,01/16/2025,76.0,desktop
4645,1256,16-12-2024,45.0,desktop
4646,1256,2024-06-04,73.0,
4647,1256,07/25/2024,114.0,desktop
4648,1256,21-05-2024,,mobile
4649,833,01/16/2024,48.0,mobile
4650,1256,06/01/2024,10.0,mobile
4651,833,05/07/2024,102.0,mobile
4652,1256,11/28/2024,8.0,tablet
4653,1256,2024-03-08,30.0,mobile
4654,1256,2024-07-13,108.0,tablet
4655,1256,03-10-2024,38.0,mobile
4656,1256,09-02-2024,94.0,desktop
4657,1256,28-09-2024,108.0,mobile
4658,1256,10-05-2024,14.0,desktop
4659,833,2024-01-05,104.0,tablet
4660,1256,2024-10-28,53.0,mobile
4661,833,2024-06-30,8.0,desktop
4662,833,2024-06-13,36.0,tablet
4663,1256,06/30/2024,20.0,desktop
4664,1256,11/12/2024,74.0,mobile
4665,1256,2024-01-20,102.0,tablet
4666,1256,2024-04-21,110.0,tablet
4667,1256,2024-06-10,89.0,mobile
4668,1256,01/08/2024,6.0,desktop
4669,1256,03/03/2024,64.0,desktop
4670,1256,16-06-2024,93.0,desktop
4671,1256,2024-12-21,46.0,
4672,1256,09/21/2024,22.0,desktop
4673,833,17-02-2024,120.0,desktop
4674,1256,09/02/2024,41.0,tablet
4675,1256,07-01-2025,29.0,tablet
4676,1256,2024-04-11,114.0,mobile
4677,1256,06/17/2024,23.0,desktop
4678,1256,11/11/2024,73.0,mobile
4679,833,2024-01-11,112.0,desktop
4680,833,05/11/2024,13.0,tablet
4681,833,2024-07-12,50.0,mobile
4682,1256,02-01-2025,47.0,tablet
4683,833,21-10-2024,39.0,desktop
4684,1256,28-01-2024,8.0,desktop
4685,1256,2024-02-03,71.0,desktop
4686,833,09/30/2024,80.0,desktop
4687,1256,11/29/2024,18.0,tablet
4688,1256,2024-12-08,38.0,tablet
4689,1256,2024-07-07,56.0,tablet
4690,1256,11/20/2024,115.0,desktop
4691,833,07/04/2024,,mobile
4692,1256,2024-02-02,,desktop
4693,1256,2024-02-01,52.0,tablet
4694,1256,10/04/2024,35.0,tablet
4695,1256,07/29/2024,60.0,
4696,1256,08/11/2024,,tablet
4697,1256,2024-01-27,28.0,tablet
4698,833,20-01-2025,76.0,desktop
4699,1256,27-12-2024,2.0,desktop
4700,1256,02/28/2024,104.0,tablet
4701,1256,2024-06-19,26.0,tablet
4702,833,11/23/2024,43.0,desktop
4703,1256,24-06-2024,101.0,mobile
4704,833,2024-08-08,116.0,desktop
4705,1256,29-09-2024,,desktop
4706,1256,17-01-2025,114.0,tablet
4707,1256,,76.0,tablet
4708,1256,2024-09-18,8.0,desktop
4709,1256,07-05-2024,5.0,desktop
4710,1256,12/30/2024,63.0,tablet
4711,1256,2024-02-07,94.0,tablet
4712,1256,2024-05-11,80.0,desktop
4713,1256,19-05-2024,25.0,desktop
4714,1256,01/11/2025,103.0,desktop
4715,1256,,54.0,desktop
4716,1256,2024-10-01,25.0,tablet
4717,1256,01/27/2024,76.0,tablet
4718,833,06/10/2024,4.0,desktop
4719,833,2024-06-28,20.0,desktop
4720,1256,24-07-2024,66.0,desktop
4721,1256,,69.0,mobile
4722,1256,2024-08-08,34.0,tablet
4723,1256,04-02-2025,97.0,tablet
4724,1256,10/30/2024,90.0,mobile
4725,762,2024-08-13,82.0,tablet
4726,1256,2024-01-01,65.0,tablet
4727,1256,09/30/2024,64.0,desktop
4728,833,26-04-2024,55.0,desktop
4729,1256,2024-05-18,96.0,mobile
4730,1256,12/18/2024,61.0,mobile
4731,1256,2024-01-09,92.0,mobile
4732,833,25-03-2024,117.0,tablet
4733,1256,25-02-2024,2.0,tablet
4734,1256,01/25/2024,31.0,mobile
4735,1256,2024-05-04,92.0,desktop
4736,1256,24-06-2024,82.0,mobile
4737,1256,2024-01-14,49.0,desktop
4738,1256,19-05-2024,87.0,mobile
4739,833,2024-11-19,58.0,tablet
4740,1256,16-01-2025,89.0,mobile
4741,1256,2024-07-17,54.0,desktop
4742,1256,,45.0,tablet
4743,833,05-07-2024,72.0,tablet
4744,1256,26-06-2024,97.0,mobile
4745,833,16-03-2024,27.0,
4746,1256,09/11/2024,39.0,mobile
4747,1256,25-06-2024,52.0,tablet
4748,1256,06-10-2024,117.0,
4749,1256,27-04-2024,67.0,mobile
4750,1256,10/24/2024,120.0,desktop
4751,1256,16-01-2024,29.0,
4752,1256,10-02-2024,79.0,tablet
4753,762,06/29/2024,100.0,mobile
4754,1256,2024-09-28,72.0,desktop
4755,1256,2024-09-28,9.0,tablet
4756,1256,10/16/2024,,desktop
4757,1256,06-01-2025,44.0,tablet
4758,1256,16-08-2024,84.0,tablet
4759,1256,2024-12-15,68.0,mobile
4760,1256,10/14/2024,76.0,desktop
4761,1256,19-11-2024,89.0,mobile
4762,1256,27-01-2025,74.0,mobile
4763,1256,25-07-2024,57.0,mobile
4764,1256,01/10/2024,37.0,tablet
4765,1256,06/23/2024,114.0,
4766,1256,12-06-2024,79.0,desktop
4767,1256,11/23/2024,103.0,mobile
4768,1256,,26.0,mobile
4769,1256,03/21/2024,60.0,desktop
4770,1256,30-09-2024,35.0,desktop
4771,1256,01-07-2024,112.0,mobile
4772,1256,2024-06-17,46.0,desktop
4773,1256,2024-10-09,103.0,tablet
4774,1256,01/18/2024,25.0,mobile
4775,833,2024-12-05,119.0,tablet
4776,1256,23-07-2024,1.0,desktop
4777,833,08/24/2024,103.0,mobile
4778,1256,11-01-2024,77.0,tablet
4779,1256,12-05-2024,42.0,tablet
4780,1256,2024-09-10,114.0,tablet
4781,1256,2024-01-22,73.0,desktop
4782,833,05/10/2024,69.0,mobile
4783,1256,,62.0,tablet
4784,833,2024-11-21,,desktop
4785,1256,11-02-2024,95.0,mobile
4786,833,18-01-2025,73.0,desktop
4787,1256,,16.0,desktop
4788,1256,2024-01-30,12.0,desktop
4789,1256,2024-09-07,70.0,desktop
4790,833,2024-11-28,111.0,tablet
4791,1256,12-11-2024,29.0,tablet
4792,1256,03/05/2024,78.0,desktop
4793,833,11/22/2024,89.0,tablet
4794,1256,08/03/2024,101.0,mobile
4795,1256,01/15/2024,77.0,mobile
4796,1256,04/22/2024,88.0,tablet
4797,1256,06/23/2024,96.0,tablet
4798,1256,24-12-2024,91.0,desktop
4799,1256,,3.0,tablet
4800,1256,2024-12-16,77.0,tablet
4801,833,,83.0,mobile
4802,1256,,116.0,tablet
4803,1256,10-02-2024,28.0,desktop
4804,1256,2024-04-23,,desktop
4805,1256,22-03-2024,7.0,desktop
4806,1256,01/31/2024,5.0,mobile
4807,833,01/13/2025,71.0,desktop
4808,1256,30-12-2024,4.0,desktop
4809,1256,20-01-2024,58.0,desktop
4810,1256,2024-05-31,15.0,tablet
4811,1256,2024-12-05,84.0,desktop
4812,833,2024-09-08,2.0,desktop
4813,1256,06/02/2024,12.0,mobile
4814,1256,05/09/2024,,desktop
4815,1256,01/20/2024,68.0,mobile
4816,1256,2024-07-20,,desktop
4817,1256,2024-11-25,19.0,
4818,833,20-08-2024,103.0,mobile
4819,762,2024-11-12,98.0,tablet
4820,1256,03-03-2024,84.0,tablet
4821,1256,01/31/2024,97.0,mobile
4822,1256,2024-11-07,49.0,
4823,1256,05/11/2024,21.0,mobile
4824,833,29-09-2024,52.0,desktop
4825,1256,23-02-2024,80.0,tablet
4826,1256,01-02-2024,5.0,
4827,1256,07/19/2024,32.0,desktop
4828,833,12/13/2024,50.0,tablet
4829,1256,03-10-2024,12.0,tablet
4830,833,01/22/2025,112.0,desktop
4831,1256,2024-01-11,43.0,mobile
4832,1256,04/25/2024,41.0,desktop
4833,1256,01/07/2025,101.0,desktop
4834,1256,19-01-2025,54.0,tablet
4835,1256,01/28/2025,81.0,desktop
4836,1256,2024-02-12,7.0,mobile
4837,833,24-01-2025,1.0,desktop
4838,1256,25-10-2024,22.0,desktop
4839,833,04-09-2024,67.0,desktop
4840,1256,01/01/2025,99.0,mobile
4841,1256,2024-04-21,73.0,desktop
4842,1256,05/27/2024,,mobile
4843,833,04/09/2024,92.0,tablet
4844,1256,01/13/2024,11.0,tablet
4845,1256,2024-10-05,65.0,tablet
4846,1256,,30.0,desktop
4847,1256,2024-01-17,42.0,
4848,1256,,85.0,mobile
4849,833,01/28/2025,95.0,tablet
4850,1256,05/14/2024,48.0,tablet
4851,1256,28-12-2024,47.0,
4852,1256,28-05-2024,92.0,mobile
4853,1256,2024-08-05,98.0,mobile
4854,1256,2024-06-23,5.0,desktop
4855,762,13-03-2024,87.0,desktop
4856,1256,04/08/2024,88.0,desktop
4857,1256,02/15/2024,106.0,mobile
4858,1256,03/30/2024,40.0,mobile
4859,1256,2024-12-16,31.0,mobile
4860,1256,2024-10-05,102.0,mobile
4861,1256,01/18/2025,1.0,mobile
4862,1256,22-11-2024,99.0,tablet
4863,833,,12.0,desktop
4864,1256,20-09-2024,35.0,tablet
4865,1256,2024-12-21,100.0,desktop
4866,1256,01/30/2025,93.0,tablet
4867,1256,06/03/2024,110.0,tablet
4868,1256,2024-04-28,91.0,mobile
4869,1256,12-06-2024,93.0,desktop
4870,1256,08/25/2024,81.0,mobile
4871,1256,2024-02-21,81.0,desktop
4872,833,12/25/2024,84.0,mobile
4873,1256,01-01-2024,98.0,
4874,1256,18-02-2024,107.0,
4875,1256,07/31/2024,76.0,desktop
4876,833,2024-07-07,118.0,desktop
4877,1256,03/18/2024,,tablet
4878,1256,11/30/2024,21.0,mobile
4879,833,01/07/2024,52.0,desktop
4880,1256,21-07-2024,66.0,mobile
4881,1256,11/26/2024,103.0,
4882,1256,01/12/2025,20.0,mobile
4883,1256,2024-08-30,24.0,mobile
4884,1256,11/06/2024,76.0,desktop
4885,1256,10/18/2024,118.0,tablet
4886,1256,08/26/2024,6.0,desktop
4887,1256,2024-06-24,74.0,desktop
4888,1256,08/15/2024,10.0,tablet
4889,1256,18-10-2024,84.0,tablet
4890,1256,01/02/2025,62.0,desktop
4891,833,23-04-2024,1.0,tablet
4892,1256,2024-07-10,15.0,desktop
4893,1256,2024-07-16,48.0,desktop
4894,1256,23-03-2024,120.0,mobile
4895,1256,12/02/2024,60.0,tablet
4896,1256,2024-01-16,100.0,desktop
4897,1256,2025-01-05,96.0,desktop
4898,833,29-06-2024,81.0,desktop
4899,833,01-02-2024,34.0,tablet
4900,833,2024-11-26,81.0,desktop
4901,833,2025-01-28,118.0,tablet
4902,1256,13-07-2024,12.0,mobile
4903,1256,2025-01-12,119.0,desktop
4904,1256,30-01-2024,94.0,mobile
4905,1256,2024-09-08,102.0,tablet
4906,1256,10/29/2024,37.0,desktop
4907,1256,02/16/2024,2.0,mobile
4908,1256,24-11-2024,83.0,tablet
4909,1256,25-06-2024,83.0,mobile
4910,833,2024-04-27,86.0,desktop
4911,1256,09/15/2024,3.0,mobile
4912,1256,05-03-2024,35.0,mobile
4913,1256,2024-12-15,118.0,tablet
4914,1256,07-10-2024,67.0,mobile
4915,1256,02/14/2024,44.0,desktop
4916,833,01/08/2025,48.0,desktop
4917,1256,2024-12-04,44.0,mobile
4918,1256,,87.0,desktop
4919,1256,2024-09-30,99.0,tablet
4920,1256,12-02-2024,18.0,tablet
4921,833,2024-05-14,101.0,tablet
4922,1256,2024-10-17,73.0,mobile
4923,1256,06/13/2024,,mobile
4924,1256,20-12-2024,82.0,mobile
4925,833,11-11-2024,92.0,desktop
4926,1256,05/07/2024,30.0,desktop
4927,833,30-05-2024,77.0,mobile
4928,1256,12/26/2024,25.0,mobile
4929,1256,2024-03-14,62.0,tablet
4930,1256,08-09-2024,5.0,mobile
4931,1256,11-01-2024,18.0,desktop
4932,833,09/12/2024,33.0,desktop
4933,1256,2024-11-23,36.0,tablet
4934,833,2024-09-27,115.0,tablet
4935,1256,09/24/2024,24.0,tablet
4936,833,,67.0,mobile
4937,1256,2024-11-22,91.0,desktop
4938,1256,2024-06-20,101.0,mobile
4939,1256,27-03-2024,102.0,tablet
4940,1256,21-01-2024,4.0,mobile
4941,1256,15-05-2024,56.0,tablet
4942,1256,2024-07-12,76.0,desktop
4943,1256,2024-04-15,48.0,
4944,1256,04/05/2024,41.0,tablet
4945,1256,07-03-2024,45.0,tablet
4946,1256,10/13/2024,22.0,tablet
4947,1256,2024-07-25,77.0,desktop
4948,1256,2024-05-11,48.0,desktop
4949,833,01/15/2025,65.0,tablet
4950,1256,08/27/2024,34.0,mobile
4951,1256,2024-04-03,98.0,tablet
4952,1256,11/08/2024,97.0,desktop
4953,1256,2024-06-18,74.0,mobile
4954,1256,2024-04-01,56.0,mobile
4955,1256,02/06/2024,15.0,mobile
4956,1256,09-07-2024,53.0,tablet
4957,1256,18-11-2024,86.0,desktop
4958,1256,13-05-2024,31.0,desktop
4959,1256,30-12-2024,58.0,desktop
4960,833,04-01-2024,,
4961,833,,83.0,tablet
4962,1256,08/13/2024,44.0,mobile
4963,1256,29-12-2024,47.0,mobile
4964,1256,09/05/2024,,desktop
4965,1256,09/30/2024,,tablet
4966,1256,2024-02-28,15.0,desktop
4967,1256,2024-05-07,63.0,mobile
4968,1256,2024-08-11,61.0,desktop
4969,1256,2025-01-30,66.0,tablet
4970,1256,11/06/2024,11.0,mobile
4971,1256,2024-11-22,31.0,tablet
4972,833,2024-07-04,107.0,
4973,1256,22-01-2025,88.0,mobile
4974,1256,2024-07-17,108.0,desktop
4975,1256,2024-07-05,49.0,desktop
4976,1256,09/06/2024,79.0,desktop
4977,833,06/29/2024,,tablet
4978,1256,2024-05-14,11.0,desktop
4979,1256,27-01-2025,116.0,mobile
4980,1256,17-01-2024,99.0,mobile
4981,1256,12/10/2024,50.0,desktop
4982,1256,17-10-2024,21.0,tablet
4983,1256,10-02-2024,57.0,tablet
4984,1256,22-10-2024,28.0,tablet
4985,1256,04/30/2024,,mobile
4986,1256,24-05-2024,16.0,desktop
4987,833,2024-12-29,27.0,tablet
4988,1256,03/09/2024,113.0,desktop
4989,1256,03/10/2024,87.0,desktop
4990,1256,2024-12-23,99.0,tablet
4991,1256,16-07-2024,72.0,mobile
4992,1256,2024-06-22,78.0,tablet
4993,1256,2024-11-04,7.0,mobile
4994,1256,19-02-2024,32.0,tablet
4995,833,05/18/2024,97.0,mobile
4996,1256,2024-05-09,13.0,desktop
4997,1256,02-01-2024,74.0,mobile
4998,1256,22-01-2025,69.0,mobile
4999,1256,2024-03-22,116.0,desktop
5000,1256,01/23/2024,10.0,mobile
5001,1256,19-02-2024,108.0,desktop
5002,1256,07/18/2024,42.0,mobile
5003,1256,2024-05-31,2.0,mobile
5004,1256,2024-10-16,119.0,desktop
5005,1256,05/08/2024,,tablet
5006,1256,31-07-2024,93.0,tablet
5007,1256,2024-08-19,112.0,tablet
5008,1256,2024-03-27,15.0,mobile
5009,833,07/16/2024,,desktop
5010,833,2024-07-30,66.0,tablet
5011,1256,2024-10-10,35.0,tablet
5012,833,2024-10-05,99.0,tablet
5013,1256,02-03-2024,11.0,desktop
5014,1256,2024-09-18,74.0,tablet
5015,1256,,30.0,mobile
5016,833,01/01/2024,,desktop
5017,1256,21-08-2024,102.0,desktop
5018,1256,22-07-2024,116.0,desktop
5019,1256,2024-11-18,8.0,tablet
5020,1256,01-12-2024,13.0,mobile
5021,1256,2025-01-21,50.0,desktop
5022,1256,,11.0,tablet
5023,833,2024-10-04,95.0,tablet
5024,1256,05-08-2024,97.0,desktop
5025,1256,2024-03-26,89.0,mobile
5026,1256,10/29/2024,2.0,tablet
5027,1256,11/27/2024,92.0,desktop
5028,1256,07/06/2024,34.0,mobile
5029,1256,2024-12-22,114.0,desktop
5030,1256,2024-10-14,19.0,desktop
5031,1256,02-02-2025,27.0,tablet
5032,1256,20-08-2024,24.0,tablet
5033,1256,2024-12-05,115.0,mobile
5034,1256,21-12-2024,82.0,desktop
5035,1256,20-03-2024,92.0,mobile
5036,1256,04/20/2024,24.0,desktop
5037,1256,05/01/2024,43.0,mobile
5038,1256,12/26/2024,48.0,desktop
5039,1256,25-10-2024,39.0,mobile
5040,833,06-09-2024,100.0,desktop
5041,833,11/11/2024,40.0,mobile
5042,1256,2024-02-15,,mobile
5043,1256,29-01-2025,24.0,tablet
5044,1256,05/02/2024,51.0,
5045,1256,25-09-2024,,tablet
5046,1256,17-03-2024,48.0,desktop
5047,1256,05/14/2024,95.0,tablet
5048,1256,27-11-2024,16.0,desktop
5049,1256,02/19/2024,29.0,mobile
5050,1256,2024-11-03,99.0,tablet
5051,1256,10/11/2024,,mobile
5052,1256,10-01-2024,31.0,desktop
5053,1256,10/27/2024,38.0,mobile
5054,1256,03-01-2025,,desktop
5055,1256,2025-01-23,110.0,desktop
5056,1256,12-12-2024,11.0,mobile
5057,1256,08/07/2024,34.0,mobile
5058,833,17-11-2024,21.0,mobile
5059,1256,2024-01-22,17.0,desktop
5060,833,03-02-2025,40.0,tablet
5061,1256,09-01-2025,30.0,mobile
5062,833,06/17/2024,82.0,tablet
5063,1256,2024-02-11,,mobile
5064,1256,2024-11-11,30.0,tablet
5065,1256,23-03-2024,,mobile
5066,1256,04-02-2025,117.0,mobile
5067,1256,01/13/2025,57.0,tablet
5068,1256,2024-05-11,61.0,desktop
5069,1256,2024-10-22,40.0,tablet
5070,1256,09-10-2024,60.0,desktop
5071,1256,26-06-2024,110.0,tablet
5072,1256,01/12/2024,82.0,tablet
5073,1256,2024-01-11,87.0,mobile
5074,1256,2024-12-04,93.0,tablet
5075,1256,2024-01-11,95.0,tablet
5076,1256,09/11/2024,40.0,tablet
5077,1256,25-01-2025,71.0,mobile
5078,1256,06/13/2024,118.0,
5079,1256,16-03-2024,93.0,desktop
5080,1256,03/06/2024,80.0,mobile
5081,1256,12/23/2024,58.0,mobile
5082,833,03-08-2024,32.0,desktop
5083,1256,,56.0,mobile
5084,1256,05/17/2024,55.0,mobile
5085,1256,2025-01-08,77.0,desktop
5086,1256,,59.0,desktop
5087,1256,30-11-2024,37.0,tablet
5088,1256,2025-02-03,105.0,desktop
5089,833,03/19/2024,113.0,desktop
5090,833,30-05-2024,103.0,desktop
5091,1256,12/15/2024,79.0,mobile
5092,1256,2024-12-13,51.0,tablet
5093,1256,,68.0,desktop
5094,1256,2024-06-25,6.0,desktop
5095,1256,01/21/2024,66.0,desktop
5096,1256,2024-08-17,33.0,desktop
5097,1256,05/17/2024,,tablet
5098,1256,07/03/2024,47.0,desktop
5099,1256,03/22/2024,115.0,tablet
5100,833,09/05/2024,100.0,desktop
5101,1256,2024-05-04,116.0,tablet
5102,1256,2024-09-29,25.0,desktop
5103,833,08-03-2024,70.0,tablet
5104,1256,16-01-2024,95.0,desktop
5105,1256,2024-12-11,38.0,mobile
5106,1256,12/19/2024,12.0,tablet
5107,1256,11/24/2024,86.0,mobile
5108,1256,29-01-2025,9.0,desktop
5109,1256,01/08/2024,31.0,desktop
5110,1256,2024-03-09,94.0,tablet
5111,1256,2024-03-21,12.0,tablet
5112,833,,112.0,mobile
5113,1256,10/15/2024,42.0,tablet
5114,1256,2024-08-21,83.0,mobile
5115,833,02/01/2025,99.0,desktop
5116,1256,31-01-2025,14.0,tablet
5117,1256,09/13/2024,79.0,tablet
5118,1256,08/18/2024,100.0,mobile
5119,1256,2024-06-26,24.0,mobile
5120,1256,30-07-2024,49.0,tablet
5121,1256,15-07-2024,80.0,tablet
5122,833,01/06/2025,30.0,mobile
5123,1256,16-05-2024,52.0,mobile
5124,1256,26-03-2024,63.0,desktop
5125,1256,09/18/2024,86.0,desktop
5126,1256,2024-01-24,72.0,tablet
5127,1256,06/24/2024,120.0,desktop
5128,833,11/24/2024,120.0,tablet
5129,1256,2024-05-07,21.0,tablet
5130,833,14-11-2024,13.0,mobile
5131,1256,10/26/2024,14.0,desktop
5132,833,09/17/2024,85.0,tablet
5133,1256,01/04/2024,23.0,tablet
5134,833,18-12-2024,31.0,tablet
5135,1256,01/19/2024,114.0,tablet
5136,1256,2024-07-16,,tablet
5137,1256,2024-09-03,35.0,tablet
5138,833,20-06-2024,1.0,desktop
5139,1256,03-02-2024,114.0,desktop
5140,1256,20-07-2024,12.0,
5141,1256,30-09-2024,109.0,mobile
5142,1256,05-07-2024,16.0,mobile
5143,1256,15-06-2024,41.0,mobile
5144,833,01-04-2024,115.0,desktop
5145,833,22-02-2024,118.0,mobile
5146,1256,2024-11-27,58.0,desktop
5147,1256,11-11-2024,100.0,tablet
5148,1256,24-08-2024,53.0,tablet
5149,1256,2024-09-23,28.0,mobile
5150,1256,31-12-2024,92.0,tablet
5151,1256,12/22/2024,6.0,tablet
5152,833,04/09/2024,28.0,mobile
5153,1256,15-05-2024,118.0,desktop
5154,1256,02-01-2024,28.0,desktop
5155,1256,2024-11-05,76.0,mobile
5156,1256,2024-05-12,97.0,tablet
5157,1256,10/20/2024,61.0,tablet
5158,833,2024-11-05,97.0,tablet
5159,1256,06/05/2024,88.0,tablet
5160,1256,21-09-2024,112.0,tablet
5161,1256,01-01-2025,22.0,tablet
5162,1256,19-07-2024,114.0,tablet
5163,833,24-12-2024,47.0,mobile
5164,1256,08/23/2024,99.0,desktop
5165,1256,01/07/2025,77.0,desktop
5166,833,29-01-2024,94.0,desktop
5167,1256,11-02-2024,119.0,desktop
5168,1256,2024-06-11,8.0,desktop
5169,1256,12/21/2024,53.0,
5170,1256,2025-01-11,3.0,mobile
5171,1256,01/15/2024,11.0,mobile
5172,1256,2024-02-03,9.0,mobile
5173,1256,01/11/2024,31.0,mobile
5174,1256,09/07/2024,112.0,desktop
5175,1256,17-11-2024,53.0,mobile
5176,1256,06/03/2024,55.0,desktop
5177,1256,10/02/2024,109.0,desktop
5178,1256,06/13/2024,6.0,desktop
5179,1256,18-02-2024,90.0,tablet
5180,833,2024-09-21,47.0,desktop
5181,1256,10-09-2024,102.0,tablet
5182,1256,2024-04-17,83.0,tablet
5183,1256,21-12-2024,105.0,tablet
5184,1256,10/24/2024,32.0,tablet
5185,833,2025-01-12,59.0,mobile
5186,1256,05/13/2024,8.0,desktop
5187,1256,2024-03-29,94.0,mobile
5188,1256,08-07-2024,,tablet
5189,1256,2025-01-18,,desktop
5190,1256,06/12/2024,96.0,tablet
5191,1256,02/22/2024,43.0,tablet
5192,1256,12/24/2024,29.0,desktop
5193,1256,04/16/2024,50.0,mobile
5194,1256,24-05-2024,108.0,desktop
5195,1256,2024-07-29,48.0,mobile
5196,1256,2024-12-24,75.0,desktop
5197,833,02/21/2024,9.0,desktop
5198,833,2024-01-18,101.0,mobile
5199,1256,2024-02-08,17.0,tablet
5200,833,02-01-2024,18.0,desktop
5201,1256,2024-07-17,109.0,mobile
5202,833,2024-05-20,78.0,tablet
5203,833,12/14/2024,4.0,tablet
5204,833,,82.0,mobile
5205,1256,01/17/2025,93.0,mobile
5206,1256,2024-04-16,,mobile
5207,833,07/22/2024,46.0,tablet
5208,1256,25-07-2024,119.0,tablet
5209,1256,07-10-2024,77.0,tablet
5210,1256,2024-01-20,5.0,desktop
5211,833,02/18/2024,57.0,mobile
5212,1256,02/15/2024,99.0,mobile
5213,1256,2025-01-07,63.0,tablet
5214,1256,02/18/2024,81.0,desktop
5215,1256,11-04-2024,10.0,desktop
5216,1256,09/16/2024,6.0,tablet
5217,1256,08-01-2025,92.0,tablet
5218,833,08-06-2024,106.0,
5219,1256,2024-07-17,66.0,mobile
5220,833,2025-01-19,71.0,desktop
5221,1256,05/05/2024,105.0,mobile
5222,1256,2024-08-28,56.0,tablet
5223,1256,2024-05-11,93.0,tablet
5224,1256,01/05/2025,71.0,tablet
5225,833,2024-05-01,50.0,mobile
5226,1256,2024-02-09,106.0,tablet
5227,1256,2024-11-09,34.0,tablet
5228,1256,,4.0,mobile
5229,833,28-09-2024,66.0,tablet
5230,1256,05-07-2024,13.0,desktop
5231,762,2024-05-17,93.0,desktop
5232,1256,01/19/2024,43.0,mobile
5233,1256,2024-12-06,14.0,mobile
5234,1256,07/06/2024,43.0,mobile
5235,833,09/17/2024,,mobile
5236,1256,02-02-2024,,mobile
5237,1256,10/11/2024,35.0,tablet
5238,833,09-11-2024,100.0,tablet
5239,1256,01-06-2024,82.0,mobile
5240,833,23-10-2024,55.0,mobile
5241,1256,25-06-2024,97.0,tablet
5242,1256,2024-12-30,114.0,tablet
5243,1256,13-04-2024,40.0,mobile
5244,1256,,,tablet
5245,1256,2025-01-11,119.0,tablet
5246,1256,2024-07-17,112.0,tablet
5247,1256,2024-05-27,37.0,mobile
5248,1256,08/21/2024,5.0,desktop
5249,833,,61.0,desktop
5250,1256,2024-06-10,10.0,mobile
5251,1256,12/13/2024,108.0,mobile
5252,1256,14-06-2024,27.0,mobile
5253,833,09-11-2024,89.0,tablet
5254,1256,20-01-2024,110.0,mobile
5255,1256,09/30/2024,83.0,desktop
5256,1256,11-09-2024,71.0,desktop
5257,1256,2024-03-09,34.0,mobile
5258,1256,2024-05-28,111.0,mobile
5259,1256,2024-05-02,44.0,mobile
5260,833,02-05-2024,49.0,desktop
5261,1256,2024-02-23,103.0,mobile
5262,1256,10/15/2024,44.0,tablet
5263,1256,21-02-2024,32.0,tablet
5264,1256,2024-07-14,65.0,
5265,1256,10-02-2024,62.0,tablet
5266,833,02/16/2024,26.0,tablet
5267,1256,2024-03-16,119.0,mobile
5268,1256,19-03-2024,96.0,mobile
5269,1256,2024-03-09,35.0,desktop
5270,1256,10/10/2024,120.0,tablet
5271,1256,2025-01-24,26.0,mobile
5272,1256,2025-01-01,85.0,mobile
5273,833,06/17/2024,41.0,desktop
5274,1256,13-05-2024,61.0,desktop
5275,1256,03/28/2024,10.0,tablet
5276,1256,2024-03-17,47.0,mobile
5277,1256,31-01-2025,84.0,tablet
5278,1256,2024-01-14,21.0,desktop
5279,1256,17-08-2024,25.0,tablet
5280,1256,28-03-2024,26.0,tablet
5281,833,03/23/2024,40.0,tablet
5282,1256,2024-06-19,87.0,tablet
5283,1256,07-09-2024,17.0,tablet
5284,833,04/29/2024,85.0,tablet
5285,1256,23-03-2024,88.0,mobile
5286,1256,2024-07-13,1.0,mobile
5287,1256,09/05/2024,53.0,mobile
5288,1256,23-05-2024,81.0,desktop
5289,833,05/20/2024,20.0,mobile
5290,1256,07/11/2024,20.0,desktop
5291,1256,28-01-2025,107.0,tablet
5292,1256,11/01/2024,17.0,desktop
5293,1256,2024-07-04,19.0,desktop
5294,833,2024-05-20,34.0,mobile
5295,1256,01-01-2024,103.0,mobile
5296,1256,2024-11-01,89.0,tablet
5297,1256,05/01/2024,,mobile
5298,1256,2024-09-05,87.0,mobile
5299,1256,01/04/2025,62.0,desktop
5300,1256,2025-01-05,109.0,
5301,1256,07-09-2024,66.0,desktop
5302,1256,2025-02-03,58.0,desktop
5303,1256,2024-10-27,28.0,tablet
5304,1256,02-11-2024,13.0,desktop
5305,833,28-08-2024,114.0,desktop
5306,1256,2024-08-20,108.0,mobile
5307,1256,2025-01-14,118.0,mobile
5308,1256,09-04-2024,2.0,tablet
5309,1256,05/23/2024,55.0,mobile
5310,1256,2024-03-22,,mobile
5311,1256,23-03-2024,70.0,tablet
5312,833,10-04-2024,67.0,mobile
5313,833,2024-02-12,102.0,mobile
5314,1256,2024-06-15,92.0,tablet
5315,833,04/21/2024,68.0,desktop
5316,1256,01/15/2024,72.0,tablet
5317,833,2024-12-14,92.0,tablet
5318,833,12/27/2024,104.0,
5319,1256,22-01-2024,67.0,mobile
5320,1256,05/22/2024,103.0,mobile
5321,1256,06/08/2024,,mobile
5322,1256,04-04-2024,75.0,desktop
5323,1256,05/08/2024,79.0,desktop
5324,1256,2024-12-11,29.0,tablet
5325,1256,26-11-2024,52.0,desktop
5326,1256,2024-12-27,48.0,desktop
5327,1256,23-12-2024,12.0,
5328,1256,05/23/2024,111.0,tablet
5329,1256,21-12-2024,67.0,desktop
5330,1256,10-04-2024,23.0,mobile
5331,1256,2024-05-22,106.0,
5332,1256,04/10/2024,30.0,mobile
5333,1256,2025-01-07,42.0,desktop
5334,1256,09/24/2024,2.0,desktop
5335,1256,10/25/2024,35.0,tablet
5336,762,10-02-2024,110.0,tablet
5337,833,2024-11-08,84.0,tablet
5338,833,2025-01-25,,desktop
5339,1256,01/16/2025,,mobile
5340,833,09/03/2024,27.0,mobile
5341,833,31-01-2024,8.0,tablet
5342,833,04/04/2024,,mobile
5343,1256,2024-09-01,99.0,desktop
5344,1256,14-01-2025,79.0,desktop
5345,833,2024-01-08,69.0,tablet
5346,1256,10/13/2024,117.0,mobile
5347,1256,05-02-2024,117.0,desktop
5348,1256,04-06-2024,89.0,desktop
5349,1256,20-07-2024,63.0,mobile
5350,1256,26-08-2024,15.0,desktop
5351,1256,2024-06-28,54.0,tablet
5352,1256,02/20/2024,51.0,tablet
5353,1256,01/13/2025,34.0,tablet
5354,1256,07/13/2024,6.0,tablet
5355,1256,11/22/2024,15.0,tablet
5356,1256,2024-12-06,5.0,desktop
5357,1256,2024-12-04,74.0,desktop
5358,1256,2024-06-19,67.0,mobile
5359,1256,07-07-2024,73.0,desktop
5360,1256,15-05-2024,84.0,desktop
5361,1256,26-02-2024,17.0,mobile
5362,1256,01/19/2025,64.0,desktop
5363,1256,2024-07-29,15.0,desktop
5364,1256,2024-02-06,42.0,mobile
5365,1256,07/27/2024,26.0,desktop
5366,1256,26-11-2024,69.0,
5367,1256,,98.0,tablet
5368,1256,10/18/2024,103.0,mobile
5369,1256,01/13/2025,82.0,mobile
5370,1256,06/03/2024,108.0,desktop
5371,1256,04/12/2024,62.0,mobile
5372,1256,03/28/2024,46.0,desktop
5373,1256,2024-06-15,46.0,desktop
5374,1256,2024-03-20,105.0,tablet
5375,1256,18-05-2024,47.0,mobile
5376,833,03/12/2024,20.0,tablet
5377,1256,2024-05-31,35.0,tablet
5378,833,31-01-2024,111.0,desktop
5379,1256,2025-01-27,89.0,desktop
5380,1256,2024-06-25,46.0,mobile
5381,1256,12/30/2024,61.0,mobile
5382,1256,2024-03-02,39.0,tablet
5383,1256,20-06-2024,23.0,desktop
5384,1256,29-07-2024,70.0,mobile
5385,1256,16-01-2024,85.0,desktop
5386,1256,01/12/2025,118.0,desktop
5387,833,09-02-2024,22.0,mobile
5388,1256,03/24/2024,87.0,tablet
5389,1256,01/29/2025,24.0,tablet
5390,1256,08/15/2024,57.0,mobile
5391,1256,2024-08-25,,
5392,1256,29-11-2024,17.0,desktop
5393,1256,05/28/2024,70.0,desktop
5394,1256,30-07-2024,20.0,desktop
5395,1256,2024-04-29,106.0,tablet
5396,1256,03-12-2024,11.0,desktop
5397,1256,,58.0,mobile
5398,1256,2025-01-11,71.0,mobile
5399,833,2025-01-10,71.0,desktop
5400,1256,05/30/2024,67.0,tablet
5401,1256,01/05/2024,85.0,mobile
5402,1256,11/23/2024,12.0,desktop
5403,1256,2024-02-23,67.0,tablet
5404,1256,09/03/2024,113.0,tablet
5405,1256,2024-11-30,103.0,desktop
5406,1256,,42.0,desktop
5407,1256,2024-02-05,77.0,tablet
5408,1256,02-02-2025,101.0,tablet
5409,1256,27-03-2024,115.0,tablet
5410,1256,06-02-2024,108.0,mobile
5411,1256,30-05-2024,42.0,desktop
5412,1256,01/16/2024,109.0,tablet
5413,1256,2024-04-16,49.0,mobile
5414,1256,07/31/2024,75.0,tablet
5415,833,2024-05-15,44.0,tablet
5416,1256,01/31/2024,30.0,desktop
5417,1256,20-05-2024,71.0,mobile
5418,1256,2024-02-08,75.0,tablet
5419,1256,2024-07-08,22.0,mobile
5420,1256,05-07-2024,78.0,desktop
5421,1256,21-08-2024,95.0,mobile
5422,1256,07/17/2024,101.0,desktop
5423,1256,,44.0,mobile
5424,1256,02-07-2024,117.0,desktop
5425,1256,02/29/2024,25.0,desktop
5426,1256,2024-06-25,66.0,tablet
5427,1256,11-01-2024,56.0,tablet
5428,1256,16-05-2024,58.0,desktop
5429,833,08/22/2024,86.0,tablet
5430,1256,2024-03-20,38.0,mobile
5431,833,27-04-2024,28.0,tablet
5432,833,02/23/2024,44.0,tablet
5433,1256,10-02-2024,22.0,desktop
5434,1256,01/06/2025,56.0,desktop
5435,1256,2024-05-11,9.0,mobile
5436,1256,2024-11-11,89.0,mobile
5437,1256,01/19/2024,93.0,mobile
5438,833,08/03/2024,98.0,tablet
5439,1256,,108.0,mobile
5440,833,12/23/2024,115.0,mobile
5441,1256,06/11/2024,65.0,desktop
5442,833,2024-12-23,47.0,desktop
5443,1256,2024-09-12,1.0,mobile
5444,833,01/04/2024,91.0,desktop
5445,1256,2025-01-10,118.0,tablet
5446,1256,06/05/2024,117.0,tablet
5447,1256,2025-01-17,72.0,tablet
5448,1256,11-01-2024,21.0,tablet
5449,1256,2025-01-03,82.0,tablet
5450,1256,07-08-2024,16.0,desktop
5451,1256,2024-06-11,,tablet
5452,1256,2024-07-27,94.0,mobile
5453,1256,08-01-2024,36.0,desktop
5454,1256,09-11-2024,86.0,mobile
5455,833,08-02-2024,36.0,tablet
5456,833,30-01-2025,,tablet
5457,1256,2025-01-30,120.0,desktop
5458,1256,,110.0,mobile
5459,1256,15-12-2024,,tablet
5460,1256,03-01-2025,118.0,
5461,1256,2024-12-28,,desktop
5462,1256,2024-10-27,20.0,
5463,1256,2024-11-25,105.0,desktop
5464,1256,08/17/2024,51.0,desktop
5465,1256,20-06-2024,72.0,desktop
5466,1256,11-05-2024,82.0,tablet
5467,1256,07/01/2024,93.0,mobile
5468,1256,01-06-2024,45.0,mobile
5469,1256,2024-01-23,81.0,tablet
5470,1256,13-05-2024,2.0,mobile
5471,1256,04-05-2024,29.0,mobile
5472,1256,09-08-2024,43.0,tablet
5473,1256,07/20/2024,,mobile
5474,833,2024-10-07,26.0,desktop
5475,1256,01/20/2024,91.0,mobile
5476,1256,2025-01-27,,desktop
5477,1256,2025-01-08,27.0,tablet
5478,1256,2024-08-27,,mobile
5479,1256,2024-04-06,90.0,tablet
5480,1256,09/09/2024,71.0,tablet
5481,833,2024-09-21,88.0,desktop
5482,1256,08/21/2024,36.0,mobile
5483,1256,01/06/2024,24.0,desktop
5484,1256,,112.0,tablet
5485,1256,03/09/2024,40.0,tablet
5486,833,14-09-2024,77.0,tablet
5487,833,11/20/2024,98.0,
5488,833,2024-12-21,83.0,mobile
5489,1256,2025-01-25,98.0,tablet
5490,1256,20-08-2024,65.0,tablet
5491,1256,2024-10-14,81.0,desktop
5492,1256,08/09/2024,67.0,tablet
5493,1256,12/29/2024,112.0,mobile
5494,1256,2024-01-09,81.0,mobile
5495,1256,18-03-2024,92.0,desktop
5496,833,15-06-2024,51.0,desktop
5497,1256,03/12/2024,120.0,mobile
5498,1256,2024-07-24,33.0,desktop
5499,1256,10/14/2024,8.0,tablet
5500,1256,2024-08-04,11.0,mobile
5501,1256,11-01-2024,72.0,desktop
5502,1256,2024-12-10,25.0,tablet
5503,1256,15-01-2025,91.0,tablet
5504,1256,01-12-2024,7.0,tablet
5505,833,09/01/2024,55.0,mobile
5506,1256,04/20/2024,81.0,
5507,1256,,46.0,mobile
5508,1256,2024-04-27,46.0,tablet
5509,1256,25-10-2024,51.0,
5510,1256,2024-06-26,,desktop
5511,833,12/25/2024,,tablet
5512,1256,09/09/2024,26.0,mobile
5513,1256,,,tablet
5514,1256,2024-06-30,47.0,mobile
5515,1256,14-01-2024,82.0,tablet
5516,1256,25-01-2024,37.0,tablet
5517,833,2024-10-07,,desktop
5518,1256,16-11-2024,35.0,mobile
5519,1256,25-01-2024,80.0,desktop
5520,833,24-01-2025,9.0,tablet
5521,1256,06/28/2024,47.0,mobile
5522,1256,05/31/2024,92.0,
5523,1256,26-10-2024,1.0,tablet
5524,1256,2025-01-31,58.0,mobile
5525,1256,2024-05-13,79.0,mobile
5526,833,2024-07-19,25.0,tablet
5527,1256,2024-12-23,35.0,mobile
5528,833,19-01-2025,89.0,tablet
5529,1256,01/22/2024,117.0,tablet
5530,1256,2024-10-24,93.0,mobile
5531,1256,2024-09-15,,mobile
5532,1256,07-06-2024,95.0,tablet
5533,833,04/17/2024,91.0,desktop
5534,1256,14-05-2024,42.0,tablet
5535,833,,117.0,mobile
5536,1256,02/17/2024,85.0,mobile
5537,1256,15-10-2024,85.0,mobile
5538,1256,03/01/2024,4.0,mobile
5539,1256,06/19/2024,93.0,desktop
5540,833,,85.0,mobile
5541,833,2024-12-07,45.0,tablet
5542,1256,09/09/2024,102.0,mobile
5543,1256,11-04-2024,100.0,tablet
5544,1256,06/19/2024,70.0,mobile
5545,833,2024-12-06,51.0,mobile
5546,1256,11/13/2024,55.0,desktop
5547,1256,2024-10-02,26.0,tablet
5548,1256,2024-07-20,,tablet
5549,1256,2024-10-25,67.0,desktop
5550,833,09/10/2024,6.0,mobile
5551,833,08/14/2024,108.0,tablet
5552,1256,08/29/2024,57.0,mobile
5553,833,01/30/2025,25.0,tablet
5554,1256,2024-06-10,21.0,desktop
5555,1256,12/23/2024,13.0,desktop
5556,1256,2024-11-02,66.0,desktop
5557,1256,2024-09-22,59.0,tablet
5558,1256,22-08-2024,33.0,tablet
5559,1256,2025-01-01,107.0,desktop
5560,833,2024-10-03,116.0,tablet
5561,1256,2024-02-29,113.0,mobile
5562,1256,2024-03-14,16.0,mobile
5563,1256,05/02/2024,49.0,mobile
5564,1256,01/28/2025,31.0,tablet
5565,1256,,90.0,tablet
5566,1256,13-01-2024,38.0,desktop
5567,1256,07-09-2024,104.0,mobile
5568,1256,2024-06-30,78.0,mobile
5569,1256,2024-07-23,26.0,tablet
5570,1256,09/12/2024,112.0,desktop
5571,1256,16-05-2024,87.0,mobile
5572,1256,24-04-2024,6.0,tablet
5573,1256,09-12-2024,62.0,mobile
5574,1256,23-07-2024,96.0,tablet
5575,1256,2024-11-27,,tablet
5576,1256,03/27/2024,98.0,mobile
5577,1256,2024-08-15,100.0,mobile
5578,1256,01/10/2024,78.0,desktop
5579,1256,2024-11-27,6.0,mobile
5580,1256,2024-07-14,89.0,mobile
5581,833,02-04-2024,71.0,desktop
5582,833,07/30/2024,107.0,tablet
5583,833,2024-10-26,,tablet
5584,1256,28-12-2024,54.0,mobile
5585,1256,15-07-2024,75.0,tablet
5586,833,07/24/2024,109.0,tablet
5587,1256,15-11-2024,79.0,tablet
5588,1256,08-04-2024,78.0,tablet
5589,1256,05/20/2024,21.0,desktop
5590,1256,2024-11-06,33.0,tablet
5591,833,2024-03-31,106.0,desktop
5592,833,10/11/2024,,desktop
5593,1256,11/23/2024,109.0,desktop
5594,1256,24-04-2024,110.0,mobile
5595,1256,24-04-2024,78.0,mobile
5596,1256,2024-08-13,10.0,tablet
5597,1256,25-11-2024,22.0,mobile
5598,1256,01-02-2024,34.0,desktop
5599,1256,2024-06-22,117.0,tablet
5600,1256,27-08-2024,13.0,desktop
5601,1256,2024-07-19,,mobile
5602,1256,2025-01-01,,mobile
5603,762,02-04-2024,17.0,mobile
5604,1256,2024-01-07,76.0,tablet
5605,1256,2024-10-30,54.0,tablet
5606,833,10/02/2024,109.0,tablet
5607,1256,04/13/2024,34.0,desktop
5608,1256,2024-12-03,96.0,mobile
5609,1256,2024-03-22,24.0,desktop
5610,1256,08/06/2024,3.0,tablet
5611,1256,03-01-2024,70.0,desktop
5612,1256,2024-07-28,77.0,desktop
5613,1256,07/12/2024,10.0,mobile
5614,1256,15-09-2024,30.0,mobile
5615,762,2024-12-12,116.0,mobile
5616,833,07-03-2024,30.0,desktop
5617,1256,08/03/2024,,desktop
5618,1256,21-01-2025,20.0,tablet
5619,1256,06/17/2024,3.0,mobile
5620,1256,22-01-2024,33.0,mobile
5621,1256,01/04/2025,69.0,desktop
5622,1256,10-01-2024,40.0,tablet
5623,1256,21-10-2024,91.0,desktop
5624,833,2024-09-26,66.0,desktop
5625,1256,07/12/2024,64.0,tablet
5626,1256,12-01-2024,114.0,desktop
5627,1256,05/11/2024,116.0,desktop
5628,1256,2024-07-19,95.0,mobile
5629,1256,12/30/2024,43.0,mobile
5630,1256,2024-04-25,100.0,mobile
5631,833,2024-12-29,82.0,mobile
5632,833,25-06-2024,81.0,
5633,1256,01/12/2024,49.0,mobile
5634,1256,,34.0,desktop
5635,1256,23-02-2024,52.0,tablet
5636,1256,29-05-2024,47.0,tablet
5637,1256,11-09-2024,,tablet
5638,1256,2024-01-12,91.0,desktop
5639,1256,20-09-2024,104.0,tablet
5640,1256,2024-04-25,113.0,tablet
5641,1256,05/21/2024,79.0,tablet
5642,1256,06-11-2024,56.0,desktop
5643,1256,26-11-2024,72.0,desktop
5644,1256,2024-05-19,36.0,mobile
5645,1256,04/12/2024,48.0,desktop
5646,1256,02/25/2024,63.0,tablet
5647,1256,20-01-2025,29.0,mobile
5648,833,2024-06-28,39.0,mobile
5649,1256,2024-06-06,107.0,mobile
5650,1256,2024-03-09,1.0,desktop
5651,1256,10/31/2024,7.0,mobile
5652,1256,31-01-2024,102.0,desktop
5653,1256,01/29/2024,30.0,mobile
5654,1256,08/16/2024,30.0,mobile
5655,1256,2024-06-20,80.0,mobile
5656,1256,2024-06-13,11.0,tablet
5657,1256,06/12/2024,32.0,tablet
5658,833,22-11-2024,2.0,mobile
5659,1256,15-07-2024,58.0,mobile
5660,1256,04/22/2024,50.0,desktop
5661,1256,2024-04-16,58.0,desktop
5662,1256,02/04/2024,78.0,tablet
5663,1256,05/09/2024,92.0,
5664,1256,2024-07-01,3.0,tablet
5665,1256,2025-01-11,96.0,desktop
5666,1256,06/10/2024,13.0,mobile
5667,1256,02-02-2024,116.0,desktop
5668,1256,28-01-2025,40.0,desktop
5669,1256,12/24/2024,12.0,desktop
5670,1256,08/01/2024,99.0,mobile
5671,1256,02/08/2024,93.0,desktop
5672,1256,12/22/2024,4.0,tablet
5673,1256,01/16/2025,92.0,tablet
5674,1256,01/31/2024,104.0,tablet
5675,833,2024-07-19,38.0,tablet
5676,1256,12/08/2024,56.0,desktop
5677,833,10/31/2024,66.0,mobile
5678,1256,2025-01-06,107.0,
5679,1256,07-01-2025,66.0,tablet
5680,1256,30-07-2024,45.0,tablet
5681,1256,13-04-2024,99.0,desktop
5682,833,03-11-2024,36.0,tablet
5683,1256,03/05/2024,61.0,desktop
5684,1256,16-11-2024,44.0,mobile
5685,833,09/02/2024,,desktop
5686,1256,2024-01-01,22.0,tablet
5687,1256,2024-08-29,78.0,mobile
5688,1256,2024-02-28,45.0,desktop
5689,1256,2024-12-03,20.0,tablet
5690,1256,29-09-2024,78.0,tablet
5691,1256,08/02/2024,8.0,desktop
5692,1256,11/26/2024,99.0,desktop
5693,1256,02-04-2024,98.0,mobile
5694,833,12/07/2024,116.0,tablet
5695,1256,2024-07-17,34.0,
5696,1256,01/24/2025,53.0,tablet
5697,833,2024-05-12,18.0,desktop
5698,1256,05-06-2024,107.0,tablet
5699,1256,18-09-2024,17.0,tablet
5700,833,08/17/2024,18.0,desktop
5701,833,2024-06-17,28.0,desktop
5702,833,01-06-2024,,tablet
5703,1256,02-04-2024,,mobile
5704,1256,10/23/2024,17.0,tablet
5705,1256,06/18/2024,87.0,desktop
5706,1256,09/10/2024,48.0,tablet
5707,1256,28-12-2024,117.0,desktop
5708,1256,04-12-2024,26.0,mobile
5709,1256,2024-01-06,37.0,tablet
5710,1256,08-01-2025,86.0,tablet
5711,1256,30-01-2025,48.0,tablet
5712,1256,03/25/2024,59.0,mobile
5713,1256,02-05-2024,91.0,tablet
5714,1256,2025-01-05,105.0,desktop
5715,1256,09/22/2024,90.0,tablet
5716,1256,29-06-2024,89.0,mobile
5717,1256,18-05-2024,15.0,desktop
5718,833,02/02/2025,3.0,mobile
5719,1256,08-03-2024,66.0,tablet
5720,1256,12/05/2024,22.0,tablet
5721,1256,02-05-2024,9.0,mobile
5722,1256,2024-05-18,25.0,mobile
5723,1256,2024-02-01,2.0,desktop
5724,1256,01/28/2025,109.0,desktop
5725,1256,2024-10-01,102.0,mobile
5726,1256,05-08-2024,33.0,mobile
5727,1256,25-12-2024,31.0,mobile
5728,1256,13-11-2024,87.0,desktop
5729,1256,21-11-2024,17.0,mobile
5730,1256,12/30/2024,87.0,mobile
5731,1256,10-05-2024,54.0,mobile
5732,1256,03/25/2024,13.0,desktop
5733,1256,2024-08-26,53.0,tablet
5734,1256,16-08-2024,12.0,tablet
5735,1256,02-09-2024,28.0,desktop
5736,1256,2024-07-27,,tablet
5737,1256,2024-07-25,9.0,tablet
5738,1256,2024-09-07,117.0,tablet
5739,833,2024-08-30,,tablet
5740,833,27-09-2024,38.0,mobile
5741,833,02/02/2024,77.0,desktop
5742,833,,79.0,desktop
5743,1256,2024-04-20,,tablet
5744,1256,03/01/2024,61.0,mobile
5745,1256,31-01-2025,96.0,tablet
5746,833,03/27/2024,43.0,desktop
5747,1256,12/04/2024,53.0,desktop
5748,1256,06-10-2024,88.0,desktop
5749,1256,25-11-2024,64.0,tablet
5750,1256,2024-07-20,16.0,desktop
5751,1256,08-02-2024,99.0,mobile
5752,1256,06/08/2024,35.0,mobile
5753,833,18-11-2024,13.0,desktop
5754,1256,05/11/2024,54.0,tablet
5755,1256,10/09/2024,28.0,mobile
5756,1256,12/17/2024,8.0,tablet
5757,1256,2024-08-14,52.0,tablet
5758,1256,22-09-2024,114.0,desktop
5759,1256,23-08-2024,77.0,desktop
5760,833,21-08-2024,99.0,desktop
5761,1256,2024-03-29,52.0,desktop
5762,1256,18-03-2024,74.0,mobile
5763,1256,14-01-2024,34.0,tablet
5764,1256,2025-01-23,75.0,tablet
5765,1256,2024-08-14,65.0,tablet
5766,1256,2024-05-17,48.0,tablet
5767,1256,2024-09-01,63.0,tablet
5768,1256,06/26/2024,35.0,tablet
5769,1256,2024-04-05,26.0,
5770,1256,2024-10-12,18.0,mobile
5771,1256,2024-06-19,9.0,tablet
5772,1256,04-02-2025,94.0,tablet
5773,1256,2024-08-18,97.0,tablet
5774,1256,29-08-2024,103.0,tablet
5775,1256,07-12-2024,54.0,tablet
5776,1256,2024-02-29,98.0,mobile
5777,1256,07/19/2024,72.0,tablet
5778,1256,2024-10-10,82.0,tablet
5779,833,2024-05-31,108.0,mobile
5780,1256,2024-01-05,60.0,tablet
5781,1256,2024-05-05,37.0,mobile
5782,1256,12-01-2025,100.0,mobile
5783,1256,30-03-2024,3.0,tablet
5784,1256,2024-02-21,7.0,mobile
5785,1256,02-06-2024,95.0,tablet
5786,1256,16-06-2024,76.0,desktop
5787,1256,23-10-2024,32.0,mobile
5788,1256,02-07-2024,73.0,tablet
5789,833,01/22/2025,60.0,tablet
5790,1256,2024-04-29,109.0,desktop
5791,1256,2024-09-02,51.0,mobile
5792,1256,29-09-2024,111.0,desktop
5793,1256,08-07-2024,31.0,tablet
5794,833,2024-01-22,,mobile
5795,1256,04/20/2024,100.0,tablet
5796,1256,2024-07-17,46.0,desktop
5797,1256,29-08-2024,111.0,desktop
5798,1256,2024-12-17,45.0,desktop
5799,1256,2024-08-09,14.0,mobile
5800,1256,02-06-2024,49.0,tablet
5801,1256,07-06-2024,77.0,mobile
5802,1256,2024-02-29,3.0,mobile
5803,1256,2024-04-09,107.0,desktop
5804,1256,2024-08-17,80.0,mobile
5805,762,2024-11-20,96.0,mobile
5806,1256,2024-12-29,18.0,desktop
5807,1256,10/24/2024,110.0,tablet
5808,762,2024-11-08,57.0,tablet
5809,1256,15-02-2024,40.0,mobile
5810,833,05/16/2024,38.0,mobile
5811,1256,18-04-2024,111.0,tablet
5812,1256,11/18/2024,11.0,desktop
5813,833,04-11-2024,22.0,desktop
5814,1256,2024-03-27,13.0,mobile
5815,1256,2025-01-12,101.0,tablet
5816,1256,2024-03-09,96.0,mobile
5817,1256,2024-01-10,109.0,desktop
5818,1256,05-01-2025,102.0,mobile
5819,1256,08-04-2024,86.0,desktop
5820,1256,2024-11-01,65.0,desktop
5821,1256,02-01-2024,3.0,mobile
5822,1256,12/12/2024,73.0,desktop
5823,1256,06/01/2024,,mobile
5824,1256,02/10/2024,107.0,desktop
5825,1256,2025-01-20,37.0,mobile
5826,833,17-07-2024,33.0,desktop
5827,1256,2024-05-01,79.0,desktop
5828,1256,2024-01-16,98.0,mobile
5829,1256,16-06-2024,56.0,tablet
5830,1256,05/18/2024,80.0,mobile
5831,1256,10-02-2024,116.0,tablet
5832,1256,03/01/2024,105.0,desktop
5833,1256,05/03/2024,113.0,mobile
5834,1256,,57.0,tablet
5835,1256,2024-05-14,53.0,tablet
5836,833,2025-01-11,85.0,tablet
5837,1256,06/25/2024,,tablet
5838,1256,13-11-2024,120.0,desktop
5839,1256,27-11-2024,87.0,tablet
5840,1256,11-02-2024,3.0,desktop
5841,833,2025-01-11,26.0,desktop
5842,1256,14-11-2024,,desktop
5843,833,2024-02-04,105.0,mobile
5844,1256,02/03/2024,5.0,desktop
5845,833,11-06-2024,,mobile
5846,1256,01/10/2024,21.0,mobile
5847,1256,03-06-2024,47.0,desktop
5848,1256,2024-07-22,28.0,desktop
5849,1256,2024-01-14,29.0,tablet
5850,1256,2024-09-23,118.0,mobile
5851,1256,02/12/2024,79.0,desktop
5852,833,2024-12-04,58.0,desktop
5853,1256,2024-08-01,,mobile
5854,833,2024-05-29,83.0,mobile
5855,1256,05-07-2024,86.0,desktop
5856,1256,10-04-2024,43.0,desktop
5857,1256,11/07/2024,93.0,mobile
5858,1256,2024-01-31,60.0,tablet
5859,1256,2024-07-30,74.0,tablet
5860,1256,2024-07-09,9.0,desktop
5861,833,2024-11-18,86.0,desktop
5862,1256,04/01/2024,101.0,mobile
5863,1256,2025-01-16,56.0,mobile
5864,1256,12-12-2024,94.0,mobile
5865,833,14-10-2024,35.0,desktop
5866,1256,2024-10-03,39.0,tablet
5867,1256,02-06-2024,67.0,tablet
5868,1256,05/15/2024,99.0,mobile
5869,1256,12/24/2024,41.0,tablet
5870,1256,19-02-2024,7.0,tablet
5871,833,2025-01-09,100.0,desktop
5872,833,2024-05-24,29.0,mobile
5873,1256,26-01-2025,81.0,tablet
5874,1256,22-01-2025,60.0,desktop
5875,1256,2024-05-28,85.0,tablet
5876,833,23-11-2024,20.0,tablet
5877,1256,11-04-2024,60.0,
5878,1256,2024-01-01,47.0,desktop
5879,1256,01-02-2025,59.0,desktop
5880,1256,07/21/2024,58.0,tablet
5881,1256,2024-12-17,80.0,mobile
5882,1256,12/13/2024,79.0,tablet
5883,1256,09/16/2024,20.0,
5884,1256,12-07-2024,75.0,mobile
5885,833,01/22/2024,112.0,mobile
5886,1256,06-04-2024,86.0,mobile
5887,1256,2024-10-29,39.0,tablet
5888,833,20-09-2024,85.0,
5889,1256,2024-10-27,75.0,mobile
5890,1256,03-10-2024,91.0,tablet
5891,1256,2024-09-20,82.0,desktop
5892,833,2024-10-05,,desktop
5893,1256,2024-01-13,63.0,tablet
5894,1256,2024-04-15,48.0,
5895,833,07-07-2024,73.0,tablet
5896,1256,28-07-2024,10.0,mobile
5897,1256,05-06-2024,40.0,mobile
5898,1256,2024-12-20,32.0,desktop
5899,833,09/23/2024,120.0,
5900,1256,2024-02-09,61.0,desktop
5901,1256,12-01-2024,83.0,mobile
5902,1256,19-12-2024,11.0,mobile
5903,1256,2024-05-20,7.0,tablet
5904,1256,2025-01-15,32.0,desktop
5905,833,04-05-2024,7.0,desktop
5906,1256,2024-07-16,119.0,desktop
5907,1256,2024-01-18,77.0,desktop
5908,1256,21-05-2024,,tablet
5909,1256,04-06-2024,24.0,desktop
5910,1256,05-01-2025,68.0,mobile
5911,1256,08-04-2024,64.0,desktop
5912,1256,2024-02-23,70.0,tablet
5913,1256,10/25/2024,112.0,mobile
5914,1256,03/25/2024,37.0,desktop
5915,1256,07-05-2024,,mobile
5916,1256,03/15/2024,39.0,desktop
5917,833,2024-08-08,12.0,tablet
5918,1256,2024-02-21,15.0,tablet
5919,833,01-01-2025,53.0,tablet
5920,833,15-10-2024,70.0,tablet
5921,1256,2024-02-02,98.0,mobile
5922,1256,2024-12-04,30.0,tablet
5923,833,15-03-2024,86.0,
5924,1256,09/11/2024,41.0,desktop
5925,833,02/19/2024,117.0,tablet
5926,833,2024-04-29,38.0,mobile
5927,1256,2024-12-26,70.0,mobile
5928,1256,01/18/2025,84.0,tablet
5929,1256,10-03-2024,114.0,desktop
5930,1256,2024-02-09,29.0,mobile
5931,1256,30-07-2024,58.0,tablet
5932,1256,2024-09-21,34.0,mobile
5933,1256,2024-11-22,73.0,tablet
5934,1256,,43.0,tablet
5935,1256,2024-12-29,29.0,desktop
5936,1256,2024-12-22,48.0,mobile
5937,833,20-08-2024,36.0,mobile
5938,1256,06/21/2024,69.0,desktop
5939,1256,18-07-2024,115.0,mobile
5940,833,2024-05-05,15.0,desktop
5941,1256,07-01-2025,79.0,mobile
5942,1256,04/08/2024,4.0,tablet
5943,1256,02/20/2024,113.0,desktop
5944,1256,05/24/2024,47.0,tablet
5945,1256,30-03-2024,26.0,
5946,1256,,46.0,tablet
5947,1256,05-12-2024,67.0,desktop
5948,1256,2024-06-09,93.0,mobile
5949,1256,08-01-2025,92.0,mobile
5950,1256,01/07/2024,96.0,mobile
5951,1256,2024-07-07,78.0,desktop
5952,1256,01/08/2025,59.0,mobile
5953,833,2024-11-24,24.0,tablet
5954,1256,04/28/2024,55.0,mobile
5955,1256,08/16/2024,87.0,mobile
5956,833,14-01-2024,71.0,mobile
5957,762,04/04/2024,58.0,mobile
5958,1256,2024-03-03,33.0,
5959,833,09-07-2024,59.0,mobile
5960,833,28-06-2024,46.0,tablet
5961,1256,20-10-2024,,mobile
5962,833,2025-01-18,66.0,desktop
5963,833,2024-06-21,9.0,desktop
5964,1256,10/30/2024,,mobile
5965,1256,2024-07-07,20.0,desktop
5966,1256,2024-05-11,90.0,desktop
5967,1256,2024-03-12,115.0,desktop
5968,1256,2024-04-11,65.0,mobile
5969,1256,03/13/2024,112.0,tablet
5970,833,02-09-2024,51.0,mobile
5971,833,17-10-2024,42.0,tablet
5972,1256,2024-03-23,42.0,tablet
5973,1256,2024-11-12,74.0,tablet
5974,1256,2024-08-22,3.0,tablet
5975,1256,2025-01-31,1.0,desktop
5976,1256,04-05-2024,54.0,desktop
5977,833,01/17/2024,67.0,desktop
5978,1256,08-09-2024,119.0,mobile
5979,1256,2024-05-05,117.0,mobile
5980,1256,01/25/2025,67.0,tablet
5981,1256,2024-07-09,100.0,tablet
5982,1256,2024-01-31,18.0,mobile
5983,1256,2024-02-03,43.0,
5984,1256,,86.0,tablet
5985,1256,2024-04-17,99.0,tablet
5986,1256,06/03/2024,103.0,mobile
5987,1256,2024-05-24,98.0,mobile
5988,833,01-09-2024,27.0,desktop
5989,1256,2024-12-12,14.0,desktop
5990,1256,07/09/2024,79.0,tablet
5991,1256,2024-11-11,109.0,tablet
5992,1256,09/01/2024,114.0,desktop
5993,1256,,46.0,desktop
5994,833,2024-08-06,119.0,tablet
5995,1256,10/15/2024,2.0,desktop
5996,1256,11/29/2024,44.0,desktop
5997,1256,11-01-2025,55.0,tablet
5998,1256,2024-12-22,82.0,desktop
5999,1256,09-12-2024,105.0,tablet
6000,1256,02/03/2025,38.0,desktop
6001,833,04/18/2024,9.0,mobile
6002,833,,49.0,desktop
6003,833,08/10/2024,59.0,tablet
6004,1256,07/13/2024,80.0,desktop
6005,1256,16-08-2024,92.0,tablet
6006,1256,21-04-2024,54.0,mobile
6007,1256,2024-01-14,88.0,desktop
6008,1256,24-02-2024,106.0,mobile
6009,1256,09/12/2024,51.0,tablet
6010,1256,02/03/2025,35.0,tablet
6011,1256,2024-03-06,29.0,mobile
6012,1256,03/14/2024,16.0,desktop
6013,1256,05-01-2024,26.0,
6014,1256,06-03-2024,2.0,tablet
6015,1256,18-10-2024,10.0,desktop
6016,1256,28-11-2024,,tablet
6017,1256,17-04-2024,24.0,mobile
6018,1256,2024-06-04,114.0,mobile
6019,1256,2024-07-27,112.0,desktop
6020,1256,26-07-2024,97.0,
6021,1256,12/06/2024,20.0,tablet
6022,1256,06/06/2024,4.0,desktop
6023,1256,01/21/2024,78.0,desktop
6024,1256,05-11-2024,79.0,mobile
6025,1256,10/23/2024,44.0,mobile
6026,1256,2024-02-26,41.0,tablet
6027,1256,10/06/2024,8.0,desktop
6028,1256,2024-10-25,76.0,tablet
6029,1256,2024-09-10,59.0,tablet
6030,1256,07-07-2024,3.0,mobile
6031,1256,04/03/2024,14.0,desktop
6032,1256,04/17/2024,41.0,tablet
6033,1256,01/05/2025,48.0,desktop
6034,1256,17-09-2024,29.0,desktop
6035,1256,26-05-2024,87.0,tablet
6036,1256,2024-10-24,,mobile
6037,1256,05/23/2024,35.0,desktop
6038,1256,09/11/2024,3.0,desktop
6039,1256,22-09-2024,60.0,mobile
6040,1256,,4.0,tablet
6041,1256,23-08-2024,25.0,desktop
6042,1256,11-09-2024,33.0,desktop
6043,1256,06/06/2024,107.0,mobile
6044,1256,20-03-2024,26.0,tablet
6045,1256,13-05-2024,63.0,mobile
6046,1256,03/28/2024,20.0,mobile
6047,1256,04/28/2024,23.0,tablet
6048,1256,04/14/2024,74.0,mobile
6049,1256,01/27/2024,43.0,desktop
6050,1256,01/21/2025,9.0,desktop
6051,1256,01/11/2025,22.0,mobile
6052,1256,02-10-2024,30.0,tablet
6053,1256,04-02-2024,72.0,tablet
6054,833,07-09-2024,57.0,tablet
6055,833,04/22/2024,47.0,mobile
6056,1256,08/25/2024,47.0,tablet
6057,1256,12-08-2024,65.0,mobile
6058,1256,10-07-2024,16.0,mobile
6059,1256,30-04-2024,73.0,tablet
6060,1256,24-11-2024,110.0,
6061,1256,23-11-2024,72.0,tablet
6062,1256,2024-09-23,50.0,mobile
6063,833,09/10/2024,91.0,mobile
6064,1256,2024-03-02,2.0,tablet
6065,1256,21-05-2024,95.0,mobile
6066,1256,11/20/2024,41.0,tablet
6067,833,12-08-2024,91.0,mobile
6068,833,16-01-2024,107.0,desktop
6069,1256,2025-01-03,17.0,mobile
6070,1256,14-08-2024,,tablet
6071,1256,07-06-2024,82.0,desktop
6072,1256,2024-06-21,44.0,desktop
6073,1256,,65.0,mobile
6074,1256,,105.0,tablet
6075,1256,02/23/2024,100.0,tablet
6076,1256,2024-08-29,56.0,desktop
6077,833,2024-10-27,83.0,mobile
6078,1256,03-04-2024,81.0,tablet
6079,1256,07/01/2024,93.0,
6080,1256,03/06/2024,60.0,desktop
6081,833,07/06/2024,36.0,mobile
6082,1256,2024-11-16,79.0,desktop
6083,1256,02/23/2024,72.0,tablet
6084,1256,20-11-2024,77.0,mobile
6085,1256,2024-06-13,92.0,tablet
6086,1256,07/25/2024,60.0,tablet
6087,1256,23-01-2025,47.0,mobile
6088,1256,08/12/2024,115.0,tablet
6089,1256,2025-01-16,110.0,mobile
6090,833,2024-01-13,43.0,desktop
6091,1256,2024-05-20,,
6092,1256,,97.0,tablet
6093,833,10/19/2024,53.0,desktop
6094,1256,03/23/2024,,
6095,1256,2024-12-31,113.0,tablet
6096,1256,2024-12-17,40.0,mobile
6097,1256,09/19/2024,54.0,desktop
6098,1256,11/14/2024,16.0,mobile
6099,1256,04/28/2024,47.0,mobile
6100,1256,2024-01-18,99.0,mobile
6101,1256,2024-03-23,82.0,
6102,1256,06/24/2024,22.0,desktop
6103,833,2024-11-14,85.0,tablet
6104,1256,01/31/2024,1.0,tablet
6105,1256,04-08-2024,,tablet
6106,762,22-07-2024,72.0,tablet
6107,1256,2024-11-17,12.0,desktop
6108,1256,01/28/2025,78.0,mobile
6109,1256,09/23/2024,,mobile
6110,1256,2024-06-28,37.0,desktop
6111,833,08-05-2024,57.0,mobile
6112,1256,2024-02-06,38.0,mobile
6113,1256,2024-01-14,35.0,mobile
6114,833,2024-12-12,99.0,tablet
6115,1256,10/18/2024,70.0,desktop
6116,1256,2025-01-17,45.0,desktop
6117,1256,2024-07-29,118.0,tablet
6118,1256,2024-04-05,82.0,mobile
6119,1256,02-03-2024,62.0,mobile
6120,833,08/26/2024,37.0,tablet
6121,1256,07/11/2024,,tablet
6122,1256,01-04-2024,64.0,tablet
6123,1256,21-06-2024,113.0,mobile
6124,1256,2024-04-29,54.0,mobile
6125,1256,2024-12-13,115.0,tablet
6126,1256,2024-04-01,27.0,desktop
6127,1256,01/24/2024,40.0,mobile
6128,1256,2024-12-16,66.0,tablet
6129,1256,2024-08-22,34.0,desktop
6130,1256,10/14/2024,47.0,desktop
6131,1256,11/01/2024,115.0,tablet
6132,1256,2024-10-17,27.0,mobile
6133,1256,09/06/2024,54.0,tablet
6134,1256,01/07/2025,40.0,desktop
6135,1256,09/05/2024,57.0,tablet
6136,1256,19-12-2024,33.0,mobile
6137,833,09/28/2024,46.0,tablet
6138,1256,14-09-2024,2.0,desktop
6139,1256,2024-02-23,9.0,tablet
6140,833,17-01-2024,72.0,tablet
6141,1256,17-12-2024,103.0,mobile
6142,833,16-04-2024,36.0,mobile
6143,833,2024-03-25,49.0,tablet
6144,1256,09/09/2024,105.0,mobile
6145,1256,26-05-2024,119.0,mobile
6146,1256,22-07-2024,65.0,tablet
6147,833,04/05/2024,29.0,mobile
6148,833,14-12-2024,114.0,tablet
6149,1256,05/08/2024,115.0,tablet
6150,1256,26-02-2024,28.0,mobile
6151,833,02/23/2024,89.0,desktop
6152,1256,07/06/2024,,tablet
6153,1256,03/07/2024,104.0,desktop
6154,1256,10-04-2024,73.0,desktop
6155,1256,2024-08-28,9.0,desktop
6156,762,01-06-2024,67.0,tablet
6157,1256,01/14/2025,104.0,tablet
6158,1256,2025-01-16,67.0,mobile
6159,1256,12/08/2024,108.0,tablet
6160,1256,17-03-2024,96.0,mobile
6161,1256,04-12-2024,87.0,tablet
6162,1256,07/06/2024,87.0,desktop
6163,833,27-10-2024,29.0,desktop
6164,1256,2024-05-15,60.0,desktop
6165,1256,2024-01-17,4.0,tablet
6166,833,07/31/2024,,tablet
6167,1256,01/17/2024,1.0,mobile
6168,1256,,68.0,tablet
6169,1256,2025-02-02,,desktop
6170,1256,2024-08-18,5.0,desktop
6171,833,05/20/2024,21.0,mobile
6172,833,01/30/2025,88.0,mobile
6173,1256,2024-07-22,104.0,tablet
6174,1256,01/24/2025,14.0,mobile
6175,1256,13-02-2024,114.0,mobile
6176,1256,07/26/2024,43.0,mobile
6177,833,2025-01-09,14.0,tablet
6178,1256,05-04-2024,98.0,mobile
6179,833,2024-11-05,55.0,mobile
6180,1256,02/09/2024,27.0,tablet
6181,833,2024-02-28,111.0,tablet
6182,1256,2024-12-30,16.0,tablet
6183,1256,01-04-2024,31.0,tablet
6184,833,11/01/2024,115.0,mobile
6185,1256,2025-01-25,47.0,tablet
6186,1256,2024-11-06,8.0,mobile
6187,1256,06-05-2024,33.0,desktop
6188,1256,10/09/2024,6.0,desktop
6189,1256,09/01/2024,19.0,tablet
6190,1256,07/26/2024,23.0,mobile
6191,1256,2024-03-23,12.0,desktop
6192,1256,05-07-2024,20.0,tablet
6193,1256,2024-09-23,17.0,tablet
6194,1256,01/08/2024,69.0,tablet
6195,833,2024-04-20,52.0,mobile
6196,833,2024-05-24,60.0,tablet
6197,1256,2025-01-10,24.0,
6198,1256,04/21/2024,119.0,desktop
6199,1256,02/27/2024,93.0,tablet
6200,1256,2024-10-22,8.0,mobile
6201,1256,31-07-2024,68.0,desktop
6202,1256,25-11-2024,67.0,tablet
6203,1256,,114.0,tablet
6204,833,03-09-2024,38.0,mobile
6205,1256,2024-06-20,84.0,desktop
6206,1256,2024-01-26,2.0,mobile
6207,1256,09/05/2024,,mobile
6208,1256,,67.0,desktop
6209,1256,28-07-2024,56.0,tablet
6210,1256,05/23/2024,2.0,mobile
6211,1256,2024-11-12,99.0,mobile
6212,1256,2024-04-30,32.0,mobile
6213,833,02/14/2024,33.0,desktop
6214,1256,2024-02-27,59.0,tablet
6215,1256,05/27/2024,29.0,mobile
6216,833,12-09-2024,20.0,desktop
6217,833,30-03-2024,,mobile
6218,833,27-07-2024,17.0,desktop
6219,1256,11/14/2024,58.0,desktop
6220,1256,06/16/2024,120.0,desktop
6221,1256,01-08-2024,105.0,desktop
6222,833,2024-11-08,33.0,desktop
6223,1256,2025-01-24,56.0,desktop
6224,1256,09-01-2025,84.0,mobile
6225,1256,2024-09-18,108.0,tablet
6226,1256,2024-06-07,51.0,tablet
6227,1256,30-03-2024,21.0,desktop
6228,1256,11/11/2024,4.0,mobile
6229,1256,23-02-2024,24.0,desktop
6230,1256,2024-08-01,117.0,tablet
6231,833,14-01-2024,93.0,tablet
6232,1256,2025-01-19,98.0,tablet
6233,1256,14-10-2024,6.0,mobile
6234,1256,10-01-2024,111.0,desktop
6235,1256,20-07-2024,98.0,mobile
6236,1256,03/16/2024,,tablet
6237,1256,2024-06-17,110.0,mobile
6238,1256,03-07-2024,38.0,desktop
6239,1256,07/18/2024,2.0,tablet
6240,833,09-03-2024,117.0,tablet
6241,1256,12/27/2024,59.0,desktop
6242,1256,2024-03-16,19.0,mobile
6243,1256,2024-06-27,107.0,desktop
6244,1256,2024-01-26,11.0,desktop
6245,1256,2024-10-23,38.0,tablet
6246,1256,05-04-2024,10.0,tablet
6247,833,08/14/2024,97.0,tablet
6248,833,13-02-2024,73.0,desktop
6249,1256,22-06-2024,33.0,mobile
6250,1256,2025-02-04,76.0,tablet
6251,1256,10/06/2024,84.0,mobile
6252,1256,31-05-2024,86.0,tablet
6253,1256,2024-02-24,86.0,desktop
6254,1256,08/05/2024,,desktop
6255,1256,03-01-2024,39.0,mobile
6256,1256,08/25/2024,42.0,mobile
6257,833,24-11-2024,80.0,desktop
6258,1256,01/15/2025,,mobile
6259,1256,2024-09-02,84.0,desktop
6260,1256,17-02-2024,65.0,desktop
6261,1256,09-03-2024,,mobile
6262,1256,,6.0,tablet
6263,1256,12-01-2025,43.0,tablet
6264,1256,2024-12-29,28.0,desktop
6265,1256,07/23/2024,37.0,mobile
6266,1256,01/28/2024,101.0,tablet
6267,1256,09-08-2024,85.0,mobile
6268,833,09/17/2024,40.0,desktop
6269,1256,02/02/2024,64.0,tablet
6270,1256,01/12/2025,106.0,mobile
6271,1256,07/03/2024,79.0,
6272,1256,20-01-2025,,mobile
6273,1256,11/01/2024,,desktop
6274,1256,30-07-2024,5.0,tablet
6275,1256,01-02-2024,4.0,mobile
6276,1256,04/11/2024,94.0,mobile
6277,833,05-06-2024,106.0,mobile
6278,833,26-06-2024,29.0,desktop
6279,833,2024-05-28,109.0,tablet
6280,833,03-01-2024,67.0,tablet
6281,1256,12/14/2024,,mobile
6282,1256,31-05-2024,115.0,tablet
6283,1256,2024-08-02,14.0,tablet
6284,1256,03/02/2024,66.0,tablet
6285,833,01/26/2025,60.0,mobile
6286,1256,2024-05-19,105.0,mobile
6287,1256,2024-02-20,113.0,mobile
6288,1256,08-03-2024,110.0,desktop
6289,1256,01-01-2025,118.0,mobile
6290,833,08-04-2024,10.0,mobile
6291,1256,10-01-2025,38.0,tablet
6292,1256,04/29/2024,84.0,tablet
6293,833,02/23/2024,44.0,desktop
6294,1256,17-01-2024,24.0,tablet
6295,1256,06-07-2024,96.0,mobile
6296,1256,10/13/2024,,tablet
6297,1256,,69.0,tablet
6298,833,2024-04-30,114.0,desktop
6299,1256,01/13/2024,26.0,tablet
6300,1256,01/11/2025,41.0,mobile
6301,1256,04/21/2024,47.0,desktop
6302,1256,2025-01-09,49.0,desktop
6303,1256,12/28/2024,26.0,
6304,833,03-02-2024,40.0,mobile
6305,1256,09-02-2024,97.0,desktop
6306,1256,2024-11-19,79.0,desktop
6307,1256,2024-07-13,29.0,mobile
6308,1256,04/10/2024,27.0,mobile
6309,1256,2024-11-17,77.0,tablet
6310,833,2024-05-13,73.0,mobile
6311,1256,23-11-2024,37.0,mobile
6312,1256,03/26/2024,,desktop
6313,1256,09/05/2024,75.0,tablet
6314,1256,13-03-2024,59.0,mobile
6315,1256,01/17/2024,120.0,desktop
6316,1256,09-03-2024,103.0,mobile
6317,1256,30-10-2024,70.0,desktop
6318,1256,30-01-2025,90.0,tablet
6319,1256,29-03-2024,98.0,tablet
6320,833,06/26/2024,66.0,tablet
6321,1256,10/12/2024,,mobile
6322,1256,2024-12-17,101.0,mobile
6323,1256,05-12-2024,104.0,mobile
6324,1256,02/13/2024,38.0,mobile
6325,1256,07/08/2024,17.0,desktop
6326,1256,2024-04-10,72.0,mobile
6327,1256,2024-06-13,,desktop
6328,1256,2024-06-22,66.0,tablet
6329,1256,09/21/2024,108.0,mobile
6330,1256,04/24/2024,95.0,mobile
6331,833,05/28/2024,1.0,tablet
6332,833,02/21/2024,75.0,desktop
6333,1256,06/12/2024,63.0,
6334,1256,19-08-2024,103.0,tablet
6335,1256,,67.0,mobile
6336,1256,2024-12-21,34.0,tablet
6337,833,2024-02-10,68.0,mobile
6338,1256,05/12/2024,47.0,tablet
6339,1256,,101.0,desktop
6340,1256,2024-07-10,68.0,tablet
6341,1256,2024-03-30,93.0,tablet
6342,1256,27-09-2024,93.0,tablet
6343,1256,01-01-2024,22.0,desktop
6344,1256,11/14/2024,18.0,mobile
6345,1256,10/31/2024,83.0,desktop
6346,1256,2024-03-13,100.0,tablet
6347,1256,10/10/2024,113.0,desktop
6348,1256,2024-04-10,111.0,mobile
6349,1256,24-02-2024,88.0,desktop
6350,1256,15-08-2024,7.0,tablet
6351,1256,11/19/2024,106.0,tablet
6352,1256,19-12-2024,24.0,tablet
6353,1256,05/12/2024,77.0,tablet
6354,1256,2024-01-08,109.0,tablet
6355,1256,14-03-2024,40.0,mobile
6356,833,2024-05-06,78.0,tablet
6357,1256,06/20/2024,116.0,desktop
6358,1256,05/13/2024,93.0,desktop
6359,1256,2024-08-10,116.0,desktop
6360,1256,29-04-2024,105.0,mobile
6361,1256,2024-05-19,40.0,tablet
6362,1256,2024-08-26,45.0,mobile
6363,1256,09/01/2024,90.0,tablet
6364,1256,08/13/2024,80.0,desktop
6365,833,2024-11-19,119.0,desktop
6366,762,02/15/2024,42.0,tablet
6367,1256,2024-12-03,56.0,desktop
6368,1256,2024-07-19,50.0,desktop
6369,1256,2025-01-09,45.0,desktop
6370,1256,18-06-2024,102.0,mobile
6371,1256,16-09-2024,72.0,desktop
6372,1256,2024-02-29,12.0,mobile
6373,1256,11/13/2024,89.0,tablet
6374,1256,04/20/2024,116.0,tablet
6375,1256,02-07-2024,84.0,mobile
6376,1256,12/09/2024,77.0,desktop
6377,1256,25-02-2024,74.0,mobile
6378,833,01/31/2025,31.0,tablet
6379,1256,09/19/2024,67.0,mobile
6380,1256,19-07-2024,9.0,tablet
6381,1256,2024-10-21,115.0,tablet
6382,1256,30-12-2024,34.0,desktop
6383,1256,2024-05-18,12.0,desktop
6384,1256,2024-07-27,25.0,mobile
6385,1256,31-03-2024,101.0,tablet
6386,1256,02/09/2024,,mobile
6387,1256,08/11/2024,18.0,mobile
6388,1256,11/22/2024,79.0,tablet
6389,1256,06/19/2024,4.0,mobile
6390,1256,11/06/2024,27.0,mobile
6391,833,01/25/2024,90.0,mobile
6392,1256,23-09-2024,62.0,desktop
6393,1256,02-02-2025,78.0,tablet
6394,833,14-05-2024,112.0,mobile
6395,1256,2025-02-04,104.0,desktop
6396,1256,01/09/2025,,mobile
6397,1256,09/23/2024,120.0,desktop
6398,1256,11/17/2024,19.0,
6399,1256,2024-10-24,73.0,mobile
6400,1256,28-01-2025,34.0,mobile
6401,1256,2024-04-22,120.0,mobile
6402,1256,16-10-2024,7.0,tablet
6403,1256,2024-03-22,103.0,tablet
6404,1256,07-06-2024,50.0,tablet
6405,1256,17-01-2024,30.0,desktop
6406,1256,2024-07-18,51.0,mobile
6407,1256,14-03-2024,,desktop
6408,1256,07/03/2024,50.0,tablet
6409,1256,2024-06-07,3.0,desktop
6410,1256,2024-07-08,79.0,mobile
6411,1256,12/20/2024,8.0,tablet
6412,833,2024-08-26,20.0,
6413,1256,05/08/2024,103.0,desktop
6414,1256,2024-04-28,111.0,mobile
6415,833,12/03/2024,69.0,mobile
6416,1256,11/07/2024,17.0,desktop
6417,1256,07-12-2024,72.0,
6418,1256,,49.0,desktop
6419,1256,,73.0,mobile
6420,1256,2024-06-30,74.0,desktop
6421,1256,2024-05-24,40.0,tablet
6422,1256,04/26/2024,33.0,tablet
6423,833,2024-07-27,,mobile
6424,1256,01/22/2024,62.0,tablet
6425,1256,2025-01-14,15.0,desktop
6426,833,2024-09-19,3.0,desktop
6427,833,2024-03-12,9.0,tablet
6428,1256,2024-06-11,115.0,desktop
6429,833,17-04-2024,30.0,tablet
6430,1256,,87.0,desktop
6431,1256,12/18/2024,77.0,tablet
6432,1256,04-02-2025,81.0,
6433,833,08/13/2024,87.0,desktop
6434,1256,2024-08-16,94.0,tablet
6435,1256,29-01-2024,78.0,
6436,1256,07/08/2024,120.0,tablet
6437,1256,03-09-2024,16.0,desktop
6438,833,2024-11-12,84.0,mobile
6439,833,09/10/2024,63.0,desktop
6440,1256,01/29/2025,58.0,desktop
6441,833,10/05/2024,60.0,mobile
6442,1256,2024-07-14,29.0,tablet
6443,1256,05-05-2024,35.0,mobile
6444,1256,06-06-2024,13.0,mobile
6445,1256,2024-06-24,102.0,mobile
6446,1256,2024-01-22,19.0,tablet
6447,1256,2024-10-14,18.0,mobile
6448,1256,2024-10-13,95.0,tablet
6449,1256,2024-04-16,94.0,desktop
6450,833,01/26/2024,61.0,tablet
6451,833,10-05-2024,100.0,
6452,762,14-05-2024,97.0,mobile
6453,762,06-07-2024,109.0,desktop
6454,1256,05/04/2024,61.0,desktop
6455,1256,03/01/2024,41.0,tablet
6456,1256,13-01-2025,24.0,mobile
6457,1256,04/14/2024,35.0,tablet
6458,1256,2024-11-29,77.0,tablet
6459,1256,28-12-2024,19.0,tablet
6460,1256,23-01-2025,,tablet
6461,1256,2024-08-20,10.0,tablet
6462,1256,2024-03-18,44.0,mobile
6463,1256,2024-09-29,67.0,tablet
6464,1256,15-07-2024,24.0,mobile
6465,1256,,68.0,mobile
6466,1256,06-04-2024,94.0,tablet
6467,833,2024-04-22,111.0,tablet
6468,1256,07/11/2024,24.0,tablet
6469,1256,06-12-2024,20.0,mobile
6470,1256,13-02-2024,111.0,mobile
6471,1256,14-01-2024,49.0,mobile
6472,1256,2024-02-01,114.0,tablet
6473,1256,30-04-2024,11.0,desktop
6474,1256,23-07-2024,119.0,mobile
6475,1256,04-01-2024,73.0,mobile
6476,1256,12/09/2024,83.0,desktop
6477,833,2024-06-11,89.0,mobile
6478,833,08/04/2024,105.0,mobile
6479,833,2024-02-02,,desktop
6480,1256,2024-12-14,66.0,desktop
6481,1256,02/03/2025,97.0,mobile
6482,1256,09/24/2024,30.0,tablet
6483,1256,16-10-2024,19.0,desktop
6484,1256,2024-06-05,89.0,tablet
6485,1256,28-04-2024,38.0,mobile
6486,1256,2024-11-14,99.0,tablet
6487,1256,02/06/2024,9.0,desktop
6488,1256,2024-11-14,52.0,tablet
6489,1256,06-01-2024,72.0,desktop
6490,833,2024-11-25,,desktop
6491,1256,14-11-2024,15.0,desktop
6492,1256,2024-09-02,75.0,mobile
6493,1256,11-07-2024,22.0,
6494,1256,2024-06-23,35.0,tablet
6495,1256,2024-11-23,39.0,mobile
6496,1256,,55.0,mobile
6497,1256,2024-09-03,3.0,desktop
6498,1256,2024-09-23,12.0,tablet
6499,1256,2024-06-12,98.0,mobile
6500,1256,31-05-2024,69.0,desktop
6501,1256,01-04-2024,5.0,mobile
6502,1256,07/18/2024,33.0,
6503,1256,21-10-2024,39.0,tablet
6504,1256,10/12/2024,76.0,mobile
6505,1256,01/05/2025,39.0,tablet
6506,1256,2024-01-14,31.0,mobile
6507,1256,,,tablet
6508,1256,20-11-2024,52.0,desktop
6509,1256,20-12-2024,,mobile
6510,1256,06/07/2024,112.0,mobile
6511,833,10/08/2024,120.0,mobile
6512,1256,2024-03-13,93.0,mobile
6513,1256,01/30/2024,74.0,tablet
6514,1256,07-01-2025,117.0,tablet
6515,1256,2024-08-26,98.0,tablet
6516,1256,2024-12-13,110.0,mobile
6517,762,04-01-2025,2.0,mobile
6518,1256,17-06-2024,108.0,mobile
6519,1256,03/09/2024,8.0,tablet
6520,1256,18-01-2025,72.0,desktop
6521,833,2024-09-28,34.0,mobile
6522,833,2024-01-14,98.0,mobile
6523,1256,12/19/2024,25.0,desktop
6524,1256,2024-01-27,102.0,desktop
6525,1256,08-03-2024,30.0,mobile
6526,1256,2024-01-29,69.0,tablet
6527,1256,11/01/2024,107.0,tablet
6528,1256,06/23/2024,,tablet
6529,1256,2024-07-01,103.0,mobile
6530,833,04/19/2024,65.0,desktop
6531,1256,01/29/2024,69.0,tablet
6532,833,06-08-2024,36.0,
6533,833,16-04-2024,103.0,tablet
6534,1256,,55.0,desktop
6535,1256,2024-06-27,85.0,desktop
6536,833,08/07/2024,41.0,tablet
6537,1256,14-11-2024,26.0,mobile
6538,1256,03/25/2024,120.0,tablet
6539,1256,2024-03-23,47.0,tablet
6540,1256,04/19/2024,13.0,desktop
6541,1256,01/02/2025,16.0,desktop
6542,1256,23-11-2024,21.0,desktop
6543,1256,07/22/2024,113.0,desktop
6544,833,02-02-2024,,tablet
6545,1256,02-11-2024,74.0,mobile
6546,1256,2024-11-02,82.0,tablet
6547,1256,10-01-2025,44.0,tablet
6548,1256,2024-06-01,63.0,mobile
6549,1256,09/12/2024,94.0,mobile
6550,1256,01/24/2025,77.0,mobile
6551,1256,04/10/2024,24.0,tablet
6552,1256,2024-12-29,88.0,tablet
6553,1256,08/01/2024,,tablet
6554,833,30-06-2024,78.0,tablet
6555,1256,06/08/2024,61.0,mobile
6556,833,10/25/2024,13.0,tablet
6557,1256,14-06-2024,55.0,
6558,1256,2025-01-05,61.0,tablet
6559,1256,10/14/2024,83.0,desktop
6560,1256,01/27/2024,2.0,desktop
6561,1256,08-01-2025,2.0,mobile
6562,1256,05/23/2024,26.0,desktop
6563,1256,10-07-2024,16.0,desktop
6564,1256,09-06-2024,5.0,tablet
6565,1256,06/18/2024,68.0,tablet
6566,1256,01/02/2024,112.0,desktop
6567,1256,08/05/2024,112.0,tablet
6568,1256,11/08/2024,85.0,desktop
6569,1256,24-01-2024,59.0,tablet
6570,1256,02/01/2025,114.0,desktop
6571,833,2024-07-27,29.0,tablet
6572,1256,11/17/2024,68.0,mobile
6573,1256,2024-12-26,58.0,desktop
6574,1256,17-01-2024,33.0,tablet
6575,1256,2024-08-01,11.0,tablet
6576,1256,2024-06-18,81.0,tablet
6577,1256,18-11-2024,52.0,desktop
6578,1256,23-11-2024,88.0,desktop
6579,833,2024-06-20,37.0,desktop
6580,833,2025-01-27,95.0,desktop
6581,833,30-03-2024,,mobile
6582,1256,01/04/2025,33.0,desktop
6583,1256,2024-07-14,10.0,mobile
6584,1256,2024-07-12,64.0,tablet
6585,1256,2025-01-03,30.0,tablet
6586,833,30-05-2024,,desktop
6587,833,10/29/2024,61.0,tablet
6588,1256,10-06-2024,103.0,desktop
6589,833,10-12-2024,48.0,mobile
6590,833,05/21/2024,66.0,mobile
6591,1256,13-10-2024,120.0,mobile
6592,1256,10/06/2024,88.0,tablet
6593,833,2024-11-19,72.0,desktop
6594,1256,12/04/2024,51.0,desktop
6595,1256,17-11-2024,113.0,desktop
6596,833,2025-01-20,72.0,tablet
6597,1256,2024-06-26,110.0,tablet
6598,1256,25-01-2025,30.0,mobile
6599,833,12/30/2024,,tablet
6600,1256,08-10-2024,103.0,tablet
6601,1256,12/13/2024,22.0,tablet
6602,1256,04-01-2024,110.0,mobile
6603,1256,03-02-2024,51.0,
6604,1256,12/07/2024,32.0,tablet
6605,1256,2024-08-22,43.0,desktop
6606,1256,2024-03-03,30.0,desktop
6607,1256,11/06/2024,15.0,mobile
6608,833,2024-08-04,14.0,desktop
6609,1256,08-11-2024,,tablet
6610,833,01/28/2024,72.0,tablet
6611,1256,24-05-2024,108.0,tablet
6612,1256,13-06-2024,18.0,desktop
6613,1256,2024-11-21,35.0,mobile
6614,1256,19-08-2024,30.0,tablet
6615,1256,2024-02-01,106.0,desktop
6616,1256,04-07-2024,38.0,
6617,1256,01-02-2025,93.0,desktop
6618,833,12/10/2024,74.0,desktop
6619,1256,01/11/2025,1.0,tablet
6620,1256,09-01-2024,96.0,mobile
6621,1256,09-01-2024,61.0,mobile
6622,1256,2024-05-30,99.0,tablet
6623,1256,05-04-2024,114.0,mobile
6624,1256,07/27/2024,89.0,desktop
6625,1256,01/19/2024,76.0,tablet
6626,1256,03/30/2024,62.0,desktop
6627,1256,12/27/2024,104.0,tablet
6628,833,2024-06-20,,tablet
6629,1256,2024-10-20,8.0,tablet
6630,1256,08/17/2024,80.0,desktop
6631,1256,14-08-2024,47.0,
6632,1256,2024-12-02,21.0,desktop
6633,1256,12/15/2024,55.0,tablet
6634,1256,12/09/2024,78.0,mobile
6635,4047,2024-02-27,60.0,mobile
6636,1256,2024-02-21,82.0,desktop
6637,1256,14-05-2024,63.0,tablet
6638,833,11/03/2024,17.0,mobile
6639,1256,03-07-2024,31.0,tablet
6640,1256,2024-10-02,86.0,tablet
6641,1256,2025-01-12,93.0,desktop
6642,1256,25-10-2024,55.0,mobile
6643,1256,03/10/2024,38.0,mobile
6644,833,2024-12-02,24.0,tablet
6645,1256,17-07-2024,,
6646,1256,08-05-2024,110.0,mobile
6647,1256,,43.0,tablet
6648,833,25-09-2024,26.0,mobile
6649,1256,2024-08-05,105.0,desktop
6650,1256,,46.0,tablet
6651,1256,04/25/2024,15.0,desktop
6652,1256,2024-12-02,114.0,mobile
6653,1256,,47.0,desktop
6654,1256,05/12/2024,32.0,desktop
6655,833,12/28/2024,98.0,desktop
6656,1256,06/20/2024,106.0,desktop
6657,833,13-05-2024,66.0,mobile
6658,1256,09-04-2024,6.0,desktop
6659,1256,21-11-2024,98.0,desktop
6660,1256,04/14/2024,,
6661,1256,19-09-2024,73.0,tablet
6662,1256,30-10-2024,18.0,tablet
6663,1256,09-01-2025,19.0,desktop
6664,1256,27-12-2024,32.0,mobile
6665,1256,2024-01-02,118.0,desktop
6666,833,15-02-2024,81.0,desktop
6667,833,18-12-2024,2.0,tablet
6668,1256,02-03-2024,45.0,tablet
6669,1256,30-08-2024,22.0,mobile
6670,1256,2024-12-08,99.0,desktop
6671,1256,02/18/2024,68.0,desktop
6672,1256,2024-05-21,,tablet
6673,1256,2024-08-14,112.0,desktop
6674,1256,2025-01-23,52.0,
6675,833,09/14/2024,19.0,mobile
6676,1256,2024-08-01,85.0,desktop
6677,833,09/18/2024,83.0,desktop
6678,1256,11-11-2024,56.0,tablet
6679,1256,19-09-2024,57.0,mobile
6680,1256,2024-12-11,51.0,tablet
6681,1256,26-01-2024,6.0,desktop
6682,1256,2024-04-02,67.0,tablet
6683,1256,09/22/2024,75.0,tablet
6684,1256,2025-01-01,41.0,mobile
6685,1256,27-02-2024,38.0,mobile
6686,1256,01-02-2025,3.0,desktop
6687,1256,10-05-2024,111.0,mobile
6688,1256,2024-02-27,100.0,
6689,1256,13-03-2024,29.0,desktop
6690,1256,14-11-2024,58.0,mobile
6691,1256,,31.0,desktop
6692,1256,2024-11-19,110.0,desktop
6693,1256,2024-03-25,44.0,desktop
6694,1256,02/19/2024,90.0,tablet
6695,833,04-03-2024,44.0,desktop
6696,1256,2024-11-30,47.0,desktop
6697,1256,2024-02-18,17.0,mobile
6698,1256,12/12/2024,14.0,mobile
6699,833,2024-01-18,90.0,desktop
6700,1256,01/31/2024,96.0,desktop
6701,1256,30-08-2024,100.0,desktop
6702,1256,28-12-2024,40.0,desktop
6703,833,2024-04-24,31.0,tablet
6704,1256,26-06-2024,47.0,mobile
6705,833,28-07-2024,74.0,desktop
6706,833,2024-03-24,52.0,tablet
6707,1256,2024-06-20,19.0,desktop
6708,1256,12/18/2024,31.0,tablet
6709,1256,10/10/2024,35.0,mobile
6710,1256,2024-07-25,19.0,
6711,1256,07/16/2024,46.0,mobile
6712,1256,,108.0,desktop
6713,1256,2024-03-25,91.0,mobile
6714,1256,2024-02-24,106.0,mobile
6715,1256,22-08-2024,112.0,mobile
6716,833,25-05-2024,48.0,tablet
6717,1256,21-06-2024,55.0,mobile
6718,1256,2024-07-18,102.0,tablet
6719,833,2024-03-06,7.0,tablet
6720,1256,05-05-2024,15.0,mobile
6721,1256,2024-11-20,44.0,desktop
6722,833,05/18/2024,72.0,tablet
6723,833,12-07-2024,55.0,tablet
6724,1256,10/23/2024,111.0,desktop
6725,1256,,34.0,desktop
6726,1256,2024-10-15,117.0,tablet
6727,1256,09/26/2024,52.0,tablet
6728,1256,26-10-2024,28.0,mobile
6729,1256,19-05-2024,73.0,mobile
6730,833,10/25/2024,53.0,mobile
6731,1256,2024-08-12,13.0,desktop
6732,833,2024-08-26,65.0,tablet
6733,833,2025-01-25,9.0,mobile
6734,1256,05/08/2024,94.0,desktop
6735,1256,2024-12-13,51.0,mobile
6736,1256,07/03/2024,99.0,desktop
6737,1256,11-05-2024,10.0,desktop
6738,1256,,34.0,
6739,1256,07/15/2024,36.0,tablet
6740,1256,05/25/2024,13.0,desktop
6741,1256,03-08-2024,33.0,desktop
6742,1256,09/05/2024,5.0,mobile
6743,1256,29-05-2024,10.0,tablet
6744,1256,2024-06-11,80.0,mobile
6745,833,18-09-2024,92.0,mobile
6746,1256,07/20/2024,76.0,mobile
6747,1256,09-01-2024,20.0,tablet
6748,833,01/13/2024,12.0,desktop
6749,1256,02/12/2024,14.0,tablet
6750,1256,2024-05-30,,desktop
6751,1256,2024-11-01,12.0,tablet
6752,833,11-08-2024,101.0,desktop
6753,1256,09/12/2024,7.0,desktop
6754,1256,22-04-2024,20.0,mobile
6755,1256,09/05/2024,102.0,desktop
6756,1256,08-03-2024,8.0,desktop
6757,1256,13-08-2024,23.0,mobile
6758,833,07/04/2024,,tablet
6759,1256,03/24/2024,72.0,
6760,1256,2024-06-11,55.0,tablet
6761,1256,26-09-2024,86.0,tablet
6762,1256,2025-01-22,87.0,mobile
6763,1256,2024-08-31,,mobile
6764,1256,2024-08-21,66.0,desktop
6765,833,2024-06-01,60.0,tablet
6766,1256,2024-06-25,4.0,desktop
6767,833,26-01-2024,35.0,mobile
6768,1256,2024-08-07,25.0,tablet
6769,1256,01-11-2024,15.0,tablet
6770,1256,17-11-2024,,mobile
6771,1256,2024-08-21,115.0,tablet
6772,762,2024-07-09,55.0,desktop
6773,833,01-01-2024,11.0,mobile
6774,1256,2024-09-28,98.0,mobile
6775,1256,08/23/2024,115.0,mobile
6776,1256,2024-10-06,,desktop
6777,1256,2024-04-25,109.0,desktop
6778,1256,27-09-2024,57.0,tablet
6779,1256,01/29/2025,49.0,desktop
6780,1256,2025-01-07,51.0,mobile
6781,833,26-06-2024,79.0,mobile
6782,1256,18-12-2024,10.0,mobile
6783,1256,29-12-2024,62.0,desktop
6784,1256,2024-03-03,98.0,mobile
6785,1256,04-11-2024,100.0,desktop
6786,833,2024-10-14,105.0,mobile
6787,1256,29-12-2024,59.0,desktop
6788,833,10-03-2024,5.0,tablet
6789,1256,,55.0,mobile
6790,1256,12-04-2024,87.0,
6791,1256,16-01-2025,5.0,tablet
6792,1256,06/12/2024,36.0,desktop
6793,1256,2024-06-07,92.0,tablet
6794,833,15-10-2024,83.0,mobile
6795,1256,20-02-2024,115.0,desktop
6796,1256,2024-11-16,99.0,tablet
6797,1256,16-10-2024,106.0,desktop
6798,1256,04/04/2024,,tablet
6799,833,2025-01-31,119.0,tablet
6800,1256,2025-01-30,,desktop
6801,1256,09-11-2024,107.0,
6802,1256,01/14/2025,27.0,desktop
6803,1256,2024-07-11,102.0,
6804,1256,30-05-2024,97.0,desktop
6805,1256,02-12-2024,58.0,desktop
6806,1256,12/06/2024,23.0,mobile
6807,833,03/28/2024,95.0,desktop
6808,1256,2024-09-14,56.0,tablet
6809,833,2025-01-12,35.0,desktop
6810,1256,2024-03-01,87.0,tablet
6811,1256,03/26/2024,83.0,tablet
6812,1256,03-10-2024,57.0,desktop
6813,1256,2024-11-03,92.0,tablet
6814,1256,2024-06-04,52.0,desktop
6815,1256,14-09-2024,101.0,mobile
6816,1256,2025-01-26,30.0,desktop
6817,833,28-05-2024,115.0,mobile
6818,1256,2024-03-31,84.0,
6819,1256,19-10-2024,27.0,tablet
6820,1256,02/09/2024,10.0,tablet
6821,1256,2024-10-03,71.0,desktop
6822,1256,31-01-2025,43.0,tablet
6823,833,16-09-2024,88.0,desktop
6824,1256,08/06/2024,89.0,tablet
6825,1256,2024-01-29,102.0,mobile
6826,1256,2024-01-25,35.0,mobile
6827,1256,2024-05-31,20.0,tablet
6828,1256,08/26/2024,73.0,mobile
6829,1256,29-02-2024,30.0,tablet
6830,1256,2024-04-23,105.0,desktop
6831,1256,06/22/2024,5.0,mobile
6832,1256,2024-01-13,48.0,
6833,1256,,76.0,mobile
6834,1256,29-07-2024,40.0,desktop
6835,1256,2024-06-08,82.0,tablet
6836,1256,31-08-2024,74.0,desktop
6837,1256,05/18/2024,,desktop
6838,1256,16-02-2024,49.0,desktop
6839,1256,05/17/2024,24.0,desktop
6840,1256,2024-07-17,87.0,tablet
6841,1256,2024-03-31,42.0,tablet
6842,1256,09-02-2024,37.0,desktop
6843,1256,2024-07-27,114.0,tablet
6844,1256,2024-08-30,113.0,desktop
6845,1256,2024-02-27,31.0,mobile
6846,1256,05-12-2024,98.0,desktop
6847,1256,2025-01-15,12.0,tablet
6848,833,2025-01-03,58.0,tablet
6849,833,2024-07-13,27.0,tablet
6850,1256,01/13/2024,16.0,desktop
6851,1256,02/04/2025,56.0,desktop
6852,1256,12-10-2024,75.0,desktop
6853,1256,12/12/2024,73.0,desktop
6854,833,19-03-2024,7.0,mobile
6855,1256,05/24/2024,118.0,desktop
6856,1256,21-01-2025,79.0,desktop
6857,1256,09/10/2024,83.0,mobile
6858,1256,02/09/2024,22.0,mobile
6859,1256,06/01/2024,18.0,desktop
6860,1256,2024-10-31,,desktop
6861,833,2024-06-22,62.0,tablet
6862,1256,01/17/2025,68.0,mobile
6863,1256,04/14/2024,69.0,tablet
6864,1256,05/10/2024,86.0,desktop
6865,1256,15-07-2024,47.0,mobile
6866,1256,03/26/2024,21.0,mobile
6867,1256,09/03/2024,93.0,desktop
6868,1256,04-06-2024,45.0,mobile
6869,1256,01/07/2024,53.0,tablet
6870,1256,01/19/2025,93.0,tablet
6871,1256,2025-01-22,103.0,desktop
6872,1256,2025-01-22,,desktop
6873,1256,03-07-2024,82.0,tablet
6874,1256,2024-05-13,30.0,tablet
6875,1256,11/05/2024,67.0,desktop
6876,1256,07/11/2024,74.0,tablet
6877,833,12-02-2024,23.0,
6878,833,12/01/2024,103.0,tablet
6879,833,2024-11-27,113.0,mobile
6880,833,19-01-2025,100.0,desktop
6881,1256,2024-04-23,71.0,tablet
6882,1256,2024-01-24,52.0,tablet
6883,1256,2024-06-24,44.0,tablet
6884,833,16-10-2024,92.0,mobile
6885,1256,2024-02-17,58.0,mobile
6886,1256,23-11-2024,64.0,tablet
6887,1256,06/11/2024,65.0,desktop
6888,1256,2024-05-10,33.0,tablet
6889,762,12-01-2024,109.0,mobile
6890,1256,19-04-2024,26.0,mobile
6891,1256,01-02-2024,86.0,desktop
6892,1256,2024-10-07,100.0,desktop
6893,1256,2024-09-19,19.0,mobile
6894,833,02-01-2025,80.0,tablet
6895,1256,29-06-2024,45.0,mobile
6896,833,04/24/2024,105.0,desktop
6897,1256,14-05-2024,70.0,mobile
6898,1256,10-07-2024,,desktop
6899,1256,16-10-2024,18.0,tablet
6900,833,03/09/2024,77.0,tablet
6901,1256,23-03-2024,22.0,desktop
6902,1256,30-01-2024,70.0,mobile
6903,1256,2024-06-04,79.0,
6904,1256,03/26/2024,11.0,mobile
6905,1256,09/20/2024,81.0,mobile
6906,833,10-09-2024,51.0,mobile
6907,1256,01-02-2024,57.0,tablet
6908,1256,19-08-2024,72.0,desktop
6909,833,08/08/2024,83.0,tablet
6910,1256,01/25/2025,99.0,
6911,1256,23-01-2025,20.0,mobile
6912,833,2024-09-28,25.0,mobile
6913,1256,07/25/2024,90.0,tablet
6914,1256,02-02-2025,,tablet
6915,1256,2024-02-25,32.0,
6916,1256,2024-11-04,113.0,desktop
6917,1256,03/22/2024,25.0,desktop
6918,1256,06-02-2024,24.0,tablet
6919,1256,15-10-2024,101.0,tablet
6920,1256,08/25/2024,66.0,mobile
6921,1256,2024-08-12,75.0,tablet
6922,1256,,23.0,
6923,1256,,,desktop
6924,1256,11/14/2024,111.0,desktop
6925,1256,11/24/2024,22.0,tablet
6926,1256,07-02-2024,,tablet
6927,1256,06/28/2024,45.0,tablet
6928,833,2024-04-14,113.0,desktop
6929,1256,2025-01-02,116.0,tablet
6930,1256,23-04-2024,,mobile
6931,1256,02/03/2024,120.0,desktop
6932,1256,07/27/2024,76.0,tablet
6933,1256,25-02-2024,100.0,tablet
6934,1256,21-03-2024,82.0,desktop
6935,1256,12/02/2024,,tablet
6936,833,2024-01-30,9.0,mobile
6937,1256,16-06-2024,10.0,mobile
6938,833,17-07-2024,97.0,tablet
6939,1256,2024-04-23,106.0,tablet
6940,833,30-01-2025,54.0,desktop
6941,1256,10/29/2024,17.0,desktop
6942,1256,02/16/2024,71.0,desktop
6943,1256,2024-04-07,117.0,mobile
6944,1256,12/27/2024,91.0,mobile
6945,1256,,34.0,desktop
6946,1256,09/27/2024,43.0,mobile
6947,833,22-08-2024,80.0,tablet
6948,1256,08/26/2024,107.0,tablet
6949,1256,04/29/2024,7.0,tablet
6950,1256,2024-11-22,49.0,mobile
6951,1256,2024-10-19,9.0,mobile
6952,1256,2024-11-08,77.0,desktop
6953,1256,2024-07-30,55.0,desktop
6954,1256,01/09/2024,,desktop
6955,1256,11/29/2024,83.0,desktop
6956,1256,2024-01-27,91.0,tablet
6957,833,2024-08-24,4.0,
6958,833,2024-04-20,87.0,desktop
6959,833,11-12-2024,4.0,tablet
6960,1256,14-07-2024,78.0,mobile
6961,1256,2024-10-05,115.0,desktop
6962,1256,02-01-2024,23.0,mobile
6963,1256,05/04/2024,90.0,tablet
6964,1256,2024-09-12,,desktop
6965,833,2024-02-21,67.0,desktop
6966,1256,2025-01-19,,tablet
6967,1256,2024-02-29,49.0,tablet
6968,1256,2024-10-13,19.0,tablet
6969,833,2024-11-10,54.0,desktop
6970,833,2025-01-16,18.0,mobile
6971,1256,09-02-2024,97.0,desktop
6972,1256,01/10/2025,36.0,mobile
6973,1256,17-05-2024,59.0,tablet
6974,1256,01/03/2024,80.0,desktop
6975,1256,11-08-2024,79.0,desktop
6976,1256,2024-09-01,73.0,tablet
6977,1256,02/26/2024,53.0,mobile
6978,1256,2024-02-10,68.0,mobile
6979,1256,02/01/2025,8.0,desktop
6980,1256,01-04-2024,43.0,mobile
6981,1256,03/18/2024,18.0,tablet
6982,833,07/14/2024,22.0,tablet
6983,1256,10/29/2024,,mobile
6984,1256,2024-07-16,,tablet
6985,1256,2024-03-15,35.0,desktop
6986,1256,2024-09-05,15.0,tablet
6987,833,03/20/2024,,desktop
6988,833,03-06-2024,12.0,tablet
6989,1256,2024-06-16,41.0,tablet
6990,833,12/27/2024,12.0,mobile
6991,1256,21-03-2024,108.0,mobile
6992,1256,22-09-2024,34.0,desktop
6993,1256,03/13/2024,,mobile
6994,833,14-05-2024,52.0,tablet
6995,833,18-06-2024,58.0,mobile
6996,1256,25-06-2024,10.0,mobile
6997,1256,2024-06-17,54.0,desktop
6998,1256,03/28/2024,77.0,tablet
6999,1256,08-05-2024,40.0,mobile
7000,1256,2024-08-02,11.0,desktop
7001,833,2024-07-10,80.0,tablet
7002,1256,12/03/2024,113.0,tablet
7003,1256,27-05-2024,105.0,desktop
7004,1256,04-03-2024,72.0,tablet
7005,1256,2024-03-19,37.0,desktop
7006,1256,2024-07-24,31.0,desktop
7007,1256,11-11-2024,,tablet
7008,1256,2024-04-30,96.0,mobile
7009,1256,07/31/2024,8.0,mobile
7010,1256,01/09/2025,14.0,desktop
7011,833,2024-09-22,56.0,tablet
7012,833,01/16/2025,81.0,mobile
7013,1256,2024-09-12,57.0,desktop
7014,1256,01/23/2024,9.0,mobile
7015,1256,2024-04-27,17.0,mobile
7016,1256,07/16/2024,23.0,desktop
7017,1256,08/17/2024,69.0,tablet
7018,1256,2024-07-12,40.0,tablet
7019,1256,29-12-2024,55.0,desktop
7020,1256,11/29/2024,88.0,desktop
7021,1256,2024-11-02,117.0,mobile
7022,1256,2024-11-22,103.0,desktop
7023,1256,12/31/2024,35.0,mobile
7024,1256,07/31/2024,11.0,desktop
7025,833,10/31/2024,70.0,mobile
7026,1256,13-06-2024,,tablet
7027,833,15-05-2024,36.0,tablet
7028,833,07/27/2024,66.0,desktop
7029,1256,2025-01-02,,mobile
7030,833,11/20/2024,82.0,mobile
7031,1256,04/11/2024,80.0,mobile
7032,1256,14-09-2024,33.0,desktop
7033,1256,2024-11-21,73.0,tablet
7034,1256,2024-08-25,89.0,desktop
7035,1256,2025-02-04,112.0,mobile
7036,1256,01/27/2025,110.0,tablet
7037,1256,06/13/2024,56.0,desktop
7038,1256,30-09-2024,,mobile
7039,1256,09/12/2024,29.0,mobile
7040,833,01/29/2025,4.0,mobile
7041,1256,12/18/2024,2.0,desktop
7042,762,20-05-2024,29.0,mobile
7043,1256,2025-01-08,37.0,desktop
7044,1256,20-03-2024,114.0,desktop
7045,1256,2024-06-02,15.0,desktop
7046,1256,16-06-2024,82.0,mobile
7047,833,13-04-2024,39.0,desktop
7048,1256,2024-03-29,30.0,desktop
7049,1256,05/07/2024,76.0,
7050,1256,19-06-2024,68.0,mobile
7051,833,06/27/2024,72.0,desktop
7052,1256,2024-03-23,65.0,mobile
7053,1256,25-09-2024,80.0,mobile
7054,833,01/26/2025,41.0,tablet
7055,1256,01/29/2025,,desktop
7056,833,04-06-2024,87.0,desktop
7057,1256,17-03-2024,14.0,tablet
7058,1256,,68.0,mobile
7059,833,23-04-2024,57.0,mobile
7060,1256,2024-01-01,45.0,mobile
7061,1256,11/21/2024,54.0,mobile
7062,1256,07-02-2024,97.0,
7063,1256,06-07-2024,103.0,desktop
7064,1256,2024-01-05,88.0,desktop
7065,1256,2024-02-15,104.0,desktop
7066,1256,01-07-2024,77.0,
7067,1256,25-02-2024,57.0,desktop
7068,1256,2024-03-19,24.0,mobile
7069,833,04-05-2024,110.0,desktop
7070,1256,2024-10-07,114.0,tablet
7071,1256,10/06/2024,74.0,mobile
7072,833,07/26/2024,12.0,tablet
7073,1256,2025-02-01,,
7074,1256,11/03/2024,100.0,mobile
7075,833,2024-07-05,102.0,desktop
7076,1256,12-08-2024,41.0,desktop
7077,1256,2025-01-23,92.0,mobile
7078,1256,2024-07-08,54.0,tablet
7079,1256,05-11-2024,1.0,desktop
7080,1256,2024-02-01,31.0,tablet
7081,1256,05/15/2024,60.0,mobile
7082,1256,2024-01-19,54.0,mobile
7083,1256,2024-04-25,97.0,desktop
7084,1256,12/12/2024,80.0,mobile
7085,1256,10/16/2024,76.0,mobile
7086,1256,11/25/2024,93.0,mobile
7087,1256,2024-10-10,62.0,tablet
7088,1256,2024-09-26,27.0,mobile
7089,1256,2024-04-11,106.0,tablet
7090,1256,08/15/2024,93.0,mobile
7091,1256,21-12-2024,24.0,mobile
7092,1256,2024-06-07,14.0,tablet
7093,833,02/01/2024,55.0,mobile
7094,1256,01-11-2024,36.0,mobile
7095,1256,2024-08-31,105.0,tablet
7096,762,2024-05-16,7.0,mobile
7097,1256,2024-05-29,77.0,desktop
7098,833,01/16/2024,111.0,desktop
7099,1256,11-05-2024,105.0,mobile
7100,1256,02/27/2024,,tablet
7101,833,16-09-2024,60.0,mobile
7102,833,07-01-2025,6.0,mobile
7103,1256,02/02/2024,36.0,desktop
7104,1256,28-12-2024,75.0,desktop
7105,1256,03-10-2024,110.0,tablet
7106,1256,06/09/2024,49.0,mobile
7107,833,01-07-2024,4.0,
7108,1256,08/30/2024,9.0,tablet
7109,1256,10/25/2024,81.0,mobile
7110,1256,2024-06-21,59.0,
7111,1256,10/28/2024,85.0,mobile
7112,1256,23-03-2024,95.0,desktop
7113,1256,11/06/2024,66.0,desktop
7114,1256,11-10-2024,62.0,mobile
7115,1256,04/05/2024,16.0,tablet
7116,833,12/20/2024,56.0,mobile
7117,1256,,66.0,tablet
7118,1256,2024-05-23,10.0,mobile
7119,1256,2024-01-05,90.0,desktop
7120,1256,29-10-2024,114.0,desktop
7121,1256,02/26/2024,1.0,desktop
7122,1256,06/13/2024,,tablet
7123,1256,16-10-2024,61.0,tablet
7124,1256,17-01-2024,55.0,mobile
7125,1256,26-12-2024,56.0,mobile
7126,1256,2024-07-15,,mobile
7127,1256,08-08-2024,9.0,tablet
7128,1256,2024-04-20,50.0,tablet
7129,1256,03-05-2024,44.0,tablet
7130,1256,17-01-2024,119.0,desktop
7131,1256,06-03-2024,32.0,
7132,1256,2024-06-28,104.0,tablet
7133,833,2024-12-03,63.0,
7134,833,07/08/2024,70.0,desktop
7135,1256,08/20/2024,17.0,desktop
7136,1256,2024-04-21,9.0,mobile
7137,1256,2024-07-02,22.0,tablet
7138,1256,28-09-2024,44.0,tablet
7139,1256,2024-01-17,41.0,tablet
7140,1256,18-02-2024,77.0,desktop
7141,1256,02/02/2024,103.0,mobile
7142,1256,2024-09-08,67.0,mobile
7143,1256,05-07-2024,107.0,tablet
7144,1256,03/13/2024,92.0,mobile
7145,1256,2024-11-19,112.0,tablet
7146,1256,02/14/2024,23.0,mobile
7147,1256,06/07/2024,50.0,desktop
7148,1256,10-09-2024,,mobile
7149,1256,2024-08-22,94.0,desktop
7150,1256,16-12-2024,61.0,mobile
7151,1256,22-12-2024,27.0,desktop
7152,1256,2024-10-26,14.0,tablet
7153,1256,06/28/2024,33.0,desktop
7154,1256,2025-01-29,87.0,desktop
7155,1256,22-03-2024,3.0,mobile
7156,1256,19-04-2024,9.0,mobile
7157,1256,2024-05-23,83.0,
7158,1256,2024-04-13,,tablet
7159,833,2025-01-27,40.0,mobile
7160,1256,,40.0,tablet
7161,833,13-03-2024,76.0,mobile
7162,1256,30-09-2024,,mobile
7163,833,31-08-2024,95.0,tablet
7164,1256,07-12-2024,95.0,mobile
7165,1256,2024-06-18,65.0,mobile
7166,1256,22-07-2024,78.0,desktop
7167,1256,2024-03-11,8.0,desktop
7168,1256,13-08-2024,54.0,desktop
7169,1256,01/19/2024,49.0,mobile
7170,1256,2024-10-30,40.0,mobile
7171,1256,2024-11-24,10.0,desktop
7172,1256,10/06/2024,110.0,mobile
7173,1256,01/12/2025,42.0,desktop
7174,1256,10/16/2024,89.0,tablet
7175,833,08/03/2024,119.0,mobile
7176,1256,2024-05-01,,mobile
7177,1256,2024-02-12,92.0,desktop
7178,1256,22-01-2025,81.0,tablet
7179,1256,06/11/2024,40.0,mobile
7180,1256,03/28/2024,14.0,mobile
7181,833,2024-03-05,60.0,mobile
7182,833,20-07-2024,76.0,desktop
7183,1256,06-01-2024,113.0,desktop
7184,1256,2024-07-28,95.0,mobile
7185,833,12/16/2024,22.0,
7186,1256,10/08/2024,111.0,tablet
7187,1256,15-03-2024,51.0,desktop
7188,1256,08/06/2024,10.0,mobile
7189,1256,12-04-2024,10.0,desktop
7190,1256,13-08-2024,2.0,tablet
7191,1256,13-11-2024,109.0,mobile
7192,1256,10-02-2024,88.0,desktop
7193,1256,09/18/2024,83.0,mobile
7194,1256,05/18/2024,8.0,mobile
7195,1256,2024-04-11,68.0,tablet
7196,1256,,50.0,tablet
7197,1256,02/04/2025,14.0,desktop
7198,1256,01/25/2025,35.0,mobile
7199,1256,08/28/2024,88.0,mobile
7200,1256,05/30/2024,102.0,mobile
7201,1256,01/18/2025,71.0,desktop
7202,1256,2024-09-13,79.0,mobile
7203,1256,2024-05-05,86.0,tablet
7204,833,2024-07-06,31.0,tablet
7205,1256,04-05-2024,118.0,desktop
7206,1256,01/21/2024,108.0,mobile
7207,1256,06/29/2024,83.0,tablet
7208,1256,07/13/2024,109.0,mobile
7209,833,2024-08-20,,desktop
7210,1256,2024-06-21,,tablet
7211,1256,07/14/2024,7.0,mobile
7212,833,16-07-2024,65.0,desktop
7213,833,2024-07-01,45.0,desktop
7214,1256,03-07-2024,40.0,mobile
7215,1256,2024-02-11,111.0,desktop
7216,1256,11/11/2024,102.0,mobile
7217,1256,2025-01-11,52.0,mobile
7218,1256,01/25/2025,119.0,tablet
7219,1256,24-02-2024,10.0,desktop
7220,1256,2024-02-02,113.0,mobile
7221,1256,08-01-2024,37.0,desktop
7222,1256,2024-05-13,,desktop
7223,1256,09/23/2024,12.0,
7224,1256,04/17/2024,33.0,tablet
7225,1256,01/30/2025,84.0,tablet
7226,1256,2024-01-03,103.0,desktop
7227,1256,2024-12-17,,tablet
7228,833,,102.0,tablet
7229,1256,02/24/2024,9.0,mobile
7230,1256,28-09-2024,52.0,tablet
7231,1256,20-04-2024,93.0,desktop
7232,1256,19-11-2024,50.0,desktop
7233,833,11-02-2024,9.0,mobile
7234,1256,30-10-2024,87.0,tablet
7235,833,2024-10-13,71.0,mobile
7236,1256,09/30/2024,71.0,desktop
7237,833,2024-03-06,58.0,tablet
7238,1256,2024-01-02,109.0,
7239,1256,02/07/2024,32.0,tablet
7240,1256,08/21/2024,53.0,mobile
7241,1256,22-02-2024,81.0,desktop
7242,1256,09/23/2024,5.0,
7243,1256,12/16/2024,1.0,tablet
7244,1256,03/05/2024,108.0,desktop
7245,1256,2024-11-01,58.0,tablet
7246,1256,17-12-2024,87.0,tablet
7247,833,27-03-2024,,tablet
7248,833,07/25/2024,101.0,mobile
7249,1256,2025-01-18,26.0,desktop
7250,1256,2024-09-07,,tablet
7251,1256,12-02-2024,79.0,tablet
7252,1256,08/23/2024,,mobile
7253,1256,2024-02-29,44.0,desktop
7254,1256,31-12-2024,8.0,desktop
7255,1256,2024-08-06,83.0,desktop
7256,1256,06/25/2024,75.0,tablet
7257,833,09/08/2024,28.0,mobile
7258,1256,2024-02-02,78.0,desktop
7259,1256,03/06/2024,118.0,tablet
7260,1256,05-08-2024,,desktop
7261,1256,02/26/2024,45.0,mobile
7262,1256,02/26/2024,3.0,desktop
7263,1256,02/18/2024,104.0,desktop
7264,1256,2024-12-20,53.0,tablet
7265,1256,2024-09-30,42.0,tablet
7266,1256,04/09/2024,13.0,desktop
7267,1256,2024-06-19,42.0,desktop
7268,1256,05/25/2024,119.0,desktop
7269,1256,,73.0,tablet
7270,1256,10/30/2024,38.0,tablet
7271,1256,09/15/2024,54.0,mobile
7272,1256,03-06-2024,2.0,mobile
7273,1256,07-08-2024,12.0,
7274,1256,12/28/2024,50.0,mobile
7275,1256,28-02-2024,14.0,mobile
7276,1256,2024-09-07,107.0,desktop
7277,1256,12-10-2024,32.0,desktop
7278,1256,2025-01-23,99.0,tablet
7279,1256,15-06-2024,8.0,desktop
7280,833,09/07/2024,85.0,tablet
7281,1256,01/21/2024,71.0,mobile
7282,1256,2025-01-28,31.0,desktop
7283,1256,04/16/2024,113.0,desktop
7284,1256,07/13/2024,18.0,tablet
7285,1256,26-12-2024,86.0,
7286,1256,12/20/2024,24.0,tablet
7287,833,07-08-2024,95.0,tablet
7288,1256,10/06/2024,17.0,mobile
7289,833,05/30/2024,54.0,desktop
7290,1256,2024-02-10,90.0,desktop
7291,1256,03/25/2024,95.0,mobile
7292,1256,24-11-2024,21.0,mobile
7293,1256,01-02-2025,6.0,mobile
7294,1256,2024-02-14,95.0,mobile
7295,1256,02/01/2025,97.0,tablet
7296,1256,10-03-2024,16.0,desktop
7297,1256,11/13/2024,49.0,mobile
7298,833,07/14/2024,22.0,tablet
7299,1256,21-03-2024,63.0,mobile
7300,833,08/03/2024,55.0,mobile
7301,1256,30-04-2024,74.0,tablet
7302,1256,07/11/2024,15.0,desktop
7303,1256,09/06/2024,10.0,desktop
7304,1256,2024-02-18,,tablet
7305,833,16-12-2024,33.0,tablet
7306,1256,10/26/2024,9.0,desktop
7307,1256,2025-01-18,,desktop
7308,1256,2024-12-26,17.0,tablet
7309,1256,21-04-2024,90.0,mobile
7310,1256,2024-05-20,81.0,desktop
7311,1256,05/05/2024,26.0,
7312,1256,2024-09-18,92.0,tablet
7313,762,2024-12-16,50.0,desktop
7314,1256,2024-09-05,113.0,mobile
7315,1256,2024-03-10,34.0,tablet
7316,1256,2024-12-06,108.0,tablet
7317,1256,07/21/2024,66.0,tablet
7318,1256,12/25/2024,112.0,desktop
7319,1256,09/13/2024,13.0,desktop
7320,1256,09/17/2024,103.0,desktop
7321,833,24-11-2024,36.0,tablet
7322,1256,08-10-2024,38.0,tablet
7323,1256,28-06-2024,79.0,mobile
7324,1256,01/06/2025,79.0,mobile
7325,1256,07/01/2024,46.0,
7326,1256,2024-09-01,45.0,tablet
7327,1256,2024-11-02,10.0,mobile
7328,1256,11/04/2024,32.0,
7329,1256,27-11-2024,38.0,desktop
7330,1256,11-07-2024,99.0,desktop
7331,1256,2024-03-31,89.0,tablet
7332,1256,10/19/2024,96.0,desktop
7333,833,02-10-2024,43.0,tablet
7334,1256,05-01-2025,34.0,
7335,833,03/09/2024,32.0,tablet
7336,1256,07/22/2024,94.0,tablet
7337,1256,05-08-2024,100.0,mobile
7338,1256,06-11-2024,81.0,tablet
7339,833,2024-03-15,64.0,mobile
7340,1256,,103.0,desktop
7341,1256,07/16/2024,71.0,tablet
7342,1256,2024-04-26,77.0,mobile
7343,1256,03/12/2024,19.0,mobile
7344,1256,2024-05-19,51.0,mobile
7345,1256,08/14/2024,117.0,tablet
7346,1256,2024-02-18,53.0,mobile
7347,1256,01-04-2024,32.0,mobile
7348,833,07/10/2024,,
7349,833,07-05-2024,38.0,tablet
7350,833,20-01-2025,40.0,mobile
7351,1256,2024-12-18,,mobile
7352,1256,10/03/2024,91.0,mobile
7353,1256,19-11-2024,55.0,
7354,1256,21-01-2025,104.0,tablet
7355,1256,01/28/2024,117.0,mobile
7356,1256,15-04-2024,2.0,tablet
7357,1256,10/04/2024,81.0,tablet
7358,1256,14-03-2024,54.0,tablet
7359,1256,08/17/2024,95.0,mobile
7360,1256,2024-03-18,46.0,mobile
7361,1256,04/10/2024,,tablet
7362,833,06/13/2024,59.0,tablet
7363,833,23-05-2024,65.0,mobile
7364,1256,03/02/2024,32.0,mobile
7365,1256,06-12-2024,34.0,mobile
7366,1256,12/16/2024,84.0,desktop
7367,1256,24-11-2024,31.0,mobile
7368,833,12/31/2024,22.0,mobile
7369,1256,2024-02-03,33.0,desktop
7370,1256,2024-01-26,92.0,mobile
7371,1256,18-06-2024,,desktop
7372,1256,2024-06-08,79.0,tablet
7373,1256,2024-01-16,107.0,mobile
7374,1256,12/12/2024,12.0,tablet
7375,1256,26-07-2024,73.0,
7376,1256,05/04/2024,,desktop
7377,1256,2024-04-21,50.0,mobile
7378,1256,2024-11-20,20.0,mobile
7379,833,29-05-2024,107.0,desktop
7380,833,19-09-2024,20.0,mobile
7381,1256,2024-07-20,73.0,mobile
7382,1256,01/23/2025,,desktop
7383,1256,28-08-2024,46.0,desktop
7384,1256,03-12-2024,60.0,desktop
7385,1256,30-05-2024,20.0,tablet
7386,1256,24-11-2024,72.0,tablet
7387,1256,2024-01-18,83.0,tablet
7388,1256,09/10/2024,88.0,mobile
7389,1256,2024-03-09,11.0,mobile
7390,1256,02/14/2024,111.0,mobile
7391,1256,11-01-2024,120.0,tablet
7392,1256,16-12-2024,117.0,tablet
7393,1256,2024-02-11,77.0,desktop
7394,1256,2024-12-17,64.0,mobile
7395,1256,01/07/2025,76.0,mobile
7396,1256,11-02-2024,98.0,desktop
7397,1256,23-12-2024,96.0,tablet
7398,1256,2024-06-12,3.0,desktop
7399,1256,2024-07-19,67.0,mobile
7400,833,05/21/2024,96.0,desktop
7401,1256,08/05/2024,,desktop
7402,1256,29-09-2024,57.0,mobile
7403,1256,09/16/2024,18.0,mobile
7404,1256,2025-01-29,120.0,tablet
7405,1256,09-07-2024,89.0,desktop
7406,833,2024-08-24,17.0,mobile
7407,1256,2024-08-25,79.0,tablet
7408,762,21-10-2024,,desktop
7409,1256,09-04-2024,95.0,mobile
7410,1256,2024-11-05,60.0,mobile
7411,1256,04-01-2025,57.0,desktop
7412,1256,12/06/2024,28.0,tablet
7413,1256,2024-01-01,36.0,mobile
7414,1256,12-08-2024,41.0,mobile
7415,1256,2025-01-31,25.0,tablet
7416,833,06/05/2024,103.0,tablet
7417,1256,09/15/2024,42.0,desktop
7418,1256,01-01-2024,72.0,desktop
7419,1256,22-04-2024,64.0,mobile
7420,833,13-09-2024,23.0,tablet
7421,833,08/03/2024,118.0,mobile
7422,1256,23-06-2024,74.0,mobile
7423,1256,2024-11-01,40.0,
7424,1256,10/03/2024,7.0,tablet
7425,833,01/10/2025,106.0,desktop
7426,833,09/18/2024,19.0,mobile
7427,1256,04-11-2024,51.0,mobile
7428,1256,2024-04-01,34.0,tablet
7429,1256,2024-10-24,69.0,
7430,833,10/10/2024,97.0,desktop
7431,1256,14-01-2024,111.0,desktop
7432,1256,08/28/2024,51.0,mobile
7433,1256,01/12/2025,57.0,mobile
7434,762,05/26/2024,105.0,desktop
7435,1256,12/21/2024,92.0,mobile
7436,1256,2024-04-19,93.0,tablet
7437,1256,13-05-2024,5.0,
7438,1256,2024-05-27,69.0,tablet
7439,1256,,89.0,tablet
7440,4047,2024-04-23,5.0,tablet
7441,1256,06/26/2024,103.0,desktop
7442,1256,2024-05-12,60.0,mobile
7443,1256,08/03/2024,,mobile
7444,1256,02-05-2024,82.0,mobile
7445,1256,2025-01-09,67.0,desktop
7446,1256,06/10/2024,20.0,desktop
7447,1256,27-11-2024,88.0,tablet
7448,833,02/20/2024,75.0,mobile
7449,1256,18-03-2024,64.0,tablet
7450,1256,2024-08-04,85.0,tablet
7451,1256,12/02/2024,44.0,tablet
7452,1256,2024-08-07,82.0,desktop
7453,1256,2024-10-11,85.0,tablet
7454,833,2024-09-14,,mobile
7455,1256,2024-02-05,,mobile
7456,1256,05/10/2024,88.0,desktop
7457,1256,01-01-2025,54.0,mobile
7458,1256,08/07/2024,96.0,mobile
7459,833,23-08-2024,57.0,tablet
7460,1256,02-11-2024,86.0,mobile
7461,1256,11/09/2024,105.0,desktop
7462,1256,02-12-2024,25.0,desktop
7463,1256,2024-11-09,89.0,tablet
7464,1256,10-04-2024,96.0,desktop
7465,1256,08/16/2024,106.0,desktop
7466,1256,17-04-2024,65.0,mobile
7467,1256,23-07-2024,88.0,tablet
7468,1256,2024-09-28,3.0,desktop
7469,1256,03/03/2024,113.0,desktop
7470,833,01/03/2025,66.0,mobile
7471,1256,02/22/2024,,desktop
7472,1256,2025-01-15,53.0,desktop
7473,833,01/20/2024,44.0,desktop
7474,1256,21-11-2024,37.0,mobile
7475,1256,19-11-2024,9.0,tablet
7476,833,10/05/2024,106.0,desktop
7477,1256,11/19/2024,42.0,tablet
7478,833,23-10-2024,102.0,tablet
7479,1256,11-07-2024,45.0,desktop
7480,1256,11/01/2024,20.0,desktop
7481,1256,2024-04-10,,desktop
7482,1256,31-03-2024,112.0,tablet
7483,833,03-02-2025,83.0,tablet
7484,1256,30-01-2024,70.0,mobile
7485,762,19-03-2024,11.0,mobile
7486,1256,05-12-2024,48.0,desktop
7487,1256,2024-09-30,77.0,tablet
7488,1256,08/18/2024,114.0,mobile
7489,1256,01/14/2025,102.0,mobile
7490,833,10/02/2024,10.0,tablet
7491,1256,09-12-2024,16.0,desktop
7492,833,11/04/2024,119.0,
7493,1256,04-02-2024,77.0,mobile
7494,833,29-11-2024,67.0,tablet
7495,1256,08-08-2024,98.0,mobile
7496,1256,20-10-2024,21.0,mobile
7497,1256,01/17/2024,90.0,desktop
7498,1256,09/05/2024,84.0,tablet
7499,1256,2024-08-05,101.0,mobile
7500,833,03/12/2024,9.0,tablet
7501,1256,2024-12-29,96.0,mobile
7502,833,23-05-2024,,tablet
7503,1256,2024-09-12,8.0,desktop
7504,1256,25-02-2024,62.0,mobile
7505,1256,03-02-2025,31.0,tablet
7506,1256,10/01/2024,62.0,tablet
7507,833,2024-02-11,119.0,desktop
7508,1256,2024-06-03,22.0,tablet
7509,1256,07/05/2024,52.0,desktop
7510,1256,08/27/2024,6.0,mobile
7511,1256,02-11-2024,56.0,desktop
7512,1256,2025-01-26,114.0,mobile
7513,1256,04-12-2024,36.0,tablet
7514,833,2024-01-18,105.0,tablet
7515,1256,10-10-2024,105.0,tablet
7516,1256,26-04-2024,102.0,desktop
7517,1256,12/21/2024,44.0,mobile
7518,833,2024-01-05,33.0,mobile
7519,1256,28-10-2024,76.0,desktop
7520,1256,17-12-2024,49.0,
7521,1256,12/23/2024,19.0,
7522,1256,09-06-2024,59.0,desktop
7523,1256,,27.0,tablet
7524,1256,16-05-2024,,tablet
7525,1256,,118.0,desktop
7526,1256,27-08-2024,31.0,tablet
7527,1256,04-01-2025,47.0,mobile
7528,1256,2024-05-19,,desktop
7529,1256,2024-06-13,113.0,mobile
7530,1256,30-05-2024,10.0,tablet
7531,833,21-02-2024,106.0,
7532,762,12-09-2024,91.0,desktop
7533,1256,05-11-2024,5.0,mobile
7534,1256,2024-03-13,41.0,mobile
7535,833,12/23/2024,10.0,tablet
7536,1256,12-07-2024,84.0,
7537,833,01/22/2025,66.0,mobile
7538,1256,2024-05-01,117.0,desktop
7539,1256,,33.0,mobile
7540,1256,03/10/2024,34.0,tablet
7541,833,2025-01-14,23.0,mobile
7542,1256,08/31/2024,120.0,tablet
7543,1256,11/09/2024,16.0,mobile
7544,1256,12/20/2024,,tablet
7545,1256,04-05-2024,,desktop
7546,1256,2024-06-12,62.0,mobile
7547,833,03-05-2024,13.0,desktop
7548,1256,31-10-2024,13.0,tablet
7549,1256,,87.0,tablet
7550,1256,2024-09-21,117.0,tablet
7551,1256,01/20/2024,45.0,mobile
7552,1256,2024-01-04,54.0,mobile
7553,1256,,29.0,mobile
7554,1256,29-01-2025,105.0,tablet
7555,833,06/27/2024,3.0,tablet
7556,1256,26-06-2024,45.0,mobile
7557,833,26-10-2024,56.0,mobile
7558,833,03/14/2024,72.0,mobile
7559,833,07/01/2024,112.0,mobile
7560,1256,2024-04-18,111.0,mobile
7561,1256,04-06-2024,116.0,desktop
7562,1256,11/10/2024,43.0,mobile
7563,1256,2024-02-12,103.0,desktop
7564,1256,31-01-2025,102.0,desktop
7565,833,2024-12-01,17.0,tablet
7566,1256,24-07-2024,7.0,tablet
7567,1256,2024-04-16,97.0,
7568,1256,02/10/2024,79.0,desktop
7569,1256,16-06-2024,115.0,mobile
7570,1256,2024-09-03,64.0,mobile
7571,1256,03-12-2024,,tablet
7572,833,11/02/2024,63.0,
7573,1256,01/07/2024,8.0,tablet
7574,833,04/16/2024,3.0,tablet
7575,1256,2024-11-29,57.0,mobile
7576,1256,09/22/2024,23.0,tablet
7577,1256,26-12-2024,32.0,desktop
7578,1256,02/02/2024,18.0,mobile
7579,833,13-01-2024,113.0,mobile
7580,1256,2024-11-03,66.0,desktop
7581,1256,2024-03-15,2.0,mobile
7582,833,08-03-2024,65.0,desktop
7583,1256,22-09-2024,60.0,
7584,1256,24-10-2024,8.0,tablet
7585,1256,15-09-2024,36.0,tablet
7586,1256,2024-04-30,81.0,desktop
7587,1256,05-04-2024,115.0,tablet
7588,1256,2024-07-03,116.0,
7589,1256,2024-07-02,98.0,mobile
7590,1256,27-01-2024,90.0,mobile
7591,1256,2025-01-15,38.0,tablet
7592,1256,17-03-2024,51.0,desktop
7593,1256,14-05-2024,29.0,mobile
7594,1256,30-06-2024,52.0,tablet
7595,1256,10/17/2024,41.0,tablet
7596,1256,09-11-2024,86.0,mobile
7597,1256,05/19/2024,25.0,tablet
7598,1256,2024-10-31,74.0,desktop
7599,1256,08/07/2024,,tablet
7600,1256,2024-08-23,,mobile
7601,1256,04/05/2024,52.0,
7602,1256,27-01-2024,53.0,tablet
7603,833,09-05-2024,63.0,tablet
7604,1256,09/28/2024,53.0,mobile
7605,1256,07/23/2024,52.0,mobile
7606,1256,15-01-2024,,mobile
7607,1256,07/09/2024,113.0,desktop
7608,833,26-10-2024,4.0,tablet
7609,1256,19-05-2024,40.0,desktop
7610,1256,02/25/2024,97.0,mobile
7611,1256,,,tablet
7612,1256,03-02-2025,81.0,mobile
7613,1256,04/23/2024,113.0,desktop
7614,1256,21-07-2024,29.0,tablet
7615,1256,07/11/2024,35.0,tablet
7616,1256,2024-07-03,115.0,mobile
7617,833,2024-11-12,90.0,desktop
7618,1256,03-07-2024,30.0,mobile
7619,1256,08/22/2024,30.0,desktop
7620,833,02-10-2024,67.0,tablet
7621,1256,31-08-2024,85.0,tablet
7622,1256,07-05-2024,60.0,mobile
7623,1256,11/04/2024,71.0,mobile
7624,1256,04/25/2024,35.0,desktop
7625,1256,17-10-2024,68.0,mobile
7626,1256,04/07/2024,12.0,desktop
7627,1256,12-02-2024,64.0,mobile
7628,1256,01-02-2025,55.0,tablet
7629,1256,2024-07-17,106.0,desktop
7630,1256,2024-01-14,67.0,mobile
7631,1256,02/04/2025,53.0,desktop
7632,1256,01/26/2025,16.0,mobile
7633,1256,11-12-2024,50.0,desktop
7634,1256,2024-02-11,34.0,desktop
7635,833,19-11-2024,107.0,mobile
7636,1256,11-08-2024,31.0,tablet
7637,1256,2024-12-10,94.0,mobile
7638,1256,2024-08-18,,desktop
7639,1256,2024-10-09,42.0,tablet
7640,1256,2024-05-07,78.0,
7641,1256,2024-10-02,12.0,mobile
7642,1256,05/14/2024,49.0,tablet
7643,1256,05/07/2024,74.0,mobile
7644,833,2025-01-28,99.0,desktop
7645,1256,2024-07-16,49.0,mobile
7646,762,2025-01-12,45.0,mobile
7647,1256,15-05-2024,18.0,mobile
7648,1256,07/05/2024,24.0,mobile
7649,1256,10/09/2024,52.0,mobile
7650,1256,2024-09-29,23.0,desktop
7651,1256,19-06-2024,102.0,mobile
7652,1256,26-01-2024,10.0,desktop
7653,1256,11-10-2024,88.0,desktop
7654,1256,2024-12-24,56.0,tablet
7655,1256,06/16/2024,110.0,tablet
7656,1256,2024-01-28,96.0,mobile
7657,1256,2024-05-18,51.0,tablet
7658,1256,18-12-2024,31.0,tablet
7659,1256,06/19/2024,1.0,desktop
7660,1256,13-10-2024,111.0,tablet
7661,1256,09/03/2024,1.0,mobile
7662,1256,12/30/2024,98.0,mobile
7663,1256,2025-01-05,96.0,desktop
7664,1256,28-09-2024,65.0,mobile
7665,1256,02/28/2024,53.0,mobile
7666,1256,2024-11-20,28.0,tablet
7667,1256,05/18/2024,71.0,tablet
7668,1256,01-11-2024,26.0,desktop
7669,1256,2024-05-09,95.0,desktop
7670,1256,2024-01-19,85.0,desktop
7671,1256,07/27/2024,46.0,tablet
7672,1256,03/13/2024,63.0,desktop
7673,1256,01-10-2024,28.0,desktop
7674,1256,09-06-2024,12.0,mobile
7675,1256,01-02-2025,106.0,tablet
7676,1256,04/22/2024,20.0,tablet
7677,1256,09/11/2024,109.0,mobile
7678,1256,05-11-2024,,tablet
7679,1256,12-11-2024,1.0,
7680,1256,2024-12-05,39.0,tablet
7681,833,2025-01-31,78.0,tablet
7682,1256,2024-10-14,81.0,mobile
7683,1256,2024-04-02,23.0,mobile
7684,1256,17-05-2024,84.0,desktop
7685,1256,10-11-2024,8.0,mobile
7686,1256,11/27/2024,,desktop
7687,1256,2024-07-16,37.0,mobile
7688,833,04/29/2024,22.0,mobile
7689,1256,20-06-2024,94.0,tablet
7690,1256,12/03/2024,18.0,mobile
7691,1256,2024-04-12,119.0,tablet
7692,1256,12-02-2024,57.0,desktop
7693,833,2024-12-12,117.0,mobile
7694,1256,2024-02-28,36.0,mobile
7695,1256,2024-01-03,10.0,desktop
7696,1256,05/28/2024,117.0,tablet
7697,833,06/06/2024,13.0,tablet
7698,1256,2024-10-22,92.0,tablet
7699,1256,2025-01-18,78.0,desktop
7700,1256,13-11-2024,78.0,desktop
7701,1256,01/25/2025,,desktop
7702,1256,12/23/2024,100.0,mobile
7703,762,03/28/2024,103.0,desktop
7704,1256,23-06-2024,81.0,tablet
7705,1256,19-05-2024,118.0,
7706,833,20-04-2024,,desktop
7707,1256,09-06-2024,4.0,tablet
7708,833,09/10/2024,61.0,desktop
7709,833,,31.0,desktop
7710,833,08/16/2024,91.0,tablet
7711,1256,,75.0,tablet
7712,1256,11/08/2024,84.0,desktop
7713,833,11/17/2024,80.0,tablet
7714,1256,09/06/2024,15.0,tablet
7715,1256,08/12/2024,32.0,mobile
7716,1256,01/29/2024,99.0,desktop
7717,833,04-05-2024,30.0,desktop
7718,833,03/17/2024,92.0,tablet
7719,1256,2024-09-16,118.0,mobile
7720,1256,05/13/2024,99.0,mobile
7721,1256,26-10-2024,110.0,tablet
7722,1256,02/23/2024,31.0,desktop
7723,833,09/20/2024,11.0,desktop
7724,1256,10/07/2024,115.0,desktop
7725,1256,,30.0,tablet
7726,1256,2025-01-30,56.0,mobile
7727,1256,25-01-2024,14.0,tablet
7728,1256,08-05-2024,92.0,desktop
7729,1256,06/04/2024,,tablet
7730,1256,05/05/2024,63.0,tablet
7731,833,2024-06-27,24.0,tablet
7732,1256,,69.0,desktop
7733,1256,14-07-2024,13.0,mobile
7734,762,10-08-2024,64.0,mobile
7735,1256,12/16/2024,91.0,tablet
7736,1256,06/28/2024,93.0,mobile
7737,1256,08/31/2024,39.0,tablet
7738,1256,09/22/2024,75.0,tablet
7739,1256,,79.0,tablet
7740,1256,04/13/2024,53.0,mobile
7741,1256,08-09-2024,92.0,tablet
7742,1256,2024-11-12,4.0,
7743,833,10/20/2024,57.0,desktop
7744,1256,22-02-2024,24.0,desktop
7745,1256,2024-06-25,35.0,desktop
7746,833,2024-07-02,39.0,tablet
7747,1256,19-12-2024,42.0,desktop
7748,1256,2024-09-29,19.0,tablet
7749,1256,04/18/2024,,desktop
7750,833,2024-08-27,73.0,
7751,1256,06-08-2024,85.0,tablet
7752,833,2024-09-21,3.0,mobile
7753,1256,03-05-2024,63.0,desktop
7754,1256,02/05/2024,90.0,mobile
7755,1256,08-06-2024,25.0,mobile
7756,1256,27-08-2024,26.0,desktop
7757,1256,10-04-2024,89.0,mobile
7758,1256,31-10-2024,85.0,mobile
7759,1256,01/09/2024,66.0,tablet
7760,1256,07/16/2024,12.0,desktop
7761,1256,2024-01-02,25.0,mobile
7762,1256,,21.0,
7763,1256,,92.0,tablet
7764,1256,05/13/2024,105.0,mobile
7765,1256,04-03-2024,20.0,desktop
7766,1256,25-01-2024,59.0,desktop
7767,1256,09/19/2024,70.0,desktop
7768,1256,2024-01-28,105.0,desktop
7769,1256,11/22/2024,16.0,mobile
7770,833,03/12/2024,41.0,desktop
7771,1256,04/15/2024,30.0,tablet
7772,1256,06-08-2024,62.0,mobile
7773,1256,01/31/2024,32.0,tablet
7774,1256,15-03-2024,90.0,
7775,833,01/23/2024,115.0,desktop
7776,1256,05/13/2024,,tablet
7777,1256,04/17/2024,25.0,desktop
7778,1256,03/25/2024,57.0,tablet
7779,1256,12/02/2024,66.0,mobile
7780,833,2024-04-15,29.0,tablet
7781,1256,01/24/2025,,tablet
7782,1256,10/15/2024,4.0,desktop
7783,1256,01/28/2025,14.0,mobile
7784,1256,2024-02-19,65.0,tablet
7785,1256,26-06-2024,114.0,tablet
7786,1256,2024-05-31,52.0,tablet
7787,1256,11/20/2024,110.0,mobile
7788,1256,2025-01-01,27.0,tablet
7789,1256,14-11-2024,38.0,desktop
7790,1256,08/27/2024,26.0,mobile
7791,1256,12/24/2024,103.0,desktop
7792,1256,01-12-2024,32.0,desktop
7793,833,07/17/2024,76.0,tablet
7794,1256,05-02-2024,60.0,tablet
7795,1256,15-02-2024,6.0,mobile
7796,1256,07/06/2024,103.0,mobile
7797,1256,26-01-2024,85.0,tablet
7798,833,21-03-2024,72.0,desktop
7799,1256,2024-05-27,,mobile
7800,1256,01/22/2024,5.0,desktop
7801,1256,20-01-2025,7.0,mobile
7802,1256,2024-04-03,27.0,mobile
7803,1256,2024-05-12,92.0,tablet
7804,762,24-08-2024,96.0,mobile
7805,1256,06-04-2024,,mobile
7806,1256,12-06-2024,4.0,mobile
7807,1256,14-10-2024,41.0,mobile
7808,1256,2024-06-15,46.0,mobile
7809,1256,05/22/2024,93.0,tablet
7810,1256,11/01/2024,58.0,mobile
7811,1256,08/22/2024,7.0,mobile
7812,833,2024-06-10,56.0,desktop
7813,833,01-02-2025,19.0,tablet
7814,1256,12-11-2024,14.0,desktop
7815,1256,2024-08-11,68.0,tablet
7816,1256,08/07/2024,,mobile
7817,1256,06/26/2024,56.0,desktop
7818,833,11-02-2024,2.0,desktop
7819,1256,,115.0,mobile
7820,1256,2024-11-17,103.0,
7821,1256,25-11-2024,7.0,tablet
7822,1256,09/09/2024,53.0,desktop
7823,1256,24-11-2024,83.0,desktop
7824,833,2024-04-01,49.0,tablet
7825,1256,12-01-2025,22.0,tablet
7826,1256,06/20/2024,25.0,desktop
7827,1256,01/23/2025,14.0,mobile
7828,1256,08/20/2024,23.0,tablet
7829,1256,26-09-2024,57.0,mobile
7830,1256,11/12/2024,45.0,mobile
7831,1256,12-04-2024,70.0,mobile
7832,1256,2024-07-04,84.0,desktop
7833,1256,2024-05-26,115.0,desktop
7834,1256,04/08/2024,77.0,tablet
7835,1256,01/21/2025,91.0,desktop
7836,833,02/02/2024,64.0,mobile
7837,1256,10-04-2024,93.0,tablet
7838,1256,07/13/2024,113.0,mobile
7839,833,01/11/2024,69.0,tablet
7840,1256,05-01-2025,113.0,tablet
7841,833,30-12-2024,106.0,desktop
7842,1256,01/18/2025,79.0,mobile
7843,1256,07/02/2024,100.0,desktop
7844,1256,2024-07-31,115.0,tablet
7845,1256,,15.0,tablet
7846,1256,2024-02-09,100.0,desktop
7847,1256,2024-01-11,112.0,tablet
7848,1256,22-02-2024,101.0,tablet
7849,1256,10/25/2024,74.0,mobile
7850,1256,2024-02-24,54.0,tablet
7851,1256,01-08-2024,71.0,tablet
7852,1256,2024-03-10,87.0,tablet
7853,1256,06/30/2024,,tablet
7854,1256,2024-03-05,103.0,desktop
7855,1256,28-04-2024,95.0,tablet
7856,1256,15-01-2025,59.0,tablet
7857,1256,05/31/2024,67.0,tablet
7858,1256,2024-08-31,48.0,tablet
7859,1256,01/19/2024,33.0,desktop
7860,833,11/12/2024,16.0,desktop
7861,1256,08/13/2024,35.0,tablet
7862,833,2024-01-17,97.0,
7863,833,11/23/2024,45.0,desktop
7864,1256,2024-02-21,73.0,desktop
7865,833,10/01/2024,117.0,tablet
7866,1256,30-03-2024,105.0,mobile
7867,1256,04/07/2024,113.0,mobile
7868,1256,05/17/2024,114.0,tablet
7869,833,2024-01-21,13.0,tablet
7870,1256,17-07-2024,76.0,tablet
7871,1256,2024-04-06,106.0,desktop
7872,1256,06/23/2024,2.0,desktop
7873,1256,2024-08-20,6.0,desktop
7874,1256,26-12-2024,97.0,mobile
7875,1256,05/30/2024,69.0,mobile
7876,833,20-08-2024,119.0,desktop
7877,1256,11-08-2024,5.0,tablet
7878,1256,11/18/2024,18.0,mobile
7879,1256,,71.0,mobile
7880,1256,04/20/2024,114.0,desktop
7881,1256,12-01-2024,9.0,desktop
7882,1256,08-01-2024,1.0,tablet
7883,1256,11-11-2024,,mobile
7884,1256,2024-11-06,86.0,mobile
7885,1256,2024-07-10,,mobile
7886,833,10/14/2024,47.0,desktop
7887,1256,10/18/2024,104.0,mobile
7888,1256,06-11-2024,64.0,tablet
7889,833,2024-09-25,106.0,mobile
7890,833,2024-11-26,97.0,tablet
7891,1256,17-11-2024,65.0,desktop
7892,1256,12/15/2024,13.0,desktop
7893,833,2024-03-01,6.0,tablet
7894,1256,2024-12-03,51.0,mobile
7895,1256,2024-12-05,68.0,mobile
7896,833,2024-05-28,98.0,mobile
7897,1256,02/27/2024,90.0,desktop
7898,1256,16-06-2024,110.0,mobile
7899,1256,04/21/2024,,desktop
7900,1256,2024-04-14,47.0,desktop
7901,833,2024-08-30,37.0,tablet
7902,1256,31-01-2025,,mobile
7903,1256,07/28/2024,32.0,desktop
7904,1256,09/29/2024,22.0,
7905,833,01/16/2025,91.0,desktop
7906,1256,02/15/2024,95.0,desktop
7907,1256,2024-02-04,107.0,mobile
7908,1256,12/21/2024,41.0,tablet
7909,1256,2025-01-21,,mobile
7910,1256,11/11/2024,32.0,tablet
7911,833,15-04-2024,51.0,tablet
7912,1256,01/10/2025,101.0,tablet
7913,1256,28-05-2024,31.0,tablet
7914,833,01/10/2024,,desktop
7915,1256,2024-09-10,98.0,tablet
7916,1256,14-04-2024,27.0,mobile
7917,1256,2024-12-04,33.0,desktop
7918,833,10/20/2024,91.0,desktop
7919,1256,18-11-2024,51.0,mobile
7920,1256,01/25/2025,10.0,desktop
7921,1256,11/08/2024,37.0,tablet
7922,833,18-06-2024,15.0,desktop
7923,1256,2024-05-10,40.0,tablet
7924,1256,14-05-2024,,tablet
7925,833,2024-06-19,118.0,desktop
7926,1256,03/27/2024,86.0,tablet
7927,1256,10/07/2024,65.0,mobile
7928,1256,12-03-2024,43.0,tablet
7929,1256,03-01-2024,38.0,tablet
7930,1256,25-02-2024,,tablet
7931,1256,2024-05-19,85.0,tablet
7932,1256,03-01-2025,119.0,mobile
7933,1256,12-11-2024,76.0,tablet
7934,1256,03/04/2024,22.0,mobile
7935,1256,2024-05-29,98.0,desktop
7936,1256,31-01-2024,,mobile
7937,833,2024-12-06,70.0,tablet
7938,1256,12/11/2024,14.0,
7939,1256,19-05-2024,72.0,desktop
7940,1256,03-11-2024,36.0,mobile
7941,1256,04/22/2024,75.0,desktop
7942,1256,2024-04-03,114.0,mobile
7943,1256,06/04/2024,64.0,mobile
7944,1256,12/20/2024,118.0,desktop
7945,1256,24-12-2024,84.0,desktop
7946,1256,04/01/2024,33.0,desktop
7947,1256,03-11-2024,25.0,tablet
7948,1256,2024-05-28,15.0,mobile
7949,833,2024-10-01,9.0,mobile
7950,1256,28-12-2024,62.0,desktop
7951,1256,07-07-2024,10.0,desktop
7952,1256,19-10-2024,41.0,tablet
7953,833,01/09/2025,96.0,tablet
7954,1256,21-06-2024,43.0,desktop
7955,1256,09-08-2024,64.0,desktop
7956,833,10-01-2024,95.0,tablet
7957,1256,27-11-2024,102.0,desktop
7958,833,03/19/2024,104.0,tablet
7959,833,01/28/2025,79.0,mobile
7960,1256,2024-05-12,82.0,desktop
7961,1256,2024-10-01,50.0,tablet
7962,1256,2024-09-06,62.0,desktop
7963,1256,11/07/2024,78.0,desktop
7964,1256,08-01-2024,105.0,desktop
7965,1256,05/06/2024,,desktop
7966,1256,21-02-2024,9.0,mobile
7967,1256,2024-02-09,44.0,desktop
7968,1256,2024-11-28,,desktop
7969,1256,2024-08-13,25.0,mobile
7970,1256,2024-06-28,,desktop
7971,833,11/02/2024,86.0,mobile
7972,833,,64.0,mobile
7973,1256,06-06-2024,15.0,desktop
7974,833,01/25/2025,81.0,desktop
7975,1256,10/08/2024,103.0,desktop
7976,1256,2024-07-07,89.0,mobile
7977,833,2024-09-09,95.0,mobile
7978,1256,02/28/2024,57.0,tablet
7979,1256,2024-04-26,,mobile
7980,833,,11.0,desktop
7981,833,04/05/2024,8.0,mobile
7982,833,10/21/2024,49.0,tablet
7983,1256,01/25/2025,38.0,tablet
7984,1256,2024-02-04,61.0,mobile
7985,1256,2024-04-30,28.0,desktop
7986,1256,2024-07-01,78.0,tablet
7987,1256,2024-09-14,39.0,tablet
7988,1256,03-10-2024,52.0,mobile
7989,833,03/13/2024,101.0,mobile
7990,1256,2024-04-11,92.0,tablet
7991,1256,2024-04-18,39.0,tablet
7992,1256,2024-11-10,102.0,mobile
7993,1256,24-11-2024,60.0,desktop
7994,833,20-12-2024,1.0,tablet
7995,1256,02/08/2024,23.0,desktop
7996,833,11/23/2024,72.0,
7997,833,12/29/2024,54.0,tablet
7998,1256,2024-02-15,85.0,desktop
7999,1256,02-08-2024,31.0,desktop
8000,1256,12-02-2024,29.0,mobile
8001,1256,2024-06-15,72.0,mobile
8002,1256,21-01-2025,20.0,mobile
8003,1256,03/12/2024,,tablet
8004,1256,07-06-2024,3.0,tablet
8005,833,2025-01-06,19.0,tablet
8006,1256,10/31/2024,4.0,desktop
8007,1256,2024-10-17,110.0,tablet
8008,1256,11/01/2024,120.0,tablet
8009,1256,08/12/2024,4.0,tablet
8010,833,02-05-2024,53.0,mobile
8011,1256,2024-03-31,1.0,
8012,1256,2024-09-11,103.0,tablet
8013,1256,07/17/2024,21.0,tablet
8014,1256,,87.0,desktop
8015,1256,2024-02-15,32.0,desktop
8016,1256,20-12-2024,17.0,tablet
8017,1256,06/14/2024,58.0,tablet
8018,1256,06/06/2024,49.0,mobile
8019,1256,2024-09-14,106.0,tablet
8020,1256,,63.0,tablet
8021,1256,2024-06-20,9.0,mobile
8022,1256,2024-04-10,99.0,desktop
8023,1256,2024-01-11,105.0,desktop
8024,833,2024-10-19,60.0,tablet
8025,1256,09-01-2024,11.0,tablet
8026,1256,13-07-2024,42.0,tablet
8027,1256,04/12/2024,36.0,desktop
8028,1256,03/26/2024,33.0,tablet
8029,1256,2025-01-08,78.0,desktop
8030,1256,07/26/2024,92.0,tablet
8031,1256,2024-05-25,42.0,mobile
8032,1256,02-08-2024,9.0,tablet
8033,1256,01/28/2025,12.0,mobile
8034,1256,08/09/2024,64.0,mobile
8035,1256,07/18/2024,11.0,
8036,1256,04/05/2024,59.0,mobile
8037,1256,28-07-2024,78.0,mobile
8038,1256,15-02-2024,25.0,desktop
8039,1256,2024-04-22,93.0,desktop
8040,1256,31-01-2025,57.0,desktop
8041,1256,03-01-2025,103.0,desktop
8042,1256,02/18/2024,45.0,tablet
8043,1256,,37.0,desktop
8044,1256,01-08-2024,95.0,tablet
8045,1256,02-03-2024,91.0,desktop
8046,833,02/06/2024,102.0,tablet
8047,1256,24-05-2024,39.0,desktop
8048,1256,10/03/2024,32.0,tablet
8049,1256,01/11/2025,2.0,mobile
8050,1256,03/04/2024,51.0,tablet
8051,1256,16-04-2024,67.0,
8052,833,16-06-2024,56.0,desktop
8053,1256,01/15/2024,20.0,mobile
8054,1256,2024-04-04,49.0,mobile
8055,833,22-08-2024,95.0,desktop
8056,1256,2024-07-25,61.0,mobile
8057,1256,2024-02-13,103.0,desktop
8058,833,07/13/2024,117.0,tablet
8059,833,07-07-2024,84.0,mobile
8060,1256,2024-04-07,6.0,desktop
8061,1256,19-08-2024,9.0,desktop
8062,1256,07-10-2024,29.0,tablet
8063,1256,01/23/2024,65.0,tablet
8064,833,2024-04-07,,tablet
8065,833,2025-01-29,72.0,tablet
8066,1256,01/18/2025,105.0,mobile
8067,1256,08-01-2025,94.0,tablet
8068,1256,2024-04-04,35.0,mobile
8069,1256,2024-04-18,18.0,mobile
8070,1256,2024-11-28,34.0,desktop
8071,833,27-09-2024,111.0,tablet
8072,1256,04-07-2024,77.0,mobile
8073,1256,18-06-2024,16.0,desktop
8074,1256,19-02-2024,91.0,desktop
8075,1256,30-10-2024,71.0,tablet
8076,1256,01/19/2024,40.0,mobile
8077,1256,2024-04-10,92.0,desktop
8078,1256,05/04/2024,54.0,desktop
8079,833,2024-03-17,48.0,desktop
8080,1256,03-10-2024,38.0,
8081,1256,2024-02-04,72.0,mobile
8082,1256,03-05-2024,104.0,mobile
8083,1256,13-11-2024,47.0,tablet
8084,833,01/14/2025,62.0,desktop
8085,833,04-05-2024,3.0,desktop
8086,1256,22-08-2024,21.0,desktop
8087,1256,10/09/2024,67.0,mobile
8088,833,12-08-2024,55.0,desktop
8089,833,05/05/2024,78.0,mobile
8090,1256,,,tablet
8091,1256,2024-05-30,45.0,mobile
8092,1256,01/29/2025,46.0,tablet
8093,1256,01/23/2025,50.0,tablet
8094,1256,06/04/2024,26.0,tablet
8095,1256,09/17/2024,41.0,tablet
8096,1256,2024-05-18,117.0,tablet
8097,1256,,10.0,mobile
8098,1256,01/12/2024,71.0,desktop
8099,1256,07-06-2024,49.0,desktop
8100,1256,12-10-2024,13.0,desktop
8101,1256,16-10-2024,120.0,tablet
8102,1256,27-10-2024,113.0,tablet
8103,1256,2024-03-13,18.0,tablet
8104,1256,29-10-2024,55.0,
8105,1256,2024-04-16,6.0,desktop
8106,1256,09/22/2024,50.0,tablet
8107,833,2024-11-27,22.0,desktop
8108,1256,2024-05-28,16.0,mobile
8109,1256,2024-10-08,116.0,desktop
8110,1256,08-02-2024,41.0,desktop
8111,1256,12-08-2024,62.0,mobile
8112,833,2024-04-09,117.0,mobile
8113,833,01/01/2024,104.0,desktop
8114,833,23-05-2024,107.0,mobile
8115,1256,01/28/2024,3.0,mobile
8116,1256,03/28/2024,,tablet
8117,1256,2024-10-29,64.0,tablet
8118,1256,2024-11-28,52.0,tablet
8119,1256,09/23/2024,84.0,mobile
8120,1256,11/28/2024,41.0,desktop
8121,833,02/27/2024,21.0,tablet
8122,1256,12-07-2024,65.0,
8123,833,12/16/2024,,tablet
8124,1256,2024-05-19,60.0,desktop
8125,1256,09/26/2024,104.0,desktop
8126,1256,28-02-2024,120.0,mobile
8127,833,2024-04-29,6.0,desktop
8128,1256,2024-02-23,42.0,tablet
8129,1256,01/11/2025,112.0,tablet
8130,1256,12/06/2024,25.0,desktop
8131,1256,05/04/2024,33.0,mobile
8132,833,2024-03-22,81.0,mobile
8133,1256,01/08/2025,11.0,tablet
8134,1256,03-03-2024,24.0,tablet
8135,1256,03-07-2024,48.0,desktop
8136,1256,2024-06-28,14.0,tablet
8137,833,04/29/2024,84.0,tablet
8138,1256,2024-02-07,41.0,tablet
8139,1256,02/01/2025,55.0,mobile
8140,1256,29-07-2024,35.0,desktop
8141,1256,2024-09-02,97.0,mobile
8142,1256,28-03-2024,8.0,
8143,1256,2024-01-31,21.0,mobile
8144,1256,01-04-2024,82.0,mobile
8145,1256,22-06-2024,100.0,tablet
8146,1256,12/11/2024,,mobile
8147,1256,20-02-2024,2.0,mobile
8148,1256,2024-02-11,111.0,tablet
8149,1256,2024-01-28,90.0,tablet
8150,1256,2024-01-24,23.0,desktop
8151,833,01/16/2025,48.0,
8152,833,21-06-2024,27.0,
8153,833,22-07-2024,94.0,desktop
8154,1256,2024-10-30,57.0,desktop
8155,1256,2024-05-18,27.0,desktop
8156,1256,12-03-2024,35.0,tablet
8157,1256,2024-08-07,104.0,desktop
8158,1256,07/23/2024,8.0,tablet
8159,1256,2024-07-21,73.0,mobile
8160,1256,02/18/2024,24.0,desktop
8161,833,04/02/2024,50.0,mobile
8162,1256,20-11-2024,47.0,mobile
8163,1256,27-08-2024,85.0,desktop
8164,1256,2024-08-23,114.0,tablet
8165,1256,2024-11-11,114.0,tablet
8166,1256,2024-09-29,53.0,tablet
8167,1256,12/08/2024,85.0,
8168,1256,2024-06-27,16.0,desktop
8169,1256,,115.0,mobile
8170,1256,14-01-2025,88.0,mobile
8171,1256,2024-04-29,,desktop
8172,1256,2024-10-11,,desktop
8173,1256,2024-09-21,20.0,mobile
8174,1256,2024-04-20,27.0,desktop
8175,833,12/22/2024,47.0,tablet
8176,1256,03/29/2024,,tablet
8177,1256,17-02-2024,47.0,desktop
8178,1256,2024-04-29,90.0,desktop
8179,1256,05/31/2024,28.0,desktop
8180,1256,25-08-2024,83.0,tablet
8181,1256,2024-05-31,109.0,desktop
8182,1256,10/15/2024,105.0,desktop
8183,1256,2024-10-23,28.0,desktop
8184,1256,16-02-2024,20.0,tablet
8185,1256,26-09-2024,20.0,mobile
8186,833,2024-04-25,80.0,tablet
8187,1256,2024-01-04,8.0,
8188,833,11/12/2024,30.0,tablet
8189,1256,2024-02-14,61.0,tablet
8190,833,2024-04-19,109.0,mobile
8191,1256,07/18/2024,77.0,tablet
8192,833,01/03/2024,79.0,mobile
8193,1256,02/24/2024,42.0,tablet
8194,1256,24-07-2024,101.0,desktop
8195,833,07/30/2024,114.0,desktop
8196,1256,02-10-2024,85.0,desktop
8197,1256,2024-11-24,30.0,tablet
8198,1256,09/24/2024,60.0,tablet
8199,1256,07-06-2024,77.0,mobile
8200,1256,06-02-2024,35.0,tablet
8201,1256,18-07-2024,58.0,desktop
8202,1256,2024-03-12,72.0,mobile
8203,1256,05/10/2024,30.0,tablet
8204,1256,07/08/2024,86.0,tablet
8205,1256,06/07/2024,91.0,mobile
8206,833,2024-03-28,29.0,desktop
8207,1256,03-02-2025,84.0,mobile
8208,1256,10-04-2024,103.0,tablet
8209,1256,2024-03-19,18.0,desktop
8210,1256,2024-10-25,62.0,desktop
8211,1256,12/04/2024,19.0,tablet
8212,1256,2024-05-30,59.0,mobile
8213,833,2024-12-24,81.0,mobile
8214,1256,04-02-2024,82.0,mobile
8215,1256,,102.0,mobile
8216,1256,12/23/2024,63.0,mobile
8217,1256,09/26/2024,9.0,
8218,1256,2024-08-12,63.0,mobile
8219,833,10/06/2024,43.0,desktop
8220,1256,2024-10-21,,desktop
8221,1256,09/19/2024,113.0,desktop
8222,1256,19-01-2025,87.0,desktop
8223,1256,06/05/2024,4.0,mobile
8224,1256,06-07-2024,78.0,tablet
8225,1256,03/22/2024,2.0,mobile
8226,1256,06/26/2024,,tablet
8227,1256,12/20/2024,86.0,desktop
8228,1256,08/07/2024,19.0,mobile
8229,1256,08/02/2024,,mobile
8230,1256,2024-08-22,14.0,tablet
8231,1256,2024-03-01,22.0,mobile
8232,833,2024-09-10,75.0,desktop
8233,833,18-12-2024,,desktop
8234,1256,,15.0,mobile
8235,833,26-09-2024,65.0,mobile
8236,833,07-07-2024,72.0,tablet
8237,1256,19-11-2024,50.0,desktop
8238,1256,2024-07-28,43.0,desktop
8239,1256,2024-06-22,109.0,desktop
8240,1256,2024-08-03,90.0,mobile
8241,1256,30-12-2024,26.0,mobile
8242,1256,2024-05-01,68.0,desktop
8243,1256,06-11-2024,90.0,mobile
8244,1256,12-05-2024,83.0,tablet
8245,1256,09/21/2024,86.0,mobile
8246,1256,08-08-2024,90.0,tablet
8247,1256,19-12-2024,56.0,mobile
8248,1256,2024-04-07,63.0,tablet
8249,1256,04/14/2024,29.0,tablet
8250,1256,23-03-2024,107.0,desktop
8251,1256,12/06/2024,,tablet
8252,1256,2024-04-21,,desktop
8253,1256,04-03-2024,63.0,tablet
8254,1256,03-02-2024,80.0,desktop
8255,833,25-10-2024,77.0,desktop
8256,1256,2024-04-21,117.0,tablet
8257,1256,2024-05-23,58.0,desktop
8258,833,09/07/2024,106.0,desktop
8259,1256,07-06-2024,84.0,mobile
8260,833,02-12-2024,86.0,desktop
8261,1256,2024-01-09,105.0,mobile
8262,1256,01/22/2024,38.0,tablet
8263,833,2025-01-11,99.0,desktop
8264,1256,06/29/2024,29.0,tablet
8265,1256,20-01-2024,46.0,tablet
8266,1256,2024-11-02,45.0,mobile
8267,1256,2024-11-08,43.0,desktop
8268,1256,24-08-2024,23.0,mobile
8269,833,01/04/2024,48.0,tablet
8270,1256,21-07-2024,36.0,desktop
8271,1256,02-02-2025,36.0,desktop
8272,833,27-02-2024,4.0,mobile
8273,1256,28-01-2025,57.0,desktop
8274,1256,16-05-2024,51.0,tablet
8275,833,04/06/2024,32.0,tablet
8276,1256,10/27/2024,,mobile
8277,1256,2024-12-24,,tablet
8278,1256,15-08-2024,1.0,desktop
8279,1256,02/04/2024,41.0,mobile
8280,1256,08/22/2024,63.0,mobile
8281,1256,29-07-2024,102.0,
8282,833,19-10-2024,36.0,tablet
8283,833,2024-12-10,19.0,mobile
8284,1256,2024-11-14,69.0,tablet
8285,1256,19-05-2024,8.0,desktop
8286,833,11/10/2024,87.0,mobile
8287,1256,05-10-2024,114.0,desktop
8288,833,11/21/2024,92.0,tablet
8289,1256,03/11/2024,96.0,mobile
8290,1256,03/24/2024,86.0,mobile
8291,762,2024-08-29,10.0,tablet
8292,1256,09/30/2024,94.0,mobile
8293,1256,2024-06-22,70.0,desktop
8294,1256,03/24/2024,35.0,tablet
8295,1256,2024-09-30,70.0,
8296,1256,16-01-2025,,desktop
8297,1256,29-09-2024,,tablet
8298,1256,07/16/2024,13.0,mobile
8299,833,29-10-2024,52.0,mobile
8300,1256,2024-01-13,106.0,
8301,1256,2024-10-20,,mobile
8302,1256,12-04-2024,119.0,tablet
8303,1256,08/12/2024,42.0,desktop
8304,833,02/11/2024,81.0,tablet
8305,1256,2024-01-12,90.0,desktop
8306,1256,15-11-2024,110.0,tablet
8307,1256,2024-06-07,80.0,mobile
8308,1256,2025-01-17,102.0,tablet
8309,1256,2025-01-26,,tablet
8310,833,2024-06-08,25.0,mobile
8311,1256,03/31/2024,35.0,mobile
8312,1256,11-08-2024,28.0,tablet
8313,833,07/02/2024,75.0,tablet
8314,1256,2024-04-04,33.0,desktop
8315,833,03/24/2024,80.0,tablet
8316,1256,2024-04-29,84.0,mobile
8317,1256,2024-10-19,98.0,mobile
8318,1256,06/12/2024,53.0,desktop
8319,1256,01-12-2024,47.0,desktop
8320,1256,2024-05-07,13.0,desktop
8321,1256,2025-01-17,85.0,tablet
8322,1256,10/31/2024,48.0,tablet
8323,1256,11/03/2024,22.0,desktop
8324,1256,02/22/2024,120.0,mobile
8325,833,02-01-2025,78.0,tablet
8326,1256,02/04/2025,49.0,tablet
8327,833,02-01-2024,45.0,tablet
8328,1256,21-12-2024,83.0,desktop
8329,1256,24-11-2024,83.0,tablet
8330,1256,09/13/2024,,mobile
8331,1256,2024-08-02,8.0,desktop
8332,1256,01-11-2024,11.0,desktop
8333,833,2024-02-17,88.0,desktop
8334,1256,06/28/2024,84.0,mobile
8335,1256,03/24/2024,63.0,mobile
8336,833,2024-07-22,,tablet
8337,1256,06-01-2025,68.0,tablet
8338,833,13-03-2024,118.0,mobile
8339,833,,57.0,mobile
8340,1256,29-10-2024,49.0,tablet
8341,1256,2024-01-12,101.0,mobile
8342,1256,01/26/2025,,tablet
8343,1256,02/07/2024,68.0,mobile
8344,833,01/28/2025,,mobile
8345,1256,01/22/2024,76.0,mobile
8346,1256,03/21/2024,28.0,mobile
8347,1256,2024-03-20,99.0,desktop
8348,833,,85.0,mobile
8349,1256,12-06-2024,41.0,mobile
8350,833,2024-10-14,85.0,desktop
8351,1256,01/12/2024,77.0,tablet
8352,1256,2024-01-15,90.0,mobile
8353,833,11/24/2024,45.0,tablet
8354,833,25-12-2024,11.0,tablet
8355,1256,,47.0,mobile
8356,1256,2024-08-21,33.0,desktop
8357,1256,,94.0,desktop
8358,833,19-03-2024,77.0,tablet
8359,1256,2024-11-07,43.0,mobile
8360,1256,2024-03-13,91.0,desktop
8361,1256,09/03/2024,119.0,desktop
8362,1256,31-08-2024,117.0,
8363,1256,07/11/2024,119.0,tablet
8364,1256,2024-06-15,105.0,mobile
8365,833,2024-05-21,56.0,desktop
8366,1256,30-05-2024,49.0,tablet
8367,1256,02-08-2024,83.0,mobile
8368,1256,05-11-2024,96.0,desktop
8369,1256,2025-01-07,84.0,desktop
8370,833,08/13/2024,85.0,tablet
8371,1256,11/20/2024,65.0,tablet
8372,1256,25-06-2024,97.0,tablet
8373,1256,01/18/2025,99.0,tablet
8374,1256,07/20/2024,24.0,desktop
8375,1256,01-02-2025,100.0,tablet
8376,1256,2024-05-21,58.0,tablet
8377,1256,05/03/2024,67.0,mobile
8378,1256,2024-12-14,43.0,desktop
8379,1256,11-11-2024,27.0,mobile
8380,1256,2024-07-04,102.0,desktop
8381,1256,2024-03-14,98.0,mobile
8382,1256,2024-09-08,15.0,tablet
8383,1256,14-02-2024,105.0,desktop
8384,1256,09/28/2024,23.0,tablet
8385,1256,2024-11-17,47.0,desktop
8386,1256,10/13/2024,28.0,mobile
8387,833,08/13/2024,84.0,mobile
8388,1256,2024-07-27,53.0,mobile
8389,1256,03-12-2024,,desktop
8390,1256,2024-01-10,56.0,desktop
8391,1256,10/01/2024,38.0,desktop
8392,1256,04/01/2024,113.0,mobile
8393,1256,10/18/2024,97.0,tablet
8394,833,28-07-2024,,desktop
8395,1256,24-09-2024,72.0,mobile
8396,1256,07-12-2024,49.0,desktop
8397,1256,2025-01-08,52.0,mobile
8398,1256,18-06-2024,9.0,mobile
8399,1256,12/06/2024,54.0,desktop
8400,1256,05/31/2024,36.0,desktop
8401,1256,02/05/2024,63.0,mobile
8402,1256,01/30/2025,76.0,mobile
8403,833,29-09-2024,1.0,mobile
8404,1256,2024-06-11,17.0,tablet
8405,1256,2024-02-13,87.0,desktop
8406,833,06-02-2024,56.0,mobile
8407,1256,30-12-2024,32.0,desktop
8408,1256,11-11-2024,62.0,
8409,833,04-09-2024,103.0,desktop
8410,1256,18-01-2025,81.0,mobile
8411,1256,09/17/2024,62.0,mobile
8412,833,25-02-2024,57.0,tablet
8413,833,2024-07-28,26.0,mobile
8414,833,02/22/2024,,tablet
8415,1256,,38.0,tablet
8416,1256,28-06-2024,,mobile
8417,1256,07/31/2024,83.0,mobile
8418,1256,12/18/2024,66.0,desktop
8419,1256,2024-03-25,11.0,tablet
8420,1256,09-02-2024,57.0,mobile
8421,1256,07/16/2024,11.0,
8422,1256,18-12-2024,116.0,tablet
8423,1256,11/03/2024,4.0,tablet
8424,1256,10/14/2024,17.0,mobile
8425,1256,04/10/2024,114.0,tablet
8426,1256,2024-10-05,115.0,tablet
8427,1256,2024-04-02,66.0,mobile
8428,1256,25-08-2024,31.0,mobile
8429,833,19-04-2024,76.0,mobile
8430,1256,2024-01-26,79.0,mobile
8431,1256,01/17/2025,103.0,tablet
8432,1256,2024-01-27,100.0,tablet
8433,1256,09/30/2024,,tablet
8434,762,12/17/2024,19.0,desktop
8435,833,06/19/2024,32.0,tablet
8436,1256,2024-09-05,78.0,tablet
8437,833,2024-11-26,90.0,desktop
8438,1256,2024-04-02,18.0,mobile
8439,1256,2024-02-04,103.0,tablet
8440,1256,05-12-2024,63.0,desktop
8441,1256,08-10-2024,73.0,desktop
8442,1256,18-07-2024,80.0,tablet
8443,1256,14-05-2024,21.0,desktop
8444,1256,02-07-2024,15.0,tablet
8445,1256,06-01-2024,11.0,mobile
8446,1256,03-11-2024,38.0,desktop
8447,1256,2024-09-11,98.0,mobile
8448,762,02/04/2025,89.0,desktop
8449,1256,09/18/2024,13.0,tablet
8450,1256,2024-08-06,37.0,desktop
8451,1256,2024-11-27,3.0,desktop
8452,1256,2024-11-16,111.0,desktop
8453,1256,06/02/2024,24.0,desktop
8454,1256,09/25/2024,95.0,mobile
8455,833,04-10-2024,36.0,desktop
8456,1256,2024-11-04,84.0,mobile
8457,1256,15-01-2024,104.0,tablet
8458,1256,2024-09-25,28.0,desktop
8459,1256,2024-08-01,3.0,mobile
8460,833,08/05/2024,17.0,tablet
8461,833,18-06-2024,86.0,mobile
8462,1256,16-10-2024,73.0,mobile
8463,1256,03/31/2024,54.0,desktop
8464,833,06/02/2024,116.0,
8465,1256,2024-05-04,78.0,tablet
8466,1256,28-09-2024,14.0,desktop
8467,833,12-03-2024,72.0,desktop
8468,1256,2024-10-23,93.0,mobile
8469,1256,2024-10-26,24.0,mobile
8470,1256,23-01-2024,108.0,desktop
8471,1256,2024-12-16,,desktop
8472,1256,2024-01-20,62.0,mobile
8473,1256,02/07/2024,94.0,desktop
8474,833,11-03-2024,104.0,tablet
8475,1256,2024-06-30,,mobile
8476,1256,09/17/2024,72.0,tablet
8477,1256,2024-05-28,56.0,mobile
8478,1256,12/08/2024,19.0,
8479,1256,04/27/2024,118.0,mobile
8480,1256,,92.0,mobile
8481,1256,08/19/2024,4.0,desktop
8482,1256,09-02-2024,53.0,mobile
8483,1256,2024-01-24,10.0,mobile
8484,1256,01/06/2025,64.0,mobile
8485,1256,,87.0,tablet
8486,1256,01/24/2025,42.0,mobile
8487,1256,2024-05-26,67.0,mobile
8488,1256,08/27/2024,78.0,desktop
8489,1256,06/07/2024,,tablet
8490,833,2024-11-21,81.0,tablet
8491,1256,2024-02-01,46.0,desktop
8492,1256,28-04-2024,83.0,mobile
8493,1256,06/30/2024,77.0,mobile
8494,1256,01/01/2025,73.0,mobile
8495,1256,2024-09-03,39.0,mobile
8496,833,01-07-2024,,mobile
8497,1256,2024-03-30,114.0,desktop
8498,1256,01/15/2025,,desktop
8499,1256,04-11-2024,31.0,mobile
8500,1256,2024-03-17,118.0,
8501,1256,2024-02-17,46.0,mobile
8502,1256,2024-02-10,11.0,desktop
8503,1256,06-07-2024,109.0,desktop
8504,1256,2024-09-23,97.0,tablet
8505,833,27-03-2024,92.0,mobile
8506,833,01-09-2024,34.0,tablet
8507,1256,2024-02-26,88.0,desktop
8508,1256,01/28/2025,110.0,tablet
8509,1256,12/05/2024,47.0,desktop
8510,1256,01/30/2024,26.0,tablet
8511,1256,13-11-2024,16.0,mobile
8512,1256,03-01-2025,80.0,mobile
8513,1256,04/05/2024,57.0,mobile
8514,833,12/30/2024,111.0,desktop
8515,1256,08/28/2024,30.0,desktop
8516,1256,2024-08-12,96.0,tablet
8517,1256,02/26/2024,83.0,desktop
8518,1256,12/21/2024,95.0,desktop
8519,1256,2024-09-06,104.0,tablet
8520,1256,2024-01-22,97.0,tablet
8521,1256,07/17/2024,48.0,tablet
8522,1256,01/06/2025,,
8523,1256,10/19/2024,6.0,mobile
8524,1256,09/27/2024,54.0,desktop
8525,833,19-04-2024,50.0,tablet
8526,1256,07-01-2024,114.0,desktop
8527,1256,,94.0,mobile
8528,833,11-10-2024,47.0,mobile
8529,1256,12/30/2024,,desktop
8530,833,07-04-2024,104.0,tablet
8531,1256,08/30/2024,74.0,desktop
8532,1256,04/05/2024,68.0,mobile
8533,1256,2024-11-06,,mobile
8534,1256,2024-04-04,39.0,desktop
8535,1256,2024-03-29,22.0,tablet
8536,1256,2024-08-12,68.0,desktop
8537,833,21-09-2024,15.0,desktop
8538,1256,05/07/2024,7.0,tablet
8539,1256,12-01-2025,83.0,desktop
8540,1256,10/18/2024,19.0,desktop
8541,1256,28-11-2024,43.0,tablet
8542,1256,23-10-2024,29.0,mobile
8543,1256,07-01-2025,43.0,mobile
8544,1256,29-02-2024,32.0,tablet
8545,833,05-12-2024,33.0,mobile
8546,1256,22-04-2024,1.0,mobile
8547,1256,2024-12-30,48.0,mobile
8548,1256,2024-03-14,19.0,tablet
8549,1256,2024-01-14,45.0,desktop
8550,1256,2024-02-09,39.0,mobile
8551,1256,09/17/2024,73.0,mobile
8552,1256,,91.0,desktop
8553,1256,2024-01-03,100.0,desktop
8554,1256,2024-03-12,11.0,desktop
8555,1256,01/29/2024,51.0,tablet
8556,1256,2025-01-18,6.0,desktop
8557,1256,2024-10-27,85.0,desktop
8558,1256,07/02/2024,19.0,mobile
8559,833,26-01-2024,56.0,mobile
8560,1256,01/16/2024,,desktop
8561,1256,02/06/2024,70.0,tablet
8562,833,2024-01-08,104.0,tablet
8563,833,2024-10-01,83.0,desktop
8564,1256,08/26/2024,114.0,mobile
8565,1256,10-11-2024,1.0,mobile
8566,1256,03/03/2024,103.0,tablet
8567,1256,01/23/2024,2.0,mobile
8568,1256,30-01-2024,48.0,tablet
8569,1256,28-09-2024,105.0,desktop
8570,1256,07/05/2024,74.0,mobile
8571,1256,2025-02-02,27.0,mobile
8572,833,2024-04-10,91.0,desktop
8573,1256,05/02/2024,2.0,tablet
8574,1256,12/18/2024,12.0,desktop
8575,1256,2024-06-23,65.0,desktop
8576,1256,2024-04-12,18.0,
8577,1256,01-02-2024,41.0,desktop
8578,833,2024-06-27,60.0,mobile
8579,1256,2024-05-20,108.0,tablet
8580,1256,06-08-2024,,desktop
8581,1256,02-02-2025,82.0,mobile
8582,1256,08/08/2024,,desktop
8583,1256,07/31/2024,106.0,mobile
8584,1256,30-01-2025,99.0,mobile
8585,833,09-01-2025,54.0,mobile
8586,833,2024-11-10,,tablet
8587,1256,31-12-2024,17.0,mobile
8588,1256,2024-01-09,47.0,desktop
8589,833,07-01-2024,91.0,mobile
8590,1256,01/24/2025,49.0,mobile
8591,1256,17-08-2024,42.0,desktop
8592,1256,2025-01-09,10.0,desktop
8593,1256,,32.0,tablet
8594,1256,2024-09-16,119.0,desktop
8595,1256,2024-04-02,119.0,desktop
8596,1256,05-01-2025,69.0,desktop
8597,1256,2024-12-19,5.0,desktop
8598,1256,2024-08-06,,
8599,1256,2024-03-13,88.0,desktop
8600,1256,05/17/2024,36.0,mobile
8601,1256,06/24/2024,110.0,desktop
8602,833,09/09/2024,78.0,desktop
8603,1256,10/02/2024,42.0,mobile
8604,1256,2024-08-11,117.0,tablet
8605,1256,2024-11-29,111.0,desktop
8606,1256,28-06-2024,110.0,tablet
8607,833,03-03-2024,52.0,tablet
8608,1256,24-03-2024,14.0,tablet
8609,833,12-09-2024,85.0,
8610,1256,2024-11-15,4.0,mobile
8611,833,04/15/2024,88.0,tablet
8612,833,2024-10-22,103.0,desktop
8613,1256,03/06/2024,117.0,tablet
8614,1256,24-11-2024,113.0,tablet
8615,1256,2024-04-25,42.0,desktop
8616,1256,12/24/2024,21.0,mobile
8617,1256,12-12-2024,15.0,desktop
8618,1256,10-01-2024,93.0,mobile
8619,1256,09/12/2024,75.0,tablet
8620,1256,20-02-2024,14.0,tablet
8621,833,2024-09-17,,desktop
8622,1256,2024-10-09,62.0,desktop
8623,833,2024-09-08,58.0,mobile
8624,1256,10/02/2024,105.0,mobile
8625,1256,17-07-2024,67.0,mobile
8626,1256,2024-06-12,13.0,tablet
8627,1256,11-04-2024,69.0,desktop
8628,833,05-05-2024,22.0,desktop
8629,1256,12/12/2024,118.0,mobile
8630,1256,10/08/2024,32.0,desktop
8631,1256,2024-04-25,28.0,desktop
8632,1256,01/13/2025,82.0,mobile
8633,1256,2024-08-20,87.0,desktop
8634,1256,2024-08-17,70.0,tablet
8635,1256,06-09-2024,42.0,tablet
8636,1256,01/25/2024,82.0,mobile
8637,1256,2024-07-24,95.0,mobile
8638,1256,05-01-2025,56.0,desktop
8639,1256,04/04/2024,71.0,tablet
8640,1256,10-02-2024,7.0,desktop
8641,1256,03/20/2024,37.0,mobile
8642,1256,11/27/2024,52.0,mobile
8643,833,02-08-2024,92.0,mobile
8644,1256,26-12-2024,8.0,mobile
8645,1256,10-08-2024,94.0,tablet
8646,1256,,45.0,desktop
8647,1256,10-08-2024,81.0,desktop
8648,833,06-01-2024,25.0,desktop
8649,1256,07/15/2024,2.0,tablet
8650,1256,2024-02-21,34.0,desktop
8651,1256,2024-10-11,18.0,tablet
8652,1256,2024-03-07,85.0,mobile
8653,833,09/03/2024,76.0,tablet
8654,833,2024-06-04,61.0,desktop
8655,1256,2024-05-01,87.0,mobile
8656,1256,2024-06-13,,mobile
8657,1256,12/19/2024,21.0,tablet
8658,1256,14-05-2024,95.0,desktop
8659,1256,09-03-2024,89.0,mobile
8660,1256,27-07-2024,96.0,mobile
8661,1256,12/17/2024,86.0,tablet
8662,1256,08/31/2024,104.0,mobile
8663,1256,10/06/2024,14.0,tablet
8664,1256,11-06-2024,47.0,desktop
8665,833,10/29/2024,26.0,mobile
8666,1256,07-12-2024,18.0,desktop
8667,833,01/15/2024,27.0,desktop
8668,1256,28-01-2025,69.0,
8669,1256,20-10-2024,97.0,desktop
8670,1256,01/31/2025,79.0,desktop
8671,1256,2024-05-03,37.0,mobile
8672,1256,,20.0,tablet
8673,1256,28-06-2024,65.0,mobile
8674,1256,25-12-2024,26.0,desktop
8675,1256,08/23/2024,48.0,desktop
8676,1256,05/05/2024,29.0,desktop
8677,1256,2024-11-11,5.0,mobile
8678,1256,21-01-2024,41.0,mobile
8679,1256,04/29/2024,73.0,mobile
8680,1256,2024-10-06,117.0,tablet
8681,1256,2024-11-07,100.0,mobile
8682,1256,03/24/2024,54.0,tablet
8683,1256,14-08-2024,20.0,tablet
8684,1256,2024-05-27,52.0,mobile
8685,1256,17-12-2024,107.0,desktop
8686,1256,11-03-2024,31.0,mobile
8687,1256,2024-10-12,26.0,mobile
8688,1256,2024-08-30,6.0,tablet
8689,1256,09/08/2024,,desktop
8690,1256,2024-03-02,71.0,desktop
8691,1256,2024-01-23,10.0,tablet
8692,833,2024-09-08,17.0,mobile
8693,1256,09/12/2024,20.0,
8694,1256,01/22/2025,,tablet
8695,1256,16-11-2024,2.0,desktop
8696,1256,19-05-2024,119.0,desktop
8697,833,2024-01-10,111.0,tablet
8698,833,,66.0,tablet
8699,1256,,11.0,mobile
8700,833,2024-04-26,1.0,tablet
8701,1256,17-12-2024,79.0,desktop
8702,833,03/01/2024,38.0,mobile
8703,1256,2024-10-28,105.0,desktop
8704,1256,2024-01-05,102.0,mobile
8705,1256,06-05-2024,117.0,tablet
8706,1256,02/25/2024,90.0,mobile
8707,1256,12-10-2024,120.0,mobile
8708,833,2024-10-24,74.0,desktop
8709,1256,2024-09-08,38.0,mobile
8710,1256,07-05-2024,114.0,mobile
8711,1256,08/03/2024,90.0,desktop
8712,833,08-02-2024,,desktop
8713,833,01/14/2025,101.0,
8714,1256,2024-10-20,3.0,mobile
8715,1256,18-12-2024,1.0,mobile
8716,1256,2024-04-10,102.0,mobile
8717,1256,17-06-2024,74.0,desktop
8718,833,06/07/2024,1.0,mobile
8719,1256,18-11-2024,81.0,desktop
8720,833,09/20/2024,14.0,desktop
8721,1256,2024-12-18,36.0,desktop
8722,1256,23-12-2024,71.0,mobile
8723,1256,08-01-2024,24.0,mobile
8724,1256,24-04-2024,51.0,desktop
8725,833,01/16/2025,23.0,desktop
8726,833,03-03-2024,94.0,mobile
8727,1256,21-11-2024,61.0,desktop
8728,1256,2024-02-06,15.0,desktop
8729,1256,29-07-2024,115.0,desktop
8730,1256,03/01/2024,8.0,desktop
8731,1256,20-10-2024,44.0,tablet
8732,1256,08-01-2025,6.0,tablet
8733,833,19-08-2024,106.0,desktop
8734,1256,,13.0,tablet
8735,833,11/20/2024,50.0,tablet
8736,1256,07/11/2024,87.0,desktop
8737,1256,31-05-2024,13.0,tablet
8738,1256,09-07-2024,23.0,tablet
8739,1256,12/05/2024,71.0,tablet
8740,1256,08/25/2024,11.0,mobile
8741,1256,19-04-2024,96.0,mobile
8742,1256,16-11-2024,24.0,
8743,1256,,26.0,mobile
8744,1256,2024-06-11,69.0,mobile
8745,1256,29-07-2024,22.0,tablet
8746,1256,01-12-2024,60.0,desktop
8747,1256,2024-08-31,26.0,tablet
8748,833,24-04-2024,3.0,tablet
8749,1256,08/27/2024,27.0,desktop
8750,1256,06-12-2024,48.0,tablet
8751,833,12-09-2024,64.0,desktop
8752,1256,06/21/2024,36.0,tablet
8753,1256,05-05-2024,39.0,desktop
8754,833,07/07/2024,,tablet
8755,1256,02-01-2024,2.0,tablet
8756,1256,2024-07-03,46.0,desktop
8757,1256,2024-08-23,89.0,tablet
8758,1256,2024-05-07,15.0,
8759,833,,19.0,tablet
8760,1256,12-08-2024,28.0,mobile
8761,1256,26-03-2024,82.0,tablet
8762,1256,2024-01-08,33.0,desktop
8763,1256,01-02-2025,9.0,mobile
8764,1256,28-10-2024,,desktop
8765,1256,06/19/2024,116.0,tablet
8766,1256,2025-01-22,81.0,mobile
8767,1256,24-09-2024,36.0,desktop
8768,1256,2024-12-16,,tablet
8769,1256,09-01-2025,64.0,mobile
8770,1256,21-12-2024,92.0,mobile
8771,1256,2025-01-06,29.0,mobile
8772,1256,06-04-2024,104.0,mobile
8773,833,02/12/2024,14.0,mobile
8774,1256,04/25/2024,2.0,tablet
8775,1256,10-02-2024,26.0,desktop
8776,1256,06/07/2024,116.0,mobile
8777,833,,100.0,desktop
8778,1256,26-05-2024,91.0,desktop
8779,1256,2024-09-06,79.0,mobile
8780,833,2024-08-13,,mobile
8781,1256,27-09-2024,63.0,desktop
8782,1256,10/26/2024,2.0,desktop
8783,1256,04/13/2024,95.0,desktop
8784,1256,2025-01-05,58.0,desktop
8785,1256,2024-05-08,74.0,desktop
8786,1256,13-03-2024,38.0,desktop
8787,1256,12/21/2024,9.0,tablet
8788,1256,04/01/2024,48.0,tablet
8789,1256,,47.0,tablet
8790,833,24-03-2024,118.0,desktop
8791,1256,2024-01-30,114.0,mobile
8792,1256,2024-05-06,64.0,mobile
8793,1256,07/09/2024,57.0,desktop
8794,762,2024-02-01,117.0,tablet
8795,1256,2024-11-13,72.0,desktop
8796,1256,03/01/2024,81.0,tablet
8797,1256,05/17/2024,6.0,mobile
8798,1256,20-10-2024,12.0,desktop
8799,1256,01/24/2024,22.0,desktop
8800,833,21-09-2024,46.0,mobile
8801,1256,2024-12-08,25.0,mobile
8802,1256,2024-02-10,55.0,tablet
8803,833,11-10-2024,77.0,mobile
8804,1256,01/17/2024,35.0,tablet
8805,1256,06/08/2024,26.0,tablet
8806,1256,2024-11-20,,tablet
8807,1256,2024-05-31,,mobile
8808,833,04-09-2024,104.0,desktop
8809,1256,02/15/2024,101.0,mobile
8810,1256,06/25/2024,2.0,desktop
8811,1256,2024-02-13,95.0,desktop
8812,1256,04/15/2024,,desktop
8813,1256,02/08/2024,86.0,tablet
8814,1256,01/21/2025,49.0,tablet
8815,833,02/14/2024,87.0,desktop
8816,1256,2024-07-26,14.0,mobile
8817,1256,,61.0,tablet
8818,1256,2024-04-12,38.0,mobile
8819,1256,01/01/2025,5.0,mobile
8820,1256,2024-06-19,31.0,desktop
8821,833,05/30/2024,53.0,desktop
8822,1256,04/01/2024,59.0,tablet
8823,1256,2024-01-01,80.0,tablet
8824,1256,02/14/2024,103.0,mobile
8825,1256,07/22/2024,106.0,tablet
8826,762,20-07-2024,,tablet
8827,1256,06-08-2024,9.0,mobile
8828,1256,09/02/2024,96.0,
8829,1256,2024-02-20,110.0,mobile
8830,1256,06/07/2024,69.0,mobile
8831,1256,21-05-2024,57.0,desktop
8832,1256,20-05-2024,,desktop
8833,833,2024-06-10,53.0,
8834,833,13-01-2024,5.0,tablet
8835,1256,,90.0,tablet
8836,833,28-06-2024,30.0,tablet
8837,1256,09/23/2024,52.0,mobile
8838,1256,2024-07-12,82.0,desktop
8839,1256,03-11-2024,,desktop
8840,1256,01/09/2025,65.0,mobile
8841,1256,2025-02-03,45.0,desktop
8842,1256,2024-08-21,,mobile
8843,1256,02-06-2024,9.0,mobile
8844,1256,2024-02-23,9.0,desktop
8845,1256,02/02/2025,68.0,tablet
8846,1256,30-04-2024,60.0,desktop
8847,833,29-08-2024,20.0,desktop
8848,833,,,tablet
8849,1256,20-02-2024,,desktop
8850,1256,2024-11-27,85.0,mobile
8851,1256,2024-11-06,18.0,tablet
8852,833,2024-04-18,94.0,
8853,1256,2025-01-11,3.0,mobile
8854,1256,2024-07-19,98.0,
8855,1256,2024-04-22,105.0,desktop
8856,1256,08/07/2024,89.0,mobile
8857,833,2024-03-02,16.0,mobile
8858,1256,2024-11-07,52.0,desktop
8859,1256,20-10-2024,10.0,tablet
8860,1256,18-09-2024,119.0,desktop
8861,833,2024-04-18,74.0,desktop
8862,1256,2024-08-06,13.0,tablet
8863,833,23-01-2025,119.0,desktop
8864,1256,18-04-2024,10.0,mobile
8865,1256,05/17/2024,17.0,mobile
8866,1256,09-09-2024,115.0,desktop
8867,1256,08/18/2024,117.0,
8868,1256,01-01-2025,105.0,mobile
8869,1256,08-09-2024,46.0,mobile
8870,1256,02/18/2024,60.0,desktop
8871,833,2024-03-17,92.0,tablet
8872,833,12/26/2024,42.0,desktop
8873,1256,07-05-2024,,desktop
8874,1256,2024-04-15,16.0,mobile
8875,1256,05/06/2024,46.0,desktop
8876,1256,30-12-2024,14.0,mobile
8877,1256,2025-01-03,49.0,tablet
8878,1256,30-06-2024,108.0,mobile
8879,833,01/12/2024,113.0,tablet
8880,1256,2024-12-20,64.0,mobile
8881,1256,02/23/2024,12.0,mobile
8882,1256,12/06/2024,110.0,mobile
8883,833,07-08-2024,74.0,tablet
8884,1256,07-12-2024,70.0,desktop
8885,1256,09-02-2024,54.0,tablet
8886,1256,05/28/2024,60.0,tablet
8887,1256,2024-03-23,114.0,tablet
8888,1256,2024-07-11,102.0,desktop
8889,1256,2024-01-03,46.0,mobile
8890,1256,11/24/2024,62.0,tablet
8891,1256,22-12-2024,72.0,desktop
8892,833,2024-08-12,22.0,desktop
8893,1256,2025-01-01,89.0,mobile
8894,1256,2024-03-12,110.0,desktop
8895,833,2024-08-09,78.0,tablet
8896,1256,11-10-2024,25.0,mobile
8897,833,19-09-2024,9.0,tablet
8898,1256,06/23/2024,23.0,desktop
8899,1256,2024-06-24,28.0,tablet
8900,1256,02/02/2025,65.0,
8901,833,10/04/2024,36.0,mobile
8902,1256,2024-11-08,,mobile
8903,1256,08/26/2024,81.0,desktop
8904,1256,08/14/2024,50.0,mobile
8905,1256,05/19/2024,28.0,
8906,1256,06/25/2024,67.0,tablet
8907,1256,07-12-2024,78.0,desktop
8908,1256,12/19/2024,31.0,tablet
8909,1256,2024-06-28,15.0,mobile
8910,833,06-05-2024,,mobile
8911,1256,06/02/2024,59.0,mobile
8912,1256,2025-01-21,58.0,desktop
8913,1256,2024-07-10,23.0,tablet
8914,833,10/27/2024,38.0,desktop
8915,1256,03-01-2024,32.0,tablet
8916,1256,11/05/2024,113.0,mobile
8917,833,05/15/2024,39.0,tablet
8918,1256,2024-10-05,62.0,desktop
8919,1256,12/08/2024,33.0,desktop
8920,762,,,mobile
8921,1256,04/01/2024,74.0,tablet
8922,1256,2024-01-01,107.0,desktop
8923,1256,2024-03-29,77.0,mobile
8924,1256,,114.0,desktop
8925,1256,08/17/2024,30.0,tablet
8926,1256,12-05-2024,58.0,desktop
8927,762,10/07/2024,27.0,mobile
8928,1256,09/22/2024,49.0,mobile
8929,1256,03/07/2024,37.0,desktop
8930,1256,29-03-2024,36.0,mobile
8931,833,16-12-2024,69.0,mobile
8932,1256,06/14/2024,100.0,tablet
8933,1256,2025-01-07,106.0,desktop
8934,1256,2024-10-13,119.0,mobile
8935,1256,11-01-2024,81.0,desktop
8936,1256,2024-09-14,1.0,mobile
8937,833,2024-09-20,117.0,desktop
8938,1256,19-01-2024,1.0,tablet
8939,1256,2024-07-01,9.0,
8940,833,03-01-2024,79.0,tablet
8941,1256,10/30/2024,68.0,desktop
8942,1256,10-04-2024,79.0,tablet
8943,1256,05/12/2024,102.0,mobile
8944,1256,2024-04-18,,desktop
8945,1256,07-09-2024,26.0,mobile
8946,1256,2024-10-24,37.0,desktop
8947,833,2024-02-14,,
8948,1256,,21.0,desktop
8949,1256,2024-03-26,28.0,mobile
8950,1256,2024-10-14,22.0,mobile
8951,1256,25-08-2024,,
8952,1256,19-10-2024,81.0,tablet
8953,833,05/06/2024,95.0,tablet
8954,1256,19-12-2024,49.0,mobile
8955,1256,2024-04-18,52.0,desktop
8956,833,2024-01-18,70.0,tablet
8957,1256,03/28/2024,65.0,mobile
8958,833,03-01-2024,118.0,tablet
8959,1256,2024-11-24,38.0,mobile
8960,1256,,20.0,mobile
8961,4047,2024-09-30,,tablet
8962,1256,2024-06-26,45.0,mobile
8963,1256,10/04/2024,12.0,desktop
8964,1256,2024-07-14,112.0,desktop
8965,1256,14-10-2024,17.0,tablet
8966,833,2024-10-21,66.0,tablet
8967,1256,26-01-2024,66.0,mobile
8968,1256,2024-07-02,71.0,mobile
8969,1256,12-03-2024,110.0,mobile
8970,833,08/01/2024,5.0,tablet
8971,1256,12-01-2024,110.0,desktop
8972,1256,01/02/2025,94.0,tablet
8973,1256,28-05-2024,63.0,mobile
8974,1256,2024-02-26,60.0,desktop
8975,833,02/26/2024,16.0,desktop
8976,1256,2024-02-01,,mobile
8977,1256,13-09-2024,25.0,desktop
8978,1256,2024-08-29,64.0,tablet
8979,1256,10-11-2024,99.0,mobile
8980,1256,2025-02-01,96.0,tablet
8981,1256,03/15/2024,1.0,mobile
8982,1256,06-08-2024,63.0,
8983,1256,2024-12-19,96.0,mobile
8984,1256,27-04-2024,109.0,mobile
8985,1256,15-10-2024,43.0,desktop
8986,1256,03-10-2024,107.0,mobile
8987,833,2024-09-08,53.0,tablet
8988,833,2024-12-02,34.0,tablet
8989,1256,09-01-2025,49.0,mobile
8990,833,22-06-2024,111.0,mobile
8991,833,10/31/2024,89.0,desktop
8992,833,11-02-2024,50.0,
8993,1256,09-12-2024,36.0,mobile
8994,1256,01/23/2024,2.0,desktop
8995,1256,2024-11-03,37.0,desktop
8996,1256,26-12-2024,64.0,mobile
8997,1256,04/28/2024,62.0,mobile
8998,1256,2024-07-24,36.0,desktop
8999,1256,2024-11-15,15.0,mobile
9000,1256,2024-08-28,,
9001,1256,01/06/2024,74.0,tablet
9002,1256,02/14/2024,66.0,mobile
9003,1256,04-01-2025,40.0,mobile
9004,1256,08/10/2024,91.0,mobile
9005,1256,26-02-2024,19.0,mobile
9006,1256,2024-12-07,,mobile
9007,1256,01/29/2024,94.0,mobile
9008,1256,06/24/2024,88.0,tablet
9009,1256,2024-02-29,58.0,tablet
9010,1256,22-12-2024,69.0,mobile
9011,1256,11/13/2024,18.0,mobile
9012,1256,01-11-2024,9.0,tablet
9013,1256,2024-11-15,112.0,tablet
9014,1256,07/16/2024,13.0,mobile
9015,833,2024-06-20,32.0,mobile
9016,1256,04/29/2024,65.0,mobile
9017,1256,08/04/2024,96.0,tablet
9018,833,2024-05-22,94.0,tablet
9019,1256,08/18/2024,95.0,tablet
9020,1256,,95.0,mobile
9021,1256,01-01-2024,,tablet
9022,1256,2024-10-06,53.0,desktop
9023,833,2024-02-25,99.0,mobile
9024,1256,06-05-2024,38.0,desktop
9025,833,05/20/2024,,desktop
9026,1256,07/15/2024,24.0,tablet
9027,833,18-10-2024,50.0,mobile
9028,833,07-12-2024,87.0,mobile
9029,1256,02-12-2024,55.0,desktop
9030,1256,10/23/2024,105.0,tablet
9031,1256,12/05/2024,4.0,desktop
9032,1256,02/03/2024,64.0,mobile
9033,1256,06/26/2024,98.0,tablet
9034,833,24-07-2024,31.0,desktop
9035,1256,21-01-2024,,tablet
9036,1256,05/18/2024,89.0,desktop
9037,1256,11-05-2024,18.0,mobile
9038,1256,2024-04-14,59.0,mobile
9039,1256,25-05-2024,66.0,mobile
9040,1256,2024-09-25,,mobile
9041,1256,2024-02-05,95.0,
9042,1256,01-08-2024,64.0,tablet
9043,1256,09-11-2024,,tablet
9044,833,01-10-2024,23.0,mobile
9045,1256,2024-04-07,46.0,tablet
9046,1256,2024-10-28,12.0,tablet
9047,833,07/16/2024,99.0,tablet
9048,1256,,6.0,desktop
9049,833,2024-12-24,11.0,mobile
9050,1256,08/16/2024,87.0,desktop
9051,1256,,90.0,tablet
9052,833,21-10-2024,87.0,desktop
9053,1256,,78.0,desktop
9054,1256,2024-05-22,21.0,tablet
9055,762,01/31/2024,110.0,mobile
9056,1256,30-01-2024,81.0,mobile
9057,1256,11/15/2024,,tablet
9058,1256,01/10/2024,51.0,desktop
9059,1256,14-01-2024,,desktop
9060,1256,20-04-2024,117.0,mobile
9061,1256,10/23/2024,119.0,tablet
9062,1256,01-07-2024,29.0,desktop
9063,1256,2024-10-31,43.0,
9064,833,05-07-2024,,tablet
9065,1256,10-01-2025,10.0,desktop
9066,1256,2024-10-16,36.0,desktop
9067,1256,24-08-2024,90.0,mobile
9068,833,03/16/2024,35.0,desktop
9069,833,20-09-2024,28.0,desktop
9070,1256,28-08-2024,59.0,tablet
9071,1256,18-11-2024,41.0,desktop
9072,1256,11-07-2024,61.0,mobile
9073,1256,2024-05-02,102.0,tablet
9074,1256,11/02/2024,30.0,desktop
9075,1256,2024-04-21,27.0,tablet
9076,833,01-02-2025,10.0,desktop
9077,1256,01/13/2025,81.0,tablet
9078,1256,2025-01-02,82.0,desktop
9079,1256,28-09-2024,47.0,tablet
9080,1256,27-11-2024,14.0,mobile
9081,1256,14-11-2024,101.0,desktop
9082,1256,01/12/2025,69.0,mobile
9083,833,02/20/2024,89.0,mobile
9084,1256,2024-10-06,102.0,
9085,833,09/14/2024,76.0,tablet
9086,1256,05/14/2024,65.0,mobile
9087,1256,04-02-2025,89.0,tablet
9088,1256,2024-01-10,83.0,tablet
9089,1256,2024-12-03,95.0,desktop
9090,1256,25-06-2024,57.0,desktop
9091,1256,07/29/2024,58.0,mobile
9092,1256,04/04/2024,29.0,desktop
9093,1256,28-06-2024,119.0,desktop
9094,1256,13-08-2024,89.0,tablet
9095,1256,2024-06-29,50.0,tablet
9096,1256,02/02/2024,18.0,mobile
9097,1256,2024-11-11,81.0,tablet
9098,1256,04-02-2024,69.0,tablet
9099,1256,15-01-2024,11.0,desktop
9100,1256,01/11/2024,72.0,
9101,1256,11/26/2024,93.0,mobile
9102,833,10/19/2024,82.0,mobile
9103,1256,01/15/2025,72.0,desktop
9104,833,02/26/2024,,tablet
9105,1256,09-10-2024,51.0,tablet
9106,1256,01-02-2025,74.0,tablet
9107,1256,25-10-2024,39.0,mobile
9108,1256,07/25/2024,64.0,tablet
9109,1256,09/05/2024,23.0,desktop
9110,1256,11-05-2024,38.0,mobile
9111,833,2024-01-08,43.0,desktop
9112,1256,01/27/2025,26.0,tablet
9113,1256,10/30/2024,56.0,mobile
9114,833,,41.0,desktop
9115,1256,26-06-2024,54.0,desktop
9116,1256,03/08/2024,59.0,mobile
9117,1256,01/30/2024,120.0,tablet
9118,1256,04/29/2024,34.0,tablet
9119,1256,22-01-2024,52.0,
9120,1256,03-08-2024,5.0,mobile
9121,1256,22-02-2024,81.0,mobile
9122,833,03/15/2024,104.0,tablet
9123,1256,02/01/2025,115.0,tablet
9124,1256,15-04-2024,104.0,tablet
9125,1256,2024-07-02,34.0,desktop
9126,833,2024-01-01,48.0,tablet
9127,1256,11/18/2024,99.0,desktop
9128,1256,08/01/2024,98.0,
9129,1256,2024-02-04,94.0,desktop
9130,1256,2024-08-10,107.0,tablet
9131,1256,12/01/2024,,tablet
9132,1256,2024-08-19,106.0,tablet
9133,1256,2024-10-09,88.0,mobile
9134,1256,2024-11-26,37.0,desktop
9135,1256,2024-01-30,63.0,tablet
9136,1256,2024-12-16,118.0,mobile
9137,1256,01/05/2025,7.0,mobile
9138,1256,2024-06-07,,desktop
9139,1256,18-02-2024,97.0,mobile
9140,1256,01/02/2025,44.0,desktop
9141,833,2024-02-27,60.0,desktop
9142,1256,31-05-2024,25.0,mobile
9143,1256,06/14/2024,42.0,desktop
9144,1256,13-01-2025,33.0,tablet
9145,1256,2024-06-22,33.0,tablet
9146,1256,01-02-2025,75.0,mobile
9147,1256,2024-05-01,117.0,tablet
9148,1256,2024-10-15,61.0,desktop
9149,1256,17-03-2024,77.0,desktop
9150,833,10/27/2024,50.0,mobile
9151,1256,09/23/2024,120.0,tablet
9152,1256,07/12/2024,72.0,mobile
9153,1256,2024-11-09,1.0,desktop
9154,1256,2024-04-16,,desktop
9155,1256,10-08-2024,96.0,tablet
9156,1256,2024-09-19,84.0,mobile
9157,1256,18-02-2024,50.0,
9158,1256,12-02-2024,36.0,desktop
9159,1256,06/20/2024,52.0,mobile
9160,833,2024-12-10,64.0,tablet
9161,1256,01/20/2025,10.0,desktop
9162,1256,23-02-2024,92.0,tablet
9163,1256,2024-12-20,53.0,mobile
9164,1256,2024-11-29,32.0,mobile
9165,1256,2024-12-31,64.0,desktop
9166,1256,06/04/2024,15.0,mobile
9167,833,12/29/2024,55.0,tablet
9168,1256,08/30/2024,39.0,mobile
9169,1256,24-10-2024,115.0,mobile
9170,1256,2024-06-25,22.0,tablet
9171,833,2024-02-22,,mobile
9172,1256,2025-01-18,74.0,tablet
9173,1256,06/05/2024,87.0,desktop
9174,1256,02-09-2024,56.0,mobile
9175,1256,11/19/2024,,desktop
9176,833,25-06-2024,1.0,mobile
9177,1256,2024-03-29,8.0,tablet
9178,1256,2024-01-25,93.0,mobile
9179,1256,2024-04-01,99.0,mobile
9180,1256,2024-08-18,73.0,desktop
9181,833,07/16/2024,87.0,tablet
9182,1256,21-04-2024,53.0,mobile
9183,833,11-01-2025,98.0,mobile
9184,1256,13-02-2024,115.0,mobile
9185,1256,19-08-2024,,tablet
9186,1256,2024-02-03,44.0,desktop
9187,1256,09-03-2024,71.0,desktop
9188,1256,2025-01-20,109.0,mobile
9189,1256,11-11-2024,81.0,desktop
9190,1256,2025-01-06,112.0,
9191,1256,08/29/2024,6.0,desktop
9192,1256,2024-03-05,81.0,desktop
9193,1256,31-12-2024,35.0,desktop
9194,1256,2025-01-07,64.0,desktop
9195,1256,23-01-2025,73.0,desktop
9196,1256,2024-05-05,31.0,tablet
9197,833,21-01-2024,60.0,mobile
9198,1256,16-01-2024,33.0,desktop
9199,833,2024-07-19,119.0,tablet
9200,1256,2024-06-18,77.0,tablet
9201,1256,01/24/2024,15.0,tablet
9202,1256,07/17/2024,16.0,mobile
9203,1256,24-07-2024,105.0,desktop
9204,1256,2024-01-11,103.0,mobile
9205,1256,11/01/2024,69.0,desktop
9206,1256,17-12-2024,113.0,mobile
9207,833,23-08-2024,,mobile
9208,1256,27-04-2024,19.0,mobile
9209,1256,12-01-2025,5.0,desktop
9210,1256,,3.0,tablet
9211,1256,2024-04-19,105.0,desktop
9212,1256,27-09-2024,54.0,tablet
9213,1256,01/12/2024,93.0,tablet
9214,833,28-07-2024,8.0,tablet
9215,1256,12/29/2024,,desktop
9216,1256,08/30/2024,114.0,tablet
9217,833,19-04-2024,69.0,desktop
9218,833,2024-11-01,106.0,tablet
9219,1256,02/21/2024,56.0,desktop
9220,1256,2025-01-25,102.0,tablet
9221,1256,12/01/2024,96.0,desktop
9222,833,05/01/2024,84.0,mobile
9223,1256,24-10-2024,76.0,tablet
9224,1256,2024-02-03,33.0,mobile
9225,1256,07-01-2025,,mobile
9226,1256,26-08-2024,14.0,tablet
9227,1256,02-03-2024,60.0,tablet
9228,1256,2024-03-24,22.0,desktop
9229,1256,16-05-2024,93.0,mobile
9230,1256,10/20/2024,77.0,desktop
9231,1256,12/07/2024,71.0,mobile
9232,1256,09/25/2024,3.0,tablet
9233,1256,21-07-2024,2.0,mobile
9234,1256,01/11/2025,42.0,desktop
9235,1256,2024-06-17,44.0,tablet
9236,1256,2024-03-31,36.0,mobile
9237,1256,2024-08-25,84.0,tablet
9238,1256,2024-10-27,38.0,mobile
9239,1256,13-07-2024,44.0,desktop
9240,1256,2024-02-02,15.0,mobile
9241,1256,2024-10-23,59.0,desktop
9242,1256,2024-09-30,103.0,desktop
9243,1256,24-05-2024,1.0,desktop
9244,833,2025-01-27,,
9245,1256,11/03/2024,65.0,tablet
9246,833,06-07-2024,1.0,mobile
9247,1256,2024-11-22,31.0,tablet
9248,1256,05-01-2025,69.0,desktop
9249,1256,04/16/2024,37.0,tablet
9250,833,01/06/2024,111.0,mobile
9251,1256,13-08-2024,1.0,desktop
9252,1256,2024-04-21,107.0,tablet
9253,1256,12/12/2024,20.0,mobile
9254,1256,03-05-2024,26.0,desktop
9255,833,04/19/2024,2.0,tablet
9256,1256,2024-07-21,41.0,desktop
9257,1256,09/02/2024,40.0,tablet
9258,833,18-04-2024,22.0,tablet
9259,1256,2024-11-02,3.0,tablet
9260,1256,04-02-2025,23.0,desktop
9261,833,07-04-2024,96.0,desktop
9262,833,21-09-2024,17.0,tablet
9263,1256,12-02-2024,29.0,mobile
9264,1256,17-04-2024,3.0,tablet
9265,1256,2024-08-14,79.0,mobile
9266,1256,04-06-2024,5.0,mobile
9267,1256,06/13/2024,21.0,mobile
9268,1256,,81.0,desktop
9269,1256,2024-09-17,112.0,desktop
9270,1256,2024-12-16,91.0,mobile
9271,1256,03/09/2024,51.0,desktop
9272,1256,06/19/2024,93.0,tablet
9273,1256,11/20/2024,19.0,desktop
9274,1256,28-08-2024,11.0,desktop
9275,833,23-03-2024,3.0,mobile
9276,833,2025-01-01,12.0,desktop
9277,1256,2024-09-15,115.0,tablet
9278,1256,06/05/2024,62.0,tablet
9279,1256,07/28/2024,87.0,tablet
9280,1256,17-05-2024,109.0,
9281,833,2024-06-24,40.0,mobile
9282,1256,02/05/2024,9.0,desktop
9283,1256,2025-01-18,18.0,mobile
9284,1256,05/13/2024,65.0,tablet
9285,1256,2024-06-19,93.0,tablet
9286,1256,2024-12-01,92.0,mobile
9287,1256,11-11-2024,108.0,desktop
9288,1256,27-11-2024,26.0,desktop
9289,833,2024-02-21,95.0,
9290,833,01/28/2024,116.0,
9291,1256,2024-05-05,61.0,mobile
9292,1256,23-09-2024,11.0,mobile
9293,1256,13-01-2024,78.0,tablet
9294,833,2024-11-30,37.0,mobile
9295,1256,2024-01-21,,tablet
9296,1256,2024-06-07,33.0,tablet
9297,833,08/06/2024,93.0,tablet
9298,1256,10/30/2024,78.0,desktop
9299,1256,12/14/2024,25.0,tablet
9300,1256,13-04-2024,22.0,desktop
9301,833,2024-10-09,75.0,mobile
9302,1256,07/28/2024,46.0,desktop
9303,1256,2024-12-16,30.0,tablet
9304,1256,02-11-2024,3.0,desktop
9305,1256,04/23/2024,84.0,mobile
9306,1256,30-05-2024,19.0,desktop
9307,1256,04/04/2024,76.0,mobile
9308,833,11/02/2024,107.0,desktop
9309,1256,2025-01-09,35.0,tablet
9310,1256,04/21/2024,63.0,tablet
9311,1256,2024-04-06,30.0,tablet
9312,1256,2024-06-22,,mobile
9313,833,04/11/2024,101.0,
9314,1256,07/18/2024,4.0,desktop
9315,1256,2024-08-26,120.0,mobile
9316,1256,11/20/2024,118.0,mobile
9317,1256,06/01/2024,82.0,mobile
9318,1256,,67.0,tablet
9319,1256,17-05-2024,60.0,tablet
9320,1256,2024-03-02,71.0,desktop
9321,1256,05/13/2024,57.0,desktop
9322,1256,21-01-2025,16.0,mobile
9323,1256,01/10/2024,98.0,desktop
9324,1256,2024-04-26,62.0,mobile
9325,1256,11-01-2025,53.0,tablet
9326,1256,02-02-2025,108.0,desktop
9327,833,06/29/2024,63.0,desktop
9328,1256,,67.0,tablet
9329,1256,11/01/2024,3.0,desktop
9330,1256,01/08/2024,87.0,desktop
9331,1256,16-04-2024,1.0,desktop
9332,833,2024-08-24,79.0,desktop
9333,833,13-10-2024,7.0,tablet
9334,1256,23-10-2024,82.0,tablet
9335,1256,2024-10-23,4.0,desktop
9336,1256,29-09-2024,115.0,mobile
9337,1256,09-01-2025,96.0,tablet
9338,1256,17-07-2024,5.0,desktop
9339,1256,2024-01-08,21.0,tablet
9340,1256,19-11-2024,58.0,tablet
9341,833,28-01-2025,74.0,mobile
9342,833,06/25/2024,10.0,desktop
9343,1256,2025-01-10,99.0,tablet
9344,833,30-03-2024,20.0,desktop
9345,1256,2024-08-05,22.0,desktop
9346,833,2025-01-26,120.0,desktop
9347,833,29-04-2024,30.0,mobile
9348,833,23-08-2024,89.0,tablet
9349,1256,13-05-2024,75.0,mobile
9350,1256,2024-01-15,59.0,desktop
9351,1256,03-12-2024,8.0,mobile
9352,1256,2024-01-28,91.0,mobile
9353,1256,2024-05-30,71.0,tablet
9354,833,14-08-2024,18.0,mobile
9355,1256,26-04-2024,31.0,mobile
9356,1256,30-08-2024,17.0,tablet
9357,833,2024-02-12,58.0,desktop
9358,1256,09/17/2024,91.0,desktop
9359,1256,27-06-2024,103.0,mobile
9360,1256,,105.0,mobile
9361,1256,2024-05-15,97.0,tablet
9362,1256,31-05-2024,116.0,
9363,833,09/24/2024,114.0,tablet
9364,1256,2024-06-06,8.0,tablet
9365,1256,2024-09-12,,mobile
9366,833,14-12-2024,79.0,mobile
9367,1256,09/22/2024,100.0,desktop
9368,833,10/22/2024,82.0,mobile
9369,1256,02/09/2024,34.0,mobile
9370,1256,24-07-2024,57.0,mobile
9371,833,2024-03-23,117.0,tablet
9372,833,2024-11-26,55.0,desktop
9373,1256,28-01-2025,80.0,tablet
9374,1256,02/02/2024,,desktop
9375,1256,24-05-2024,117.0,tablet
9376,1256,,57.0,mobile
9377,1256,25-07-2024,68.0,tablet
9378,833,06-01-2024,68.0,desktop
9379,1256,10/24/2024,37.0,desktop
9380,1256,24-11-2024,51.0,mobile
9381,1256,02/22/2024,87.0,tablet
9382,1256,2024-10-22,34.0,tablet
9383,1256,09/13/2024,61.0,mobile
9384,1256,07/13/2024,,desktop
9385,1256,08/21/2024,70.0,desktop
9386,833,2024-06-21,7.0,mobile
9387,1256,05/23/2024,38.0,
9388,1256,01/25/2025,47.0,tablet
9389,1256,2024-08-02,73.0,desktop
9390,1256,02/21/2024,70.0,tablet
9391,1256,2024-07-22,112.0,tablet
9392,1256,2024-12-27,62.0,mobile
9393,1256,26-07-2024,117.0,desktop
9394,1256,2024-07-09,70.0,tablet
9395,1256,2024-09-10,38.0,desktop
9396,1256,09/09/2024,52.0,
9397,1256,03/24/2024,20.0,mobile
9398,1256,05/06/2024,117.0,tablet
9399,1256,2024-04-14,,desktop
9400,833,2024-01-06,62.0,mobile
9401,1256,2024-01-14,9.0,mobile
9402,833,12-10-2024,70.0,desktop
9403,833,03/01/2024,55.0,desktop
9404,1256,2025-01-30,61.0,mobile
9405,833,2024-01-28,,desktop
9406,1256,2024-03-07,100.0,tablet
9407,1256,11/27/2024,104.0,tablet
9408,1256,08/27/2024,4.0,mobile
9409,833,02/17/2024,,mobile
9410,1256,10/18/2024,110.0,tablet
9411,1256,10/28/2024,88.0,desktop
9412,1256,06-04-2024,99.0,tablet
9413,833,2025-01-13,67.0,desktop
9414,1256,13-06-2024,3.0,desktop
9415,1256,05/14/2024,41.0,
9416,1256,2024-09-17,108.0,desktop
9417,833,23-01-2024,102.0,tablet
9418,1256,21-09-2024,77.0,desktop
9419,1256,08/17/2024,22.0,desktop
9420,1256,28-07-2024,10.0,desktop
9421,1256,06/17/2024,104.0,tablet
9422,1256,07-06-2024,49.0,tablet
9423,1256,03/29/2024,17.0,tablet
9424,1256,25-02-2024,,mobile
9425,833,12/04/2024,46.0,tablet
9426,1256,11-08-2024,49.0,tablet
9427,1256,01/01/2024,101.0,tablet
9428,833,30-03-2024,34.0,mobile
9429,1256,2024-03-08,30.0,
9430,1256,03-01-2025,25.0,mobile
9431,1256,14-01-2024,105.0,desktop
9432,1256,2024-12-20,108.0,mobile
9433,1256,03-06-2024,72.0,desktop
9434,1256,28-04-2024,112.0,tablet
9435,1256,2024-07-03,41.0,tablet
9436,1256,18-10-2024,28.0,desktop
9437,1256,,29.0,mobile
9438,833,19-09-2024,114.0,desktop
9439,1256,18-07-2024,100.0,tablet
9440,1256,2024-09-13,86.0,tablet
9441,1256,10/12/2024,75.0,desktop
9442,1256,03/19/2024,36.0,tablet
9443,1256,02-08-2024,111.0,tablet
9444,1256,12-07-2024,100.0,
9445,833,01/02/2025,75.0,mobile
9446,1256,2024-05-31,81.0,desktop
9447,1256,12/13/2024,14.0,desktop
9448,1256,22-08-2024,71.0,desktop
9449,1256,05/26/2024,,tablet
9450,1256,2024-06-26,,mobile
9451,1256,20-11-2024,31.0,desktop
9452,1256,2024-11-22,36.0,mobile
9453,1256,2024-08-08,101.0,desktop
9454,1256,2025-01-29,69.0,mobile
9455,1256,2024-09-21,20.0,tablet
9456,1256,,65.0,tablet
9457,1256,08-01-2024,73.0,mobile
9458,1256,10/31/2024,69.0,mobile
9459,1256,03-08-2024,46.0,tablet
9460,1256,2024-10-09,41.0,tablet
9461,1256,08/04/2024,,desktop
9462,1256,2024-04-13,108.0,tablet
9463,1256,2024-03-17,99.0,
9464,1256,2024-03-02,98.0,desktop
9465,1256,02/22/2024,77.0,
9466,1256,04/14/2024,4.0,desktop
9467,833,2024-04-21,65.0,tablet
9468,1256,2024-03-17,116.0,tablet
9469,1256,2024-03-14,100.0,desktop
9470,1256,03/11/2024,105.0,mobile
9471,833,01/28/2025,77.0,desktop
9472,833,2024-09-21,23.0,tablet
9473,1256,25-11-2024,91.0,desktop
9474,1256,22-01-2025,89.0,tablet
9475,1256,10/31/2024,79.0,tablet
9476,1256,2024-12-08,12.0,desktop
9477,833,2024-03-25,1.0,mobile
9478,833,2024-04-08,110.0,tablet
9479,833,01/07/2025,39.0,desktop
9480,1256,2024-07-21,70.0,desktop
9481,1256,10/17/2024,38.0,mobile
9482,1256,17-09-2024,101.0,tablet
9483,1256,09/17/2024,89.0,mobile
9484,1256,2024-02-26,38.0,mobile
9485,1256,16-08-2024,80.0,mobile
9486,1256,2024-12-14,117.0,tablet
9487,1256,05/13/2024,111.0,tablet
9488,1256,06/03/2024,105.0,desktop
9489,833,03/20/2024,120.0,tablet
9490,1256,,63.0,mobile
9491,1256,15-05-2024,95.0,desktop
9492,1256,14-12-2024,63.0,desktop
9493,1256,09/09/2024,54.0,desktop
9494,1256,2024-03-25,55.0,mobile
9495,1256,10-11-2024,42.0,tablet
9496,1256,2024-04-12,67.0,mobile
9497,1256,09-05-2024,88.0,desktop
9498,1256,05-07-2024,74.0,tablet
9499,833,04/18/2024,82.0,mobile
9500,1256,2024-04-23,35.0,mobile
9501,1256,2025-01-19,57.0,
9502,1256,03-01-2024,,desktop
9503,1256,2024-05-06,116.0,tablet
9504,1256,08/20/2024,76.0,desktop
9505,833,10-08-2024,81.0,mobile
9506,1256,09/04/2024,72.0,tablet
9507,1256,01-07-2024,32.0,tablet
9508,833,2024-09-06,30.0,mobile
9509,1256,01/11/2025,20.0,mobile
9510,1256,2024-04-29,63.0,tablet
9511,1256,23-04-2024,7.0,desktop
9512,1256,27-01-2025,94.0,mobile
9513,1256,2024-04-04,62.0,tablet
9514,1256,18-01-2025,79.0,desktop
9515,1256,29-05-2024,113.0,mobile
9516,1256,11-08-2024,118.0,tablet
9517,833,12/13/2024,48.0,mobile
9518,1256,23-02-2024,6.0,tablet
9519,833,13-01-2025,15.0,tablet
9520,1256,15-01-2025,96.0,
9521,1256,24-08-2024,47.0,mobile
9522,1256,03/20/2024,93.0,mobile
9523,1256,21-10-2024,26.0,desktop
9524,1256,03/22/2024,26.0,mobile
9525,1256,01/21/2025,64.0,tablet
9526,1256,02/29/2024,32.0,tablet
9527,833,2024-08-16,110.0,desktop
9528,1256,31-08-2024,105.0,tablet
9529,1256,2024-01-12,35.0,mobile
9530,1256,13-06-2024,57.0,tablet
9531,833,12/21/2024,84.0,tablet
9532,833,05/30/2024,,desktop
9533,1256,2024-02-27,39.0,mobile
9534,1256,20-08-2024,112.0,tablet
9535,1256,06/01/2024,27.0,tablet
9536,833,06-11-2024,81.0,tablet
9537,1256,22-01-2024,97.0,tablet
9538,1256,04-03-2024,2.0,mobile
9539,1256,11/17/2024,,mobile
9540,1256,13-01-2025,91.0,mobile
9541,833,2024-04-30,93.0,desktop
9542,1256,26-05-2024,39.0,tablet
9543,1256,22-04-2024,37.0,desktop
9544,1256,2024-01-01,37.0,mobile
9545,1256,04/24/2024,7.0,tablet
9546,1256,09/30/2024,,tablet
9547,1256,03/02/2024,,desktop
9548,1256,2024-12-16,106.0,tablet
9549,1256,10-04-2024,54.0,tablet
9550,1256,2024-01-29,105.0,desktop
9551,1256,2024-01-06,113.0,tablet
9552,1256,2024-05-17,,desktop
9553,1256,05/07/2024,74.0,mobile
9554,1256,2024-02-25,34.0,mobile
9555,1256,10/19/2024,114.0,tablet
9556,1256,01/15/2024,,desktop
9557,1256,20-09-2024,17.0,mobile
9558,1256,10-01-2025,21.0,desktop
9559,833,11-11-2024,40.0,desktop
9560,1256,05-07-2024,,mobile
9561,1256,10/16/2024,13.0,desktop
9562,1256,2024-12-21,,mobile
9563,1256,03/09/2024,49.0,tablet
9564,1256,14-11-2024,20.0,desktop
9565,1256,2024-09-24,86.0,tablet
9566,1256,24-12-2024,43.0,desktop
9567,1256,10/03/2024,84.0,mobile
9568,1256,2024-10-22,47.0,mobile
9569,833,2024-08-02,85.0,mobile
9570,833,08/07/2024,68.0,mobile
9571,1256,2024-04-10,38.0,mobile
9572,1256,2024-10-04,94.0,desktop
9573,1256,2024-10-23,56.0,tablet
9574,1256,01/21/2025,116.0,mobile
9575,1256,2024-09-02,31.0,mobile
9576,1256,13-07-2024,19.0,desktop
9577,1256,02-10-2024,112.0,mobile
9578,1256,05/11/2024,25.0,desktop
9579,1256,2024-10-27,28.0,tablet
9580,1256,2024-06-28,112.0,desktop
9581,1256,06/24/2024,21.0,mobile
9582,1256,2024-08-13,21.0,desktop
9583,1256,2024-08-23,97.0,desktop
9584,1256,,31.0,mobile
9585,1256,15-09-2024,98.0,desktop
9586,1256,2024-09-10,15.0,desktop
9587,1256,2024-06-03,80.0,tablet
9588,1256,2024-01-09,53.0,
9589,1256,01/09/2025,57.0,desktop
9590,1256,04/02/2024,,mobile
9591,833,2024-07-09,22.0,mobile
9592,833,2024-06-25,51.0,desktop
9593,833,08-01-2025,43.0,mobile
9594,1256,2024-02-05,75.0,desktop
9595,833,04/23/2024,106.0,desktop
9596,833,07/16/2024,91.0,tablet
9597,1256,29-04-2024,50.0,desktop
9598,1256,08/24/2024,102.0,
9599,1256,10/25/2024,13.0,
9600,833,08/13/2024,118.0,desktop
9601,1256,19-10-2024,16.0,tablet
9602,1256,2024-07-27,81.0,tablet
9603,1256,12/25/2024,19.0,desktop
9604,1256,01/09/2025,71.0,tablet
9605,1256,08/13/2024,39.0,tablet
9606,1256,2025-01-19,54.0,desktop
9607,1256,2024-10-02,99.0,mobile
9608,1256,27-11-2024,113.0,tablet
9609,833,04-02-2025,43.0,mobile
9610,833,2024-09-07,81.0,tablet
9611,1256,05/28/2024,32.0,mobile
9612,1256,2024-11-10,97.0,tablet
9613,1256,01/25/2025,102.0,mobile
9614,1256,04/08/2024,118.0,tablet
9615,1256,2024-06-15,23.0,tablet
9616,833,2024-11-01,38.0,tablet
9617,1256,2024-10-05,2.0,desktop
9618,1256,2024-01-07,97.0,desktop
9619,1256,12/25/2024,49.0,mobile
9620,1256,29-02-2024,54.0,mobile
9621,833,21-03-2024,83.0,tablet
9622,1256,01-09-2024,79.0,desktop
9623,833,27-10-2024,110.0,desktop
9624,1256,2025-01-16,20.0,mobile
9625,833,2024-04-03,69.0,mobile
9626,833,10-01-2025,39.0,mobile
9627,1256,2024-04-11,17.0,desktop
9628,1256,2024-03-17,24.0,
9629,1256,12-05-2024,107.0,tablet
9630,1256,07/08/2024,33.0,tablet
9631,1256,28-06-2024,21.0,desktop
9632,1256,01/28/2025,60.0,tablet
9633,1256,03/23/2024,116.0,desktop
9634,1256,10-09-2024,41.0,desktop
9635,1256,03/30/2024,27.0,tablet
9636,1256,12-08-2024,45.0,tablet
9637,1256,2024-08-23,67.0,desktop
9638,1256,01/13/2024,114.0,mobile
9639,1256,10/12/2024,109.0,mobile
9640,1256,29-01-2025,24.0,mobile
9641,1256,2024-03-05,48.0,tablet
9642,1256,2024-07-11,37.0,tablet
9643,833,07-08-2024,43.0,tablet
9644,1256,2024-03-25,64.0,mobile
9645,1256,13-02-2024,79.0,mobile
9646,1256,03-01-2025,,tablet
9647,833,2024-04-14,,desktop
9648,1256,09/22/2024,94.0,tablet
9649,1256,2024-11-03,53.0,mobile
9650,1256,2024-02-09,8.0,tablet
9651,833,03/23/2024,104.0,tablet
9652,833,31-12-2024,3.0,tablet
9653,1256,08/10/2024,3.0,mobile
9654,833,03/29/2024,47.0,mobile
9655,1256,12/29/2024,48.0,tablet
9656,1256,2025-01-11,53.0,tablet
9657,1256,04/08/2024,50.0,mobile
9658,1256,30-01-2025,52.0,mobile
9659,833,2024-05-28,23.0,mobile
9660,1256,03-04-2024,71.0,tablet
9661,833,09/13/2024,30.0,mobile
9662,833,,90.0,tablet
9663,833,03/26/2024,119.0,tablet
9664,1256,2024-03-08,,tablet
9665,1256,2024-05-05,79.0,tablet
9666,833,05-02-2024,1.0,mobile
9667,1256,25-01-2025,96.0,desktop
9668,1256,05/29/2024,61.0,
9669,762,22-07-2024,7.0,tablet
9670,1256,12/04/2024,57.0,mobile
9671,833,2024-01-14,102.0,desktop
9672,1256,2024-09-07,104.0,desktop
9673,1256,2024-05-16,39.0,mobile
9674,833,04/20/2024,63.0,desktop
9675,1256,04/19/2024,15.0,tablet
9676,1256,15-12-2024,30.0,mobile
9677,1256,12-05-2024,1.0,mobile
9678,1256,12-01-2025,56.0,tablet
9679,1256,31-10-2024,67.0,desktop
9680,1256,15-10-2024,14.0,desktop
9681,1256,21-02-2024,113.0,mobile
9682,1256,2024-06-16,1.0,mobile
9683,1256,02-01-2024,83.0,tablet
9684,833,19-05-2024,28.0,desktop
9685,1256,2024-06-28,65.0,tablet
9686,1256,2024-06-21,64.0,desktop
9687,1256,2024-05-14,25.0,mobile
9688,1256,25-07-2024,114.0,desktop
9689,1256,12/15/2024,85.0,mobile
9690,833,2024-10-24,89.0,tablet
9691,1256,2024-01-28,33.0,desktop
9692,1256,08/24/2024,48.0,desktop
9693,833,10/07/2024,32.0,tablet
9694,1256,07-11-2024,57.0,tablet
9695,1256,03/12/2024,89.0,tablet
9696,1256,08-01-2025,41.0,tablet
9697,833,2024-01-25,52.0,desktop
9698,1256,21-06-2024,23.0,mobile
9699,1256,2025-01-02,105.0,tablet
9700,1256,2025-01-26,43.0,tablet
9701,1256,03/27/2024,8.0,tablet
9702,1256,26-05-2024,8.0,tablet
9703,1256,07/06/2024,77.0,mobile
9704,1256,06-05-2024,35.0,desktop
9705,833,,16.0,mobile
9706,833,2024-10-06,23.0,desktop
9707,1256,02/04/2025,,desktop
9708,1256,2024-08-13,38.0,mobile
9709,1256,07/11/2024,95.0,mobile
9710,1256,2024-09-23,12.0,mobile
9711,833,08/15/2024,106.0,tablet
9712,833,2024-07-27,73.0,mobile
9713,762,07/24/2024,52.0,desktop
9714,833,01/21/2025,,tablet
9715,1256,2024-06-02,5.0,tablet
9716,1256,2024-10-23,60.0,mobile
9717,1256,26-08-2024,11.0,
9718,1256,12-11-2024,65.0,desktop
9719,1256,07/18/2024,24.0,tablet
9720,1256,04/21/2024,113.0,mobile
9721,1256,20-11-2024,4.0,mobile
9722,833,06/04/2024,104.0,tablet
9723,1256,,24.0,desktop
9724,1256,2024-10-31,31.0,mobile
9725,1256,11/09/2024,2.0,desktop
9726,1256,10-01-2024,15.0,
9727,1256,17-01-2025,33.0,tablet
9728,1256,2024-06-02,14.0,mobile
9729,1256,18-05-2024,112.0,mobile
9730,1256,05-03-2024,97.0,tablet
9731,1256,16-06-2024,117.0,mobile
9732,1256,2024-12-29,84.0,desktop
9733,1256,2024-10-30,24.0,desktop
9734,833,2024-02-02,37.0,tablet
9735,1256,01/30/2025,21.0,mobile
9736,1256,18-09-2024,,tablet
9737,833,31-07-2024,90.0,mobile
9738,833,03-10-2024,,tablet
9739,1256,10/02/2024,93.0,tablet
9740,1256,01/18/2024,92.0,desktop
9741,1256,,66.0,tablet
9742,1256,2024-05-14,88.0,desktop
9743,1256,2024-12-23,48.0,mobile
9744,1256,2024-11-06,57.0,tablet
9745,1256,03/23/2024,100.0,mobile
9746,1256,2024-02-03,64.0,
9747,1256,05/14/2024,34.0,mobile
9748,1256,2024-11-26,81.0,desktop
9749,1256,05/08/2024,112.0,tablet
9750,1256,2024-07-22,77.0,tablet
9751,1256,08/03/2024,117.0,mobile
9752,1256,01-10-2024,92.0,tablet
9753,1256,09/06/2024,119.0,mobile
9754,1256,09/15/2024,93.0,mobile
9755,833,30-08-2024,96.0,mobile
9756,1256,01-09-2024,95.0,
9757,1256,02/11/2024,95.0,tablet
9758,833,20-09-2024,89.0,desktop
9759,1256,07/26/2024,75.0,
9760,1256,21-10-2024,92.0,desktop
9761,1256,16-09-2024,111.0,desktop
9762,1256,11/25/2024,52.0,tablet
9763,1256,2024-04-09,1.0,mobile
9764,1256,11/23/2024,119.0,tablet
9765,1256,01/26/2025,68.0,mobile
9766,1256,08/24/2024,,desktop
9767,1256,12/15/2024,36.0,mobile
9768,1256,,51.0,tablet
9769,1256,29-01-2025,24.0,tablet
9770,1256,01/12/2025,67.0,desktop
9771,1256,16-09-2024,71.0,tablet
9772,833,10/03/2024,56.0,mobile
9773,1256,25-05-2024,4.0,mobile
9774,1256,03/26/2024,79.0,desktop
9775,833,2024-06-06,,mobile
9776,1256,06-02-2024,80.0,tablet
9777,1256,08/06/2024,,mobile
9778,1256,2024-08-20,47.0,mobile
9779,1256,11/24/2024,36.0,desktop
9780,1256,2024-07-15,99.0,mobile
9781,1256,22-01-2025,53.0,desktop
9782,1256,11-02-2024,83.0,desktop
9783,1256,2024-07-07,45.0,tablet
9784,1256,2024-10-27,41.0,mobile
9785,833,,44.0,tablet
9786,1256,05/10/2024,51.0,mobile
9787,833,02/22/2024,26.0,tablet
9788,1256,01/29/2025,,mobile
9789,1256,2024-07-28,2.0,mobile
9790,1256,12/17/2024,43.0,desktop
9791,1256,2024-10-15,60.0,desktop
9792,1256,05/02/2024,111.0,desktop
9793,1256,21-12-2024,54.0,tablet
9794,1256,2024-09-23,60.0,tablet
9795,1256,2024-04-25,16.0,mobile
9796,1256,14-05-2024,92.0,tablet
9797,1256,03/20/2024,40.0,desktop
9798,833,09/18/2024,34.0,tablet
9799,833,2024-12-17,3.0,desktop
9800,1256,2024-11-18,51.0,desktop
9801,1256,07/20/2024,41.0,tablet
9802,1256,04/16/2024,10.0,tablet
9803,1256,17-08-2024,,tablet
9804,1256,18-01-2024,23.0,mobile
9805,1256,,7.0,tablet
9806,1256,2024-10-01,59.0,tablet
9807,1256,,45.0,mobile
9808,1256,,78.0,desktop
9809,1256,01/17/2025,23.0,desktop
9810,833,02/16/2024,117.0,
9811,1256,17-09-2024,82.0,tablet
9812,1256,07/26/2024,26.0,tablet
9813,1256,15-11-2024,1.0,tablet
9814,1256,02/05/2024,27.0,tablet
9815,1256,03/14/2024,106.0,tablet
9816,1256,02/02/2025,87.0,tablet
9817,833,16-03-2024,47.0,desktop
9818,1256,2024-05-31,51.0,mobile
9819,1256,2025-01-23,51.0,mobile
9820,1256,2024-10-20,77.0,desktop
9821,1256,04/13/2024,46.0,desktop
9822,1256,16-06-2024,50.0,mobile
9823,1256,03/21/2024,53.0,desktop
9824,1256,10/30/2024,51.0,desktop
9825,1256,01/16/2025,115.0,desktop
9826,1256,2024-07-11,73.0,desktop
9827,1256,2024-11-06,45.0,desktop
9828,1256,2024-01-13,65.0,mobile
9829,1256,01/25/2024,85.0,mobile
9830,1256,2024-01-23,,desktop
9831,1256,01/21/2025,93.0,tablet
9832,1256,11-01-2024,22.0,desktop
9833,1256,10/13/2024,16.0,mobile
9834,762,02/29/2024,11.0,mobile
9835,1256,01/05/2024,30.0,mobile
9836,1256,2024-04-13,76.0,desktop
9837,833,2024-04-14,23.0,tablet
9838,1256,12-06-2024,7.0,desktop
9839,1256,11/02/2024,114.0,tablet
9840,1256,02/22/2024,34.0,desktop
9841,1256,2024-11-22,,mobile
9842,1256,2024-11-22,71.0,desktop
9843,1256,02/23/2024,114.0,desktop
9844,1256,23-05-2024,10.0,desktop
9845,1256,28-07-2024,62.0,desktop
9846,1256,16-12-2024,105.0,tablet
9847,1256,07-04-2024,46.0,mobile
9848,1256,2024-12-11,105.0,tablet
9849,833,03/07/2024,97.0,tablet
9850,1256,2024-01-17,56.0,desktop
9851,1256,28-05-2024,83.0,tablet
9852,1256,02/02/2025,100.0,tablet
9853,1256,07/03/2024,5.0,desktop
9854,1256,01-12-2024,41.0,desktop
9855,833,2024-02-04,55.0,desktop
9856,1256,03-11-2024,2.0,tablet
9857,1256,02/11/2024,29.0,mobile
9858,1256,30-10-2024,12.0,tablet
9859,1256,03/07/2024,116.0,tablet
9860,1256,21-06-2024,83.0,tablet
9861,1256,2024-01-04,48.0,tablet
9862,1256,07/17/2024,76.0,desktop
9863,1256,01/08/2025,16.0,
9864,1256,11/15/2024,94.0,tablet
9865,1256,03-07-2024,34.0,tablet
9866,1256,2024-10-17,34.0,tablet
9867,762,2024-03-16,,tablet
9868,1256,,22.0,mobile
9869,1256,2025-01-24,120.0,mobile
9870,833,12/07/2024,,desktop
9871,1256,,32.0,
9872,1256,06-05-2024,85.0,mobile
9873,833,01/12/2024,,desktop
9874,1256,2024-02-04,62.0,desktop
9875,1256,2024-02-20,54.0,desktop
9876,1256,27-07-2024,22.0,desktop
9877,833,08/29/2024,,mobile
9878,1256,2024-01-21,23.0,desktop
9879,1256,10/09/2024,26.0,mobile
9880,833,03/30/2024,81.0,desktop
9881,1256,18-06-2024,60.0,desktop
9882,1256,26-12-2024,100.0,desktop
9883,1256,2024-03-13,102.0,tablet
9884,1256,29-01-2024,4.0,desktop
9885,1256,05/16/2024,75.0,desktop
9886,1256,2024-08-23,93.0,desktop
9887,833,,82.0,tablet
9888,1256,07/14/2024,26.0,tablet
9889,833,2025-01-09,110.0,mobile
9890,1256,23-12-2024,58.0,tablet
9891,1256,2024-10-20,26.0,mobile
9892,762,01/05/2024,106.0,desktop
9893,1256,21-09-2024,89.0,mobile
9894,1256,2025-01-01,25.0,tablet
9895,833,25-09-2024,117.0,mobile
9896,1256,14-10-2024,59.0,mobile
9897,833,07-12-2024,27.0,tablet
9898,833,02/12/2024,80.0,desktop
9899,1256,2024-11-21,45.0,mobile
9900,833,08/25/2024,97.0,mobile
9901,1256,,48.0,mobile
9902,833,10-04-2024,56.0,mobile
9903,833,,108.0,tablet
9904,1256,2024-07-19,1.0,mobile
9905,1256,2024-05-07,6.0,mobile
9906,1256,19-04-2024,60.0,mobile
9907,1256,01/08/2025,78.0,mobile
9908,833,2024-04-29,21.0,desktop
9909,833,2024-07-21,30.0,desktop
9910,1256,2024-06-21,60.0,tablet
9911,1256,04/16/2024,113.0,tablet
9912,762,2024-08-21,90.0,desktop
9913,1256,14-12-2024,44.0,tablet
9914,1256,2024-04-28,33.0,desktop
9915,1256,07/29/2024,58.0,tablet
9916,1256,2024-07-05,27.0,tablet
9917,1256,29-01-2024,118.0,desktop
9918,1256,01/13/2025,45.0,desktop
9919,833,13-02-2024,39.0,mobile
9920,1256,2024-03-25,,desktop
9921,1256,2024-09-10,34.0,mobile
9922,833,02-03-2024,66.0,tablet
9923,1256,05/21/2024,15.0,desktop
9924,1256,01/19/2024,66.0,tablet
9925,1256,25-10-2024,117.0,mobile
9926,833,24-10-2024,19.0,mobile
9927,1256,05/03/2024,74.0,
9928,1256,10/23/2024,72.0,tablet
9929,1256,29-01-2024,37.0,mobile
9930,833,09/03/2024,59.0,mobile
9931,1256,07-12-2024,2.0,tablet
9932,1256,16-06-2024,76.0,mobile
9933,1256,2024-03-20,107.0,tablet
9934,1256,08/25/2024,42.0,tablet
9935,833,06/29/2024,116.0,
9936,1256,12/20/2024,39.0,desktop
9937,1256,05/30/2024,98.0,mobile
9938,1256,2024-10-24,91.0,tablet
9939,1256,2024-06-23,51.0,desktop
9940,1256,2024-04-17,80.0,desktop
9941,762,07-03-2024,31.0,mobile
9942,762,08/13/2024,62.0,mobile
9943,1256,2024-03-11,16.0,desktop
9944,1256,2024-03-29,30.0,
9945,833,30-01-2024,,tablet
9946,1256,2024-06-30,21.0,mobile
9947,1256,02/22/2024,53.0,mobile
9948,1256,2024-08-18,113.0,tablet
9949,1256,02-04-2024,28.0,tablet
9950,1256,,99.0,desktop
9951,833,23-04-2024,74.0,mobile
9952,1256,09/12/2024,55.0,desktop
9953,1256,2024-03-02,6.0,tablet
9954,1256,28-05-2024,,mobile
9955,1256,15-07-2024,66.0,mobile
9956,1256,2024-07-11,86.0,mobile
9957,1256,02/04/2024,95.0,desktop
9958,1256,2024-06-28,78.0,mobile
9959,1256,2024-08-27,111.0,tablet
9960,833,09/04/2024,32.0,desktop
9961,1256,2024-04-21,4.0,tablet
9962,1256,01/02/2025,116.0,desktop
9963,1256,10/01/2024,1.0,tablet
9964,1256,08/20/2024,51.0,tablet
9965,1256,02-06-2024,36.0,desktop
9966,1256,14-11-2024,,mobile
9967,833,25-06-2024,40.0,tablet
9968,1256,10-10-2024,119.0,mobile
9969,1256,2024-11-21,95.0,
9970,1256,12/30/2024,66.0,mobile
9971,1256,13-06-2024,57.0,mobile
9972,1256,17-05-2024,100.0,mobile
9973,1256,21-12-2024,113.0,mobile
9974,762,05-03-2024,73.0,mobile
9975,1256,2024-12-29,69.0,mobile
9976,1256,08/27/2024,10.0,mobile
9977,1256,01/11/2024,28.0,mobile
9978,1256,06/11/2024,57.0,mobile
9979,1256,01/01/2025,108.0,tablet
9980,1256,06/29/2024,46.0,mobile
9981,1256,01/23/2024,87.0,
9982,833,31-10-2024,5.0,mobile
9983,1256,14-10-2024,21.0,tablet
9984,1256,21-01-2025,104.0,tablet
9985,1256,2024-02-23,50.0,mobile
9986,1256,27-09-2024,3.0,desktop
9987,1256,,80.0,mobile
9988,1256,10-01-2025,88.0,mobile
9989,1256,05-03-2024,106.0,tablet
9990,1256,2024-01-05,,tablet
9991,833,31-07-2024,107.0,desktop
9992,1256,02/29/2024,87.0,tablet
9993,833,27-03-2024,38.0,tablet
9994,1256,2024-04-05,111.0,mobile
9995,833,10-07-2024,70.0,tablet
9996,1256,2024-02-05,120.0,tablet
9997,1256,01/28/2025,118.0,tablet
9998,1256,01/06/2024,76.0,desktop
9999,1256,2024-06-19,65.0,tablet
10000,833,2024-10-09,,desktop
10001,1256,2025-02-01,47.0,desktop
10002,833,01-06-2024,19.0,mobile
10003,1256,24-10-2024,,desktop
10004,1256,,9.0,tablet
10005,1256,2024-05-06,39.0,tablet
10006,1256,2024-02-23,73.0,mobile
10007,1256,12/22/2024,66.0,tablet
10008,833,03/05/2024,111.0,mobile
10009,1256,06-07-2024,73.0,mobile
10010,1256,2024-03-02,2.0,desktop
10011,1256,2024-01-19,39.0,desktop
10012,833,17-09-2024,118.0,desktop
10013,1256,2024-11-21,47.0,mobile
10014,1256,12/30/2024,64.0,tablet
10015,1256,2024-04-14,34.0,mobile
10016,1256,2025-01-31,2.0,tablet
10017,1256,26-11-2024,33.0,desktop
10018,833,2024-07-21,43.0,mobile
10019,1256,2024-02-04,63.0,tablet
10020,1256,16-07-2024,101.0,desktop
10021,1256,09-01-2024,8.0,tablet
10022,1256,10/02/2024,61.0,desktop
10023,833,04/17/2024,107.0,tablet
10024,1256,,31.0,mobile
10025,1256,05/31/2024,50.0,tablet
10026,1256,25-02-2024,45.0,
10027,833,2024-02-18,107.0,tablet
10028,1256,2024-08-14,19.0,desktop
10029,1256,22-10-2024,25.0,desktop
10030,1256,2024-05-11,51.0,mobile
10031,1256,2024-11-29,32.0,desktop
10032,1256,22-05-2024,104.0,tablet
10033,1256,,72.0,mobile
10034,1256,07/29/2024,95.0,mobile
10035,1256,2024-09-04,45.0,tablet
10036,1256,12/15/2024,6.0,desktop
10037,1256,18-11-2024,5.0,tablet
10038,1256,28-07-2024,9.0,tablet
10039,1256,2024-04-07,111.0,desktop
10040,833,2024-06-19,74.0,mobile
10041,1256,24-05-2024,58.0,desktop
10042,1256,02/02/2025,36.0,mobile
10043,1256,2025-02-03,57.0,tablet
10044,1256,13-08-2024,55.0,desktop
10045,1256,01/08/2025,12.0,mobile
10046,1256,09/22/2024,91.0,tablet
10047,1256,2024-06-03,71.0,mobile
10048,1256,03/23/2024,27.0,desktop
10049,1256,12-07-2024,85.0,desktop
10050,1256,,105.0,desktop
10051,1256,01/28/2024,1.0,desktop
10052,1256,2024-09-05,33.0,mobile
10053,1256,17-08-2024,63.0,desktop
10054,1256,07-01-2025,25.0,mobile
10055,1256,05/10/2024,40.0,desktop
10056,833,03-03-2024,2.0,mobile
10057,1256,01/20/2024,11.0,mobile
10058,833,01-06-2024,61.0,mobile
10059,833,2025-01-10,14.0,desktop
10060,1256,2024-10-12,,tablet
10061,1256,,25.0,mobile
10062,833,05/21/2024,113.0,mobile
10063,1256,01/06/2025,59.0,desktop
10064,833,15-12-2024,70.0,desktop
10065,1256,03/26/2024,66.0,mobile
10066,1256,01/07/2025,101.0,tablet
10067,833,2024-04-04,65.0,mobile
10068,833,05/02/2024,48.0,tablet
10069,1256,12-05-2024,13.0,desktop
10070,1256,03/05/2024,93.0,desktop
10071,1256,02-08-2024,93.0,tablet
10072,1256,17-09-2024,78.0,
10073,1256,2024-04-09,67.0,mobile
10074,1256,2024-06-19,63.0,mobile
10075,1256,2024-04-04,,tablet
10076,1256,08/16/2024,76.0,mobile
10077,1256,23-11-2024,52.0,mobile
10078,833,,38.0,tablet
10079,1256,05/10/2024,35.0,desktop
10080,1256,04/22/2024,37.0,mobile
10081,1256,22-06-2024,56.0,desktop
10082,1256,17-12-2024,77.0,tablet
10083,833,2024-06-20,100.0,tablet
10084,1256,12-02-2024,32.0,desktop
10085,1256,2024-12-07,52.0,mobile
10086,1256,2024-01-24,47.0,mobile
10087,1256,07-01-2024,89.0,mobile
10088,1256,12/04/2024,,mobile
10089,1256,2024-01-25,58.0,tablet
10090,1256,10/06/2024,115.0,mobile
10091,1256,10/10/2024,16.0,desktop
10092,1256,2025-01-28,24.0,desktop
10093,1256,2024-01-17,114.0,mobile
10094,1256,09-06-2024,49.0,desktop
10095,833,02-05-2024,120.0,tablet
10096,1256,07/12/2024,65.0,mobile
10097,1256,2024-11-23,72.0,tablet
10098,1256,22-06-2024,111.0,desktop
10099,1256,11/14/2024,113.0,desktop
10100,1256,06-11-2024,103.0,desktop
10101,1256,12/21/2024,57.0,tablet
10102,1256,2024-02-28,42.0,mobile
10103,1256,06/07/2024,43.0,desktop
10104,833,01/06/2025,5.0,tablet
10105,833,23-03-2024,,tablet
10106,1256,2024-09-11,81.0,desktop
10107,1256,10-06-2024,101.0,desktop
10108,1256,20-03-2024,6.0,
10109,1256,14-09-2024,9.0,tablet
10110,1256,12/02/2024,88.0,desktop
10111,1256,08/02/2024,15.0,desktop
10112,1256,2024-06-02,41.0,mobile
10113,833,18-01-2024,55.0,mobile
10114,1256,06/22/2024,,mobile
10115,1256,13-07-2024,27.0,mobile
10116,833,11/06/2024,40.0,desktop
10117,1256,01/22/2025,47.0,desktop
10118,1256,12-05-2024,25.0,mobile
10119,1256,06-02-2024,13.0,tablet
10120,1256,2024-05-13,104.0,desktop
10121,1256,08/07/2024,,mobile
10122,833,09/09/2024,104.0,tablet
10123,1256,04/02/2024,55.0,tablet
10124,833,23-11-2024,73.0,desktop
10125,1256,2024-11-01,11.0,mobile
10126,1256,04/25/2024,92.0,desktop
10127,1256,2024-09-19,98.0,mobile
10128,1256,07/06/2024,107.0,tablet
10129,1256,2024-10-16,47.0,desktop
10130,1256,07-12-2024,6.0,desktop
10131,1256,2024-06-18,32.0,tablet
10132,1256,2024-09-29,8.0,mobile
10133,1256,2024-04-19,78.0,mobile
10134,1256,06/02/2024,15.0,desktop
10135,1256,24-06-2024,41.0,mobile
10136,1256,28-07-2024,113.0,tablet
10137,1256,12/09/2024,116.0,
10138,1256,19-05-2024,54.0,tablet
10139,1256,2024-12-15,72.0,mobile
10140,1256,06/01/2024,6.0,desktop
10141,1256,07/14/2024,50.0,desktop
10142,1256,15-07-2024,94.0,desktop
10143,1256,2025-02-01,101.0,desktop
10144,1256,03/17/2024,114.0,tablet
10145,1256,2024-11-10,74.0,tablet
10146,1256,25-11-2024,63.0,desktop
10147,1256,2024-08-30,48.0,tablet
10148,1256,23-11-2024,104.0,desktop
10149,833,2024-11-09,118.0,mobile
10150,1256,2024-04-25,117.0,mobile
10151,1256,11-02-2024,33.0,mobile
10152,833,03-12-2024,,desktop
10153,1256,12/19/2024,39.0,desktop
10154,1256,05/14/2024,76.0,tablet
10155,1256,11-08-2024,72.0,mobile
10156,1256,2024-04-12,13.0,desktop
10157,1256,,12.0,tablet
10158,1256,2024-02-14,20.0,tablet
10159,1256,05/09/2024,101.0,desktop
10160,1256,05-12-2024,87.0,tablet
10161,1256,20-07-2024,102.0,tablet
10162,833,2024-12-08,109.0,desktop
10163,1256,01/25/2025,13.0,desktop
10164,1256,2024-12-31,9.0,mobile
10165,1256,03-01-2025,1.0,
10166,833,08/24/2024,50.0,desktop
10167,833,01/11/2024,14.0,tablet
10168,1256,09-02-2024,99.0,desktop
10169,833,25-01-2025,12.0,tablet
10170,1256,02-01-2025,1.0,desktop
10171,1256,11/20/2024,55.0,mobile
10172,1256,2024-03-03,58.0,tablet
10173,833,2024-05-27,42.0,tablet
10174,1256,2024-06-08,48.0,tablet
10175,1256,08/15/2024,2.0,desktop
10176,1256,,86.0,desktop
10177,1256,2024-03-26,57.0,mobile
10178,1256,17-06-2024,105.0,mobile
10179,1256,2025-02-01,45.0,desktop
10180,1256,16-01-2024,7.0,tablet
10181,1256,2025-01-15,60.0,desktop
10182,1256,12/15/2024,49.0,tablet
10183,833,14-02-2024,62.0,mobile
10184,1256,2024-02-29,32.0,tablet
10185,1256,,,
10186,833,2024-10-25,2.0,tablet
10187,1256,2024-01-19,55.0,desktop
10188,1256,18-03-2024,90.0,mobile
10189,1256,12-05-2024,115.0,mobile
10190,1256,21-10-2024,21.0,mobile
10191,833,11/23/2024,14.0,mobile
10192,1256,2024-07-23,117.0,tablet
10193,1256,2024-06-20,98.0,desktop
10194,1256,05-01-2024,84.0,tablet
10195,1256,2024-08-14,22.0,desktop
10196,1256,2024-12-12,70.0,mobile
10197,1256,02-07-2024,102.0,mobile
10198,1256,2024-01-10,16.0,tablet
10199,762,2024-12-09,41.0,desktop
10200,1256,07/17/2024,115.0,desktop
10201,1256,30-11-2024,57.0,tablet
10202,833,03-07-2024,109.0,tablet
10203,1256,23-05-2024,31.0,desktop
10204,1256,09/05/2024,16.0,tablet
10205,1256,2024-12-05,56.0,tablet
10206,833,08/02/2024,71.0,desktop
10207,833,22-09-2024,100.0,desktop
10208,1256,2024-02-08,10.0,desktop
10209,1256,05/01/2024,26.0,desktop
10210,1256,01/18/2024,46.0,mobile
10211,1256,2024-11-25,29.0,desktop
10212,1256,22-01-2024,86.0,desktop
10213,1256,2024-08-25,37.0,tablet
10214,833,03/12/2024,,tablet
10215,1256,04/17/2024,79.0,tablet
10216,1256,05-05-2024,93.0,desktop
10217,1256,09/30/2024,72.0,desktop
10218,833,06/13/2024,60.0,mobile
10219,1256,2024-08-09,9.0,tablet
10220,1256,09/16/2024,85.0,tablet
10221,833,07/10/2024,86.0,desktop
10222,1256,23-01-2024,72.0,desktop
10223,1256,10/18/2024,66.0,desktop
10224,1256,03/01/2024,49.0,
10225,1256,11/08/2024,33.0,tablet
10226,1256,19-09-2024,3.0,
10227,1256,2025-01-04,66.0,desktop
10228,1256,04-08-2024,31.0,mobile
10229,1256,01/24/2025,110.0,mobile
10230,833,13-08-2024,33.0,
10231,1256,28-04-2024,73.0,desktop
10232,762,11/12/2024,73.0,desktop
10233,1256,20-04-2024,49.0,mobile
10234,1256,26-04-2024,19.0,desktop
10235,1256,08-02-2024,39.0,mobile
10236,1256,2024-04-16,112.0,tablet
10237,1256,2024-01-12,,tablet
10238,1256,18-12-2024,60.0,mobile
10239,1256,27-02-2024,104.0,desktop
10240,1256,12-08-2024,67.0,mobile
10241,1256,2024-05-26,,tablet
10242,1256,2025-01-13,75.0,tablet
10243,1256,2024-09-30,17.0,mobile
10244,762,2024-09-25,15.0,tablet
10245,1256,2024-08-19,115.0,desktop
10246,833,10/08/2024,28.0,tablet
10247,1256,2024-10-05,105.0,mobile
10248,1256,2024-07-25,44.0,tablet
10249,1256,01/21/2024,112.0,desktop
10250,1256,06/21/2024,60.0,mobile
10251,1256,06/11/2024,109.0,mobile
10252,833,12/19/2024,90.0,tablet
10253,1256,04/17/2024,,desktop
10254,1256,27-12-2024,50.0,desktop
10255,833,2024-02-28,18.0,tablet
10256,1256,14-03-2024,101.0,tablet
10257,833,2024-03-31,92.0,mobile
10258,1256,2024-05-25,26.0,mobile
10259,1256,04/28/2024,4.0,tablet
10260,1256,19-10-2024,52.0,desktop
10261,1256,01/16/2024,,
10262,1256,16-08-2024,44.0,tablet
10263,833,2025-01-12,36.0,tablet
10264,1256,2024-01-24,94.0,tablet
10265,1256,04/12/2024,45.0,tablet
10266,1256,25-12-2024,19.0,mobile
10267,1256,2025-01-16,94.0,mobile
10268,833,11/18/2024,106.0,mobile
10269,1256,26-06-2024,75.0,desktop
10270,1256,,4.0,desktop
10271,1256,07-03-2024,102.0,mobile
10272,1256,2024-11-13,5.0,desktop
10273,1256,2024-01-13,105.0,tablet
10274,833,2024-08-15,85.0,desktop
10275,1256,06/13/2024,12.0,mobile
10276,1256,2024-12-31,41.0,tablet
10277,833,2024-06-13,81.0,desktop
10278,1256,29-08-2024,20.0,desktop
10279,1256,2024-11-22,59.0,tablet
10280,1256,2024-02-11,40.0,tablet
10281,1256,2024-10-02,86.0,mobile
10282,1256,29-07-2024,26.0,tablet
10283,833,08-06-2024,,tablet
10284,1256,03/16/2024,45.0,tablet
10285,1256,2024-02-14,88.0,desktop
10286,1256,2024-12-18,4.0,tablet
10287,1256,2024-04-21,118.0,desktop
10288,1256,04/30/2024,8.0,desktop
10289,1256,2025-01-17,69.0,tablet
10290,1256,2024-07-26,111.0,desktop
10291,1256,02/01/2024,10.0,desktop
10292,1256,2024-07-30,49.0,tablet
10293,1256,07/05/2024,107.0,mobile
10294,762,08-12-2024,62.0,tablet
10295,833,25-02-2024,113.0,tablet
10296,1256,2024-02-08,102.0,desktop
10297,1256,08-11-2024,58.0,desktop
10298,1256,18-03-2024,110.0,desktop
10299,1256,2024-04-30,103.0,mobile
10300,1256,08-09-2024,118.0,mobile
10301,1256,12/30/2024,60.0,desktop
10302,1256,24-09-2024,114.0,desktop
10303,1256,2024-11-28,2.0,tablet
10304,833,20-01-2024,50.0,desktop
10305,1256,22-09-2024,56.0,tablet
10306,1256,01/04/2024,68.0,tablet
10307,1256,16-03-2024,81.0,
10308,1256,30-11-2024,86.0,tablet
10309,1256,09/11/2024,109.0,
10310,1256,13-08-2024,30.0,tablet
10311,1256,2024-01-18,104.0,tablet
10312,833,01/24/2025,8.0,desktop
10313,1256,04-01-2024,57.0,desktop
10314,1256,04/14/2024,58.0,mobile
10315,1256,05/17/2024,33.0,desktop
10316,1256,05/07/2024,52.0,mobile
10317,1256,16-05-2024,4.0,tablet
10318,833,02/17/2024,111.0,tablet
10319,1256,10/08/2024,6.0,desktop
10320,833,2024-09-12,27.0,tablet
10321,1256,2024-10-25,55.0,mobile
10322,833,2024-11-23,89.0,tablet
10323,1256,2024-11-04,,desktop
10324,1256,05-02-2024,105.0,desktop
10325,1256,01/06/2024,91.0,mobile
10326,1256,13-01-2025,66.0,desktop
10327,1256,22-10-2024,38.0,desktop
10328,1256,05/02/2024,51.0,tablet
10329,833,15-01-2024,11.0,desktop
10330,1256,03/19/2024,92.0,mobile
10331,1256,01/24/2024,36.0,tablet
10332,1256,2024-07-18,82.0,tablet
10333,833,2024-07-11,111.0,mobile
10334,1256,10/13/2024,60.0,desktop
10335,833,03-02-2024,65.0,tablet
10336,1256,08/27/2024,88.0,desktop
10337,1256,03-10-2024,,desktop
10338,1256,12/19/2024,34.0,tablet
10339,1256,20-11-2024,116.0,mobile
10340,1256,05-04-2024,58.0,tablet
10341,1256,05-03-2024,109.0,tablet
10342,1256,2024-06-03,,mobile
10343,1256,09/09/2024,19.0,mobile
10344,1256,06-10-2024,86.0,mobile
10345,1256,17-02-2024,95.0,desktop
10346,1256,2024-06-07,48.0,desktop
10347,1256,15-01-2024,117.0,mobile
10348,1256,03/17/2024,30.0,mobile
10349,1256,2024-11-21,38.0,tablet
10350,1256,07/17/2024,16.0,desktop
10351,1256,09/02/2024,,desktop
10352,1256,2024-06-15,40.0,desktop
10353,1256,18-03-2024,25.0,tablet
10354,1256,01/22/2024,23.0,tablet
10355,833,2024-08-01,71.0,mobile
10356,1256,05/20/2024,34.0,tablet
10357,1256,2024-07-10,,mobile
10358,1256,25-11-2024,67.0,tablet
10359,1256,20-06-2024,72.0,mobile
10360,1256,31-08-2024,115.0,mobile
10361,1256,2024-05-12,19.0,mobile
10362,833,01/23/2025,48.0,mobile
10363,1256,12-01-2024,55.0,tablet
10364,833,13-10-2024,,desktop
10365,1256,2024-06-18,89.0,tablet
10366,1256,2024-03-23,86.0,tablet
10367,1256,09/24/2024,73.0,tablet
10368,833,2024-04-29,89.0,tablet
10369,833,13-06-2024,117.0,tablet
10370,1256,30-03-2024,104.0,mobile
10371,1256,2024-01-31,63.0,mobile
10372,1256,2024-09-01,37.0,tablet
10373,1256,,22.0,tablet
10374,1256,04/19/2024,79.0,desktop
10375,1256,04/11/2024,106.0,mobile
10376,1256,01/13/2024,20.0,desktop
10377,1256,07-06-2024,31.0,tablet
10378,1256,07/08/2024,37.0,desktop
10379,833,17-09-2024,54.0,mobile
10380,1256,09/16/2024,19.0,tablet
10381,1256,2024-05-15,62.0,tablet
10382,1256,2024-06-08,38.0,mobile
10383,833,2024-05-23,,mobile
10384,1256,04-06-2024,72.0,desktop
10385,1256,01-01-2025,52.0,desktop
10386,833,2024-10-20,12.0,mobile
10387,1256,26-06-2024,109.0,tablet
10388,1256,01/08/2025,21.0,mobile
10389,833,11/16/2024,14.0,tablet
10390,1256,2024-04-10,33.0,desktop
10391,1256,2024-01-09,103.0,tablet
10392,833,23-01-2024,,desktop
10393,833,12/25/2024,2.0,desktop
10394,1256,11-02-2024,18.0,desktop
10395,833,05-12-2024,103.0,tablet
10396,833,04/30/2024,116.0,desktop
10397,1256,,28.0,desktop
10398,1256,05-03-2024,,desktop
10399,1256,01-10-2024,7.0,tablet
10400,833,18-01-2025,81.0,desktop
10401,1256,21-05-2024,111.0,mobile
10402,1256,18-10-2024,33.0,tablet
10403,833,2024-05-08,64.0,mobile
10404,1256,2024-04-10,102.0,tablet
10405,1256,31-03-2024,26.0,tablet
10406,1256,22-12-2024,5.0,mobile
10407,1256,06/29/2024,37.0,tablet
10408,1256,10/09/2024,89.0,desktop
10409,1256,2024-01-31,90.0,mobile
10410,1256,05-01-2024,61.0,tablet
10411,1256,2024-07-10,111.0,
10412,1256,06/01/2024,49.0,mobile
10413,1256,11-12-2024,9.0,desktop
10414,762,2024-12-22,116.0,mobile
10415,1256,2024-07-08,,
10416,1256,04-04-2024,44.0,tablet
10417,1256,2024-06-15,58.0,mobile
10418,1256,12/15/2024,76.0,tablet
10419,1256,2024-10-31,,mobile
10420,1256,28-02-2024,85.0,desktop
10421,1256,28-02-2024,46.0,desktop
10422,1256,01/08/2025,108.0,mobile
10423,1256,2024-09-16,11.0,tablet
10424,833,01/03/2024,93.0,tablet
10425,1256,08-02-2024,13.0,mobile
10426,1256,2024-11-19,67.0,mobile
10427,1256,16-01-2024,113.0,tablet
10428,1256,2025-01-10,46.0,desktop
10429,1256,2024-08-13,116.0,desktop
10430,1256,06-11-2024,28.0,tablet
10431,1256,2024-04-13,75.0,mobile
10432,1256,2024-07-03,119.0,desktop
10433,1256,03-05-2024,88.0,mobile
10434,1256,2024-06-13,77.0,desktop
10435,833,2024-06-16,31.0,desktop
10436,1256,10/06/2024,42.0,mobile
10437,1256,04-04-2024,32.0,mobile
10438,1256,12-01-2024,30.0,
10439,1256,2024-01-17,77.0,mobile
10440,1256,04/11/2024,2.0,desktop
10441,1256,20-06-2024,44.0,mobile
10442,1256,04/26/2024,81.0,mobile
10443,1256,2024-01-24,94.0,mobile
10444,1256,30-08-2024,20.0,mobile
10445,1256,09-12-2024,47.0,mobile
10446,1256,09-07-2024,84.0,
10447,1256,26-12-2024,22.0,mobile
10448,1256,2024-03-10,37.0,mobile
10449,1256,17-11-2024,14.0,mobile
10450,1256,20-01-2024,16.0,desktop
10451,1256,08/10/2024,19.0,desktop
10452,1256,11/21/2024,2.0,tablet
10453,1256,29-09-2024,81.0,mobile
10454,1256,02/07/2024,90.0,desktop
10455,1256,12/29/2024,65.0,desktop
10456,1256,09/08/2024,87.0,desktop
10457,833,04/05/2024,37.0,tablet
10458,1256,01-08-2024,11.0,desktop
10459,1256,2025-01-15,17.0,desktop
10460,1256,2024-03-18,93.0,mobile
10461,1256,02/11/2024,114.0,
10462,1256,2024-08-26,62.0,desktop
10463,1256,30-06-2024,70.0,mobile
10464,1256,2025-01-13,19.0,mobile
10465,1256,,46.0,desktop
10466,833,11/15/2024,120.0,tablet
10467,1256,04-07-2024,70.0,tablet
10468,1256,2024-09-18,65.0,tablet
10469,1256,09/21/2024,91.0,desktop
10470,1256,2024-04-22,46.0,mobile
10471,1256,2024-04-15,107.0,mobile
10472,1256,2024-11-18,9.0,desktop
10473,833,2024-01-11,75.0,tablet
10474,1256,26-01-2024,97.0,mobile
10475,1256,2024-12-17,34.0,desktop
10476,833,2024-02-16,40.0,desktop
10477,1256,2024-06-02,89.0,mobile
10478,1256,10-07-2024,98.0,tablet
10479,1256,2024-08-11,9.0,tablet
10480,1256,2024-08-01,31.0,desktop
10481,1256,05-06-2024,35.0,desktop
10482,1256,2024-05-27,8.0,tablet
10483,1256,2024-06-19,68.0,mobile
10484,1256,13-05-2024,63.0,desktop
10485,833,06/21/2024,120.0,tablet
10486,1256,,117.0,tablet
10487,1256,27-04-2024,66.0,tablet
10488,1256,21-11-2024,24.0,mobile
10489,1256,2024-07-20,37.0,desktop
10490,833,22-08-2024,41.0,tablet
10491,1256,16-06-2024,39.0,tablet
10492,1256,2025-01-30,107.0,desktop
10493,1256,03/14/2024,1.0,desktop
10494,1256,2024-07-13,116.0,tablet
10495,1256,2024-05-30,71.0,desktop
10496,1256,10-08-2024,60.0,tablet
10497,833,19-04-2024,75.0,tablet
10498,1256,01-02-2025,2.0,tablet
10499,1256,2024-01-27,,mobile
10500,1256,2024-03-26,2.0,desktop
10501,833,2025-01-26,43.0,desktop
10502,1256,2024-09-03,15.0,tablet
10503,1256,2024-05-13,46.0,desktop
10504,1256,03/12/2024,9.0,mobile
10505,833,2024-05-29,88.0,tablet
10506,1256,06/29/2024,48.0,mobile
10507,1256,2024-11-11,2.0,desktop
10508,833,2024-10-13,84.0,desktop
10509,1256,04-01-2025,19.0,mobile
10510,1256,15-01-2024,82.0,desktop
10511,833,30-06-2024,100.0,mobile
10512,833,01-10-2024,56.0,mobile
10513,1256,,15.0,desktop
10514,1256,2024-12-15,,tablet
10515,1256,03-12-2024,24.0,tablet
10516,1256,03/31/2024,38.0,desktop
10517,833,11/21/2024,36.0,tablet
10518,1256,24-01-2024,110.0,desktop
10519,833,12/02/2024,29.0,desktop
10520,1256,16-02-2024,22.0,tablet
10521,1256,2024-11-24,58.0,tablet
10522,1256,03/14/2024,62.0,mobile
10523,833,2024-07-27,86.0,desktop
10524,833,01/04/2025,105.0,mobile
10525,1256,2024-02-18,118.0,tablet
10526,1256,05/13/2024,48.0,mobile
10527,1256,2025-01-05,35.0,tablet
10528,833,03/27/2024,63.0,tablet
10529,1256,21-01-2025,84.0,desktop
10530,1256,28-05-2024,109.0,mobile
10531,1256,2024-05-15,5.0,mobile
10532,1256,11/27/2024,84.0,desktop
10533,833,20-08-2024,114.0,desktop
10534,1256,2024-10-12,106.0,tablet
10535,1256,08-05-2024,117.0,mobile
10536,833,19-01-2025,11.0,desktop
10537,1256,06-04-2024,86.0,tablet
10538,1256,07/31/2024,40.0,mobile
10539,1256,11/20/2024,9.0,mobile
10540,1256,11/23/2024,62.0,tablet
10541,1256,01-01-2024,52.0,desktop
10542,1256,04/02/2024,45.0,desktop
10543,1256,12/02/2024,64.0,desktop
10544,1256,07/29/2024,113.0,mobile
10545,1256,24-10-2024,92.0,desktop
10546,1256,03/17/2024,12.0,mobile
10547,1256,,47.0,desktop
10548,1256,2024-04-07,73.0,mobile
10549,1256,2024-12-19,40.0,mobile
10550,1256,2025-01-31,93.0,mobile
10551,833,04/28/2024,64.0,tablet
10552,1256,02/20/2024,52.0,mobile
10553,1256,01/28/2024,35.0,desktop
10554,1256,30-01-2024,24.0,tablet
10555,1256,2024-09-28,,desktop
10556,833,2024-05-11,109.0,desktop
10557,1256,10/03/2024,120.0,desktop
10558,1256,2024-05-02,29.0,mobile
10559,833,07/25/2024,,mobile
10560,1256,09/11/2024,19.0,tablet
10561,1256,12/15/2024,59.0,tablet
10562,1256,07/21/2024,,mobile
10563,833,2024-06-15,102.0,desktop
10564,833,09-01-2024,101.0,tablet
10565,1256,2024-01-24,55.0,mobile
10566,1256,16-09-2024,37.0,mobile
10567,762,2024-05-23,110.0,
10568,833,26-01-2025,6.0,tablet
10569,1256,16-05-2024,107.0,mobile
10570,1256,12/18/2024,102.0,tablet
10571,1256,2024-11-02,13.0,mobile
10572,1256,13-11-2024,39.0,desktop
10573,1256,06/21/2024,22.0,mobile
10574,833,23-02-2024,5.0,tablet
10575,1256,17-03-2024,103.0,desktop
10576,1256,03/09/2024,41.0,desktop
10577,1256,11-02-2024,71.0,tablet
10578,833,2024-11-25,49.0,mobile
10579,1256,01/11/2025,31.0,tablet
10580,1256,04/16/2024,73.0,mobile
10581,1256,02/17/2024,67.0,desktop
10582,1256,2024-04-22,118.0,mobile
10583,1256,02-03-2024,21.0,desktop
10584,833,22-08-2024,100.0,tablet
10585,1256,08/17/2024,78.0,tablet
10586,1256,02/04/2024,35.0,tablet
10587,833,02-09-2024,26.0,tablet
10588,1256,01/28/2025,81.0,mobile
10589,1256,04/24/2024,23.0,tablet
10590,1256,17-07-2024,,mobile
10591,1256,21-08-2024,83.0,tablet
10592,1256,2024-08-10,17.0,mobile
10593,1256,03/17/2024,58.0,mobile
10594,1256,28-07-2024,113.0,tablet
10595,833,01/20/2025,107.0,tablet
10596,1256,01/20/2024,,mobile
10597,1256,2024-03-29,66.0,tablet
10598,1256,23-11-2024,,desktop
10599,1256,02/09/2024,75.0,mobile
10600,1256,2025-01-21,31.0,mobile
10601,1256,07/05/2024,51.0,desktop
10602,833,2024-04-04,8.0,desktop
10603,1256,20-08-2024,4.0,mobile
10604,1256,22-02-2024,87.0,tablet
10605,833,15-07-2024,,tablet
10606,1256,20-10-2024,98.0,mobile
10607,1256,04/22/2024,120.0,tablet
10608,1256,2024-02-29,47.0,tablet
10609,1256,17-12-2024,67.0,desktop
10610,1256,04/18/2024,12.0,desktop
10611,1256,29-07-2024,27.0,desktop
10612,1256,2024-01-02,89.0,desktop
10613,833,17-08-2024,62.0,tablet
10614,1256,21-08-2024,,tablet
10615,1256,2024-10-30,99.0,tablet
10616,1256,11/27/2024,57.0,tablet
10617,833,2024-11-29,114.0,mobile
10618,1256,2024-07-29,115.0,desktop
10619,1256,25-12-2024,27.0,mobile
10620,1256,10/05/2024,14.0,desktop
10621,833,08-03-2024,80.0,tablet
10622,1256,2024-07-15,108.0,tablet
10623,1256,06-08-2024,72.0,desktop
10624,833,08/19/2024,118.0,mobile
10625,1256,07/11/2024,91.0,mobile
10626,1256,2024-07-09,47.0,tablet
10627,1256,2024-07-25,41.0,mobile
10628,1256,,26.0,tablet
10629,1256,07/03/2024,63.0,tablet
10630,1256,,28.0,tablet
10631,1256,,106.0,desktop
10632,1256,28-02-2024,85.0,mobile
10633,833,2024-09-18,55.0,tablet
10634,1256,2024-10-20,76.0,tablet
10635,1256,08/23/2024,80.0,tablet
10636,1256,05-10-2024,43.0,tablet
10637,1256,11/24/2024,75.0,desktop
10638,1256,09/11/2024,67.0,tablet
10639,833,24-10-2024,37.0,desktop
10640,1256,06-01-2025,10.0,mobile
10641,833,04-03-2024,83.0,desktop
10642,833,31-07-2024,78.0,desktop
10643,1256,08/06/2024,97.0,tablet
10644,1256,28-03-2024,73.0,tablet
10645,1256,08-03-2024,32.0,mobile
10646,1256,,99.0,tablet
10647,1256,01-04-2024,99.0,tablet
10648,1256,07/17/2024,4.0,desktop
10649,1256,12/22/2024,79.0,desktop
10650,1256,30-08-2024,32.0,mobile
10651,833,10/14/2024,105.0,tablet
10652,1256,04/03/2024,27.0,mobile
10653,1256,2024-09-11,115.0,desktop
10654,833,21-04-2024,35.0,mobile
10655,1256,2024-04-12,1.0,tablet
10656,1256,2024-03-30,102.0,desktop
10657,1256,10-12-2024,99.0,desktop
10658,833,13-01-2024,27.0,tablet
10659,1256,2024-03-01,19.0,tablet
10660,833,2024-11-02,65.0,mobile
10661,1256,01/27/2025,72.0,tablet
10662,1256,07/06/2024,12.0,mobile
10663,833,2024-05-31,105.0,tablet
10664,1256,10-06-2024,,tablet
10665,1256,2024-05-14,95.0,mobile
10666,1256,12/14/2024,87.0,tablet
10667,833,,54.0,desktop
10668,1256,06/13/2024,39.0,mobile
10669,1256,25-01-2024,9.0,desktop
10670,833,05/17/2024,91.0,desktop
10671,1256,13-03-2024,118.0,tablet
10672,1256,23-08-2024,4.0,desktop
10673,833,05/08/2024,60.0,
10674,1256,2024-11-05,75.0,mobile
10675,1256,28-07-2024,50.0,desktop
10676,1256,28-04-2024,120.0,mobile
10677,1256,2024-01-24,4.0,mobile
10678,1256,17-08-2024,89.0,desktop
10679,1256,07/24/2024,85.0,mobile
10680,1256,2024-01-24,71.0,desktop
10681,1256,2024-01-08,3.0,mobile
10682,1256,07-05-2024,,mobile
10683,833,2024-06-06,51.0,tablet
10684,833,2024-03-26,74.0,desktop
10685,1256,2024-06-12,99.0,mobile
10686,1256,11/04/2024,116.0,tablet
10687,1256,05/13/2024,77.0,tablet
10688,1256,2024-07-24,119.0,mobile
10689,833,2024-02-25,89.0,mobile
10690,1256,2024-01-12,46.0,mobile
10691,1256,2024-11-27,,desktop
10692,1256,2024-02-24,66.0,mobile
10693,1256,10/18/2024,64.0,mobile
10694,833,2024-06-27,49.0,desktop
10695,1256,2024-06-09,87.0,desktop
10696,1256,07/18/2024,51.0,tablet
10697,1256,10-11-2024,114.0,mobile
10698,1256,04-06-2024,11.0,desktop
10699,1256,14-01-2024,88.0,mobile
10700,1256,03/31/2024,31.0,tablet
10701,1256,11/11/2024,23.0,mobile
10702,1256,2024-09-08,86.0,mobile
10703,1256,08-01-2025,49.0,desktop
10704,1256,2024-12-30,114.0,
10705,1256,2024-04-10,93.0,desktop
10706,1256,2024-06-02,116.0,desktop
10707,1256,18-09-2024,18.0,mobile
10708,1256,27-09-2024,71.0,
10709,1256,2024-08-19,110.0,tablet
10710,1256,2024-10-25,,desktop
10711,833,21-10-2024,15.0,tablet
10712,833,28-02-2024,45.0,desktop
10713,1256,04/24/2024,56.0,desktop
10714,1256,05/12/2024,84.0,mobile
10715,1256,2024-09-10,3.0,mobile
10716,1256,24-04-2024,92.0,tablet
10717,833,05-08-2024,54.0,mobile
10718,1256,01/28/2024,,mobile
10719,1256,09/27/2024,15.0,mobile
10720,1256,2024-10-02,95.0,tablet
10721,1256,2024-02-21,33.0,mobile
10722,1256,08/23/2024,77.0,desktop
10723,833,01/20/2024,91.0,mobile
10724,833,09-12-2024,76.0,mobile
10725,1256,2024-06-19,,mobile
10726,1256,16-09-2024,22.0,tablet
10727,1256,2024-06-23,21.0,mobile
10728,762,2024-05-08,,mobile
10729,1256,10/22/2024,68.0,desktop
10730,1256,2024-01-28,10.0,desktop
10731,1256,24-08-2024,12.0,
10732,1256,2024-09-09,36.0,mobile
10733,1256,2024-09-20,47.0,mobile
10734,1256,2024-05-09,54.0,desktop
10735,1256,2024-04-09,108.0,mobile
10736,1256,31-01-2025,61.0,mobile
10737,1256,17-12-2024,20.0,tablet
10738,1256,08-06-2024,,mobile
10739,833,01/05/2024,3.0,desktop
10740,1256,2024-04-15,3.0,mobile
10741,1256,18-01-2024,66.0,tablet
10742,1256,10/09/2024,,mobile
10743,1256,2024-07-11,80.0,mobile
10744,1256,2024-12-21,20.0,mobile
10745,833,12-05-2024,24.0,tablet
10746,1256,04-02-2024,42.0,tablet
10747,1256,2024-03-26,78.0,desktop
10748,833,05/25/2024,87.0,tablet
10749,1256,07/22/2024,39.0,tablet
10750,1256,2024-09-06,71.0,desktop
10751,1256,2024-06-11,57.0,desktop
10752,1256,2024-05-08,50.0,tablet
10753,1256,2024-08-02,9.0,desktop
10754,833,2024-04-07,4.0,mobile
10755,1256,2024-04-25,5.0,tablet
10756,1256,10/24/2024,40.0,desktop
10757,1256,03/19/2024,45.0,desktop
10758,1256,22-12-2024,79.0,mobile
10759,1256,02/28/2024,107.0,mobile
10760,1256,04/26/2024,118.0,tablet
10761,1256,14-04-2024,12.0,desktop
10762,833,01/28/2025,61.0,desktop
10763,1256,09/23/2024,46.0,desktop
10764,1256,2024-08-17,112.0,desktop
10765,1256,2024-05-18,,mobile
10766,1256,09/08/2024,111.0,desktop
10767,1256,2024-04-26,61.0,desktop
10768,1256,02-01-2025,98.0,desktop
10769,1256,,99.0,desktop
10770,1256,2024-12-08,109.0,desktop
10771,1256,2024-06-12,98.0,desktop
10772,1256,09-10-2024,120.0,desktop
10773,833,2024-03-08,,tablet
10774,1256,2024-04-13,49.0,tablet
10775,833,2024-03-15,85.0,desktop
10776,833,04/15/2024,63.0,desktop
10777,1256,12/07/2024,41.0,mobile
10778,1256,2024-01-22,68.0,mobile
10779,1256,09/20/2024,25.0,desktop
10780,1256,2024-09-11,5.0,mobile
10781,1256,2024-04-09,109.0,tablet
10782,1256,09/14/2024,28.0,desktop
10783,1256,05/20/2024,44.0,tablet
10784,1256,10/20/2024,65.0,mobile
10785,1256,11/10/2024,61.0,tablet
10786,1256,15-03-2024,69.0,mobile
10787,1256,19-06-2024,105.0,desktop
10788,1256,15-11-2024,100.0,mobile
10789,833,2024-07-13,65.0,mobile
10790,1256,03/20/2024,7.0,desktop
10791,833,10-04-2024,22.0,desktop
10792,1256,09/30/2024,80.0,tablet
10793,1256,02/02/2025,7.0,tablet
10794,833,2025-01-16,58.0,desktop
10795,1256,01/29/2024,118.0,desktop
10796,1256,06/27/2024,117.0,mobile
10797,833,2024-03-21,83.0,desktop
10798,1256,22-12-2024,19.0,desktop
10799,1256,2024-04-18,48.0,desktop
10800,1256,02/26/2024,57.0,mobile
10801,1256,07/19/2024,67.0,tablet
10802,1256,12/16/2024,93.0,mobile
10803,833,2025-01-21,108.0,desktop
10804,1256,2024-02-07,56.0,tablet
10805,833,07-03-2024,43.0,tablet
10806,1256,01-10-2024,,desktop
10807,1256,2024-02-04,1.0,desktop
10808,1256,18-04-2024,12.0,tablet
10809,1256,15-06-2024,61.0,
10810,1256,18-08-2024,109.0,tablet
10811,1256,12/18/2024,31.0,desktop
10812,1256,2024-06-30,5.0,
10813,1256,06/14/2024,,tablet
10814,1256,09/22/2024,25.0,
10815,1256,19-11-2024,55.0,mobile
10816,1256,17-07-2024,101.0,mobile
10817,1256,03-05-2024,76.0,desktop
10818,833,31-08-2024,44.0,tablet
10819,833,06-11-2024,98.0,mobile
10820,833,14-11-2024,116.0,tablet
10821,1256,06/04/2024,12.0,desktop
10822,1256,2024-07-21,60.0,desktop
10823,1256,17-07-2024,77.0,mobile
10824,1256,18-01-2024,75.0,mobile
10825,833,11/01/2024,89.0,desktop
10826,1256,13-12-2024,76.0,mobile
10827,1256,16-10-2024,106.0,desktop
10828,1256,2024-01-10,19.0,tablet
10829,1256,01/29/2025,86.0,
10830,833,2024-04-09,43.0,tablet
10831,833,2024-09-14,5.0,tablet
10832,1256,2024-01-11,23.0,desktop
10833,1256,2024-04-22,119.0,mobile
10834,1256,07/17/2024,89.0,mobile
10835,1256,2024-06-25,34.0,tablet
10836,833,2024-10-23,,desktop
10837,1256,10/03/2024,5.0,mobile
10838,1256,2025-02-02,108.0,desktop
10839,1256,12/22/2024,31.0,tablet
10840,1256,2024-02-23,111.0,desktop
10841,1256,2024-04-22,,tablet
10842,1256,02-07-2024,102.0,mobile
10843,1256,09/17/2024,92.0,
10844,1256,03-02-2025,93.0,mobile
10845,1256,,115.0,tablet
10846,833,2024-08-04,59.0,tablet
10847,1256,2024-03-31,23.0,tablet
10848,1256,2024-12-09,59.0,mobile
10849,1256,01/25/2025,18.0,tablet
10850,1256,05/19/2024,5.0,desktop
10851,1256,09/20/2024,8.0,tablet
10852,1256,,48.0,desktop
10853,1256,01/22/2025,,mobile
10854,1256,10-01-2024,103.0,desktop
10855,1256,18-07-2024,8.0,mobile
10856,1256,01/02/2024,55.0,mobile
10857,1256,09/03/2024,6.0,tablet
10858,1256,01/15/2025,109.0,desktop
10859,1256,13-11-2024,23.0,
10860,1256,18-02-2024,6.0,mobile
10861,1256,2024-07-20,114.0,mobile
10862,1256,2024-09-09,95.0,mobile
10863,1256,2024-01-21,11.0,mobile
10864,1256,12/11/2024,110.0,tablet
10865,1256,,92.0,desktop
10866,1256,2024-01-11,16.0,desktop
10867,1256,15-08-2024,84.0,desktop
10868,762,05-08-2024,113.0,tablet
10869,833,15-04-2024,99.0,mobile
10870,1256,04/12/2024,44.0,mobile
10871,833,06/21/2024,,desktop
10872,1256,2024-02-13,80.0,desktop
10873,1256,2024-05-08,9.0,tablet
10874,762,22-03-2024,70.0,mobile
10875,1256,10/01/2024,111.0,tablet
10876,833,08/12/2024,36.0,mobile
10877,833,23-07-2024,13.0,tablet
10878,833,13-09-2024,16.0,
10879,1256,2024-05-03,84.0,desktop
10880,1256,2024-03-18,76.0,mobile
10881,1256,24-09-2024,91.0,tablet
10882,1256,09/16/2024,78.0,tablet
10883,833,25-10-2024,64.0,desktop
10884,1256,01-01-2024,101.0,mobile
10885,1256,2024-01-18,71.0,tablet
10886,1256,2024-07-13,20.0,tablet
10887,1256,2024-08-28,,mobile
10888,1256,2024-12-27,65.0,desktop
10889,1256,26-04-2024,119.0,mobile
10890,833,07/18/2024,28.0,desktop
10891,1256,2024-04-28,12.0,mobile
10892,833,12/19/2024,101.0,mobile
10893,1256,2024-06-19,35.0,desktop
10894,833,21-09-2024,,desktop
10895,1256,03/13/2024,98.0,desktop
10896,1256,11/15/2024,64.0,mobile
10897,1256,09-08-2024,19.0,tablet
10898,833,02-01-2025,13.0,mobile
10899,1256,2024-09-08,44.0,mobile
10900,1256,05/07/2024,63.0,desktop
10901,1256,29-10-2024,40.0,mobile
10902,833,2024-11-05,120.0,mobile
10903,1256,2024-05-06,97.0,desktop
10904,1256,01/03/2024,25.0,desktop
10905,1256,25-07-2024,59.0,desktop
10906,1256,05/27/2024,115.0,tablet
10907,1256,,9.0,
10908,1256,03/17/2024,10.0,mobile
10909,1256,2024-07-08,,mobile
10910,1256,04-01-2025,45.0,desktop
10911,1256,02-07-2024,40.0,mobile
10912,833,2024-07-14,75.0,mobile
10913,1256,07-08-2024,51.0,tablet
10914,833,04/12/2024,85.0,desktop
10915,1256,17-11-2024,39.0,desktop
10916,1256,2024-02-06,,tablet
10917,833,2024-10-13,48.0,mobile
10918,1256,2024-07-19,30.0,tablet
10919,1256,08/14/2024,43.0,desktop
10920,1256,01/25/2024,54.0,tablet
10921,833,01/30/2024,120.0,tablet
10922,833,02/25/2024,,mobile
10923,833,12/12/2024,4.0,desktop
10924,1256,03/20/2024,56.0,mobile
10925,1256,2024-07-21,33.0,
10926,1256,2024-06-01,35.0,mobile
10927,1256,,75.0,tablet
10928,1256,2024-08-12,37.0,mobile
10929,1256,07/20/2024,49.0,
10930,1256,01/06/2024,8.0,desktop
10931,1256,2024-04-21,97.0,mobile
10932,1256,11-11-2024,52.0,tablet
10933,1256,2024-09-27,91.0,tablet
10934,1256,09/01/2024,101.0,tablet
10935,1256,04-01-2025,32.0,mobile
10936,1256,09/09/2024,,mobile
10937,1256,04/04/2024,68.0,tablet
10938,833,03/31/2024,62.0,desktop
10939,1256,09/18/2024,48.0,desktop
10940,1256,2024-02-06,96.0,desktop
10941,1256,12/07/2024,108.0,tablet
10942,1256,2025-01-29,105.0,tablet
10943,833,11-01-2025,9.0,mobile
10944,1256,2024-02-24,56.0,tablet
10945,1256,31-12-2024,55.0,mobile
10946,1256,10/10/2024,10.0,desktop
10947,762,17-10-2024,52.0,tablet
10948,833,03-12-2024,29.0,desktop
10949,1256,08-06-2024,94.0,desktop
10950,1256,27-07-2024,81.0,mobile
10951,833,03/31/2024,109.0,tablet
10952,1256,16-02-2024,102.0,desktop
10953,833,,30.0,desktop
10954,1256,10/13/2024,25.0,tablet
10955,1256,2024-04-06,6.0,mobile
10956,1256,09/23/2024,47.0,tablet
10957,1256,16-05-2024,23.0,
10958,833,2024-07-12,101.0,tablet
10959,1256,02/08/2024,35.0,desktop
10960,833,19-07-2024,85.0,
10961,1256,22-01-2025,105.0,tablet
10962,833,01-10-2024,29.0,tablet
10963,1256,2024-06-11,47.0,desktop
10964,1256,01/14/2024,19.0,tablet
10965,1256,2024-06-30,37.0,mobile
10966,1256,01/08/2025,53.0,tablet
10967,1256,01/19/2025,119.0,tablet
10968,833,2024-09-04,109.0,desktop
10969,833,10/24/2024,42.0,desktop
10970,1256,09-01-2024,51.0,mobile
10971,1256,2024-05-02,,tablet
10972,833,2024-09-08,67.0,mobile
10973,1256,2025-01-28,116.0,mobile
10974,1256,2024-02-06,25.0,mobile
10975,1256,03-10-2024,66.0,desktop
10976,833,17-07-2024,112.0,tablet
10977,1256,04/13/2024,91.0,mobile
10978,1256,04/25/2024,116.0,mobile
10979,1256,2024-02-04,14.0,desktop
10980,1256,01/10/2024,92.0,mobile
10981,1256,10/16/2024,14.0,tablet
10982,833,10/09/2024,24.0,mobile
10983,1256,2024-07-05,,
10984,1256,01/25/2024,30.0,tablet
10985,1256,01/30/2024,101.0,tablet
10986,1256,14-02-2024,92.0,desktop
10987,1256,12-01-2024,107.0,mobile
10988,1256,07/14/2024,23.0,mobile
10989,1256,,87.0,tablet
10990,1256,23-01-2024,64.0,desktop
10991,1256,21-03-2024,21.0,mobile
10992,1256,23-10-2024,22.0,mobile
10993,1256,2024-09-14,109.0,tablet
10994,1256,26-09-2024,1.0,mobile
10995,1256,2024-03-24,87.0,tablet
10996,1256,2024-09-07,68.0,desktop
10997,1256,02/24/2024,105.0,desktop
10998,1256,07/18/2024,10.0,mobile
10999,1256,2024-01-23,42.0,desktop
11000,1256,07-11-2024,58.0,tablet
11001,1256,03-04-2024,34.0,mobile
11002,1256,02/17/2024,90.0,mobile
11003,1256,11/06/2024,13.0,mobile
11004,1256,10-08-2024,5.0,desktop
11005,1256,18-02-2024,78.0,mobile
11006,1256,02/26/2024,10.0,mobile
11007,1256,11-12-2024,,desktop
11008,1256,2024-07-15,31.0,desktop
11009,1256,02/05/2024,8.0,tablet
11010,1256,2024-04-22,19.0,desktop
11011,1256,17-07-2024,46.0,
11012,1256,06/05/2024,,mobile
11013,1256,05/24/2024,,mobile
11014,1256,2024-04-27,69.0,tablet
11015,1256,2024-11-25,114.0,tablet
11016,1256,26-08-2024,7.0,tablet
11017,1256,05/17/2024,30.0,desktop
11018,1256,10-08-2024,13.0,mobile
11019,1256,2024-02-03,115.0,desktop
11020,1256,06/28/2024,21.0,tablet
11021,1256,02/09/2024,112.0,mobile
11022,1256,11/01/2024,6.0,desktop
11023,1256,01/30/2024,52.0,desktop
11024,1256,09/09/2024,56.0,mobile
11025,1256,25-01-2025,28.0,mobile
11026,1256,29-08-2024,29.0,tablet
11027,1256,11/14/2024,44.0,tablet
11028,833,25-05-2024,,tablet
11029,1256,2024-04-26,34.0,desktop
11030,1256,04-10-2024,4.0,tablet
11031,1256,,112.0,tablet
11032,1256,11-09-2024,46.0,desktop
11033,1256,03/09/2024,56.0,mobile
11034,1256,27-02-2024,,mobile
11035,1256,06-08-2024,117.0,tablet
11036,1256,10/26/2024,69.0,tablet
11037,1256,2024-07-09,50.0,desktop
11038,1256,05/29/2024,106.0,mobile
11039,1256,09-06-2024,76.0,tablet
11040,1256,20-12-2024,29.0,desktop
11041,833,10-04-2024,54.0,desktop
11042,1256,05/31/2024,114.0,mobile
11043,1256,18-12-2024,12.0,mobile
11044,833,,48.0,
11045,1256,09/24/2024,,desktop
11046,1256,06/04/2024,120.0,mobile
11047,1256,10/21/2024,51.0,tablet
11048,833,12-01-2025,31.0,tablet
11049,1256,2024-08-20,100.0,mobile
11050,1256,02/03/2024,48.0,desktop
11051,1256,01/02/2025,,desktop
11052,1256,10/31/2024,37.0,tablet
11053,1256,2024-09-28,22.0,
11054,1256,2024-08-05,105.0,tablet
11055,1256,2024-01-11,86.0,desktop
11056,1256,2024-11-17,83.0,desktop
11057,1256,02/04/2025,117.0,desktop
11058,1256,2024-07-25,3.0,desktop
11059,1256,02/16/2024,112.0,mobile
11060,1256,01-02-2025,107.0,tablet
11061,1256,11/04/2024,,mobile
11062,1256,29-01-2025,,desktop
11063,1256,09/24/2024,94.0,tablet
11064,1256,07/15/2024,14.0,desktop
11065,1256,07/28/2024,15.0,mobile
11066,1256,2024-09-12,60.0,mobile
11067,1256,11-02-2024,73.0,mobile
11068,1256,2024-07-01,8.0,desktop
11069,833,10/24/2024,28.0,mobile
11070,1256,20-11-2024,119.0,mobile
11071,1256,11/12/2024,7.0,desktop
11072,1256,2024-06-25,41.0,desktop
11073,1256,09/05/2024,89.0,mobile
11074,1256,04/21/2024,83.0,tablet
11075,1256,01/30/2024,24.0,desktop
11076,1256,2024-03-01,94.0,tablet
11077,1256,2024-07-15,112.0,mobile
11078,1256,31-07-2024,119.0,tablet
11079,1256,2024-09-02,78.0,tablet
11080,1256,20-08-2024,52.0,tablet
11081,833,2024-05-02,4.0,tablet
11082,1256,04/01/2024,51.0,mobile
11083,1256,2024-09-08,80.0,desktop
11084,1256,30-07-2024,20.0,desktop
11085,1256,04/09/2024,114.0,mobile
11086,1256,2024-02-06,,desktop
11087,1256,01/23/2024,87.0,tablet
11088,1256,18-12-2024,72.0,desktop
11089,833,08/04/2024,115.0,mobile
11090,1256,07/08/2024,20.0,desktop
11091,1256,11/22/2024,32.0,tablet
11092,833,2024-08-27,55.0,mobile
11093,1256,12-11-2024,16.0,mobile
11094,1256,11-12-2024,92.0,desktop
11095,833,10-05-2024,114.0,mobile
11096,833,02/10/2024,66.0,mobile
11097,1256,01/14/2024,65.0,mobile
11098,833,2024-06-28,57.0,tablet
11099,833,,,mobile
11100,1256,12/13/2024,51.0,tablet
11101,833,25-03-2024,58.0,desktop
11102,1256,2024-04-12,32.0,tablet
11103,833,06/16/2024,34.0,tablet
11104,1256,30-11-2024,105.0,mobile
11105,1256,09/30/2024,50.0,tablet
11106,833,2024-03-17,109.0,tablet
11107,1256,2025-01-13,37.0,mobile
11108,833,,41.0,mobile
11109,1256,26-06-2024,43.0,desktop
11110,1256,01-09-2024,42.0,mobile
11111,833,2024-11-24,42.0,desktop
11112,1256,10-03-2024,77.0,desktop
11113,1256,16-09-2024,102.0,tablet
11114,1256,04/17/2024,116.0,tablet
11115,1256,01-01-2024,120.0,mobile
11116,1256,10-01-2025,87.0,desktop
11117,1256,2024-03-29,109.0,desktop
11118,1256,01/15/2024,115.0,tablet
11119,1256,08/07/2024,42.0,desktop
11120,1256,29-08-2024,62.0,desktop
11121,1256,04-12-2024,19.0,tablet
11122,1256,2024-10-12,71.0,desktop
11123,1256,11/08/2024,13.0,desktop
11124,833,02/11/2024,89.0,desktop
11125,833,2024-03-16,27.0,desktop
11126,1256,18-07-2024,50.0,
11127,1256,04/25/2024,43.0,desktop
11128,1256,05-11-2024,85.0,tablet
11129,1256,17-01-2025,57.0,desktop
11130,1256,2025-01-04,21.0,tablet
11131,1256,07/31/2024,74.0,desktop
11132,1256,2024-12-16,42.0,tablet
11133,1256,08/04/2024,3.0,mobile
11134,1256,2024-03-26,96.0,tablet
11135,1256,20-01-2024,17.0,desktop
11136,1256,02-02-2024,100.0,tablet
11137,1256,,38.0,tablet
11138,1256,11-01-2024,19.0,desktop
11139,1256,13-01-2024,48.0,mobile
11140,1256,30-04-2024,108.0,desktop
11141,833,05-09-2024,68.0,tablet
11142,1256,30-05-2024,84.0,tablet
11143,1256,12/21/2024,84.0,tablet
11144,1256,22-01-2025,105.0,mobile
11145,762,2024-10-12,98.0,mobile
11146,1256,08/15/2024,43.0,mobile
11147,1256,,37.0,tablet
11148,833,17-10-2024,104.0,tablet
11149,1256,04/16/2024,49.0,
11150,1256,27-02-2024,12.0,tablet
11151,1256,07/07/2024,13.0,tablet
11152,833,2024-07-16,25.0,desktop
11153,1256,11/03/2024,70.0,desktop
11154,1256,2024-04-23,,tablet
11155,1256,30-04-2024,,desktop
11156,1256,11/13/2024,118.0,desktop
11157,1256,,32.0,mobile
11158,833,10/27/2024,3.0,mobile
11159,833,2024-02-12,45.0,tablet
11160,1256,2024-03-09,88.0,desktop
11161,1256,14-09-2024,90.0,desktop
11162,833,,81.0,mobile
11163,1256,03/17/2024,71.0,mobile
11164,1256,2024-12-13,65.0,desktop
11165,1256,18-06-2024,44.0,tablet
11166,1256,28-02-2024,80.0,mobile
11167,1256,25-09-2024,,tablet
11168,833,2024-12-13,84.0,desktop
11169,1256,05/18/2024,110.0,desktop
11170,833,02/14/2024,26.0,mobile
11171,1256,2024-08-28,106.0,mobile
11172,1256,12-02-2024,47.0,mobile
11173,1256,01/06/2024,66.0,mobile
11174,1256,2024-01-17,50.0,tablet
11175,1256,06-07-2024,45.0,mobile
11176,833,2024-06-28,12.0,tablet
11177,1256,2024-02-26,78.0,tablet
11178,1256,08/12/2024,31.0,mobile
11179,1256,07/29/2024,118.0,mobile
11180,1256,04/05/2024,55.0,desktop
11181,1256,09/18/2024,95.0,mobile
11182,1256,2025-01-07,80.0,tablet
11183,1256,09/21/2024,101.0,tablet
11184,1256,19-02-2024,59.0,desktop
11185,833,24-10-2024,26.0,tablet
11186,833,2024-04-05,52.0,tablet
11187,1256,2024-10-26,115.0,tablet
11188,833,05/18/2024,103.0,desktop
11189,1256,2024-05-14,32.0,mobile
11190,1256,07/23/2024,1.0,tablet
11191,1256,02/13/2024,103.0,desktop
11192,1256,31-03-2024,97.0,
11193,1256,27-01-2024,29.0,mobile
11194,1256,16-07-2024,78.0,desktop
11195,1256,10/03/2024,102.0,desktop
11196,1256,06-04-2024,68.0,desktop
11197,833,03/27/2024,86.0,mobile
11198,1256,21-06-2024,106.0,mobile
11199,1256,2024-05-30,79.0,tablet
11200,1256,2024-02-08,,mobile
11201,1256,03/28/2024,115.0,desktop
11202,1256,2025-01-11,,tablet
11203,1256,09-02-2024,6.0,mobile
11204,1256,26-09-2024,25.0,tablet
11205,1256,2024-07-30,24.0,desktop
11206,1256,19-08-2024,119.0,desktop
11207,1256,,75.0,tablet
11208,1256,2024-02-26,27.0,desktop
11209,1256,22-09-2024,102.0,mobile
11210,833,2024-04-10,89.0,tablet
11211,1256,2024-03-20,99.0,desktop
11212,1256,12/19/2024,40.0,tablet
11213,1256,2025-01-17,90.0,mobile
11214,1256,10/18/2024,42.0,mobile
11215,1256,06/10/2024,68.0,mobile
11216,1256,,114.0,tablet
11217,833,02-09-2024,14.0,mobile
11218,833,21-03-2024,39.0,desktop
11219,833,,93.0,mobile
11220,1256,08-08-2024,106.0,mobile
11221,1256,16-01-2025,108.0,mobile
11222,1256,2024-02-06,83.0,desktop
11223,833,2024-03-14,,mobile
11224,1256,04/26/2024,25.0,tablet
11225,1256,12/25/2024,39.0,mobile
11226,1256,07/15/2024,4.0,desktop
11227,1256,12/19/2024,40.0,desktop
11228,1256,2024-09-11,93.0,desktop
11229,833,01/09/2025,46.0,tablet
11230,1256,03/25/2024,22.0,mobile
11231,833,09-01-2024,53.0,desktop
11232,1256,2024-10-08,71.0,mobile
11233,833,10-01-2024,112.0,desktop
11234,1256,2024-12-29,29.0,tablet
11235,833,2024-10-22,23.0,mobile
11236,1256,2024-05-10,53.0,mobile
11237,1256,2024-05-06,69.0,desktop
11238,1256,27-12-2024,39.0,tablet
11239,1256,2024-04-27,53.0,tablet
11240,1256,2024-04-28,95.0,desktop
11241,1256,2024-08-24,70.0,desktop
11242,1256,09/22/2024,78.0,tablet
11243,1256,09/27/2024,,desktop
11244,1256,2024-02-07,90.0,mobile
11245,1256,2025-01-18,37.0,desktop
11246,1256,28-04-2024,8.0,desktop
11247,1256,23-07-2024,101.0,
11248,1256,14-01-2025,13.0,desktop
11249,1256,,,tablet
11250,1256,04-09-2024,79.0,desktop
11251,1256,11/11/2024,,desktop
11252,833,01/02/2025,43.0,desktop
11253,1256,2025-01-12,8.0,mobile
11254,1256,24-08-2024,9.0,desktop
11255,1256,03/17/2024,72.0,desktop
11256,1256,28-01-2025,61.0,
11257,1256,2024-02-03,17.0,mobile
11258,1256,06/14/2024,81.0,desktop
11259,1256,2024-04-25,30.0,desktop
11260,1256,23-08-2024,29.0,mobile
11261,1256,08-05-2024,62.0,tablet
11262,833,20-06-2024,32.0,
11263,833,10/25/2024,87.0,tablet
11264,1256,28-03-2024,13.0,tablet
11265,1256,05/13/2024,97.0,desktop
11266,1256,09-07-2024,50.0,mobile
11267,1256,09/16/2024,67.0,desktop
11268,833,2024-02-02,15.0,mobile
11269,1256,2024-11-06,69.0,desktop
11270,1256,02/22/2024,40.0,desktop
11271,1256,01-01-2024,93.0,tablet
11272,833,20-05-2024,20.0,tablet
11273,1256,02/11/2024,113.0,tablet
11274,1256,19-11-2024,21.0,tablet
11275,762,27-05-2024,59.0,desktop
11276,833,2024-12-23,38.0,mobile
11277,1256,17-08-2024,43.0,mobile
11278,1256,06/22/2024,75.0,desktop
11279,1256,09/10/2024,69.0,mobile
11280,1256,18-09-2024,33.0,mobile
11281,1256,08/18/2024,91.0,tablet
11282,1256,2024-07-07,94.0,tablet
11283,1256,29-08-2024,71.0,tablet
11284,1256,2025-01-01,59.0,mobile
11285,1256,,77.0,desktop
11286,1256,03/01/2024,91.0,mobile
11287,1256,07-11-2024,16.0,desktop
11288,1256,09/02/2024,13.0,tablet
11289,1256,05/25/2024,37.0,desktop
11290,833,2024-04-13,15.0,tablet
11291,1256,2024-12-20,40.0,mobile
11292,1256,12/22/2024,113.0,mobile
11293,833,02/07/2024,68.0,desktop
11294,833,28-02-2024,3.0,mobile
11295,1256,2024-09-09,59.0,tablet
11296,1256,05/22/2024,51.0,tablet
11297,1256,12/19/2024,,
11298,1256,2024-10-21,33.0,mobile
11299,833,01/13/2024,90.0,tablet
11300,833,2024-08-05,76.0,mobile
11301,1256,2024-11-11,,tablet
11302,1256,11/30/2024,30.0,desktop
11303,1256,2024-05-30,80.0,desktop
11304,1256,03/23/2024,1.0,tablet
11305,1256,2024-08-25,,desktop
11306,1256,02/01/2024,103.0,desktop
11307,1256,11/29/2024,87.0,desktop
11308,1256,2024-09-06,43.0,
11309,1256,13-01-2024,59.0,mobile
11310,833,04/08/2024,98.0,desktop
11311,1256,15-10-2024,94.0,mobile
11312,1256,01/06/2025,29.0,desktop
11313,1256,17-06-2024,12.0,mobile
11314,1256,01/05/2025,101.0,desktop
11315,1256,2024-02-28,114.0,mobile
11316,1256,05-02-2024,50.0,
11317,1256,15-01-2025,97.0,desktop
11318,833,2024-05-17,84.0,desktop
11319,1256,04/03/2024,37.0,desktop
11320,1256,04/22/2024,113.0,mobile
11321,1256,02-08-2024,67.0,desktop
11322,1256,2024-09-21,19.0,tablet
11323,1256,09/11/2024,12.0,mobile
11324,1256,2024-03-21,43.0,
11325,833,10/15/2024,101.0,tablet
11326,1256,14-09-2024,,desktop
11327,833,2024-05-19,41.0,desktop
11328,833,26-02-2024,91.0,tablet
11329,1256,11/15/2024,20.0,desktop
11330,1256,05/24/2024,72.0,tablet
11331,833,21-04-2024,59.0,mobile
11332,762,24-03-2024,16.0,tablet
11333,1256,04/14/2024,2.0,tablet
11334,833,11/02/2024,118.0,tablet
11335,1256,08-07-2024,61.0,tablet
11336,1256,2024-06-05,108.0,tablet
11337,1256,22-09-2024,96.0,tablet
11338,833,2024-06-02,,desktop
11339,1256,23-03-2024,48.0,desktop
11340,1256,2024-10-24,27.0,tablet
11341,1256,,116.0,mobile
11342,1256,2024-10-10,22.0,desktop
11343,833,27-11-2024,93.0,mobile
11344,833,2024-09-07,46.0,mobile
11345,1256,07-04-2024,,mobile
11346,1256,06-04-2024,32.0,mobile
11347,1256,,83.0,desktop
11348,833,2024-12-21,86.0,mobile
11349,1256,07-08-2024,102.0,mobile
11350,1256,2024-08-17,94.0,mobile
11351,1256,10/01/2024,114.0,mobile
11352,1256,27-07-2024,118.0,desktop
11353,1256,10/06/2024,61.0,tablet
11354,1256,2024-02-25,95.0,mobile
11355,1256,28-01-2025,54.0,tablet
11356,1256,01/21/2025,2.0,mobile
11357,1256,31-01-2024,,tablet
11358,1256,19-06-2024,5.0,tablet
11359,1256,03-07-2024,115.0,desktop
11360,1256,09/19/2024,104.0,tablet
11361,1256,11/25/2024,108.0,tablet
11362,833,05/03/2024,61.0,desktop
11363,833,02-03-2024,60.0,desktop
11364,833,03-06-2024,88.0,desktop
11365,1256,2024-05-30,20.0,tablet
11366,833,2024-04-03,101.0,mobile
11367,833,06/09/2024,39.0,desktop
11368,1256,2024-04-24,17.0,mobile
11369,833,2024-12-05,114.0,desktop
11370,1256,2024-04-04,54.0,tablet
11371,833,2025-01-07,102.0,desktop
11372,1256,20-10-2024,97.0,mobile
11373,1256,2024-02-24,63.0,desktop
11374,1256,30-03-2024,107.0,tablet
11375,833,2024-05-06,107.0,tablet
11376,833,2024-06-14,76.0,desktop
11377,1256,,25.0,tablet
11378,1256,2024-11-08,43.0,mobile
11379,1256,24-11-2024,51.0,desktop
11380,1256,23-08-2024,102.0,mobile
11381,1256,2024-12-07,106.0,
11382,1256,2024-07-12,83.0,desktop
11383,1256,2024-04-21,62.0,desktop
11384,1256,22-08-2024,77.0,desktop
11385,1256,12/28/2024,113.0,mobile
11386,833,20-09-2024,82.0,tablet
11387,1256,2024-05-16,114.0,
11388,1256,11/25/2024,52.0,desktop
11389,1256,05/20/2024,35.0,mobile
11390,1256,11/08/2024,66.0,desktop
11391,1256,04/15/2024,7.0,tablet
11392,1256,2024-04-22,3.0,tablet
11393,833,2025-01-08,77.0,desktop
11394,1256,02/20/2024,,desktop
11395,1256,2024-03-18,72.0,mobile
11396,1256,2024-11-29,84.0,mobile
11397,1256,16-01-2025,85.0,mobile
11398,1256,2024-03-02,81.0,desktop
11399,1256,2024-11-18,40.0,
11400,1256,2024-01-07,27.0,desktop
11401,1256,10-03-2024,111.0,tablet
11402,1256,01/27/2024,8.0,tablet
11403,1256,2024-09-14,96.0,desktop
11404,1256,10-01-2025,82.0,tablet
11405,833,06/04/2024,74.0,desktop
11406,1256,01-08-2024,85.0,desktop
11407,1256,01/23/2024,14.0,tablet
11408,1256,13-05-2024,,desktop
11409,1256,12/03/2024,100.0,tablet
11410,1256,21-08-2024,34.0,desktop
11411,1256,2024-05-10,46.0,tablet
11412,1256,05/02/2024,89.0,desktop
11413,833,05/14/2024,45.0,desktop
11414,1256,2024-03-05,,mobile
11415,1256,12/29/2024,44.0,mobile
11416,1256,07/26/2024,87.0,desktop
11417,1256,11/08/2024,85.0,desktop
11418,1256,01-02-2025,81.0,tablet
11419,1256,,97.0,desktop
11420,1256,16-02-2024,,mobile
11421,1256,25-02-2024,108.0,mobile
11422,1256,2024-10-11,1.0,mobile
11423,1256,2024-06-01,,tablet
11424,1256,08-07-2024,32.0,mobile
11425,833,2024-06-01,85.0,desktop
11426,1256,17-09-2024,42.0,mobile
11427,1256,06/20/2024,5.0,mobile
11428,1256,,114.0,tablet
11429,833,10/15/2024,110.0,tablet
11430,1256,19-05-2024,51.0,mobile
11431,1256,12-07-2024,23.0,tablet
11432,1256,10/16/2024,2.0,desktop
11433,1256,07/03/2024,25.0,mobile
11434,833,2025-01-25,77.0,tablet
11435,1256,2024-05-29,43.0,tablet
11436,1256,11-02-2024,45.0,mobile
11437,1256,01-04-2024,67.0,tablet
11438,1256,,,mobile
11439,1256,2024-11-18,78.0,mobile
11440,1256,09/04/2024,76.0,desktop
11441,1256,01/02/2025,101.0,tablet
11442,1256,2024-02-20,24.0,tablet
11443,1256,2024-08-23,17.0,tablet
11444,1256,22-01-2024,7.0,tablet
11445,1256,2024-05-10,30.0,tablet
11446,833,2024-09-22,52.0,desktop
11447,1256,13-02-2024,1.0,tablet
11448,1256,11/30/2024,14.0,mobile
11449,833,07-01-2025,54.0,tablet
11450,833,2024-05-27,80.0,tablet
11451,1256,05/02/2024,57.0,desktop
11452,1256,21-01-2024,88.0,desktop
11453,1256,04/25/2024,8.0,mobile
11454,1256,2024-11-22,70.0,desktop
11455,1256,05-02-2024,103.0,desktop
11456,1256,10-05-2024,42.0,tablet
11457,1256,10/30/2024,60.0,desktop
11458,1256,12/15/2024,99.0,tablet
11459,1256,03/24/2024,101.0,tablet
11460,1256,05/06/2024,87.0,mobile
11461,833,12-01-2025,,mobile
11462,1256,03/02/2024,91.0,mobile
11463,833,2024-05-29,47.0,mobile
11464,1256,01/28/2024,,mobile
11465,1256,2024-09-09,,mobile
11466,1256,2024-04-30,58.0,tablet
11467,1256,09/19/2024,93.0,mobile
11468,1256,26-07-2024,119.0,tablet
11469,1256,14-05-2024,,tablet
11470,833,06/01/2024,80.0,desktop
11471,1256,04-07-2024,6.0,desktop
11472,1256,2024-12-19,116.0,tablet
11473,1256,12/12/2024,117.0,tablet
11474,1256,05/07/2024,118.0,desktop
11475,1256,05-09-2024,,
11476,833,02/21/2024,2.0,tablet
11477,1256,09-01-2024,66.0,tablet
11478,1256,2024-08-07,112.0,tablet
11479,1256,09/23/2024,112.0,tablet
11480,833,2024-06-26,37.0,desktop
11481,1256,27-12-2024,5.0,desktop
11482,1256,11/04/2024,114.0,desktop
11483,1256,2024-09-04,55.0,desktop
11484,833,05/10/2024,74.0,tablet
11485,833,2024-09-14,110.0,mobile
11486,1256,06/30/2024,25.0,tablet
11487,1256,2024-06-09,15.0,tablet
11488,1256,2024-09-26,80.0,mobile
11489,1256,2024-01-16,78.0,desktop
11490,1256,07/04/2024,43.0,mobile
11491,1256,2024-12-12,76.0,tablet
11492,833,2024-05-21,74.0,desktop
11493,1256,10/28/2024,23.0,mobile
11494,833,,79.0,mobile
11495,762,07-08-2024,12.0,mobile
11496,833,2024-10-05,63.0,tablet
11497,1256,2024-03-20,113.0,mobile
11498,1256,05/17/2024,32.0,mobile
11499,1256,19-10-2024,23.0,desktop
11500,833,16-11-2024,71.0,tablet
11501,1256,01/14/2024,85.0,desktop
11502,833,05-06-2024,59.0,mobile
11503,833,11-01-2024,116.0,desktop
11504,1256,2024-08-11,82.0,desktop
11505,1256,03/04/2024,41.0,
11506,1256,01/28/2024,42.0,tablet
11507,1256,09/09/2024,35.0,
11508,833,04-01-2025,49.0,tablet
11509,1256,07/02/2024,76.0,desktop
11510,1256,04/08/2024,64.0,tablet
11511,833,2024-04-23,98.0,mobile
11512,1256,2024-11-16,28.0,desktop
11513,1256,20-03-2024,59.0,desktop
11514,1256,24-01-2024,99.0,desktop
11515,1256,2024-12-15,91.0,mobile
11516,1256,09/07/2024,33.0,mobile
11517,1256,07-01-2025,,mobile
11518,1256,,42.0,desktop
11519,1256,16-08-2024,114.0,mobile
11520,833,13-10-2024,59.0,tablet
11521,1256,2024-09-21,92.0,desktop
11522,833,12/19/2024,10.0,tablet
11523,1256,2024-08-19,92.0,tablet
11524,833,08/01/2024,3.0,desktop
11525,1256,17-09-2024,12.0,mobile
11526,833,2024-04-12,89.0,mobile
11527,833,08/09/2024,113.0,desktop
11528,833,2024-10-04,19.0,desktop
11529,1256,2024-09-29,102.0,desktop
11530,1256,2024-09-08,47.0,tablet
11531,1256,06-11-2024,5.0,desktop
11532,1256,2024-05-17,81.0,mobile
11533,1256,12-04-2024,111.0,tablet
11534,1256,11-07-2024,42.0,mobile
11535,1256,09/23/2024,110.0,tablet
11536,833,05-05-2024,53.0,tablet
11537,833,07-05-2024,35.0,mobile
11538,1256,04/19/2024,62.0,mobile
11539,1256,07-07-2024,101.0,mobile
11540,833,02/16/2024,20.0,desktop
11541,1256,12/07/2024,92.0,desktop
11542,833,10/19/2024,101.0,mobile
11543,1256,2024-01-10,101.0,tablet
11544,1256,2024-04-25,108.0,mobile
11545,1256,27-02-2024,,tablet
11546,1256,13-07-2024,98.0,tablet
11547,1256,2024-07-23,100.0,mobile
11548,833,2024-09-08,,tablet
11549,1256,14-06-2024,42.0,mobile
11550,1256,2024-06-30,114.0,desktop
11551,1256,16-11-2024,50.0,mobile
11552,1256,12/26/2024,77.0,desktop
11553,833,2024-07-11,98.0,desktop
11554,1256,07/16/2024,31.0,tablet
11555,1256,2024-06-05,82.0,mobile
11556,833,01-09-2024,112.0,desktop
11557,1256,,78.0,desktop
11558,1256,27-01-2025,77.0,mobile
11559,1256,09-01-2024,99.0,desktop
11560,1256,2024-11-19,108.0,mobile
11561,1256,07/20/2024,106.0,tablet
11562,1256,04/13/2024,9.0,tablet
11563,1256,09/01/2024,35.0,tablet
11564,1256,26-09-2024,81.0,tablet
11565,1256,07/26/2024,58.0,mobile
11566,1256,03/17/2024,107.0,mobile
11567,1256,2024-04-19,70.0,mobile
11568,1256,21-01-2025,59.0,tablet
11569,833,01/04/2024,104.0,tablet
11570,1256,2024-08-14,103.0,mobile
11571,1256,07/28/2024,48.0,desktop
11572,1256,04/16/2024,70.0,desktop
11573,1256,2024-05-11,51.0,mobile
11574,1256,06-10-2024,51.0,mobile
11575,1256,2024-11-12,71.0,desktop
11576,1256,,111.0,desktop
11577,833,2025-01-20,16.0,
11578,1256,03/27/2024,112.0,desktop
11579,1256,2024-02-06,4.0,desktop
11580,833,2024-07-11,88.0,desktop
11581,1256,2024-07-22,27.0,mobile
11582,833,10/25/2024,82.0,mobile
11583,1256,29-08-2024,70.0,desktop
11584,1256,2024-06-01,89.0,tablet
11585,1256,09-01-2025,99.0,mobile
11586,1256,2024-05-26,107.0,tablet
11587,833,2025-01-11,80.0,tablet
11588,1256,09/05/2024,12.0,desktop
11589,1256,2024-11-19,2.0,mobile
11590,1256,29-12-2024,107.0,tablet
11591,1256,03-12-2024,77.0,mobile
11592,1256,30-08-2024,105.0,mobile
11593,1256,2024-12-09,70.0,mobile
11594,1256,2024-09-02,4.0,tablet
11595,1256,11/18/2024,22.0,
11596,1256,30-05-2024,18.0,desktop
11597,1256,14-09-2024,113.0,mobile
11598,833,17-10-2024,110.0,mobile
11599,1256,2024-11-20,79.0,
11600,1256,30-04-2024,114.0,
11601,1256,03/05/2024,116.0,tablet
11602,1256,2024-06-06,41.0,desktop
11603,833,11/26/2024,35.0,
11604,1256,,11.0,desktop
11605,833,2025-01-26,77.0,desktop
11606,833,24-01-2024,108.0,desktop
11607,1256,2024-09-01,59.0,mobile
11608,1256,2024-09-20,43.0,tablet
11609,1256,28-03-2024,120.0,tablet
11610,1256,2025-01-18,25.0,mobile
11611,1256,29-05-2024,53.0,desktop
11612,833,2024-12-06,23.0,tablet
11613,1256,06/05/2024,5.0,tablet
11614,1256,12/03/2024,,tablet
11615,833,09/03/2024,5.0,desktop
11616,833,22-06-2024,89.0,tablet
11617,1256,2024-02-20,97.0,tablet
11618,1256,,21.0,tablet
11619,1256,2024-07-09,91.0,mobile
11620,1256,2025-01-03,95.0,mobile
11621,1256,16-11-2024,87.0,desktop
11622,833,21-01-2025,6.0,mobile
11623,1256,03-10-2024,97.0,desktop
11624,1256,04/10/2024,,desktop
11625,1256,07-01-2025,,tablet
11626,1256,2024-07-15,81.0,mobile
11627,833,2024-10-09,7.0,desktop
11628,1256,05/01/2024,85.0,desktop
11629,1256,06-05-2024,66.0,tablet
11630,1256,2024-12-29,87.0,desktop
11631,1256,01/03/2025,16.0,tablet
11632,1256,05/26/2024,17.0,desktop
11633,1256,2024-04-17,23.0,mobile
11634,1256,06-10-2024,100.0,tablet
11635,1256,14-02-2024,28.0,desktop
11636,1256,03/22/2024,84.0,desktop
11637,1256,2024-09-03,68.0,mobile
11638,1256,02/20/2024,63.0,mobile
11639,1256,2024-04-02,10.0,mobile
11640,833,08/12/2024,4.0,tablet
11641,833,12/14/2024,58.0,desktop
11642,1256,01/23/2025,119.0,tablet
11643,833,03/03/2024,9.0,mobile
11644,1256,28-04-2024,91.0,desktop
11645,1256,02/04/2024,24.0,desktop
11646,833,14-05-2024,57.0,desktop
11647,1256,07/07/2024,49.0,tablet
11648,1256,09-07-2024,119.0,mobile
11649,1256,08/03/2024,52.0,mobile
11650,1256,02/04/2025,59.0,tablet
11651,1256,2024-12-10,95.0,desktop
11652,833,15-03-2024,58.0,desktop
11653,1256,2024-03-19,25.0,desktop
11654,1256,2024-08-10,109.0,desktop
11655,1256,2024-09-02,33.0,tablet
11656,1256,2024-09-04,19.0,mobile
11657,1256,29-03-2024,36.0,tablet
11658,1256,12/19/2024,,mobile
11659,1256,20-02-2024,9.0,mobile
11660,1256,2024-06-11,91.0,tablet
11661,1256,2024-05-28,2.0,tablet
11662,1256,01/08/2024,88.0,mobile
11663,1256,2024-01-06,96.0,tablet
11664,1256,2025-01-06,82.0,desktop
11665,1256,07-01-2024,67.0,desktop
11666,1256,2024-05-19,15.0,mobile
11667,1256,,120.0,mobile
11668,1256,26-08-2024,102.0,desktop
11669,1256,24-02-2024,120.0,mobile
11670,1256,20-01-2024,31.0,mobile
11671,1256,29-10-2024,94.0,desktop
11672,1256,08/06/2024,112.0,mobile
11673,833,2024-12-22,59.0,tablet
11674,1256,23-02-2024,63.0,tablet
11675,1256,12-01-2024,89.0,desktop
11676,1256,23-08-2024,115.0,tablet
11677,1256,06/19/2024,53.0,desktop
11678,1256,21-12-2024,18.0,tablet
11679,1256,03/02/2024,64.0,mobile
11680,1256,02/04/2024,118.0,desktop
11681,833,08/09/2024,38.0,mobile
11682,1256,21-10-2024,50.0,mobile
11683,1256,08/08/2024,82.0,mobile
11684,1256,06-10-2024,39.0,tablet
11685,1256,01/09/2025,51.0,mobile
11686,1256,2024-01-12,24.0,tablet
11687,1256,2024-07-07,59.0,tablet
11688,1256,07/06/2024,50.0,mobile
11689,1256,2024-01-31,99.0,mobile
11690,1256,06/21/2024,62.0,mobile
11691,833,12-02-2024,,desktop
11692,1256,01/10/2024,68.0,mobile
11693,833,26-10-2024,8.0,desktop
11694,1256,24-02-2024,27.0,mobile
11695,1256,2024-02-16,26.0,mobile
11696,1256,01/28/2025,19.0,desktop
11697,1256,09/30/2024,54.0,tablet
11698,1256,2024-09-18,13.0,desktop
11699,1256,2024-06-13,65.0,mobile
11700,1256,11/10/2024,42.0,desktop
11701,1256,08/19/2024,20.0,desktop
11702,1256,21-02-2024,85.0,tablet
11703,1256,10/19/2024,99.0,mobile
11704,833,2024-03-12,106.0,desktop
11705,1256,2025-02-04,,desktop
11706,1256,2024-05-27,1.0,tablet
11707,833,2024-10-13,69.0,mobile
11708,833,02-02-2025,87.0,tablet
11709,833,11/12/2024,102.0,mobile
11710,1256,22-04-2024,21.0,mobile
11711,1256,06/29/2024,1.0,mobile
11712,1256,,77.0,mobile
11713,1256,10/07/2024,120.0,tablet
11714,1256,2024-11-16,15.0,desktop
11715,1256,18-05-2024,103.0,mobile
11716,833,2024-03-30,13.0,tablet
11717,1256,15-08-2024,31.0,desktop
11718,1256,2024-04-06,32.0,mobile
11719,1256,02/29/2024,34.0,
11720,1256,2024-07-19,62.0,
11721,1256,10/20/2024,64.0,desktop
11722,833,04-04-2024,107.0,mobile
11723,833,14-03-2024,77.0,mobile
11724,1256,03/18/2024,110.0,tablet
11725,1256,17-10-2024,38.0,tablet
11726,1256,08/14/2024,102.0,desktop
11727,1256,03-01-2024,2.0,desktop
11728,833,2024-07-03,37.0,tablet
11729,1256,2024-08-15,91.0,tablet
11730,1256,2024-03-10,113.0,tablet
11731,1256,08/25/2024,22.0,desktop
11732,1256,24-10-2024,25.0,tablet
11733,1256,,29.0,mobile
11734,1256,2024-09-11,8.0,mobile
11735,1256,05/03/2024,99.0,mobile
11736,1256,05/03/2024,21.0,mobile
11737,1256,10-07-2024,73.0,mobile
11738,1256,16-09-2024,,
11739,1256,03-01-2024,60.0,tablet
11740,1256,12-03-2024,28.0,tablet
11741,1256,03/03/2024,6.0,desktop
11742,1256,01/27/2024,2.0,desktop
11743,1256,12/18/2024,102.0,
11744,1256,10/25/2024,20.0,desktop
11745,833,03-01-2025,75.0,mobile
11746,1256,2024-10-26,82.0,mobile
11747,833,04/18/2024,70.0,mobile
11748,1256,2024-09-24,,tablet
11749,1256,01/21/2025,102.0,tablet
11750,1256,26-03-2024,88.0,mobile
11751,1256,02-10-2024,14.0,desktop
11752,1256,19-04-2024,79.0,tablet
11753,1256,2024-09-06,31.0,desktop
11754,1256,08/13/2024,103.0,desktop
11755,1256,02/05/2024,104.0,
11756,833,01/16/2025,65.0,desktop
11757,1256,05/16/2024,44.0,tablet
11758,1256,2024-01-23,5.0,tablet
11759,1256,2024-04-21,109.0,
11760,1256,04/19/2024,52.0,tablet
11761,1256,2024-05-15,15.0,tablet
11762,1256,04-04-2024,7.0,desktop
11763,1256,01-02-2025,90.0,tablet
11764,1256,03/16/2024,70.0,mobile
11765,1256,,13.0,tablet
11766,1256,2024-04-20,46.0,tablet
11767,833,2024-09-20,16.0,mobile
11768,1256,2024-02-01,14.0,tablet
11769,1256,2024-04-06,107.0,desktop
11770,1256,02/23/2024,63.0,tablet
11771,1256,04-02-2025,,mobile
11772,1256,01/22/2024,75.0,desktop
11773,1256,06/06/2024,38.0,mobile
11774,1256,,22.0,mobile
11775,1256,2024-10-08,77.0,tablet
11776,1256,11/22/2024,67.0,desktop
11777,1256,02-11-2024,71.0,tablet
11778,833,22-07-2024,2.0,mobile
11779,1256,2024-10-10,120.0,mobile
11780,1256,09/09/2024,78.0,desktop
11781,1256,14-12-2024,31.0,mobile
11782,1256,01-08-2024,103.0,tablet
11783,1256,2024-10-06,13.0,mobile
11784,1256,28-03-2024,6.0,mobile
11785,1256,2024-05-10,59.0,desktop
11786,1256,01/05/2024,55.0,tablet
11787,1256,2024-08-24,83.0,tablet
11788,1256,12-01-2025,86.0,mobile
11789,1256,2024-05-29,62.0,tablet
11790,1256,05-10-2024,18.0,tablet
11791,1256,2024-06-01,41.0,mobile
11792,1256,07/27/2024,49.0,mobile
11793,1256,03/17/2024,96.0,desktop
11794,1256,2024-02-12,118.0,tablet
11795,1256,2024-01-20,14.0,mobile
11796,1256,11/22/2024,59.0,desktop
11797,1256,28-02-2024,103.0,mobile
11798,1256,12/19/2024,103.0,desktop
11799,1256,2024-07-22,3.0,tablet
11800,1256,12-01-2024,83.0,mobile
11801,1256,23-07-2024,36.0,desktop
11802,833,2025-01-03,,desktop
11803,1256,2024-04-02,18.0,tablet
11804,1256,05/18/2024,13.0,
11805,833,2024-01-10,,mobile
11806,1256,2024-04-09,99.0,desktop
11807,1256,2024-02-04,25.0,tablet
11808,833,03/07/2024,7.0,tablet
11809,1256,03-04-2024,54.0,desktop
11810,1256,2024-06-01,74.0,tablet
11811,833,11-08-2024,112.0,mobile
11812,1256,2024-05-26,113.0,mobile
11813,1256,20-07-2024,47.0,desktop
11814,1256,2024-09-08,50.0,tablet
11815,1256,01/23/2025,85.0,mobile
11816,1256,03/11/2024,101.0,desktop
11817,1256,04-02-2024,13.0,tablet
11818,833,10/18/2024,56.0,mobile
11819,1256,01/25/2024,90.0,tablet
11820,1256,2024-03-13,21.0,desktop
11821,1256,05/24/2024,27.0,mobile
11822,1256,2024-08-31,114.0,desktop
11823,762,09-02-2024,101.0,mobile
11824,762,2024-09-01,55.0,desktop
11825,1256,16-03-2024,70.0,mobile
11826,1256,2024-03-15,91.0,desktop
11827,1256,01/13/2024,,mobile
11828,1256,2025-01-30,,tablet
11829,1256,11-08-2024,102.0,desktop
11830,1256,08-06-2024,45.0,mobile
11831,1256,2024-10-30,49.0,tablet
11832,1256,08-04-2024,107.0,mobile
11833,833,10/15/2024,99.0,tablet
11834,1256,28-02-2024,72.0,desktop
11835,1256,2024-05-15,88.0,mobile
11836,4047,01/30/2024,118.0,desktop
11837,833,01-06-2024,80.0,desktop
11838,1256,2024-03-09,88.0,desktop
11839,1256,10-06-2024,68.0,tablet
11840,1256,2025-01-23,38.0,desktop
11841,1256,2024-05-28,56.0,tablet
11842,1256,23-05-2024,109.0,desktop
11843,762,27-12-2024,63.0,desktop
11844,1256,03/24/2024,87.0,
11845,1256,23-04-2024,6.0,mobile
11846,833,26-12-2024,53.0,mobile
11847,1256,08/07/2024,63.0,tablet
11848,1256,2024-07-21,89.0,desktop
11849,1256,10-02-2024,2.0,mobile
11850,1256,2024-02-16,7.0,mobile
11851,1256,01/23/2024,39.0,desktop
11852,833,06/30/2024,17.0,tablet
11853,1256,23-10-2024,12.0,mobile
11854,1256,11/13/2024,,tablet
11855,1256,06/10/2024,91.0,
11856,1256,08/02/2024,,desktop
11857,1256,08/04/2024,100.0,tablet
11858,1256,08/13/2024,52.0,desktop
11859,833,2024-12-31,48.0,desktop
11860,1256,25-12-2024,16.0,desktop
11861,1256,26-10-2024,23.0,tablet
11862,833,2024-01-07,44.0,desktop
11863,1256,2025-02-02,28.0,mobile
11864,1256,04-08-2024,114.0,mobile
11865,833,2024-06-29,92.0,mobile
11866,1256,12/13/2024,83.0,mobile
11867,1256,26-05-2024,83.0,desktop
11868,1256,03/02/2024,4.0,desktop
11869,1256,2024-01-07,103.0,mobile
11870,1256,2024-09-20,70.0,mobile
11871,833,2024-11-13,14.0,tablet
11872,833,20-06-2024,74.0,tablet
11873,1256,12-11-2024,32.0,mobile
11874,1256,2024-07-06,94.0,desktop
11875,1256,23-07-2024,94.0,tablet
11876,1256,31-10-2024,73.0,tablet
11877,1256,04/26/2024,22.0,desktop
11878,833,14-04-2024,,tablet
11879,1256,2025-01-19,,tablet
11880,1256,22-08-2024,109.0,mobile
11881,833,2024-05-10,95.0,tablet
11882,833,,,mobile
11883,1256,2024-07-02,98.0,tablet
11884,1256,10/29/2024,18.0,desktop
11885,1256,04/18/2024,117.0,mobile
11886,1256,2024-07-09,96.0,
11887,1256,08/08/2024,105.0,tablet
11888,1256,06-01-2025,83.0,mobile
11889,1256,2024-06-01,1.0,tablet
11890,1256,17-03-2024,76.0,desktop
11891,1256,06-12-2024,107.0,desktop
11892,1256,10/26/2024,44.0,desktop
11893,1256,,90.0,tablet
11894,1256,2024-02-21,113.0,mobile
11895,833,2024-12-23,111.0,desktop
11896,1256,10/20/2024,,tablet
11897,1256,01/14/2025,98.0,mobile
11898,833,03/29/2024,29.0,mobile
11899,1256,12/21/2024,55.0,mobile
11900,1256,07/19/2024,4.0,mobile
11901,1256,04/20/2024,67.0,desktop
11902,1256,01-03-2024,103.0,mobile
11903,1256,11/26/2024,32.0,tablet
11904,762,2024-04-14,5.0,mobile
11905,833,2024-12-09,13.0,mobile
11906,1256,2024-06-30,39.0,desktop
11907,1256,2024-07-22,117.0,tablet
11908,833,16-05-2024,22.0,mobile
11909,1256,03/03/2024,14.0,desktop
11910,1256,06-02-2024,73.0,tablet
11911,833,02/07/2024,34.0,desktop
11912,1256,2024-10-06,5.0,tablet
11913,833,02/20/2024,116.0,tablet
11914,762,28-07-2024,31.0,tablet
11915,1256,04/01/2024,48.0,mobile
11916,1256,2024-09-09,39.0,mobile
11917,1256,2024-03-29,72.0,mobile
11918,1256,10/06/2024,102.0,desktop
11919,1256,04/14/2024,54.0,mobile
11920,1256,26-10-2024,26.0,tablet
11921,1256,2024-08-24,28.0,
11922,1256,2024-12-06,52.0,desktop
11923,833,2024-04-13,47.0,mobile
11924,1256,04/04/2024,77.0,mobile
11925,1256,28-12-2024,36.0,mobile
11926,1256,12/22/2024,1.0,mobile
11927,1256,2024-11-05,30.0,mobile
11928,1256,12/21/2024,45.0,tablet
11929,1256,02/10/2024,73.0,desktop
11930,1256,05/21/2024,80.0,tablet
11931,1256,,109.0,desktop
11932,1256,02/09/2024,61.0,mobile
11933,1256,27-02-2024,,tablet
11934,1256,24-06-2024,56.0,tablet
11935,1256,20-05-2024,100.0,desktop
11936,1256,05/11/2024,57.0,
11937,1256,2024-11-12,18.0,tablet
11938,1256,2024-02-01,41.0,desktop
11939,1256,2024-09-21,54.0,mobile
11940,833,2024-12-16,44.0,mobile
11941,1256,18-04-2024,,mobile
11942,833,07-08-2024,74.0,mobile
11943,1256,08/14/2024,28.0,tablet
11944,1256,16-01-2024,86.0,tablet
11945,1256,,43.0,desktop
11946,1256,07/16/2024,1.0,tablet
11947,1256,06/21/2024,114.0,mobile
11948,1256,2025-01-12,117.0,tablet
11949,1256,12-10-2024,58.0,desktop
11950,1256,2024-07-11,42.0,mobile
11951,1256,12/14/2024,68.0,mobile
11952,1256,06-09-2024,27.0,mobile
11953,1256,,113.0,mobile
11954,1256,2024-09-02,21.0,desktop
11955,1256,12-01-2025,62.0,tablet
11956,1256,06-03-2024,102.0,tablet
11957,1256,15-12-2024,118.0,tablet
11958,1256,2024-07-16,,desktop
11959,1256,07/25/2024,29.0,mobile
11960,1256,19-04-2024,31.0,tablet
11961,1256,2025-01-18,53.0,mobile
11962,1256,2024-07-22,62.0,desktop
11963,1256,10/22/2024,36.0,mobile
11964,1256,2024-09-07,33.0,mobile
11965,833,2024-02-10,72.0,tablet
11966,833,10-04-2024,59.0,desktop
11967,1256,2025-01-15,36.0,
11968,1256,26-04-2024,79.0,tablet
11969,1256,2024-08-15,42.0,
11970,1256,2025-01-16,21.0,tablet
11971,1256,29-09-2024,99.0,mobile
11972,1256,06/28/2024,58.0,mobile
11973,1256,11/15/2024,116.0,mobile
11974,1256,,55.0,tablet
11975,1256,11-10-2024,27.0,
11976,1256,06/05/2024,57.0,desktop
11977,1256,01/10/2024,76.0,mobile
11978,1256,2024-02-10,64.0,mobile
11979,1256,12-09-2024,83.0,desktop
11980,1256,22-03-2024,53.0,tablet
11981,1256,03/20/2024,86.0,mobile
11982,1256,2024-05-25,107.0,tablet
11983,1256,2024-06-15,92.0,desktop
11984,1256,09/21/2024,94.0,tablet
11985,1256,2024-10-30,42.0,mobile
11986,1256,24-04-2024,66.0,desktop
11987,833,11/14/2024,93.0,mobile
11988,1256,,19.0,desktop
11989,833,2024-08-04,40.0,desktop
11990,1256,2024-03-16,69.0,mobile
11991,1256,2024-11-02,8.0,tablet
11992,833,28-08-2024,119.0,desktop
11993,833,17-12-2024,33.0,
11994,1256,06/30/2024,,desktop
11995,1256,02-08-2024,86.0,desktop
11996,833,2024-01-08,113.0,mobile
11997,1256,28-11-2024,51.0,mobile
11998,1256,10/04/2024,27.0,mobile
11999,1256,07/16/2024,79.0,mobile
12000,1256,31-08-2024,17.0,mobile
12001,1256,08-06-2024,103.0,tablet
12002,1256,2024-11-19,41.0,mobile
12003,833,07/30/2024,113.0,desktop
12004,1256,25-05-2024,45.0,
12005,1256,03/07/2024,,mobile
12006,833,16-10-2024,19.0,mobile
12007,1256,2024-11-05,108.0,desktop
12008,1256,03-03-2024,114.0,tablet
12009,1256,2024-05-14,12.0,
12010,833,04/26/2024,91.0,tablet
12011,1256,12/13/2024,118.0,mobile
12012,1256,2024-10-23,106.0,mobile
12013,1256,09/14/2024,78.0,tablet
12014,762,23-01-2024,33.0,tablet
12015,833,05/10/2024,62.0,desktop
12016,1256,01-01-2024,,tablet
12017,833,2024-04-11,9.0,desktop
12018,833,2024-07-12,,tablet
12019,1256,03/14/2024,117.0,tablet
12020,1256,2024-10-06,79.0,tablet
12021,1256,09/21/2024,32.0,tablet
12022,1256,2025-01-10,7.0,mobile
12023,1256,01-03-2024,30.0,mobile
12024,833,01/15/2024,57.0,tablet
12025,833,2024-11-09,16.0,tablet
12026,833,04-10-2024,105.0,mobile
12027,1256,2024-02-29,10.0,mobile
12028,1256,12/11/2024,98.0,desktop
12029,833,19-01-2025,71.0,desktop
12030,1256,08/15/2024,,desktop
12031,1256,19-01-2025,24.0,desktop
12032,833,07/19/2024,99.0,tablet
12033,1256,2024-09-14,,tablet
12034,1256,2024-08-28,14.0,desktop
12035,833,22-01-2024,81.0,
12036,833,2024-08-20,61.0,desktop
12037,762,03/24/2024,,tablet
12038,833,,74.0,desktop
12039,1256,2024-04-04,25.0,mobile
12040,833,2024-03-11,89.0,tablet
12041,1256,04/22/2024,,tablet
12042,1256,2025-02-03,36.0,tablet
12043,1256,11-11-2024,82.0,mobile
12044,1256,13-11-2024,90.0,desktop
12045,833,14-11-2024,51.0,desktop
12046,1256,2024-11-20,24.0,desktop
12047,1256,2024-07-10,118.0,desktop
12048,833,07/06/2024,36.0,desktop
12049,1256,2024-08-26,96.0,tablet
12050,1256,01/26/2025,2.0,tablet
12051,762,17-10-2024,103.0,
12052,833,09/21/2024,64.0,tablet
12053,1256,2024-07-02,93.0,mobile
12054,833,2024-11-03,14.0,mobile
12055,833,2024-09-04,109.0,tablet
12056,833,18-11-2024,94.0,mobile
12057,1256,05/25/2024,27.0,tablet
12058,1256,06/12/2024,15.0,tablet
12059,1256,2024-03-10,29.0,mobile
12060,833,06/13/2024,54.0,tablet
12061,833,14-09-2024,72.0,mobile
12062,1256,01-04-2024,13.0,tablet
12063,1256,03-11-2024,16.0,desktop
12064,1256,15-12-2024,1.0,tablet
12065,1256,2024-05-02,106.0,
12066,1256,12-12-2024,118.0,tablet
12067,1256,15-01-2024,105.0,mobile
12068,833,2024-04-20,61.0,tablet
12069,1256,02-01-2024,86.0,desktop
12070,1256,13-02-2024,7.0,mobile
12071,1256,01/11/2025,,tablet
12072,1256,07/01/2024,100.0,tablet
12073,1256,2024-04-06,4.0,mobile
12074,1256,10-07-2024,97.0,mobile
12075,1256,07/20/2024,4.0,desktop
12076,833,27-06-2024,105.0,mobile
12077,1256,08/30/2024,94.0,mobile
12078,762,01/13/2025,50.0,desktop
12079,1256,05/24/2024,55.0,mobile
12080,833,2024-11-25,41.0,
12081,1256,2024-07-20,72.0,tablet
12082,833,09/21/2024,,mobile
12083,1256,2024-01-28,19.0,tablet
12084,1256,09/18/2024,2.0,mobile
12085,1256,12/14/2024,70.0,mobile
12086,1256,09/14/2024,111.0,desktop
12087,1256,01/11/2024,56.0,desktop
12088,1256,2025-01-26,102.0,mobile
12089,1256,10/09/2024,59.0,mobile
12090,1256,2024-06-15,27.0,
12091,1256,20-09-2024,61.0,tablet
12092,1256,2025-01-10,32.0,mobile
12093,1256,08/24/2024,84.0,mobile
12094,833,2024-01-30,109.0,tablet
12095,833,2024-05-30,9.0,
12096,1256,,68.0,mobile
12097,1256,14-10-2024,102.0,desktop
12098,1256,09/27/2024,34.0,desktop
12099,1256,,60.0,mobile
12100,833,02/15/2024,70.0,desktop
12101,1256,10/28/2024,114.0,tablet
12102,1256,20-12-2024,89.0,tablet
12103,833,2024-06-22,14.0,desktop
12104,1256,11-01-2024,99.0,tablet
12105,833,08/06/2024,60.0,mobile
12106,1256,2024-05-12,5.0,desktop
12107,1256,12/20/2024,38.0,desktop
12108,1256,06-02-2024,,tablet
12109,1256,2024-06-13,68.0,mobile
12110,1256,2024-08-02,94.0,mobile
12111,1256,17-06-2024,6.0,mobile
12112,1256,13-05-2024,24.0,tablet
12113,1256,03/11/2024,33.0,mobile
12114,1256,13-12-2024,108.0,mobile
12115,833,02/28/2024,38.0,desktop
12116,1256,2024-02-28,62.0,desktop
12117,1256,20-09-2024,60.0,mobile
12118,833,10/31/2024,52.0,tablet
12119,1256,02/08/2024,41.0,tablet
12120,1256,14-06-2024,38.0,tablet
12121,833,03/04/2024,115.0,tablet
12122,1256,2024-03-16,17.0,desktop
12123,1256,2025-01-29,22.0,
12124,1256,08-10-2024,65.0,tablet
12125,1256,12/17/2024,42.0,tablet
12126,1256,2025-01-14,83.0,desktop
12127,1256,01/27/2025,65.0,tablet
12128,1256,2024-08-27,31.0,tablet
12129,1256,2024-10-14,84.0,tablet
12130,1256,01/06/2024,32.0,mobile
12131,1256,24-06-2024,120.0,mobile
12132,1256,12/30/2024,105.0,desktop
12133,1256,2024-06-30,14.0,tablet
12134,1256,2024-04-27,,desktop
12135,1256,2024-05-21,45.0,mobile
12136,1256,2025-01-16,21.0,desktop
12137,1256,01/06/2025,109.0,desktop
12138,833,2024-11-13,87.0,desktop
12139,1256,21-09-2024,118.0,mobile
12140,1256,04/08/2024,118.0,tablet
12141,833,2024-08-20,107.0,tablet
12142,1256,05/28/2024,78.0,tablet
12143,1256,12/08/2024,41.0,desktop
12144,1256,28-05-2024,110.0,tablet
12145,1256,2024-02-04,,tablet
12146,833,02/10/2024,68.0,tablet
12147,833,2024-02-23,59.0,desktop
12148,1256,08-10-2024,12.0,desktop
12149,1256,07/15/2024,6.0,mobile
12150,1256,04/22/2024,76.0,desktop
12151,762,03/30/2024,90.0,desktop
12152,1256,14-04-2024,4.0,tablet
12153,1256,11/11/2024,53.0,desktop
12154,1256,10/06/2024,10.0,tablet
12155,1256,01/01/2025,117.0,tablet
12156,833,11/08/2024,5.0,desktop
12157,1256,26-07-2024,95.0,mobile
12158,1256,05/20/2024,73.0,mobile
12159,1256,2024-11-06,22.0,mobile
12160,833,11/13/2024,,tablet
12161,1256,06-12-2024,48.0,mobile
12162,1256,2024-10-16,48.0,mobile
12163,1256,2024-11-19,17.0,tablet
12164,1256,05/09/2024,,tablet
12165,1256,27-11-2024,17.0,tablet
12166,1256,2024-04-21,74.0,desktop
12167,833,21-12-2024,48.0,mobile
12168,1256,20-08-2024,25.0,mobile
12169,1256,01-11-2024,77.0,
12170,1256,2025-01-11,104.0,tablet
12171,1256,2024-04-29,86.0,desktop
12172,1256,2024-08-30,68.0,desktop
12173,1256,07-06-2024,97.0,desktop
12174,1256,17-06-2024,62.0,desktop
12175,833,2024-12-11,90.0,mobile
12176,1256,2024-01-07,113.0,desktop
12177,1256,2024-09-16,91.0,tablet
12178,1256,2024-11-11,91.0,desktop
12179,1256,07-02-2024,103.0,tablet
12180,1256,2024-10-03,,mobile
12181,1256,2025-01-21,46.0,mobile
12182,1256,2024-01-29,4.0,mobile
12183,1256,05/25/2024,27.0,mobile
12184,1256,,76.0,desktop
12185,1256,05/17/2024,105.0,desktop
12186,762,05/09/2024,52.0,mobile
12187,833,27-04-2024,66.0,mobile
12188,1256,07/26/2024,59.0,tablet
12189,1256,2024-12-21,9.0,mobile
12190,1256,2024-06-18,6.0,mobile
12191,1256,2024-02-14,21.0,mobile
12192,1256,04-07-2024,56.0,tablet
12193,1256,03/08/2024,110.0,desktop
12194,1256,22-01-2025,,desktop
12195,1256,2024-03-08,54.0,desktop
12196,1256,2024-07-01,54.0,desktop
12197,1256,2024-08-10,71.0,desktop
12198,1256,2024-01-06,99.0,mobile
12199,833,,115.0,desktop
12200,1256,04-10-2024,37.0,desktop
12201,1256,29-08-2024,101.0,mobile
12202,1256,2025-01-16,10.0,mobile
12203,1256,08/22/2024,102.0,tablet
12204,1256,01-04-2024,116.0,tablet
12205,833,07-08-2024,,mobile
12206,833,2024-12-16,30.0,mobile
12207,1256,01/21/2025,59.0,mobile
12208,1256,06/30/2024,36.0,desktop
12209,833,06-02-2024,18.0,mobile
12210,1256,2024-09-09,7.0,desktop
12211,833,01-08-2024,25.0,desktop
12212,1256,29-10-2024,70.0,mobile
12213,1256,2025-01-04,13.0,desktop
12214,1256,08/29/2024,73.0,mobile
12215,1256,2024-02-19,28.0,tablet
12216,1256,12-06-2024,73.0,tablet
12217,1256,02/04/2025,70.0,mobile
12218,1256,12-06-2024,63.0,desktop
12219,1256,18-06-2024,22.0,desktop
12220,833,12/21/2024,116.0,mobile
12221,1256,11/16/2024,13.0,mobile
12222,1256,21-01-2024,68.0,mobile
12223,833,,12.0,tablet
12224,1256,08/08/2024,94.0,mobile
12225,1256,10/27/2024,34.0,mobile
12226,1256,24-09-2024,,desktop
12227,1256,23-02-2024,28.0,desktop
12228,1256,2024-03-14,53.0,desktop
12229,1256,2025-01-18,73.0,desktop
12230,1256,30-01-2025,35.0,mobile
12231,1256,07-12-2024,101.0,tablet
12232,1256,11-06-2024,17.0,mobile
12233,1256,17-12-2024,33.0,desktop
12234,1256,2025-01-29,37.0,tablet
12235,1256,2024-07-07,38.0,mobile
12236,833,08/27/2024,58.0,desktop
12237,1256,07/27/2024,12.0,desktop
12238,1256,03/08/2024,21.0,tablet
12239,1256,10/27/2024,116.0,desktop
12240,1256,2024-09-05,50.0,mobile
12241,1256,11/20/2024,109.0,mobile
12242,1256,01/20/2025,30.0,mobile
12243,1256,17-04-2024,,mobile
12244,1256,,84.0,tablet
12245,833,2024-03-20,9.0,desktop
12246,1256,01/13/2025,101.0,tablet
12247,1256,15-07-2024,73.0,mobile
12248,1256,24-09-2024,100.0,desktop
12249,833,04/02/2024,13.0,desktop
12250,1256,27-03-2024,51.0,mobile
12251,1256,31-01-2024,78.0,desktop
12252,833,03/28/2024,51.0,desktop
12253,1256,13-01-2025,22.0,tablet
12254,833,2024-07-20,51.0,mobile
12255,1256,18-11-2024,83.0,desktop
12256,1256,25-07-2024,83.0,tablet
12257,833,18-06-2024,,tablet
12258,1256,2024-11-07,25.0,mobile
12259,1256,06-02-2024,22.0,tablet
12260,1256,2025-01-14,27.0,mobile
12261,1256,01/17/2024,1.0,desktop
12262,1256,02/18/2024,,tablet
12263,1256,04/17/2024,77.0,tablet
12264,1256,09/29/2024,69.0,mobile
12265,1256,28-06-2024,76.0,desktop
12266,1256,,15.0,desktop
12267,833,03/27/2024,63.0,tablet
12268,1256,,29.0,tablet
12269,1256,16-12-2024,17.0,tablet
12270,1256,02/19/2024,13.0,mobile
12271,833,02/16/2024,83.0,desktop
12272,1256,01-01-2025,16.0,desktop
12273,1256,01/28/2025,113.0,tablet
12274,1256,2024-09-06,89.0,mobile
12275,1256,2024-04-23,75.0,tablet
12276,1256,01/09/2024,94.0,mobile
12277,833,08/13/2024,2.0,mobile
12278,1256,2024-02-29,113.0,mobile
12279,833,01/21/2024,23.0,tablet
12280,1256,12/10/2024,60.0,desktop
12281,1256,,100.0,desktop
12282,1256,22-01-2025,53.0,tablet
12283,1256,,68.0,tablet
12284,833,01/27/2025,98.0,tablet
12285,1256,2024-01-04,87.0,desktop
12286,1256,07-12-2024,108.0,mobile
12287,1256,2024-09-11,83.0,mobile
12288,1256,16-09-2024,99.0,mobile
12289,1256,,4.0,tablet
12290,1256,2024-05-21,46.0,mobile
12291,833,09/01/2024,43.0,
12292,833,21-01-2025,114.0,tablet
12293,1256,08/15/2024,97.0,mobile
12294,1256,13-07-2024,37.0,desktop
12295,1256,07/19/2024,,tablet
12296,833,11/13/2024,115.0,desktop
12297,1256,24-09-2024,106.0,mobile
12298,833,2024-08-11,88.0,tablet
12299,1256,15-06-2024,54.0,tablet
12300,1256,09/27/2024,,mobile
12301,762,06/14/2024,54.0,desktop
12302,1256,12/30/2024,67.0,tablet
12303,1256,2024-06-28,10.0,tablet
12304,1256,11-09-2024,37.0,mobile
12305,1256,2024-02-26,73.0,tablet
12306,1256,03-01-2025,12.0,mobile
12307,1256,2024-06-12,98.0,tablet
12308,1256,2024-09-04,104.0,mobile
12309,1256,2024-08-28,48.0,mobile
12310,1256,08-08-2024,68.0,tablet
12311,833,23-12-2024,104.0,mobile
12312,1256,2024-08-30,87.0,tablet
12313,1256,02/04/2024,63.0,desktop
12314,833,11/29/2024,82.0,tablet
12315,1256,2024-08-24,,desktop
12316,1256,09-03-2024,109.0,mobile
12317,833,16-02-2024,43.0,tablet
12318,1256,2024-07-27,11.0,tablet
12319,1256,2024-02-16,72.0,desktop
12320,833,,3.0,desktop
12321,1256,2024-12-14,10.0,
12322,1256,03/14/2024,80.0,mobile
12323,1256,19-07-2024,38.0,mobile
12324,833,2024-06-19,68.0,tablet
12325,1256,25-11-2024,62.0,desktop
12326,1256,2024-12-12,30.0,mobile
12327,833,,39.0,mobile
12328,1256,11-02-2024,15.0,tablet
12329,1256,2024-07-13,100.0,tablet
12330,1256,01/02/2024,83.0,desktop
12331,1256,2024-07-12,64.0,desktop
12332,1256,,46.0,desktop
12333,833,10-08-2024,56.0,tablet
12334,1256,2024-12-25,62.0,tablet
12335,1256,15-01-2025,91.0,tablet
12336,1256,2024-07-11,21.0,desktop
12337,1256,13-04-2024,100.0,desktop
12338,833,22-12-2024,97.0,mobile
12339,833,04/08/2024,25.0,desktop
12340,1256,2025-01-31,98.0,tablet
12341,1256,09-01-2024,86.0,tablet
12342,833,06-02-2024,97.0,desktop
12343,1256,2024-07-04,52.0,tablet
12344,1256,08/25/2024,,tablet
12345,1256,04/13/2024,,desktop
12346,1256,03/31/2024,44.0,desktop
12347,1256,26-03-2024,32.0,mobile
12348,1256,01/01/2025,15.0,tablet
12349,1256,26-09-2024,110.0,desktop
12350,1256,03/07/2024,101.0,mobile
12351,1256,2024-12-31,38.0,mobile
12352,1256,11-02-2024,56.0,desktop
12353,833,2024-11-15,24.0,tablet
12354,762,18-04-2024,,desktop
12355,1256,2024-01-09,32.0,
12356,1256,2024-01-20,29.0,
12357,833,15-09-2024,11.0,tablet
12358,1256,04-02-2025,91.0,tablet
12359,1256,2024-08-24,108.0,tablet
12360,1256,08/24/2024,,mobile
12361,1256,14-01-2025,116.0,mobile
12362,1256,11/18/2024,76.0,mobile
12363,833,12-01-2024,15.0,tablet
12364,1256,06/06/2024,82.0,desktop
12365,833,2024-09-02,84.0,mobile
12366,1256,21-06-2024,76.0,tablet
12367,1256,2025-01-16,87.0,mobile
12368,833,07/16/2024,,tablet
12369,833,2024-12-21,100.0,tablet
12370,833,2024-05-01,8.0,mobile
12371,1256,09/19/2024,75.0,mobile
12372,1256,2024-07-03,,desktop
12373,1256,03/10/2024,48.0,desktop
12374,1256,14-11-2024,10.0,mobile
12375,1256,2024-03-05,20.0,tablet
12376,1256,02/06/2024,93.0,tablet
12377,1256,04/30/2024,,mobile
12378,1256,03/16/2024,115.0,
12379,1256,09/27/2024,114.0,tablet
12380,1256,2024-04-30,93.0,tablet
12381,1256,2024-11-30,,tablet
12382,1256,,84.0,desktop
12383,1256,2024-11-17,14.0,mobile
12384,1256,04-03-2024,65.0,mobile
12385,1256,05/04/2024,25.0,tablet
12386,833,15-04-2024,47.0,tablet
12387,1256,08/03/2024,4.0,desktop
12388,1256,2024-11-13,31.0,tablet
12389,1256,2025-01-15,29.0,desktop
12390,1256,01/14/2025,44.0,desktop
12391,833,31-03-2024,47.0,desktop
12392,1256,2024-02-09,4.0,desktop
12393,1256,21-09-2024,23.0,mobile
12394,833,,30.0,desktop
12395,1256,20-04-2024,5.0,desktop
12396,1256,09/16/2024,14.0,tablet
12397,1256,2024-04-19,32.0,desktop
12398,1256,03-11-2024,86.0,mobile
12399,833,06-04-2024,72.0,mobile
12400,1256,2024-11-05,101.0,tablet
12401,1256,06-11-2024,,desktop
12402,1256,2024-08-04,7.0,mobile
12403,833,23-01-2025,109.0,desktop
12404,833,10/15/2024,18.0,desktop
12405,1256,05-12-2024,117.0,desktop
12406,1256,01-03-2024,35.0,desktop
12407,1256,2024-04-30,62.0,tablet
12408,1256,25-11-2024,91.0,tablet
12409,1256,2024-10-04,115.0,desktop
12410,1256,08-07-2024,29.0,desktop
12411,1256,01/05/2024,50.0,mobile
12412,1256,09/25/2024,5.0,mobile
12413,1256,10/30/2024,20.0,mobile
12414,833,08/22/2024,73.0,desktop
12415,1256,2024-10-18,48.0,mobile
12416,1256,05/25/2024,104.0,
12417,1256,2024-03-22,76.0,desktop
12418,1256,21-10-2024,106.0,desktop
12419,1256,20-11-2024,67.0,tablet
12420,1256,09/20/2024,85.0,mobile
12421,1256,,95.0,tablet
12422,833,03-02-2025,101.0,tablet
12423,833,01/30/2025,13.0,tablet
12424,1256,,93.0,mobile
12425,1256,01/21/2024,79.0,desktop
12426,1256,2024-05-10,76.0,tablet
12427,1256,19-03-2024,55.0,mobile
12428,1256,25-10-2024,63.0,tablet
12429,833,06/03/2024,50.0,
12430,833,22-10-2024,14.0,tablet
12431,833,04/16/2024,6.0,tablet
12432,833,10-12-2024,72.0,
12433,1256,20-06-2024,115.0,desktop
12434,1256,26-01-2025,99.0,tablet
12435,1256,12-12-2024,83.0,tablet
12436,833,02/24/2024,8.0,desktop
12437,1256,05/06/2024,31.0,
12438,1256,05/09/2024,76.0,tablet
12439,1256,2024-06-15,21.0,mobile
12440,1256,2024-10-17,104.0,mobile
12441,1256,03/29/2024,56.0,mobile
12442,1256,05/13/2024,33.0,mobile
12443,1256,30-01-2024,114.0,tablet
12444,1256,02/06/2024,19.0,
12445,833,10/30/2024,5.0,desktop
12446,833,14-02-2024,119.0,tablet
12447,1256,12/03/2024,20.0,desktop
12448,1256,22-09-2024,90.0,desktop
12449,1256,2024-10-26,,mobile
12450,1256,06-11-2024,36.0,mobile
12451,1256,2024-03-03,78.0,desktop
12452,833,2024-07-15,117.0,desktop
12453,833,2024-01-08,45.0,desktop
12454,1256,19-04-2024,26.0,mobile
12455,1256,10/28/2024,100.0,tablet
12456,1256,,19.0,desktop
12457,1256,09/23/2024,101.0,tablet
12458,1256,2024-03-29,87.0,desktop
12459,1256,10/27/2024,51.0,mobile
12460,833,,101.0,tablet
12461,833,2024-05-27,118.0,mobile
12462,1256,01/11/2025,75.0,mobile
12463,1256,27-05-2024,32.0,mobile
12464,1256,31-12-2024,18.0,mobile
12465,833,2025-01-25,106.0,
12466,1256,09/10/2024,36.0,tablet
12467,1256,01/17/2025,,desktop
12468,1256,2024-09-24,78.0,tablet
12469,1256,04/19/2024,19.0,desktop
12470,1256,2024-12-13,47.0,tablet
12471,1256,16-09-2024,27.0,
12472,1256,29-04-2024,55.0,desktop
12473,1256,04/23/2024,110.0,desktop
12474,1256,11-11-2024,12.0,desktop
12475,1256,01/18/2024,113.0,desktop
12476,1256,08/04/2024,20.0,tablet
12477,1256,2024-05-08,119.0,desktop
12478,1256,04-01-2024,58.0,desktop
12479,1256,2024-08-21,,tablet
12480,1256,2024-06-21,82.0,tablet
12481,1256,2024-12-10,84.0,desktop
12482,1256,01/31/2025,77.0,tablet
12483,833,26-04-2024,100.0,desktop
12484,833,01/27/2025,72.0,tablet
12485,833,12/16/2024,21.0,mobile
12486,833,11/14/2024,24.0,tablet
12487,1256,19-02-2024,18.0,mobile
12488,833,2024-07-01,75.0,desktop
12489,1256,2024-01-11,113.0,
12490,833,04-03-2024,49.0,desktop
12491,1256,18-06-2024,103.0,mobile
12492,1256,2024-06-12,107.0,mobile
12493,1256,2024-03-27,58.0,tablet
12494,833,01/24/2024,111.0,mobile
12495,1256,23-09-2024,84.0,mobile
12496,833,06/21/2024,120.0,desktop
12497,1256,18-12-2024,24.0,tablet
12498,1256,2024-03-13,16.0,desktop
12499,1256,2024-05-28,54.0,tablet
12500,833,,87.0,mobile
12501,1256,16-02-2024,101.0,desktop
12502,833,2024-09-18,57.0,tablet
12503,1256,2024-07-23,37.0,desktop
12504,833,2024-01-24,12.0,
12505,1256,2024-10-06,104.0,desktop
12506,1256,12-08-2024,73.0,tablet
12507,833,2024-05-11,93.0,desktop
12508,1256,08-02-2024,,tablet
12509,833,03/05/2024,,desktop
12510,1256,01-07-2024,95.0,mobile
12511,1256,2025-01-31,94.0,desktop
12512,833,10/29/2024,44.0,tablet
12513,1256,13-01-2025,71.0,tablet
12514,1256,03/12/2024,,mobile
12515,1256,04/22/2024,61.0,tablet
12516,1256,11/01/2024,116.0,desktop
12517,1256,07/09/2024,55.0,mobile
12518,1256,29-09-2024,79.0,desktop
12519,1256,24-07-2024,30.0,mobile
12520,1256,04/10/2024,,mobile
12521,1256,2024-08-29,75.0,desktop
12522,1256,05/26/2024,15.0,mobile
12523,1256,08-06-2024,17.0,desktop
12524,1256,2024-08-16,53.0,desktop
12525,1256,11-12-2024,,mobile
12526,1256,2024-04-13,71.0,tablet
12527,833,29-11-2024,23.0,tablet
12528,833,2024-08-14,47.0,mobile
12529,1256,04/07/2024,111.0,tablet
12530,1256,22-02-2024,71.0,mobile
12531,1256,02/25/2024,1.0,desktop
12532,1256,2025-01-25,,tablet
12533,833,2024-08-12,58.0,
12534,833,10/29/2024,105.0,tablet
12535,1256,2024-12-25,78.0,desktop
12536,1256,02/22/2024,52.0,tablet
12537,1256,21-06-2024,19.0,mobile
12538,1256,2024-07-30,108.0,
12539,1256,2024-05-18,13.0,desktop
12540,1256,07-07-2024,61.0,tablet
12541,1256,01/17/2024,102.0,tablet
12542,1256,09/15/2024,35.0,mobile
12543,1256,01/22/2025,7.0,mobile
12544,1256,03-01-2025,51.0,
12545,833,01/08/2024,72.0,desktop
12546,1256,02-01-2024,90.0,tablet
12547,833,05-09-2024,62.0,desktop
12548,833,09/22/2024,88.0,desktop
12549,1256,2024-12-29,40.0,desktop
12550,1256,10/19/2024,49.0,desktop
12551,1256,12/03/2024,50.0,mobile
12552,1256,2024-10-20,53.0,desktop
12553,1256,16-10-2024,57.0,tablet
12554,833,02-10-2024,117.0,desktop
12555,1256,17-07-2024,60.0,mobile
12556,1256,02-02-2025,17.0,mobile
12557,833,09-09-2024,117.0,desktop
12558,1256,22-01-2024,67.0,mobile
12559,1256,06-09-2024,10.0,mobile
12560,1256,30-09-2024,20.0,desktop
12561,1256,01/09/2024,108.0,mobile
12562,1256,08-01-2025,44.0,desktop
12563,833,30-04-2024,2.0,tablet
12564,1256,2024-02-06,13.0,tablet
12565,1256,2025-01-22,52.0,mobile
12566,833,03/07/2024,19.0,mobile
12567,1256,,21.0,tablet
12568,1256,11-02-2024,71.0,mobile
12569,1256,2024-12-14,45.0,desktop
12570,1256,12/27/2024,76.0,tablet
12571,1256,07/21/2024,33.0,tablet
12572,833,05/09/2024,4.0,desktop
12573,1256,08-04-2024,98.0,mobile
12574,1256,2024-04-01,51.0,mobile
12575,833,01/11/2025,8.0,tablet
12576,1256,,99.0,desktop
12577,1256,07/14/2024,115.0,desktop
12578,1256,23-09-2024,26.0,desktop
12579,1256,2024-10-11,78.0,mobile
12580,1256,10-07-2024,111.0,mobile
12581,1256,09/02/2024,48.0,
12582,1256,2024-01-15,24.0,desktop
12583,1256,18-10-2024,11.0,mobile
12584,1256,2024-06-04,108.0,desktop
12585,1256,02/18/2024,21.0,
12586,1256,12/28/2024,11.0,tablet
12587,1256,14-09-2024,92.0,desktop
12588,1256,2024-03-03,95.0,tablet
12589,1256,2024-08-24,55.0,desktop
12590,1256,2024-11-07,82.0,desktop
12591,1256,2024-05-31,79.0,desktop
12592,1256,10/19/2024,93.0,mobile
12593,833,08/02/2024,4.0,mobile
12594,1256,27-09-2024,111.0,desktop
12595,1256,29-04-2024,45.0,
12596,1256,2024-02-25,91.0,tablet
12597,1256,01/07/2024,66.0,desktop
12598,1256,11-06-2024,105.0,mobile
12599,1256,2024-11-20,3.0,desktop
12600,1256,2024-01-03,91.0,desktop
12601,1256,03/17/2024,91.0,desktop
12602,1256,2024-01-19,63.0,mobile
12603,1256,2024-12-19,22.0,desktop
12604,1256,2025-01-08,56.0,mobile
12605,833,2024-01-09,114.0,tablet
12606,1256,2024-06-07,46.0,desktop
12607,1256,07/28/2024,30.0,tablet
12608,833,16-03-2024,2.0,
12609,1256,10/13/2024,64.0,mobile
12610,1256,01/21/2024,,mobile
12611,1256,2024-04-06,92.0,tablet
12612,1256,2025-01-24,89.0,desktop
12613,1256,28-12-2024,49.0,tablet
12614,1256,2024-12-02,93.0,mobile
12615,1256,06/02/2024,25.0,mobile
12616,1256,02-01-2025,107.0,desktop
12617,833,21-01-2024,106.0,tablet
12618,1256,2024-02-21,24.0,tablet
12619,1256,11-06-2024,57.0,mobile
12620,833,01/29/2024,103.0,mobile
12621,1256,04/06/2024,116.0,tablet
12622,1256,01/20/2025,91.0,desktop
12623,1256,02/20/2024,36.0,desktop
12624,833,04-03-2024,104.0,tablet
12625,1256,03/28/2024,62.0,tablet
12626,1256,09-12-2024,,tablet
12627,833,16-01-2025,51.0,tablet
12628,1256,2024-02-01,74.0,tablet
12629,1256,,70.0,tablet
12630,1256,09-04-2024,2.0,desktop
12631,1256,2025-01-20,61.0,tablet
12632,1256,22-10-2024,104.0,mobile
12633,1256,01-01-2025,44.0,tablet
12634,1256,2024-09-16,31.0,mobile
12635,833,04/05/2024,66.0,mobile
12636,1256,2024-01-19,39.0,mobile
12637,1256,12/31/2024,102.0,desktop
12638,1256,2024-11-12,61.0,tablet
12639,1256,2024-02-17,,tablet
12640,1256,13-02-2024,72.0,tablet
12641,1256,10/24/2024,117.0,tablet
12642,1256,2024-03-13,46.0,mobile
12643,1256,,28.0,tablet
12644,833,14-09-2024,69.0,desktop
12645,1256,2024-12-05,10.0,tablet
12646,833,04-12-2024,54.0,desktop
12647,1256,30-05-2024,45.0,tablet
12648,1256,11/21/2024,,desktop
12649,1256,30-12-2024,43.0,mobile
12650,1256,04-06-2024,110.0,desktop
12651,1256,15-11-2024,105.0,desktop
12652,1256,06-11-2024,82.0,tablet
12653,1256,09/05/2024,55.0,tablet
12654,1256,2024-12-06,9.0,desktop
12655,1256,01-12-2024,23.0,desktop
12656,1256,2025-01-19,,mobile
12657,1256,2024-05-21,43.0,desktop
12658,1256,10-08-2024,38.0,desktop
12659,833,2024-01-27,113.0,desktop
12660,1256,2024-02-26,19.0,desktop
12661,1256,03-06-2024,101.0,tablet
12662,1256,13-10-2024,53.0,desktop
12663,1256,01/15/2024,84.0,tablet
12664,1256,06/27/2024,114.0,mobile
12665,1256,27-11-2024,43.0,desktop
12666,1256,,120.0,desktop
12667,1256,,18.0,tablet
12668,1256,2024-11-19,25.0,tablet
12669,1256,04/07/2024,19.0,mobile
12670,1256,15-03-2024,55.0,tablet
12671,1256,2024-10-15,22.0,tablet
12672,1256,03/07/2024,74.0,mobile
12673,1256,08-01-2025,,tablet
12674,1256,15-01-2025,33.0,mobile
12675,762,06/28/2024,28.0,desktop
12676,1256,25-08-2024,15.0,tablet
12677,1256,01/25/2025,95.0,mobile
12678,1256,2024-02-06,55.0,tablet
12679,1256,11/11/2024,104.0,tablet
12680,1256,2024-12-27,88.0,desktop
12681,1256,01/12/2024,27.0,tablet
12682,833,2024-08-18,110.0,mobile
12683,1256,2024-04-13,,tablet
12684,1256,03/25/2024,,mobile
12685,1256,10/25/2024,40.0,tablet
12686,1256,22-08-2024,13.0,desktop
12687,1256,21-07-2024,38.0,mobile
12688,1256,07-10-2024,52.0,desktop
12689,1256,10/09/2024,43.0,tablet
12690,833,2024-10-21,33.0,tablet
12691,762,01-02-2024,52.0,mobile
12692,1256,10-03-2024,84.0,tablet
12693,1256,12/25/2024,93.0,tablet
12694,1256,2024-05-17,99.0,mobile
12695,1256,2025-01-19,3.0,tablet
12696,1256,18-07-2024,65.0,desktop
12697,1256,12-06-2024,,desktop
12698,1256,06/12/2024,58.0,mobile
12699,1256,2024-03-07,51.0,tablet
12700,1256,10/03/2024,113.0,desktop
12701,1256,2024-11-14,11.0,tablet
12702,1256,05/28/2024,27.0,mobile
12703,1256,18-01-2025,59.0,tablet
12704,1256,12/27/2024,34.0,tablet
12705,1256,05/24/2024,82.0,mobile
12706,1256,23-06-2024,16.0,desktop
12707,1256,03-06-2024,68.0,tablet
12708,1256,2024-12-12,97.0,desktop
12709,1256,15-03-2024,65.0,desktop
12710,1256,23-07-2024,90.0,desktop
12711,1256,2024-06-09,73.0,tablet
12712,1256,2024-07-02,5.0,desktop
12713,833,2024-06-01,9.0,mobile
12714,1256,,32.0,desktop
12715,1256,01-08-2024,64.0,mobile
12716,1256,18-09-2024,94.0,tablet
12717,1256,2024-03-01,58.0,
12718,1256,2024-03-31,2.0,tablet
12719,1256,2024-12-18,13.0,mobile
12720,1256,07/04/2024,20.0,mobile
12721,1256,10-11-2024,30.0,mobile
12722,1256,,114.0,tablet
12723,833,2024-05-10,,mobile
12724,1256,07/02/2024,78.0,mobile
12725,1256,11/11/2024,93.0,desktop
12726,1256,29-08-2024,95.0,desktop
12727,1256,04-05-2024,72.0,desktop
12728,1256,01/18/2024,68.0,tablet
12729,1256,31-05-2024,,tablet
12730,1256,21-11-2024,71.0,tablet
12731,1256,26-12-2024,111.0,mobile
12732,1256,12-03-2024,5.0,mobile
12733,1256,,,tablet
12734,1256,06/12/2024,4.0,tablet
12735,1256,2024-11-04,51.0,mobile
12736,1256,2024-09-26,65.0,mobile
12737,1256,02/20/2024,90.0,mobile
12738,1256,10/19/2024,98.0,tablet
12739,1256,10/25/2024,108.0,desktop
12740,833,2024-03-08,24.0,tablet
12741,1256,2024-05-01,28.0,desktop
12742,1256,10/20/2024,14.0,
12743,1256,08/23/2024,68.0,tablet
12744,1256,11/03/2024,2.0,tablet
12745,1256,01/02/2024,72.0,mobile
12746,833,13-06-2024,23.0,tablet
12747,1256,10/17/2024,31.0,mobile
12748,1256,29-09-2024,1.0,
12749,1256,12/29/2024,9.0,tablet
12750,1256,2024-08-10,37.0,tablet
12751,1256,27-03-2024,111.0,tablet
12752,1256,2024-02-02,17.0,tablet
12753,1256,21-06-2024,32.0,desktop
12754,1256,2025-01-23,37.0,desktop
12755,1256,2024-03-25,56.0,mobile
12756,1256,15-09-2024,19.0,mobile
12757,1256,05/24/2024,33.0,mobile
12758,833,2024-02-23,97.0,desktop
12759,1256,07/11/2024,113.0,mobile
12760,1256,07/07/2024,29.0,mobile
12761,1256,11/18/2024,5.0,mobile
12762,1256,2024-01-01,115.0,desktop
12763,1256,31-05-2024,49.0,desktop
12764,1256,04/13/2024,46.0,desktop
12765,833,2024-01-21,,desktop
12766,1256,2024-05-31,60.0,desktop
12767,1256,11/18/2024,31.0,mobile
12768,1256,01/22/2025,107.0,mobile
12769,833,10/17/2024,116.0,desktop
12770,1256,05/15/2024,61.0,mobile
12771,1256,2024-08-14,83.0,tablet
12772,1256,15-03-2024,95.0,desktop
12773,833,04-01-2025,,tablet
12774,1256,2024-07-15,27.0,tablet
12775,1256,08/30/2024,23.0,tablet
12776,1256,21-02-2024,20.0,mobile
12777,1256,08/04/2024,112.0,desktop
12778,1256,07/20/2024,65.0,mobile
12779,1256,07/24/2024,71.0,tablet
12780,1256,,51.0,desktop
12781,833,07/15/2024,91.0,desktop
12782,833,2024-07-19,68.0,mobile
12783,1256,2024-02-13,20.0,mobile
12784,1256,07/28/2024,85.0,tablet
12785,833,2024-11-02,51.0,desktop
12786,1256,04/04/2024,81.0,mobile
12787,833,11/25/2024,91.0,tablet
12788,1256,04/26/2024,61.0,desktop
12789,1256,04-08-2024,41.0,mobile
12790,1256,09/14/2024,16.0,mobile
12791,1256,2024-07-31,,desktop
12792,1256,04/15/2024,113.0,tablet
12793,1256,05/25/2024,67.0,desktop
12794,1256,2024-05-28,,desktop
12795,833,2024-04-20,30.0,tablet
12796,1256,31-07-2024,61.0,mobile
12797,1256,2024-02-29,95.0,tablet
12798,833,10/02/2024,43.0,desktop
12799,1256,30-01-2025,3.0,desktop
12800,833,04/19/2024,29.0,mobile
12801,1256,2024-06-20,31.0,desktop
12802,1256,07-10-2024,18.0,desktop
12803,1256,02/21/2024,41.0,mobile
12804,1256,05-12-2024,11.0,mobile
12805,1256,07-06-2024,85.0,tablet
12806,1256,03-10-2024,107.0,tablet
12807,1256,29-01-2024,113.0,desktop
12808,1256,25-02-2024,89.0,desktop
12809,1256,07/14/2024,17.0,desktop
12810,1256,09/09/2024,58.0,tablet
12811,1256,,,desktop
12812,833,07/08/2024,115.0,mobile
12813,1256,06/05/2024,42.0,desktop
12814,1256,2024-01-14,20.0,tablet
12815,1256,13-04-2024,110.0,mobile
12816,1256,2024-05-24,99.0,mobile
12817,1256,08/08/2024,67.0,desktop
12818,1256,2024-09-12,77.0,desktop
12819,833,2024-11-17,26.0,tablet
12820,1256,04/24/2024,61.0,desktop
12821,1256,06/21/2024,103.0,tablet
12822,1256,28-04-2024,85.0,tablet
12823,1256,2024-12-14,104.0,tablet
12824,1256,03/22/2024,,desktop
12825,1256,2025-01-22,41.0,tablet
12826,1256,2024-12-07,21.0,tablet
12827,1256,12/30/2024,102.0,mobile
12828,1256,05/12/2024,,mobile
12829,1256,07/29/2024,51.0,mobile
12830,1256,01/15/2025,102.0,tablet
12831,833,08/01/2024,26.0,desktop
12832,1256,,55.0,tablet
12833,1256,2024-07-21,93.0,mobile
12834,1256,03-12-2024,87.0,desktop
12835,833,04/10/2024,36.0,tablet
12836,1256,25-10-2024,58.0,tablet
12837,1256,22-06-2024,84.0,mobile
12838,1256,16-05-2024,27.0,tablet
12839,1256,02/14/2024,81.0,desktop
12840,833,02-10-2024,85.0,desktop
12841,1256,2024-08-04,69.0,desktop
12842,1256,25-09-2024,55.0,desktop
12843,1256,23-10-2024,52.0,desktop
12844,833,23-06-2024,94.0,mobile
12845,833,06-02-2024,28.0,mobile
12846,1256,22-09-2024,88.0,tablet
12847,1256,2024-09-08,99.0,tablet
12848,1256,02-05-2024,72.0,mobile
12849,1256,07/20/2024,3.0,mobile
12850,1256,01/05/2024,76.0,tablet
12851,1256,07-05-2024,25.0,desktop
12852,1256,2024-12-08,43.0,desktop
12853,833,2024-06-17,109.0,tablet
12854,1256,12-04-2024,108.0,tablet
12855,833,01/30/2024,77.0,tablet
12856,833,2024-12-19,65.0,desktop
12857,1256,12-11-2024,117.0,tablet
12858,762,07/05/2024,117.0,desktop
12859,833,2024-02-14,42.0,mobile
12860,1256,2024-04-09,,mobile
12861,1256,10/28/2024,75.0,mobile
12862,1256,09/27/2024,6.0,tablet
12863,1256,20-12-2024,118.0,mobile
12864,1256,2024-05-12,63.0,tablet
12865,1256,01/29/2025,,tablet
12866,1256,2024-07-18,105.0,mobile
12867,833,21-11-2024,106.0,desktop
12868,1256,2024-02-20,36.0,
12869,1256,2024-07-22,102.0,tablet
12870,1256,09/26/2024,41.0,desktop
12871,1256,2024-08-02,79.0,desktop
12872,1256,2025-01-20,62.0,mobile
12873,1256,2024-09-20,115.0,desktop
12874,1256,01/04/2024,16.0,mobile
12875,1256,09/01/2024,52.0,tablet
12876,1256,14-12-2024,72.0,tablet
12877,1256,12/30/2024,4.0,mobile
12878,762,12/28/2024,69.0,mobile
12879,1256,2024-01-28,116.0,
12880,1256,2024-10-29,30.0,mobile
12881,1256,2024-02-04,79.0,desktop
12882,1256,2024-11-02,58.0,tablet
12883,1256,2024-12-18,100.0,tablet
12884,1256,05/24/2024,16.0,mobile
12885,1256,21-06-2024,30.0,tablet
12886,1256,02-02-2025,107.0,tablet
12887,1256,,104.0,desktop
12888,833,2024-08-12,34.0,desktop
12889,1256,04-03-2024,52.0,tablet
12890,1256,2024-06-14,,tablet
12891,1256,01/27/2025,71.0,desktop
12892,1256,12/13/2024,43.0,desktop
12893,833,03/28/2024,20.0,tablet
12894,833,11/23/2024,93.0,desktop
12895,1256,2024-08-10,103.0,mobile
12896,1256,2024-02-26,47.0,tablet
12897,1256,02/12/2024,110.0,tablet
12898,1256,12-08-2024,104.0,desktop
12899,1256,2024-04-27,68.0,tablet
12900,833,2024-05-04,99.0,tablet
12901,1256,11-04-2024,48.0,mobile
12902,833,21-07-2024,36.0,tablet
12903,833,20-07-2024,78.0,mobile
12904,1256,06/19/2024,84.0,tablet
12905,1256,08-01-2025,111.0,
12906,1256,02/28/2024,11.0,mobile
12907,1256,2024-12-27,40.0,mobile
12908,1256,03/02/2024,5.0,tablet
12909,1256,2024-03-31,46.0,mobile
12910,1256,2024-07-26,31.0,mobile
12911,833,05/02/2024,90.0,mobile
12912,833,05/02/2024,41.0,desktop
12913,1256,2024-02-15,56.0,desktop
12914,1256,,48.0,desktop
12915,1256,09/06/2024,100.0,mobile
12916,833,2024-02-05,55.0,tablet
12917,1256,2024-08-05,24.0,desktop
12918,1256,05-04-2024,46.0,tablet
12919,833,2025-01-27,22.0,mobile
12920,1256,05-12-2024,46.0,mobile
12921,762,03/13/2024,74.0,
12922,1256,07-06-2024,104.0,tablet
12923,1256,2025-01-25,104.0,tablet
12924,1256,2024-12-11,85.0,tablet
12925,1256,23-11-2024,,
12926,833,2024-09-01,72.0,desktop
12927,1256,,105.0,tablet
12928,1256,10/22/2024,105.0,desktop
12929,833,10/20/2024,2.0,mobile
12930,833,2024-05-15,117.0,mobile
12931,833,14-06-2024,95.0,tablet
12932,1256,05/22/2024,26.0,desktop
12933,1256,2024-09-09,77.0,tablet
12934,1256,2024-12-10,108.0,desktop
12935,1256,04-07-2024,,mobile
12936,1256,2024-08-05,37.0,desktop
12937,1256,01/10/2024,31.0,tablet
12938,1256,2024-02-11,1.0,desktop
12939,1256,2024-12-10,42.0,mobile
12940,1256,2024-12-16,33.0,mobile
12941,833,2024-04-02,37.0,tablet
12942,1256,,76.0,mobile
12943,1256,2024-09-11,63.0,mobile
12944,1256,05/24/2024,101.0,mobile
12945,1256,21-01-2024,73.0,mobile
12946,1256,2024-10-31,101.0,desktop
12947,1256,2024-01-15,96.0,desktop
12948,1256,2024-05-19,8.0,desktop
12949,1256,15-03-2024,60.0,mobile
12950,1256,24-06-2024,102.0,tablet
12951,1256,01/05/2024,,mobile
12952,762,10/10/2024,56.0,mobile
12953,1256,21-02-2024,35.0,tablet
12954,1256,08-08-2024,75.0,tablet
12955,1256,2025-01-11,38.0,desktop
12956,1256,2024-02-07,103.0,tablet
12957,1256,06-05-2024,20.0,mobile
12958,1256,10/08/2024,83.0,tablet
12959,1256,2024-04-29,97.0,mobile
12960,1256,15-01-2025,119.0,tablet
12961,1256,07/16/2024,86.0,desktop
12962,1256,09/04/2024,6.0,
12963,1256,23-07-2024,45.0,desktop
12964,1256,2024-04-16,104.0,desktop
12965,1256,01/13/2025,30.0,desktop
12966,1256,2024-01-08,50.0,desktop
12967,1256,08/19/2024,14.0,tablet
12968,1256,08/09/2024,71.0,mobile
12969,1256,12/05/2024,68.0,mobile
12970,1256,,11.0,desktop
12971,1256,03/26/2024,7.0,tablet
12972,833,01/16/2024,57.0,desktop
12973,1256,01/11/2025,10.0,desktop
12974,1256,2024-05-09,,tablet
12975,1256,07-07-2024,67.0,desktop
12976,1256,02-09-2024,106.0,tablet
12977,833,2024-02-19,113.0,
12978,1256,29-04-2024,14.0,tablet
12979,833,02/01/2025,37.0,desktop
12980,833,21-08-2024,97.0,tablet
12981,833,15-05-2024,107.0,mobile
12982,1256,2024-09-18,24.0,mobile
12983,1256,,51.0,desktop
12984,1256,01/24/2025,47.0,mobile
12985,1256,2024-10-01,87.0,desktop
12986,1256,08/27/2024,1.0,mobile
12987,1256,22-04-2024,116.0,mobile
12988,1256,26-12-2024,1.0,
12989,1256,07/03/2024,103.0,mobile
12990,1256,01/25/2025,64.0,mobile
12991,833,15-01-2024,,mobile
12992,1256,2024-09-02,24.0,desktop
12993,1256,02-05-2024,88.0,tablet
12994,1256,01/19/2025,52.0,desktop
12995,1256,26-09-2024,22.0,tablet
12996,1256,02-06-2024,70.0,tablet
12997,833,2025-01-19,101.0,tablet
12998,1256,20-09-2024,43.0,desktop
12999,1256,01/09/2025,120.0,tablet
13000,1256,2024-07-29,21.0,tablet
13001,1256,2024-11-18,61.0,mobile
13002,1256,12/18/2024,25.0,mobile
13003,833,01/21/2024,97.0,
13004,1256,02/01/2025,77.0,tablet
13005,833,2024-10-10,41.0,desktop
13006,1256,16-12-2024,28.0,desktop
13007,1256,2024-06-27,47.0,mobile
13008,1256,08-07-2024,75.0,desktop
13009,1256,14-05-2024,75.0,
13010,1256,2024-10-06,40.0,tablet
13011,1256,05/12/2024,96.0,mobile
13012,833,19-02-2024,7.0,tablet
13013,833,2024-04-13,46.0,tablet
13014,1256,01/21/2024,94.0,tablet
13015,1256,09/03/2024,80.0,mobile
13016,1256,23-07-2024,113.0,mobile
13017,833,2024-07-13,1.0,desktop
13018,1256,2024-05-23,19.0,tablet
13019,1256,01/10/2025,,tablet
13020,1256,23-02-2024,57.0,mobile
13021,1256,09-10-2024,18.0,desktop
13022,1256,08-06-2024,97.0,mobile
13023,833,01/16/2024,28.0,mobile
13024,1256,2024-04-09,6.0,mobile
13025,1256,04/01/2024,106.0,desktop
13026,1256,2024-01-17,53.0,desktop
13027,1256,23-06-2024,55.0,tablet
13028,1256,09-09-2024,,mobile
13029,1256,2024-06-21,39.0,tablet
13030,1256,10/09/2024,6.0,
13031,1256,2024-08-23,57.0,mobile
13032,1256,2025-02-02,61.0,tablet
13033,1256,2024-03-15,,tablet
13034,833,12-12-2024,6.0,mobile
13035,833,13-06-2024,16.0,tablet
13036,1256,07/02/2024,113.0,
13037,1256,22-10-2024,63.0,
13038,1256,06/01/2024,56.0,tablet
13039,1256,21-02-2024,26.0,mobile
13040,1256,03-02-2024,100.0,tablet
13041,1256,2024-09-19,75.0,tablet
13042,1256,03-09-2024,82.0,mobile
13043,1256,13-03-2024,95.0,mobile
13044,1256,30-01-2024,111.0,mobile
13045,1256,04/22/2024,86.0,desktop
13046,1256,10-07-2024,115.0,desktop
13047,1256,2024-03-25,47.0,tablet
13048,1256,06-11-2024,9.0,tablet
13049,833,,17.0,mobile
13050,1256,2024-05-05,35.0,tablet
13051,833,2024-04-03,86.0,
13052,1256,12/23/2024,43.0,desktop
13053,833,03-10-2024,,desktop
13054,1256,2024-02-20,32.0,tablet
13055,1256,25-06-2024,108.0,desktop
13056,1256,16-01-2025,105.0,desktop
13057,1256,2024-08-16,,mobile
13058,1256,2024-02-06,67.0,tablet
13059,1256,08/14/2024,72.0,tablet
13060,1256,03/02/2024,10.0,desktop
13061,1256,12/18/2024,,tablet
13062,1256,11-04-2024,26.0,desktop
13063,833,2024-07-24,19.0,mobile
13064,1256,25-08-2024,101.0,mobile
13065,1256,2025-02-03,99.0,mobile
13066,1256,17-01-2025,10.0,tablet
13067,1256,25-03-2024,105.0,tablet
13068,1256,01/01/2025,114.0,desktop
13069,1256,30-12-2024,30.0,tablet
13070,833,03/07/2024,70.0,mobile
13071,1256,24-01-2024,114.0,desktop
13072,762,04/25/2024,,tablet
13073,1256,10-01-2025,87.0,mobile
13074,1256,08/25/2024,18.0,mobile
13075,1256,04/18/2024,45.0,tablet
13076,1256,01-02-2024,80.0,tablet
13077,833,31-01-2025,102.0,mobile
13078,1256,01/01/2024,21.0,desktop
13079,1256,04-07-2024,9.0,mobile
13080,1256,2024-11-11,15.0,desktop
13081,1256,07/17/2024,22.0,mobile
13082,1256,08/09/2024,28.0,tablet
13083,1256,19-01-2025,22.0,tablet
13084,1256,13-10-2024,85.0,desktop
13085,1256,24-06-2024,116.0,mobile
13086,1256,2024-10-29,50.0,desktop
13087,1256,2024-02-14,90.0,desktop
13088,833,04/13/2024,,tablet
13089,1256,03/29/2024,84.0,
13090,833,27-01-2024,67.0,tablet
13091,1256,11/21/2024,112.0,desktop
13092,1256,14-10-2024,92.0,mobile
13093,1256,2025-01-28,63.0,desktop
13094,1256,,35.0,mobile
13095,1256,2024-08-27,80.0,desktop
13096,1256,2024-10-24,,tablet
13097,1256,2024-03-06,,mobile
13098,1256,08-12-2024,15.0,desktop
13099,1256,11-05-2024,78.0,desktop
13100,1256,2024-09-28,93.0,tablet
13101,1256,2024-08-09,117.0,tablet
13102,1256,01/07/2024,70.0,
13103,1256,09/18/2024,86.0,tablet
13104,1256,,27.0,desktop
13105,1256,01/25/2024,97.0,mobile
13106,1256,05/26/2024,113.0,tablet
13107,1256,2024-07-09,66.0,tablet
13108,833,03-02-2024,70.0,mobile
13109,1256,2024-03-05,,tablet
13110,833,03/19/2024,90.0,mobile
13111,833,08/24/2024,72.0,desktop
13112,833,2024-11-08,28.0,desktop
13113,833,01/20/2024,109.0,desktop
13114,1256,06/28/2024,,
13115,1256,31-07-2024,,desktop
13116,1256,08/03/2024,21.0,desktop
13117,833,04/07/2024,74.0,tablet
13118,1256,2024-08-13,38.0,tablet
13119,1256,27-01-2024,95.0,desktop
13120,1256,10-07-2024,48.0,desktop
13121,1256,09/04/2024,54.0,tablet
13122,833,16-09-2024,33.0,mobile
13123,1256,03/07/2024,52.0,mobile
13124,833,19-08-2024,56.0,tablet
13125,1256,04/15/2024,66.0,mobile
13126,1256,02/22/2024,6.0,mobile
13127,1256,06-02-2024,64.0,mobile
13128,833,10/11/2024,7.0,desktop
13129,1256,22-12-2024,69.0,tablet
13130,833,24-02-2024,86.0,desktop
13131,1256,01/03/2025,59.0,mobile
13132,833,2024-10-06,,desktop
13133,1256,09/06/2024,63.0,desktop
13134,833,2024-09-15,32.0,mobile
13135,1256,2024-10-28,83.0,tablet
13136,833,2024-08-07,1.0,tablet
13137,1256,04/15/2024,68.0,tablet
13138,1256,30-01-2024,61.0,mobile
13139,1256,04-02-2024,110.0,mobile
13140,833,02/10/2024,24.0,
13141,1256,2024-03-31,88.0,mobile
13142,1256,,110.0,desktop
13143,1256,01/10/2024,116.0,mobile
13144,1256,2024-12-27,54.0,tablet
13145,1256,01/21/2025,31.0,tablet
13146,1256,12/01/2024,64.0,mobile
13147,1256,09/21/2024,69.0,tablet
13148,833,2024-01-20,,mobile
13149,1256,2024-08-15,114.0,desktop
13150,833,2024-08-01,12.0,mobile
13151,833,06/03/2024,56.0,
13152,1256,2024-10-28,22.0,desktop
13153,1256,23-08-2024,2.0,
13154,1256,04/21/2024,54.0,tablet
13155,1256,2024-09-16,,mobile
13156,1256,11/28/2024,4.0,desktop
13157,1256,2024-05-01,18.0,desktop
13158,1256,05/20/2024,66.0,mobile
13159,1256,,99.0,tablet
13160,1256,03/15/2024,5.0,tablet
13161,1256,01/17/2025,102.0,mobile
13162,1256,27-12-2024,101.0,mobile
13163,1256,21-03-2024,93.0,desktop
13164,1256,17-07-2024,81.0,desktop
13165,1256,04/29/2024,79.0,tablet
13166,833,2024-02-18,66.0,desktop
13167,1256,02/22/2024,96.0,desktop
13168,1256,09/12/2024,82.0,desktop
13169,1256,16-03-2024,80.0,tablet
13170,833,2024-07-20,112.0,tablet
13171,1256,2024-02-26,117.0,tablet
13172,1256,2024-04-13,93.0,tablet
13173,1256,18-12-2024,71.0,
13174,1256,04/08/2024,12.0,tablet
13175,1256,08-04-2024,,
13176,1256,2024-09-15,24.0,desktop
13177,833,05/07/2024,94.0,mobile
13178,833,01/10/2025,51.0,mobile
13179,1256,24-09-2024,114.0,tablet
13180,833,03/13/2024,72.0,tablet
13181,833,2024-11-13,68.0,mobile
13182,1256,12-09-2024,25.0,mobile
13183,1256,2024-04-20,2.0,tablet
13184,833,2024-09-08,13.0,desktop
13185,1256,07-03-2024,77.0,tablet
13186,1256,2024-11-25,81.0,mobile
13187,1256,26-12-2024,2.0,mobile
13188,1256,06/12/2024,31.0,mobile
13189,1256,14-04-2024,62.0,desktop
13190,1256,07/09/2024,24.0,desktop
13191,1256,2024-05-24,43.0,tablet
13192,1256,20-06-2024,85.0,tablet
13193,1256,06/14/2024,1.0,tablet
13194,833,2024-05-31,30.0,tablet
13195,1256,03-08-2024,10.0,desktop
13196,1256,2024-09-01,82.0,tablet
13197,1256,21-03-2024,71.0,desktop
13198,1256,25-10-2024,81.0,tablet
13199,1256,22-05-2024,79.0,mobile
13200,1256,12/19/2024,15.0,desktop
13201,1256,29-08-2024,29.0,mobile
13202,1256,10/16/2024,50.0,tablet
13203,833,01-07-2024,4.0,mobile
13204,1256,2024-07-14,70.0,tablet
13205,1256,,7.0,mobile
13206,1256,06/09/2024,27.0,tablet
13207,833,11/06/2024,,desktop
13208,1256,2024-07-08,88.0,desktop
13209,1256,2024-08-20,32.0,tablet
13210,833,22-07-2024,37.0,mobile
13211,1256,2024-06-25,72.0,mobile
13212,1256,05/10/2024,71.0,desktop
13213,1256,31-08-2024,76.0,mobile
13214,1256,2024-03-24,34.0,desktop
13215,833,10/29/2024,57.0,tablet
13216,1256,28-05-2024,42.0,tablet
13217,1256,05/03/2024,86.0,
13218,1256,2024-01-24,91.0,tablet
13219,1256,2025-02-01,32.0,mobile
13220,833,02-01-2025,73.0,desktop
13221,1256,08-06-2024,26.0,mobile
13222,1256,09-03-2024,110.0,tablet
13223,1256,09-01-2024,17.0,mobile
13224,1256,2024-06-30,27.0,tablet
13225,1256,27-12-2024,,tablet
13226,1256,10-08-2024,73.0,mobile
13227,762,2024-02-09,88.0,tablet
13228,1256,09/09/2024,,tablet
13229,1256,07/19/2024,14.0,desktop
13230,1256,03/07/2024,56.0,desktop
13231,833,09/08/2024,55.0,desktop
13232,1256,05/14/2024,27.0,desktop
13233,1256,18-06-2024,73.0,desktop
13234,1256,18-11-2024,75.0,desktop
13235,1256,27-02-2024,2.0,tablet
13236,1256,30-05-2024,41.0,mobile
13237,1256,05-09-2024,65.0,mobile
13238,1256,01/14/2024,104.0,mobile
13239,1256,13-01-2025,44.0,mobile
13240,1256,02/22/2024,91.0,desktop
13241,1256,2024-11-05,26.0,mobile
13242,1256,2024-02-01,18.0,tablet
13243,762,02-08-2024,10.0,tablet
13244,1256,03/23/2024,62.0,mobile
13245,1256,2024-07-16,109.0,mobile
13246,833,,1.0,mobile
13247,1256,30-01-2024,33.0,tablet
13248,1256,23-02-2024,89.0,mobile
13249,1256,05/05/2024,90.0,desktop
13250,833,02/19/2024,108.0,desktop
13251,1256,01/17/2025,109.0,mobile
13252,1256,,29.0,desktop
13253,1256,09/25/2024,,mobile
13254,1256,08/14/2024,116.0,tablet
13255,1256,08-02-2024,64.0,desktop
13256,1256,04-07-2024,22.0,mobile
13257,833,14-06-2024,16.0,mobile
13258,1256,2024-06-02,47.0,tablet
13259,1256,19-12-2024,5.0,mobile
13260,1256,07-03-2024,98.0,mobile
13261,1256,07/16/2024,105.0,tablet
13262,1256,21-01-2024,105.0,tablet
13263,833,23-02-2024,38.0,tablet
13264,1256,2024-10-09,83.0,mobile
13265,1256,17-12-2024,86.0,tablet
13266,1256,08-09-2024,62.0,tablet
13267,1256,19-02-2024,19.0,desktop
13268,1256,04-10-2024,83.0,desktop
13269,833,05-04-2024,,desktop
13270,833,2024-04-09,107.0,desktop
13271,1256,23-06-2024,47.0,desktop
13272,1256,30-08-2024,112.0,tablet
13273,1256,2024-11-28,,mobile
13274,1256,10/10/2024,98.0,mobile
13275,1256,2024-04-10,83.0,tablet
13276,1256,2024-11-13,5.0,desktop
13277,1256,2024-03-25,72.0,desktop
13278,1256,2024-07-24,56.0,desktop
13279,1256,,86.0,desktop
13280,1256,2024-09-06,105.0,mobile
13281,1256,2024-09-13,92.0,mobile
13282,1256,13-02-2024,4.0,tablet
13283,1256,2024-12-31,1.0,tablet
13284,833,2024-01-15,35.0,tablet
13285,1256,25-12-2024,88.0,tablet
13286,1256,31-03-2024,116.0,tablet
13287,1256,04-01-2025,60.0,desktop
13288,1256,03/31/2024,78.0,tablet
13289,1256,01-11-2024,16.0,mobile
13290,1256,27-01-2025,50.0,mobile
13291,1256,02/08/2024,,tablet
13292,833,2024-03-23,27.0,mobile
13293,1256,10-06-2024,35.0,desktop
13294,1256,13-02-2024,28.0,desktop
13295,1256,2024-08-24,,desktop
13296,1256,26-11-2024,77.0,desktop
13297,1256,27-08-2024,58.0,tablet
13298,833,04/29/2024,9.0,tablet
13299,833,2024-03-06,111.0,mobile
13300,1256,,74.0,desktop
13301,1256,03/17/2024,69.0,tablet
13302,1256,2024-01-25,70.0,desktop
13303,1256,15-02-2024,51.0,desktop
13304,1256,2024-04-04,15.0,desktop
13305,1256,2024-09-02,30.0,tablet
13306,833,14-10-2024,74.0,desktop
13307,833,09-02-2024,54.0,desktop
13308,833,2024-02-14,77.0,tablet
13309,1256,11-04-2024,87.0,tablet
13310,1256,12/15/2024,94.0,desktop
13311,1256,2024-03-06,70.0,mobile
13312,1256,01/17/2024,92.0,desktop
13313,1256,05/19/2024,49.0,
13314,1256,25-01-2024,18.0,desktop
13315,1256,2024-01-27,92.0,desktop
13316,833,2024-10-22,98.0,tablet
13317,1256,17-11-2024,33.0,tablet
13318,1256,13-06-2024,24.0,mobile
13319,1256,,18.0,tablet
13320,1256,2024-11-17,49.0,desktop
13321,1256,2024-12-21,100.0,tablet
13322,1256,2024-06-14,50.0,tablet
13323,1256,2024-06-04,65.0,tablet
13324,1256,23-03-2024,101.0,mobile
13325,1256,2024-01-31,46.0,tablet
13326,1256,26-03-2024,62.0,mobile
13327,1256,01/26/2025,41.0,tablet
13328,1256,2024-09-23,102.0,mobile
13329,1256,2024-01-22,68.0,tablet
13330,1256,10/28/2024,31.0,mobile
13331,1256,01/05/2024,87.0,tablet
13332,1256,02/18/2024,60.0,tablet
13333,1256,05/03/2024,26.0,tablet
13334,1256,25-02-2024,37.0,mobile
13335,1256,05/21/2024,54.0,tablet
13336,833,03/03/2024,57.0,mobile
13337,1256,02-10-2024,110.0,tablet
13338,1256,03/02/2024,104.0,
13339,1256,2024-07-28,47.0,desktop
13340,1256,27-06-2024,78.0,mobile
13341,1256,31-05-2024,115.0,desktop
13342,1256,22-06-2024,102.0,tablet
13343,1256,03/22/2024,15.0,mobile
13344,1256,04/26/2024,94.0,desktop
13345,833,06/03/2024,23.0,desktop
13346,1256,12-11-2024,,tablet
13347,1256,2024-04-03,9.0,desktop
13348,1256,09-01-2025,30.0,mobile
13349,1256,08/31/2024,32.0,tablet
13350,1256,,32.0,tablet
13351,1256,2024-10-22,30.0,tablet
13352,1256,2024-10-08,12.0,desktop
13353,1256,2024-08-03,103.0,tablet
13354,1256,07/12/2024,40.0,
13355,1256,18-11-2024,16.0,mobile
13356,833,09/27/2024,77.0,mobile
13357,1256,2024-02-07,15.0,desktop
13358,1256,06/28/2024,103.0,tablet
13359,1256,2024-08-29,75.0,desktop
13360,833,08/19/2024,69.0,mobile
13361,1256,2024-08-09,45.0,tablet
13362,1256,2024-08-24,13.0,mobile
13363,1256,12/29/2024,100.0,tablet
13364,1256,01/18/2024,48.0,tablet
13365,1256,2025-01-24,59.0,mobile
13366,1256,2024-08-30,50.0,desktop
13367,1256,01/10/2025,65.0,tablet
13368,1256,18-07-2024,26.0,
13369,1256,2024-09-13,100.0,mobile
13370,1256,27-08-2024,,mobile
13371,1256,,88.0,mobile
13372,1256,29-11-2024,55.0,desktop
13373,1256,02/29/2024,,desktop
13374,1256,01-02-2024,114.0,mobile
13375,1256,13-05-2024,69.0,tablet
13376,1256,2024-06-10,14.0,
13377,762,01-06-2024,81.0,tablet
13378,1256,06/02/2024,2.0,mobile
13379,1256,10/29/2024,101.0,tablet
13380,1256,16-01-2025,,mobile
13381,1256,2024-07-23,103.0,desktop
13382,1256,20-04-2024,32.0,mobile
13383,1256,19-02-2024,117.0,tablet
13384,833,2024-09-24,61.0,tablet
13385,1256,26-04-2024,,mobile
13386,1256,2024-04-29,54.0,desktop
13387,833,24-12-2024,14.0,tablet
13388,1256,02/10/2024,89.0,desktop
13389,833,02-04-2024,,desktop
13390,1256,2024-11-12,111.0,tablet
13391,1256,29-08-2024,12.0,tablet
13392,1256,04/07/2024,26.0,mobile
13393,1256,05-11-2024,8.0,desktop
13394,1256,2024-07-19,92.0,desktop
13395,1256,2024-04-14,117.0,tablet
13396,833,10-12-2024,43.0,desktop
13397,1256,2024-08-15,40.0,mobile
13398,1256,10/03/2024,73.0,tablet
13399,1256,24-08-2024,94.0,tablet
13400,1256,24-11-2024,12.0,tablet
13401,1256,2024-05-03,86.0,mobile
13402,1256,02/02/2025,119.0,tablet
13403,833,03/13/2024,25.0,tablet
13404,833,2024-01-25,103.0,
13405,833,01/03/2024,116.0,mobile
13406,1256,11/20/2024,30.0,mobile
13407,833,,24.0,desktop
13408,1256,05/19/2024,27.0,mobile
13409,1256,12/07/2024,82.0,mobile
13410,1256,,119.0,tablet
13411,1256,01/01/2024,8.0,
13412,1256,2024-01-14,119.0,desktop
13413,833,01/14/2025,18.0,mobile
13414,1256,15-09-2024,28.0,desktop
13415,1256,11/01/2024,110.0,tablet
13416,1256,22-11-2024,70.0,desktop
13417,1256,14-08-2024,56.0,tablet
13418,1256,,,desktop
13419,1256,2024-10-24,6.0,mobile
13420,1256,2024-05-17,1.0,desktop
13421,1256,2024-12-13,2.0,desktop
13422,1256,2024-03-10,29.0,mobile
13423,833,18-10-2024,34.0,desktop
13424,1256,2024-04-27,79.0,desktop
13425,1256,01/08/2024,22.0,mobile
13426,1256,2024-04-09,19.0,desktop
13427,1256,2024-10-29,83.0,mobile
13428,1256,09/26/2024,78.0,desktop
13429,1256,01/11/2024,71.0,
13430,1256,01/14/2025,48.0,desktop
13431,1256,2024-04-14,50.0,tablet
13432,1256,18-08-2024,78.0,desktop
13433,1256,05/18/2024,14.0,tablet
13434,762,06/25/2024,70.0,desktop
13435,833,04/21/2024,35.0,mobile
13436,1256,12-01-2025,4.0,mobile
13437,1256,01/06/2024,18.0,mobile
13438,1256,2024-09-20,47.0,mobile
13439,1256,03/17/2024,17.0,tablet
13440,1256,2024-01-29,75.0,mobile
13441,1256,14-03-2024,48.0,desktop
13442,1256,02/25/2024,62.0,tablet
13443,1256,2024-07-26,14.0,mobile
13444,1256,03-12-2024,118.0,tablet
13445,1256,12/16/2024,23.0,desktop
13446,833,12/30/2024,88.0,mobile
13447,1256,2024-08-24,92.0,tablet
13448,1256,09/15/2024,36.0,mobile
13449,1256,2024-08-17,20.0,mobile
13450,833,01/14/2024,80.0,mobile
13451,1256,2024-08-26,51.0,mobile
13452,1256,09/20/2024,33.0,tablet
13453,1256,25-11-2024,13.0,tablet
13454,1256,28-10-2024,110.0,mobile
13455,1256,2024-12-03,,
13456,1256,2024-06-26,60.0,mobile
13457,833,20-11-2024,105.0,desktop
13458,1256,09-09-2024,94.0,tablet
13459,833,04/26/2024,,tablet
13460,1256,06-02-2024,47.0,desktop
13461,1256,2024-12-18,103.0,mobile
13462,1256,07/28/2024,14.0,desktop
13463,1256,09/04/2024,34.0,tablet
13464,1256,2024-09-16,47.0,mobile
13465,1256,2024-09-18,110.0,tablet
13466,1256,2024-07-12,101.0,tablet
13467,1256,28-11-2024,79.0,desktop
13468,1256,03/08/2024,84.0,tablet
13469,833,01/29/2024,110.0,
13470,1256,15-05-2024,28.0,mobile
13471,1256,29-02-2024,83.0,desktop
13472,1256,2024-10-01,114.0,tablet
13473,1256,08/02/2024,2.0,desktop
13474,1256,2024-10-07,48.0,tablet
13475,1256,12/04/2024,11.0,desktop
13476,1256,2024-05-20,100.0,desktop
13477,1256,21-09-2024,41.0,mobile
13478,1256,09-06-2024,64.0,mobile
13479,833,2024-02-13,103.0,desktop
13480,1256,2024-08-19,11.0,
13481,1256,08/11/2024,97.0,
13482,1256,05/06/2024,17.0,tablet
13483,1256,2024-01-01,,tablet
13484,1256,2024-09-16,42.0,mobile
13485,1256,24-01-2025,44.0,mobile
13486,1256,2024-02-01,79.0,mobile
13487,1256,2025-01-09,38.0,tablet
13488,1256,12/16/2024,12.0,tablet
13489,833,2024-05-28,,tablet
13490,833,2024-02-24,63.0,mobile
13491,1256,20-07-2024,36.0,desktop
13492,1256,25-09-2024,69.0,
13493,1256,2024-03-10,89.0,tablet
13494,1256,08/15/2024,,desktop
13495,1256,08-11-2024,65.0,desktop
13496,833,09/30/2024,64.0,desktop
13497,1256,12/14/2024,20.0,mobile
13498,1256,2024-04-23,70.0,desktop
13499,1256,,3.0,mobile
13500,1256,2024-08-07,57.0,tablet
13501,1256,2024-04-11,86.0,mobile
13502,1256,06/09/2024,81.0,mobile
13503,1256,03/12/2024,31.0,tablet
13504,1256,04/02/2024,72.0,mobile
13505,1256,01/05/2024,61.0,desktop
13506,1256,07/28/2024,26.0,mobile
13507,1256,08/11/2024,73.0,mobile
13508,1256,06-07-2024,,desktop
13509,1256,2024-05-25,88.0,tablet
13510,1256,2024-10-23,22.0,tablet
13511,1256,04/20/2024,28.0,desktop
13512,1256,2024-08-19,118.0,tablet
13513,1256,07/04/2024,,tablet
13514,833,2024-02-07,9.0,tablet
13515,1256,2024-12-25,,mobile
13516,1256,09-10-2024,78.0,desktop
13517,1256,09-08-2024,37.0,mobile
13518,1256,02/08/2024,99.0,tablet
13519,1256,15-01-2025,119.0,mobile
13520,1256,2024-12-13,26.0,tablet
13521,1256,03-02-2024,86.0,mobile
13522,1256,2024-02-12,50.0,mobile
13523,1256,12-07-2024,97.0,mobile
13524,1256,29-10-2024,3.0,tablet
13525,1256,27-03-2024,116.0,tablet
13526,1256,08/19/2024,89.0,mobile
13527,1256,2024-03-31,62.0,mobile
13528,1256,2024-09-10,74.0,tablet
13529,1256,2024-11-25,24.0,
13530,833,2024-07-06,118.0,tablet
13531,833,2024-12-30,97.0,tablet
13532,1256,30-07-2024,113.0,tablet
13533,762,10/29/2024,107.0,desktop
13534,1256,27-05-2024,73.0,tablet
13535,833,2024-10-13,85.0,tablet
13536,1256,09/03/2024,60.0,desktop
13537,833,2024-04-06,83.0,mobile
13538,1256,06/18/2024,116.0,desktop
13539,1256,10/20/2024,43.0,desktop
13540,1256,07/06/2024,4.0,tablet
13541,1256,10-08-2024,58.0,desktop
13542,1256,03/21/2024,51.0,desktop
13543,1256,01/22/2024,108.0,desktop
13544,1256,2025-01-09,115.0,mobile
13545,1256,02/17/2024,84.0,mobile
13546,1256,2024-09-05,65.0,desktop
13547,1256,26-10-2024,8.0,mobile
13548,1256,05/26/2024,110.0,tablet
13549,1256,26-11-2024,104.0,tablet
13550,762,2024-07-12,78.0,desktop
13551,1256,03/29/2024,119.0,desktop
13552,1256,01/06/2024,66.0,tablet
13553,1256,14-12-2024,35.0,desktop
13554,1256,13-06-2024,48.0,tablet
13555,833,2024-08-28,66.0,tablet
13556,1256,01/19/2024,9.0,
13557,1256,02/15/2024,27.0,desktop
13558,833,2024-10-01,26.0,mobile
13559,1256,2024-10-14,99.0,mobile
13560,1256,05-05-2024,80.0,mobile
13561,1256,30-08-2024,94.0,desktop
13562,762,12/21/2024,10.0,desktop
13563,1256,2024-04-11,10.0,
13564,1256,17-10-2024,,mobile
13565,1256,2024-10-22,97.0,desktop
13566,1256,12/25/2024,44.0,desktop
13567,833,01/27/2024,39.0,tablet
13568,1256,2024-06-02,119.0,tablet
13569,1256,27-11-2024,82.0,desktop
13570,1256,04/03/2024,32.0,tablet
13571,833,31-05-2024,11.0,desktop
13572,833,2025-01-29,35.0,mobile
13573,1256,27-09-2024,35.0,desktop
13574,1256,,92.0,
13575,1256,05/18/2024,59.0,desktop
13576,1256,2024-12-25,18.0,mobile
13577,1256,01/19/2025,45.0,tablet
13578,833,10/03/2024,69.0,tablet
13579,1256,2024-09-18,19.0,mobile
13580,833,,57.0,mobile
13581,833,05/05/2024,87.0,tablet
13582,833,12/16/2024,,mobile
13583,833,10/14/2024,29.0,mobile
13584,1256,2024-03-06,105.0,tablet
13585,1256,2024-07-23,63.0,desktop
13586,1256,06/24/2024,109.0,desktop
13587,1256,09-11-2024,20.0,tablet
13588,1256,2024-11-10,5.0,mobile
13589,1256,08/31/2024,79.0,mobile
13590,1256,2024-06-07,,mobile
13591,1256,2024-01-05,95.0,desktop
13592,1256,2024-07-04,85.0,tablet
13593,1256,2024-12-06,21.0,mobile
13594,1256,2024-10-07,37.0,desktop
13595,1256,03/18/2024,96.0,mobile
13596,1256,2024-01-13,14.0,desktop
13597,1256,01/10/2025,106.0,mobile
13598,1256,09/23/2024,18.0,desktop
13599,1256,10-03-2024,28.0,mobile
13600,1256,2024-10-27,14.0,mobile
13601,1256,2024-03-19,46.0,tablet
13602,1256,04-03-2024,51.0,tablet
13603,1256,01-12-2024,59.0,desktop
13604,833,22-05-2024,96.0,tablet
13605,1256,01/29/2024,4.0,desktop
13606,1256,2025-01-20,56.0,tablet
13607,833,01-10-2024,54.0,mobile
13608,1256,2024-04-18,24.0,desktop
13609,1256,12/04/2024,83.0,desktop
13610,1256,07-01-2025,81.0,tablet
13611,833,06/12/2024,117.0,tablet
13612,1256,11-03-2024,50.0,
13613,1256,03/15/2024,4.0,mobile
13614,1256,2024-03-29,21.0,tablet
13615,1256,08/04/2024,2.0,tablet
13616,1256,17-03-2024,33.0,mobile
13617,833,2024-11-24,83.0,desktop
13618,1256,2025-01-17,34.0,desktop
13619,1256,2024-07-12,102.0,tablet
13620,1256,17-12-2024,72.0,tablet
13621,1256,2024-03-10,103.0,mobile
13622,1256,06/18/2024,1.0,desktop
13623,1256,11/29/2024,18.0,desktop
13624,1256,05-06-2024,80.0,tablet
13625,1256,02/06/2024,53.0,tablet
13626,1256,15-11-2024,82.0,tablet
13627,833,2024-12-22,60.0,desktop
13628,1256,2024-09-20,,mobile
13629,1256,21-10-2024,104.0,mobile
13630,1256,03/14/2024,,
13631,1256,2024-12-03,111.0,
13632,833,28-03-2024,,mobile
13633,833,04/25/2024,47.0,mobile
13634,1256,09/09/2024,52.0,desktop
13635,1256,19-09-2024,30.0,desktop
13636,1256,2024-03-17,26.0,tablet
13637,762,22-04-2024,118.0,tablet
13638,1256,14-05-2024,102.0,desktop
13639,1256,14-01-2024,112.0,tablet
13640,1256,04/28/2024,24.0,mobile
13641,1256,09/30/2024,,mobile
13642,833,05/21/2024,58.0,mobile
13643,1256,29-01-2025,67.0,tablet
13644,1256,05/25/2024,9.0,tablet
13645,1256,13-03-2024,118.0,mobile
13646,1256,2024-08-25,43.0,mobile
13647,1256,07-08-2024,23.0,mobile
13648,833,2024-04-28,90.0,desktop
13649,1256,09-05-2024,102.0,tablet
13650,1256,05-09-2024,64.0,desktop
13651,1256,12/19/2024,26.0,mobile
13652,833,04/22/2024,91.0,desktop
13653,1256,2024-02-17,85.0,desktop
13654,1256,2024-04-10,37.0,mobile
13655,1256,07/18/2024,37.0,mobile
13656,1256,03/15/2024,16.0,tablet
13657,1256,14-07-2024,45.0,
13658,1256,07/12/2024,62.0,tablet
13659,1256,2024-08-14,79.0,desktop
13660,1256,02/24/2024,21.0,desktop
13661,1256,14-11-2024,86.0,desktop
13662,833,2024-10-03,90.0,mobile
13663,1256,2024-04-25,100.0,desktop
13664,833,26-03-2024,26.0,desktop
13665,1256,07/09/2024,58.0,mobile
13666,1256,,86.0,desktop
13667,833,25-01-2025,79.0,mobile
13668,1256,2025-01-24,66.0,mobile
13669,1256,04-05-2024,117.0,tablet
13670,1256,2024-02-09,70.0,desktop
13671,1256,2024-12-04,49.0,tablet
13672,1256,,71.0,mobile
13673,1256,2024-12-01,113.0,desktop
13674,1256,02/12/2024,10.0,desktop
13675,1256,2024-10-03,70.0,desktop
13676,1256,11/18/2024,17.0,
13677,1256,01/21/2024,1.0,
13678,833,18-11-2024,44.0,desktop
13679,1256,11/25/2024,57.0,desktop
13680,1256,01/01/2024,113.0,mobile
13681,833,,43.0,desktop
13682,1256,07/30/2024,14.0,desktop
13683,1256,10/03/2024,69.0,tablet
13684,1256,31-10-2024,48.0,tablet
13685,833,08/19/2024,49.0,desktop
13686,1256,2024-10-14,26.0,mobile
13687,1256,15-11-2024,85.0,tablet
13688,1256,2024-10-20,42.0,tablet
13689,1256,2024-01-10,75.0,mobile
13690,1256,09/26/2024,37.0,mobile
13691,1256,16-04-2024,97.0,desktop
13692,1256,2024-06-12,,
13693,833,2024-05-05,44.0,mobile
13694,762,2024-07-07,68.0,mobile
13695,1256,01/03/2025,99.0,mobile
13696,1256,13-09-2024,,tablet
13697,1256,17-12-2024,35.0,desktop
13698,833,2024-12-22,71.0,desktop
13699,1256,2025-01-06,19.0,desktop
13700,833,2024-06-14,84.0,mobile
13701,1256,01-05-2024,85.0,tablet
13702,1256,19-07-2024,3.0,desktop
13703,1256,20-02-2024,32.0,tablet
13704,833,07/13/2024,,tablet
13705,833,2025-01-26,60.0,tablet
13706,1256,2024-06-22,92.0,desktop
13707,1256,07/16/2024,18.0,mobile
13708,1256,31-01-2025,19.0,mobile
13709,1256,07/30/2024,66.0,mobile
13710,1256,2024-03-16,17.0,tablet
13711,1256,02/01/2025,21.0,desktop
13712,833,10/31/2024,5.0,mobile
13713,1256,09-08-2024,32.0,desktop
13714,1256,,95.0,desktop
13715,833,01/02/2024,11.0,tablet
13716,1256,2024-04-11,,desktop
13717,1256,21-01-2024,55.0,mobile
13718,1256,,115.0,tablet
13719,1256,30-01-2025,17.0,desktop
13720,1256,2024-12-03,,desktop
13721,1256,2024-02-11,107.0,tablet
13722,1256,16-05-2024,99.0,tablet
13723,1256,2024-03-01,50.0,tablet
13724,1256,18-04-2024,33.0,tablet
13725,1256,26-11-2024,102.0,desktop
13726,1256,2024-02-21,32.0,tablet
13727,1256,01/05/2024,72.0,tablet
13728,1256,01/11/2025,33.0,desktop
13729,833,2024-03-15,115.0,desktop
13730,1256,03/04/2024,37.0,mobile
13731,1256,2024-02-13,,tablet
13732,1256,11/14/2024,100.0,mobile
13733,1256,13-10-2024,107.0,desktop
13734,833,15-04-2024,58.0,desktop
13735,1256,2024-02-05,118.0,mobile
13736,1256,2024-11-23,,tablet
13737,1256,2024-07-04,105.0,tablet
13738,1256,,93.0,tablet
13739,833,25-01-2024,116.0,desktop
13740,833,09/20/2024,91.0,mobile
13741,1256,2024-12-12,2.0,tablet
13742,833,11-12-2024,25.0,mobile
13743,1256,18-01-2024,3.0,desktop
13744,1256,22-08-2024,106.0,tablet
13745,1256,06-08-2024,90.0,tablet
13746,1256,2024-02-22,81.0,mobile
13747,1256,06/07/2024,,desktop
13748,1256,01-11-2024,107.0,desktop
13749,833,28-12-2024,102.0,mobile
13750,1256,2024-03-09,51.0,tablet
13751,1256,2025-01-15,117.0,mobile
13752,1256,02/10/2024,54.0,tablet
13753,1256,03-09-2024,39.0,mobile
13754,1256,12/13/2024,90.0,mobile
13755,833,,,tablet
13756,833,2024-03-19,98.0,desktop
13757,1256,03/06/2024,30.0,desktop
13758,1256,2024-07-09,21.0,desktop
13759,1256,05/19/2024,112.0,tablet
13760,1256,12-05-2024,101.0,mobile
13761,1256,10-09-2024,24.0,desktop
13762,1256,17-01-2025,36.0,tablet
13763,833,04/19/2024,26.0,desktop
13764,833,,83.0,tablet
13765,1256,2024-07-22,120.0,desktop
13766,1256,09/19/2024,78.0,desktop
13767,1256,12/30/2024,114.0,tablet
13768,1256,01/16/2024,62.0,desktop
13769,1256,2024-03-24,92.0,mobile
13770,1256,12/02/2024,94.0,mobile
13771,833,10/06/2024,44.0,tablet
13772,1256,2024-07-25,87.0,mobile
13773,1256,2024-08-15,16.0,desktop
13774,1256,18-04-2024,,tablet
13775,833,2024-10-06,112.0,mobile
13776,1256,,,desktop
13777,1256,14-08-2024,90.0,desktop
13778,1256,29-03-2024,49.0,mobile
13779,762,28-04-2024,40.0,desktop
13780,1256,21-06-2024,12.0,desktop
13781,1256,04/19/2024,,mobile
13782,1256,13-03-2024,71.0,desktop
13783,1256,2024-05-29,69.0,desktop
13784,1256,2024-06-03,71.0,desktop
13785,1256,,13.0,mobile
13786,1256,2024-05-20,78.0,mobile
13787,1256,01/03/2024,54.0,mobile
13788,1256,07/18/2024,6.0,mobile
13789,1256,08/19/2024,106.0,mobile
13790,1256,,43.0,mobile
13791,1256,25-02-2024,22.0,mobile
13792,1256,2024-07-01,68.0,mobile
13793,833,05/01/2024,89.0,tablet
13794,1256,15-01-2024,77.0,mobile
13795,1256,11-11-2024,49.0,desktop
13796,1256,2024-10-15,73.0,mobile
13797,833,2024-10-17,28.0,tablet
13798,833,02/21/2024,95.0,desktop
13799,833,05/13/2024,80.0,desktop
13800,1256,2024-09-21,52.0,desktop
13801,1256,03/17/2024,113.0,desktop
13802,1256,09-01-2025,62.0,mobile
13803,833,15-01-2025,30.0,tablet
13804,1256,18-11-2024,7.0,mobile
13805,833,05-08-2024,85.0,desktop
13806,1256,31-12-2024,65.0,mobile
13807,1256,03/16/2024,,mobile
13808,1256,12/16/2024,58.0,tablet
13809,833,10/09/2024,48.0,mobile
13810,1256,10/26/2024,4.0,mobile
13811,1256,06/03/2024,66.0,tablet
13812,833,08/09/2024,40.0,desktop
13813,833,2024-11-22,33.0,desktop
13814,1256,03/22/2024,67.0,mobile
13815,1256,20-08-2024,36.0,mobile
13816,1256,11/10/2024,92.0,mobile
13817,833,2024-10-05,1.0,mobile
13818,1256,05/28/2024,14.0,tablet
13819,1256,05/04/2024,101.0,mobile
13820,833,19-08-2024,97.0,mobile
13821,1256,2024-03-28,89.0,desktop
13822,1256,04/08/2024,95.0,desktop
13823,1256,2024-09-18,93.0,desktop
13824,1256,22-03-2024,10.0,tablet
13825,1256,2024-09-24,90.0,tablet
13826,1256,07-03-2024,63.0,tablet
13827,1256,2025-01-20,36.0,mobile
13828,1256,02-08-2024,119.0,desktop
13829,1256,2024-06-09,8.0,tablet
13830,1256,09-09-2024,109.0,mobile
13831,1256,06/21/2024,100.0,tablet
13832,1256,09/10/2024,66.0,tablet
13833,1256,2024-04-08,81.0,tablet
13834,762,2024-01-25,5.0,tablet
13835,833,2024-01-26,71.0,mobile
13836,833,2024-04-07,97.0,tablet
13837,1256,09/05/2024,31.0,mobile
13838,833,10-01-2024,69.0,mobile
13839,1256,,92.0,tablet
13840,1256,02/15/2024,12.0,mobile
13841,1256,2024-04-02,91.0,desktop
13842,1256,2024-06-07,11.0,tablet
13843,1256,11/09/2024,84.0,tablet
13844,1256,01/06/2024,119.0,desktop
13845,1256,2024-09-05,,tablet
13846,1256,01/27/2024,,mobile
13847,833,01-11-2024,60.0,mobile
13848,1256,21-05-2024,89.0,mobile
13849,833,08/09/2024,72.0,mobile
13850,1256,01/08/2025,51.0,desktop
13851,1256,2024-08-09,68.0,mobile
13852,1256,2024-12-16,62.0,mobile
13853,1256,31-01-2025,16.0,desktop
13854,1256,02/02/2024,117.0,desktop
13855,1256,03/08/2024,68.0,tablet
13856,1256,05/08/2024,52.0,tablet
13857,1256,2024-09-04,78.0,tablet
13858,833,2024-11-28,114.0,tablet
13859,1256,03/02/2024,90.0,mobile
13860,1256,10/11/2024,21.0,desktop
13861,1256,19-01-2025,81.0,mobile
13862,1256,2024-01-31,,tablet
13863,1256,,27.0,desktop
13864,1256,05/18/2024,78.0,mobile
13865,1256,22-11-2024,112.0,mobile
13866,1256,23-06-2024,103.0,mobile
13867,1256,02-05-2024,96.0,mobile
13868,1256,2024-12-01,99.0,tablet
13869,1256,06/14/2024,109.0,tablet
13870,1256,09-04-2024,,tablet
13871,1256,01/24/2024,37.0,desktop
13872,1256,04/15/2024,90.0,mobile
13873,1256,2024-01-29,44.0,mobile
13874,1256,20-01-2024,14.0,desktop
13875,1256,2024-08-16,92.0,tablet
13876,1256,07/21/2024,21.0,tablet
13877,1256,2024-01-23,22.0,mobile
13878,1256,07-11-2024,71.0,tablet
13879,1256,01/09/2024,17.0,mobile
13880,1256,01/08/2024,113.0,tablet
13881,1256,11/25/2024,61.0,tablet
13882,1256,,104.0,tablet
13883,1256,2024-10-29,11.0,desktop
13884,1256,25-10-2024,84.0,desktop
13885,1256,04/06/2024,30.0,desktop
13886,1256,29-12-2024,81.0,mobile
13887,1256,11/29/2024,64.0,mobile
13888,1256,2024-11-12,1.0,mobile
13889,833,10/13/2024,42.0,tablet
13890,1256,2024-10-14,40.0,tablet
13891,1256,2024-03-29,5.0,mobile
13892,833,06/21/2024,66.0,mobile
13893,1256,2024-06-04,38.0,mobile
13894,1256,13-05-2024,18.0,desktop
13895,833,2024-11-20,21.0,desktop
13896,1256,2024-11-09,40.0,desktop
13897,1256,2024-01-13,45.0,desktop
13898,833,2024-05-16,8.0,tablet
13899,1256,15-02-2024,91.0,
13900,1256,02/10/2024,89.0,tablet
13901,1256,2024-03-04,98.0,mobile
13902,1256,2024-04-11,12.0,mobile
13903,1256,05/29/2024,104.0,mobile
13904,833,29-03-2024,4.0,mobile
13905,762,2024-12-06,51.0,tablet
13906,1256,01/14/2025,8.0,desktop
13907,1256,05/16/2024,106.0,mobile
13908,1256,02/18/2024,54.0,mobile
13909,1256,05/19/2024,15.0,desktop
13910,1256,2024-06-17,71.0,desktop
13911,1256,28-07-2024,120.0,mobile
13912,1256,2024-11-09,45.0,tablet
13913,1256,08/26/2024,32.0,mobile
13914,1256,10-01-2024,,desktop
13915,1256,10/27/2024,98.0,mobile
13916,833,12-08-2024,114.0,mobile
13917,833,08-11-2024,38.0,mobile
13918,1256,,3.0,mobile
13919,1256,,35.0,desktop
13920,1256,2024-10-04,46.0,desktop
13921,1256,2024-08-13,,mobile
13922,833,20-03-2024,18.0,mobile
13923,1256,2025-01-04,28.0,tablet
13924,1256,15-05-2024,92.0,mobile
13925,1256,12/24/2024,31.0,mobile
13926,1256,2024-08-31,99.0,mobile
13927,833,09/06/2024,111.0,tablet
13928,1256,2024-06-17,27.0,tablet
13929,1256,10-01-2024,90.0,mobile
13930,1256,2024-04-03,45.0,tablet
13931,1256,01/16/2025,120.0,tablet
13932,1256,30-01-2025,70.0,tablet
13933,833,11/26/2024,73.0,mobile
13934,1256,,101.0,mobile
13935,1256,10/12/2024,16.0,mobile
13936,833,02/12/2024,27.0,tablet
13937,1256,2024-02-05,5.0,mobile
13938,833,2024-07-29,10.0,mobile
13939,833,10/24/2024,96.0,desktop
13940,1256,2024-07-09,107.0,tablet
13941,1256,10-03-2024,56.0,desktop
13942,833,2024-01-16,112.0,mobile
13943,1256,02/25/2024,,tablet
13944,1256,18-03-2024,53.0,mobile
13945,1256,12/05/2024,12.0,tablet
13946,833,15-07-2024,36.0,mobile
13947,1256,2024-06-25,100.0,mobile
13948,1256,2024-09-27,21.0,desktop
13949,1256,01-02-2025,51.0,tablet
13950,1256,,9.0,desktop
13951,833,01/10/2025,72.0,desktop
13952,1256,21-06-2024,75.0,mobile
13953,1256,2024-01-20,12.0,mobile
13954,833,2024-11-28,35.0,desktop
13955,1256,2024-08-18,110.0,tablet
13956,1256,2024-08-16,36.0,desktop
13957,1256,2024-02-24,80.0,desktop
13958,1256,02-04-2024,111.0,tablet
13959,1256,26-06-2024,54.0,desktop
13960,1256,08-01-2025,66.0,tablet
13961,1256,2024-10-25,23.0,desktop
13962,1256,20-11-2024,85.0,mobile
13963,1256,03/27/2024,53.0,tablet
13964,1256,28-01-2025,100.0,mobile
13965,1256,2025-01-31,76.0,
13966,1256,03-06-2024,75.0,desktop
13967,1256,01/15/2024,71.0,tablet
13968,833,03-01-2025,44.0,mobile
13969,833,2024-06-21,107.0,desktop
13970,1256,28-10-2024,46.0,desktop
13971,1256,2024-06-24,40.0,desktop
13972,1256,2024-11-11,76.0,tablet
13973,1256,02/03/2024,35.0,mobile
13974,1256,2024-04-25,96.0,mobile
13975,1256,06/08/2024,102.0,desktop
13976,1256,24-10-2024,85.0,mobile
13977,1256,2025-01-08,46.0,
13978,833,15-11-2024,35.0,mobile
13979,833,19-10-2024,,desktop
13980,1256,2024-12-02,77.0,mobile
13981,1256,2024-12-29,78.0,tablet
13982,1256,,104.0,mobile
13983,1256,2024-06-09,92.0,
13984,1256,2024-06-07,113.0,tablet
13985,1256,26-03-2024,103.0,tablet
13986,1256,2024-11-25,41.0,desktop
13987,1256,01-11-2024,62.0,
13988,1256,17-04-2024,78.0,mobile
13989,1256,24-09-2024,4.0,mobile
13990,1256,2024-02-09,73.0,tablet
13991,1256,2024-10-19,75.0,tablet
13992,1256,09/27/2024,,mobile
13993,833,2024-05-23,48.0,tablet
13994,762,2024-01-03,83.0,desktop
13995,833,2024-01-27,40.0,desktop
13996,833,2024-09-05,101.0,mobile
13997,1256,02-08-2024,47.0,desktop
13998,1256,16-01-2025,47.0,tablet
13999,833,16-03-2024,99.0,tablet
14000,1256,2024-05-19,,tablet
14001,1256,2024-07-12,107.0,tablet
14002,833,2024-01-11,63.0,desktop
14003,1256,2024-10-03,115.0,tablet
14004,1256,2024-08-25,30.0,mobile
14005,1256,2024-09-22,16.0,tablet
14006,1256,08/25/2024,3.0,desktop
14007,1256,24-11-2024,,
14008,1256,2024-09-08,16.0,mobile
14009,1256,11-10-2024,47.0,tablet
14010,1256,08/08/2024,63.0,desktop
14011,1256,28-06-2024,70.0,mobile
14012,1256,06/20/2024,63.0,tablet
14013,1256,2024-07-08,22.0,tablet
14014,1256,2024-01-12,83.0,
14015,1256,10-08-2024,95.0,desktop
14016,1256,02/12/2024,84.0,desktop
14017,1256,03/10/2024,8.0,desktop
14018,833,29-04-2024,63.0,desktop
14019,1256,10/16/2024,17.0,desktop
14020,1256,17-04-2024,35.0,mobile
14021,1256,17-11-2024,79.0,mobile
14022,1256,2024-02-18,90.0,desktop
14023,833,29-10-2024,86.0,desktop
14024,1256,22-05-2024,72.0,mobile
14025,1256,2024-11-29,77.0,desktop
14026,1256,2024-10-22,76.0,
14027,1256,2024-05-03,39.0,tablet
14028,1256,31-05-2024,84.0,mobile
14029,1256,2024-11-06,70.0,desktop
14030,833,10/24/2024,42.0,mobile
14031,1256,09-10-2024,71.0,tablet
14032,1256,2024-11-18,83.0,desktop
14033,1256,2024-07-29,54.0,tablet
14034,1256,07/09/2024,69.0,desktop
14035,1256,2024-01-26,80.0,tablet
14036,1256,2024-10-20,110.0,tablet
14037,1256,2024-08-31,80.0,mobile
14038,1256,12/23/2024,96.0,desktop
14039,1256,02-07-2024,15.0,mobile
14040,1256,2024-08-30,3.0,desktop
14041,1256,06/18/2024,3.0,tablet
14042,1256,2024-01-22,36.0,desktop
14043,1256,2024-11-30,97.0,tablet
14044,1256,2024-06-09,39.0,mobile
14045,1256,11-09-2024,19.0,desktop
14046,1256,03-12-2024,91.0,mobile
14047,833,30-11-2024,29.0,desktop
14048,1256,2024-09-01,117.0,tablet
14049,1256,03/28/2024,41.0,mobile
14050,1256,2024-12-31,107.0,desktop
14051,1256,04/07/2024,7.0,mobile
14052,1256,2024-04-22,97.0,desktop
14053,1256,01-03-2024,58.0,
14054,833,2024-12-05,95.0,mobile
14055,1256,02-11-2024,118.0,desktop
14056,1256,15-11-2024,,tablet
14057,1256,01/07/2025,78.0,desktop
14058,1256,2024-08-09,53.0,tablet
14059,1256,2024-02-12,19.0,tablet
14060,1256,,33.0,mobile
14061,1256,2024-09-23,,desktop
14062,1256,2024-12-18,94.0,desktop
14063,1256,2024-10-29,81.0,
14064,1256,12/17/2024,46.0,desktop
14065,1256,10-12-2024,109.0,tablet
14066,1256,31-08-2024,73.0,tablet
14067,833,2024-07-11,79.0,desktop
14068,1256,06/03/2024,39.0,mobile
14069,1256,01/06/2025,21.0,tablet
14070,1256,2024-10-06,106.0,mobile
14071,1256,2024-07-15,73.0,mobile
14072,1256,04-01-2025,,desktop
14073,1256,04/07/2024,,
14074,833,04/10/2024,75.0,desktop
14075,1256,12/15/2024,29.0,mobile
14076,1256,2025-01-20,99.0,mobile
14077,1256,2024-06-18,6.0,tablet
14078,1256,2024-12-29,67.0,tablet
14079,1256,08/21/2024,,tablet
14080,1256,2024-10-03,105.0,mobile
14081,1256,06-08-2024,66.0,mobile
14082,1256,02/02/2024,69.0,tablet
14083,1256,12/31/2024,112.0,mobile
14084,1256,01/31/2025,99.0,desktop
14085,1256,08/17/2024,52.0,tablet
14086,1256,2024-02-04,104.0,tablet
14087,833,03/10/2024,24.0,tablet
14088,833,13-10-2024,75.0,mobile
14089,1256,2024-06-07,117.0,desktop
14090,1256,2024-08-15,34.0,tablet
14091,1256,2024-10-31,7.0,mobile
14092,1256,07/09/2024,119.0,desktop
14093,1256,20-02-2024,34.0,desktop
14094,1256,13-04-2024,103.0,mobile
14095,833,10/17/2024,103.0,desktop
14096,1256,2024-05-08,18.0,tablet
14097,833,01/03/2025,80.0,mobile
14098,1256,07/30/2024,78.0,tablet
14099,1256,24-05-2024,117.0,mobile
14100,1256,2024-08-15,98.0,desktop
14101,1256,2024-06-18,13.0,tablet
14102,1256,06-04-2024,8.0,mobile
14103,1256,03/17/2024,,desktop
14104,1256,,65.0,tablet
14105,1256,2024-04-06,28.0,desktop
14106,1256,11-01-2025,50.0,desktop
14107,1256,2025-01-04,82.0,desktop
14108,833,16-01-2025,89.0,
14109,1256,11/11/2024,114.0,mobile
14110,1256,01/17/2025,113.0,mobile
14111,1256,2024-02-24,58.0,tablet
14112,1256,2024-12-09,69.0,tablet
14113,1256,02/29/2024,4.0,mobile
14114,1256,10-12-2024,67.0,tablet
14115,1256,01-02-2024,102.0,tablet
14116,1256,03/03/2024,36.0,tablet
14117,1256,01/07/2025,97.0,desktop
14118,833,19-02-2024,55.0,mobile
14119,1256,2024-09-17,74.0,desktop
14120,1256,10/16/2024,58.0,mobile
14121,1256,2024-02-27,85.0,desktop
14122,1256,06-08-2024,92.0,desktop
14123,1256,2024-08-19,38.0,tablet
14124,762,03/31/2024,64.0,desktop
14125,1256,02/07/2024,68.0,tablet
14126,1256,2024-11-07,112.0,desktop
14127,1256,01/04/2025,12.0,desktop
14128,1256,01/27/2025,37.0,desktop
14129,1256,14-03-2024,109.0,tablet
14130,1256,19-05-2024,64.0,desktop
14131,833,13-08-2024,48.0,tablet
14132,833,02-01-2024,11.0,mobile
14133,833,2024-03-16,49.0,tablet
14134,1256,01/11/2025,20.0,desktop
14135,1256,2024-03-30,116.0,desktop
14136,1256,24-12-2024,112.0,desktop
14137,1256,04-09-2024,51.0,desktop
14138,1256,2024-12-31,1.0,tablet
14139,1256,19-09-2024,56.0,mobile
14140,833,07/20/2024,15.0,desktop
14141,1256,2024-09-12,92.0,mobile
14142,833,12/04/2024,111.0,desktop
14143,1256,07-04-2024,120.0,
14144,1256,19-09-2024,102.0,mobile
14145,1256,2024-02-19,107.0,tablet
14146,1256,04/20/2024,115.0,mobile
14147,1256,2024-11-09,14.0,mobile
14148,833,07/14/2024,91.0,tablet
14149,1256,07/27/2024,38.0,mobile
14150,1256,2024-04-24,75.0,desktop
14151,1256,2024-10-01,110.0,mobile
14152,1256,07/10/2024,90.0,mobile
14153,1256,03-08-2024,,desktop
14154,1256,30-04-2024,94.0,
14155,1256,14-11-2024,110.0,desktop
14156,1256,05/29/2024,,mobile
14157,1256,,,tablet
14158,1256,05/29/2024,86.0,mobile
14159,833,12/09/2024,99.0,mobile
14160,1256,01/18/2024,38.0,desktop
14161,1256,01-02-2025,104.0,desktop
14162,1256,24-01-2024,12.0,mobile
14163,1256,01-09-2024,86.0,tablet
14164,1256,2024-09-04,73.0,mobile
14165,1256,06-09-2024,63.0,mobile
14166,1256,10/03/2024,18.0,mobile
14167,1256,12-06-2024,71.0,tablet
14168,833,09/07/2024,94.0,tablet
14169,1256,02/07/2024,68.0,
14170,1256,03/24/2024,34.0,desktop
14171,1256,01/08/2024,57.0,tablet
14172,1256,04/14/2024,49.0,tablet
14173,833,2024-05-02,60.0,mobile
14174,833,01/30/2024,105.0,tablet
14175,833,2025-01-31,38.0,mobile
14176,1256,04/09/2024,93.0,desktop
14177,1256,2024-09-16,,desktop
14178,1256,30-12-2024,28.0,desktop
14179,1256,21-08-2024,21.0,desktop
14180,1256,2024-02-10,80.0,mobile
14181,1256,2024-04-18,113.0,tablet
14182,1256,08/03/2024,65.0,tablet
14183,833,20-01-2025,101.0,desktop
14184,1256,2024-08-22,21.0,mobile
14185,1256,10/28/2024,12.0,desktop
14186,1256,10/31/2024,72.0,desktop
14187,833,2024-07-13,66.0,tablet
14188,1256,2024-09-07,29.0,mobile
14189,762,02/02/2024,44.0,tablet
14190,1256,03/29/2024,82.0,desktop
14191,1256,05-07-2024,49.0,mobile
14192,1256,01/28/2024,68.0,mobile
14193,1256,2024-03-23,68.0,mobile
14194,1256,03/11/2024,55.0,desktop
14195,833,2025-01-06,63.0,tablet
14196,1256,2024-06-30,38.0,desktop
14197,833,15-08-2024,77.0,tablet
14198,833,11/06/2024,46.0,tablet
14199,1256,2024-08-22,27.0,mobile
14200,833,08/07/2024,,desktop
14201,1256,09-05-2024,114.0,tablet
14202,1256,10/10/2024,108.0,tablet
14203,1256,06-09-2024,44.0,tablet
14204,1256,02/17/2024,72.0,desktop
14205,833,2024-05-23,57.0,desktop
14206,1256,10/04/2024,110.0,mobile
14207,833,2024-11-28,67.0,desktop
14208,1256,2024-07-27,13.0,
14209,1256,12-07-2024,36.0,desktop
14210,1256,05/07/2024,89.0,mobile
14211,1256,,26.0,tablet
14212,1256,12-11-2024,42.0,desktop
14213,833,09/14/2024,118.0,desktop
14214,1256,24-12-2024,66.0,tablet
14215,1256,27-11-2024,119.0,
14216,833,03/05/2024,33.0,desktop
14217,833,20-02-2024,27.0,tablet
14218,833,02-07-2024,,
14219,1256,20-04-2024,57.0,tablet
14220,1256,16-12-2024,6.0,desktop
14221,1256,08-09-2024,106.0,desktop
14222,1256,04/19/2024,74.0,mobile
14223,833,2024-05-16,91.0,mobile
14224,1256,2024-02-04,25.0,mobile
14225,833,09-03-2024,116.0,desktop
14226,1256,2024-02-04,109.0,mobile
14227,1256,03-02-2024,55.0,tablet
14228,833,2024-12-30,111.0,desktop
14229,1256,06/10/2024,68.0,desktop
14230,1256,2024-06-28,89.0,desktop
14231,1256,13-10-2024,101.0,mobile
14232,1256,09/08/2024,,mobile
14233,1256,11/17/2024,73.0,mobile
14234,1256,03/21/2024,21.0,tablet
14235,1256,2024-06-06,35.0,desktop
14236,1256,07/31/2024,74.0,desktop
14237,1256,2024-01-15,58.0,
14238,1256,2024-03-09,70.0,
14239,833,03/11/2024,86.0,desktop
14240,1256,12/11/2024,97.0,mobile
14241,1256,01/20/2024,,tablet
14242,1256,14-01-2025,70.0,tablet
14243,1256,27-01-2025,115.0,desktop
14244,1256,08/11/2024,48.0,
14245,833,31-12-2024,22.0,tablet
14246,1256,2024-08-10,27.0,mobile
14247,1256,07/15/2024,117.0,desktop
14248,1256,2024-03-01,108.0,mobile
14249,1256,01/12/2024,4.0,desktop
14250,1256,2025-02-02,59.0,
14251,1256,09-11-2024,11.0,desktop
14252,1256,14-03-2024,110.0,tablet
14253,1256,2024-03-01,,mobile
14254,1256,06/30/2024,82.0,mobile
14255,1256,,63.0,tablet
14256,1256,08-02-2024,35.0,desktop
14257,1256,2024-09-23,6.0,desktop
14258,1256,2024-02-06,120.0,tablet
14259,1256,11/16/2024,29.0,mobile
14260,1256,01/16/2025,114.0,tablet
14261,1256,14-04-2024,81.0,tablet
14262,833,21-04-2024,17.0,
14263,1256,2024-08-08,41.0,tablet
14264,833,08/31/2024,23.0,tablet
14265,1256,,16.0,tablet
14266,1256,11/19/2024,75.0,desktop
14267,1256,04-04-2024,96.0,tablet
14268,1256,03/22/2024,,mobile
14269,1256,18-07-2024,93.0,desktop
14270,1256,2024-05-25,,desktop
14271,833,18-12-2024,11.0,mobile
14272,833,08/19/2024,12.0,desktop
14273,1256,12-05-2024,53.0,mobile
14274,833,04-09-2024,70.0,tablet
14275,1256,2024-03-14,74.0,tablet
14276,1256,29-08-2024,21.0,mobile
14277,1256,23-01-2024,92.0,desktop
14278,833,2024-06-05,102.0,mobile
14279,1256,07/30/2024,13.0,desktop
14280,1256,02/24/2024,96.0,tablet
14281,1256,10-09-2024,106.0,desktop
14282,833,03/08/2024,34.0,desktop
14283,1256,20-11-2024,102.0,tablet
14284,1256,2024-05-19,82.0,mobile
14285,1256,01-12-2024,20.0,tablet
14286,1256,01/09/2024,100.0,mobile
14287,1256,07/31/2024,84.0,tablet
14288,1256,11-07-2024,107.0,desktop
14289,833,01-02-2025,22.0,desktop
14290,1256,04-06-2024,33.0,tablet
14291,1256,10/18/2024,,tablet
14292,1256,21-05-2024,78.0,tablet
14293,1256,2024-05-24,22.0,desktop
14294,1256,28-05-2024,41.0,tablet
14295,1256,2024-10-29,6.0,desktop
14296,1256,2024-08-06,113.0,mobile
14297,1256,31-03-2024,119.0,mobile
14298,1256,06-08-2024,102.0,tablet
14299,1256,18-06-2024,109.0,tablet
14300,833,01-11-2024,62.0,mobile
14301,1256,2024-07-11,65.0,mobile
14302,1256,22-05-2024,81.0,desktop
14303,1256,02/19/2024,114.0,desktop
14304,833,2024-12-02,85.0,mobile
14305,833,24-09-2024,20.0,tablet
14306,1256,02-10-2024,100.0,desktop
14307,1256,07/18/2024,40.0,desktop
14308,1256,28-11-2024,8.0,tablet
14309,1256,06/01/2024,23.0,desktop
14310,1256,2024-12-02,9.0,desktop
14311,1256,2024-10-25,2.0,tablet
14312,1256,14-07-2024,3.0,desktop
14313,1256,07/04/2024,44.0,
14314,833,2024-02-16,76.0,desktop
14315,1256,31-12-2024,66.0,tablet
14316,1256,2024-09-05,36.0,tablet
14317,1256,05/16/2024,96.0,tablet
14318,1256,06-02-2024,74.0,mobile
14319,1256,31-05-2024,102.0,desktop
14320,1256,2024-11-04,93.0,tablet
14321,1256,2024-10-03,69.0,tablet
14322,4047,2024-07-27,29.0,desktop
14323,1256,23-09-2024,2.0,desktop
14324,1256,07-01-2025,77.0,mobile
14325,1256,2024-09-03,68.0,desktop
14326,1256,2024-08-27,22.0,tablet
14327,1256,12-02-2024,118.0,
14328,833,03-04-2024,53.0,tablet
14329,1256,20-06-2024,100.0,tablet
14330,833,2024-06-20,47.0,
14331,1256,19-04-2024,58.0,tablet
14332,1256,2024-05-27,98.0,
14333,833,08/05/2024,3.0,mobile
14334,1256,01-04-2024,43.0,
14335,1256,10/14/2024,109.0,tablet
14336,1256,2025-02-04,64.0,mobile
14337,833,20-01-2025,8.0,
14338,1256,,1.0,tablet
14339,1256,10/07/2024,90.0,mobile
14340,1256,2024-02-05,107.0,tablet
14341,1256,2025-01-01,25.0,desktop
14342,833,2024-01-15,91.0,tablet
14343,1256,03/20/2024,38.0,desktop
14344,1256,06/20/2024,93.0,mobile
14345,1256,10-05-2024,24.0,mobile
14346,1256,12/19/2024,89.0,tablet
14347,1256,16-02-2024,20.0,mobile
14348,1256,01/27/2024,114.0,mobile
14349,1256,10-03-2024,26.0,mobile
14350,1256,07/27/2024,34.0,tablet
14351,1256,16-09-2024,108.0,desktop
14352,1256,,105.0,tablet
14353,1256,2024-11-12,,mobile
14354,833,09-05-2024,108.0,desktop
14355,1256,03/20/2024,53.0,mobile
14356,1256,,67.0,mobile
14357,1256,25-02-2024,27.0,desktop
14358,1256,07/07/2024,36.0,tablet
14359,1256,07/15/2024,120.0,tablet
14360,1256,04/13/2024,55.0,tablet
14361,1256,27-01-2025,51.0,tablet
14362,833,2024-03-06,17.0,desktop
14363,1256,06/04/2024,100.0,desktop
14364,1256,2024-07-26,1.0,desktop
14365,1256,2024-09-15,13.0,mobile
14366,1256,06/11/2024,62.0,tablet
14367,1256,10/05/2024,113.0,tablet
14368,1256,15-10-2024,114.0,tablet
14369,1256,28-01-2025,43.0,
14370,1256,08/16/2024,96.0,mobile
14371,1256,04/04/2024,43.0,desktop
14372,833,01/25/2025,81.0,desktop
14373,1256,01/30/2024,68.0,desktop
14374,1256,25-09-2024,22.0,tablet
14375,1256,2024-04-08,70.0,desktop
14376,1256,17-01-2024,63.0,tablet
14377,1256,2024-10-04,55.0,tablet
14378,833,2024-08-06,93.0,desktop
14379,1256,10/31/2024,77.0,tablet
14380,833,2024-12-17,23.0,desktop
14381,1256,16-06-2024,23.0,tablet
14382,1256,18-01-2025,98.0,desktop
14383,1256,04/09/2024,16.0,tablet
14384,1256,2024-02-22,16.0,mobile
14385,1256,2024-01-04,1.0,mobile
14386,1256,17-11-2024,,mobile
14387,833,2024-12-17,82.0,desktop
14388,833,2024-03-17,13.0,tablet
14389,1256,10-11-2024,76.0,mobile
14390,1256,2024-01-19,4.0,tablet
14391,1256,09/11/2024,79.0,mobile
14392,1256,06/16/2024,118.0,desktop
14393,1256,07/04/2024,90.0,tablet
14394,1256,06/18/2024,55.0,mobile
14395,1256,2024-12-19,98.0,desktop
14396,1256,05/25/2024,17.0,desktop
14397,1256,28-07-2024,93.0,tablet
14398,1256,01/12/2025,63.0,mobile
14399,833,21-08-2024,78.0,desktop
14400,1256,13-11-2024,82.0,mobile
14401,833,05-12-2024,47.0,tablet
14402,833,,92.0,tablet
14403,1256,04-11-2024,117.0,mobile
14404,1256,15-01-2024,90.0,tablet
14405,1256,2024-11-12,78.0,desktop
14406,1256,2024-01-10,17.0,tablet
14407,833,07/18/2024,44.0,mobile
14408,1256,09-03-2024,,desktop
14409,833,2025-01-10,91.0,mobile
14410,1256,02/19/2024,115.0,desktop
14411,1256,13-01-2024,26.0,mobile
14412,1256,2024-01-18,41.0,mobile
14413,1256,03/24/2024,13.0,desktop
14414,1256,09/02/2024,50.0,tablet
14415,1256,01/16/2025,61.0,tablet
14416,1256,10/11/2024,8.0,mobile
14417,1256,08/05/2024,108.0,mobile
14418,833,2024-09-17,32.0,mobile
14419,833,14-11-2024,45.0,mobile
14420,1256,01/04/2024,109.0,tablet
14421,1256,15-10-2024,23.0,tablet
14422,1256,2024-09-10,40.0,desktop
14423,833,29-01-2025,20.0,tablet
14424,833,02/29/2024,55.0,tablet
14425,833,2024-08-17,2.0,mobile
14426,1256,2024-05-12,21.0,tablet
14427,1256,2024-10-20,24.0,mobile
14428,833,09-02-2024,76.0,desktop
14429,1256,29-04-2024,33.0,tablet
14430,1256,06/24/2024,39.0,desktop
14431,1256,01/21/2024,19.0,tablet
14432,1256,26-04-2024,6.0,mobile
14433,1256,11/27/2024,115.0,mobile
14434,833,2024-05-23,,desktop
14435,1256,05/25/2024,96.0,mobile
14436,1256,2024-08-07,,mobile
14437,1256,10/12/2024,52.0,mobile
14438,762,15-11-2024,31.0,mobile
14439,1256,09/16/2024,9.0,
14440,1256,11-07-2024,70.0,tablet
14441,1256,04/29/2024,,mobile
14442,1256,2024-02-10,102.0,mobile
14443,1256,03/11/2024,112.0,desktop
14444,1256,21-02-2024,33.0,tablet
14445,1256,01/26/2024,98.0,desktop
14446,833,2024-05-31,65.0,tablet
14447,1256,01/14/2024,12.0,desktop
14448,1256,19-01-2025,54.0,mobile
14449,1256,08/05/2024,88.0,desktop
14450,1256,2024-09-18,63.0,mobile
14451,833,2024-10-12,95.0,desktop
14452,1256,06/22/2024,112.0,desktop
14453,1256,06-05-2024,116.0,tablet
14454,1256,01-02-2024,52.0,
14455,1256,16-03-2024,80.0,mobile
14456,833,2025-01-31,68.0,mobile
14457,1256,2024-08-30,18.0,desktop
14458,1256,2024-12-26,63.0,tablet
14459,833,2024-09-08,,mobile
14460,1256,09/04/2024,51.0,mobile
14461,1256,2024-02-03,,desktop
14462,833,22-02-2024,109.0,tablet
14463,1256,24-10-2024,120.0,desktop
14464,1256,09-08-2024,21.0,tablet
14465,833,05/01/2024,41.0,
14466,1256,,102.0,mobile
14467,1256,01/21/2024,74.0,mobile
14468,1256,11-11-2024,4.0,desktop
14469,762,2024-02-21,113.0,
14470,833,03-05-2024,120.0,tablet
14471,1256,10/02/2024,72.0,mobile
14472,1256,09/23/2024,83.0,tablet
14473,833,10/31/2024,11.0,tablet
14474,1256,2024-04-25,68.0,tablet
14475,1256,08/29/2024,116.0,mobile
14476,1256,08/18/2024,96.0,mobile
14477,1256,26-08-2024,55.0,mobile
14478,1256,11/07/2024,,mobile
14479,1256,2024-03-20,104.0,desktop
14480,1256,16-04-2024,91.0,tablet
14481,1256,02/04/2024,,mobile
14482,1256,,60.0,desktop
14483,1256,2024-03-20,79.0,mobile
14484,1256,02/11/2024,40.0,mobile
14485,1256,2025-01-12,86.0,tablet
14486,1256,02/10/2024,,tablet
14487,1256,2024-05-21,33.0,mobile
14488,1256,01-09-2024,88.0,tablet
14489,1256,06/24/2024,29.0,tablet
14490,833,2024-04-03,73.0,tablet
14491,1256,2024-10-17,120.0,tablet
14492,833,2024-09-12,116.0,desktop
14493,1256,03-04-2024,44.0,tablet
14494,1256,,83.0,desktop
14495,833,10-02-2024,46.0,desktop
14496,1256,11-12-2024,40.0,tablet
14497,1256,07-11-2024,96.0,mobile
14498,1256,2024-09-17,66.0,desktop
14499,1256,22-11-2024,47.0,desktop
14500,1256,2024-06-14,20.0,desktop
14501,1256,2025-01-22,1.0,desktop
14502,1256,2025-01-13,,desktop
14503,1256,08/10/2024,15.0,mobile
14504,1256,17-05-2024,,tablet
14505,1256,,21.0,mobile
14506,1256,2025-01-27,33.0,mobile
14507,1256,12-10-2024,30.0,desktop
14508,1256,01/11/2025,112.0,desktop
14509,1256,2024-08-17,7.0,tablet
14510,833,2024-03-15,88.0,mobile
14511,1256,2024-12-21,104.0,mobile
14512,1256,15-05-2024,39.0,desktop
14513,1256,08/26/2024,6.0,desktop
14514,1256,2024-01-22,,desktop
14515,1256,09-05-2024,2.0,desktop
14516,833,2024-11-24,81.0,tablet
14517,833,2024-12-09,76.0,tablet
14518,1256,12/30/2024,70.0,mobile
14519,1256,2024-04-05,58.0,mobile
14520,833,03/25/2024,54.0,mobile
14521,833,02-02-2025,5.0,mobile
14522,1256,2024-07-02,30.0,desktop
14523,1256,23-04-2024,13.0,desktop
14524,1256,04/16/2024,28.0,desktop
14525,1256,11/30/2024,104.0,desktop
14526,1256,10/26/2024,90.0,mobile
14527,1256,2024-04-06,55.0,tablet
14528,833,12-04-2024,52.0,tablet
14529,1256,11/26/2024,65.0,mobile
14530,1256,21-03-2024,103.0,
14531,1256,2024-08-14,74.0,mobile
14532,1256,10/07/2024,75.0,mobile
14533,1256,2024-06-25,34.0,tablet
14534,1256,26-05-2024,37.0,mobile
14535,833,03/09/2024,103.0,tablet
14536,833,2024-06-24,79.0,mobile
14537,1256,07/04/2024,93.0,desktop
14538,1256,09/13/2024,110.0,desktop
14539,833,2024-10-28,40.0,mobile
14540,1256,21-11-2024,108.0,mobile
14541,1256,2024-02-01,,desktop
14542,1256,08/29/2024,36.0,desktop
14543,1256,05/09/2024,72.0,mobile
14544,1256,10/22/2024,35.0,desktop
14545,1256,10/11/2024,68.0,mobile
14546,833,2024-11-07,57.0,tablet
14547,1256,2024-02-05,27.0,desktop
14548,1256,2024-09-29,10.0,desktop
14549,1256,2024-02-11,9.0,desktop
14550,1256,01/29/2025,13.0,tablet
14551,833,24-01-2025,16.0,mobile
14552,1256,2024-08-02,36.0,tablet
14553,1256,16-02-2024,,desktop
14554,1256,2024-12-13,27.0,tablet
14555,1256,16-03-2024,90.0,tablet
14556,1256,21-09-2024,,tablet
14557,1256,2024-04-21,72.0,mobile
14558,1256,2024-06-15,54.0,tablet
14559,1256,2024-02-18,57.0,desktop
14560,1256,08/15/2024,102.0,mobile
14561,1256,23-01-2025,110.0,tablet
14562,1256,04-12-2024,29.0,mobile
14563,833,2024-02-08,42.0,mobile
14564,1256,09/24/2024,63.0,mobile
14565,1256,05-05-2024,,desktop
14566,833,30-01-2024,120.0,mobile
14567,1256,07/28/2024,98.0,mobile
14568,1256,2024-12-01,78.0,tablet
14569,1256,16-04-2024,76.0,mobile
14570,1256,2024-07-12,59.0,mobile
14571,1256,2024-05-03,58.0,mobile
14572,1256,04/17/2024,97.0,tablet
14573,1256,07-08-2024,71.0,desktop
14574,1256,17-10-2024,79.0,desktop
14575,1256,03-07-2024,4.0,mobile
14576,1256,2024-10-15,52.0,desktop
14577,833,,104.0,tablet
14578,1256,12-10-2024,84.0,
14579,1256,2024-08-27,86.0,mobile
14580,1256,25-08-2024,28.0,desktop
14581,1256,04-04-2024,86.0,tablet
14582,1256,2024-12-15,14.0,tablet
14583,1256,2024-09-01,58.0,mobile
14584,1256,03/06/2024,5.0,tablet
14585,1256,2024-03-07,88.0,tablet
14586,833,11/29/2024,21.0,mobile
14587,833,2024-08-19,100.0,tablet
14588,833,01/18/2024,119.0,tablet
14589,833,,52.0,desktop
14590,1256,2024-01-20,63.0,tablet
14591,1256,2024-05-25,,desktop
14592,1256,22-09-2024,17.0,mobile
14593,1256,03/15/2024,30.0,desktop
14594,1256,08-06-2024,54.0,tablet
14595,1256,2024-11-11,14.0,tablet
14596,1256,10-09-2024,36.0,desktop
14597,1256,09/15/2024,89.0,desktop
14598,1256,12/04/2024,56.0,tablet
14599,1256,01/28/2024,66.0,mobile
14600,1256,07/21/2024,27.0,mobile
14601,1256,07/25/2024,42.0,mobile
14602,1256,07-01-2024,62.0,mobile
14603,1256,03-09-2024,,tablet
14604,1256,14-08-2024,54.0,desktop
14605,1256,2024-08-31,34.0,desktop
14606,762,2024-01-21,93.0,mobile
14607,1256,03-03-2024,119.0,tablet
14608,1256,22-10-2024,90.0,tablet
14609,1256,25-07-2024,31.0,mobile
14610,1256,2024-01-17,32.0,tablet
14611,1256,06/21/2024,87.0,desktop
14612,1256,2024-03-30,104.0,desktop
14613,833,19-05-2024,77.0,mobile
14614,1256,19-01-2024,117.0,desktop
14615,1256,01/25/2024,12.0,tablet
14616,1256,13-03-2024,24.0,tablet
14617,1256,04/28/2024,29.0,mobile
14618,1256,02/07/2024,50.0,tablet
14619,1256,08/30/2024,15.0,tablet
14620,1256,11/20/2024,98.0,mobile
14621,1256,09-01-2025,45.0,tablet
14622,1256,13-09-2024,41.0,mobile
14623,1256,20-09-2024,30.0,desktop
14624,1256,,2.0,tablet
14625,1256,26-09-2024,95.0,desktop
14626,1256,2025-01-18,27.0,tablet
14627,833,2024-04-08,66.0,mobile
14628,1256,,33.0,desktop
14629,1256,05/25/2024,108.0,tablet
14630,1256,2025-01-26,36.0,desktop
14631,1256,06/30/2024,104.0,desktop
14632,833,20-06-2024,,tablet
14633,1256,03-02-2024,108.0,tablet
14634,1256,06/28/2024,46.0,tablet
14635,1256,2024-06-13,93.0,desktop
14636,1256,2025-01-23,73.0,mobile
14637,1256,21-10-2024,60.0,
14638,1256,12-04-2024,,desktop
14639,1256,2024-07-28,44.0,mobile
14640,1256,28-08-2024,,tablet
14641,1256,2024-04-11,88.0,mobile
14642,1256,28-02-2024,88.0,tablet
14643,1256,2024-09-13,66.0,desktop
14644,833,2024-04-16,101.0,tablet
14645,1256,2024-11-15,68.0,mobile
14646,1256,25-06-2024,,tablet
14647,1256,08/07/2024,25.0,desktop
14648,1256,24-04-2024,35.0,desktop
14649,1256,29-05-2024,82.0,tablet
14650,1256,28-09-2024,106.0,mobile
14651,1256,2024-07-19,101.0,tablet
14652,1256,17-12-2024,52.0,desktop
14653,1256,12-08-2024,104.0,desktop
14654,1256,01/04/2024,67.0,desktop
14655,1256,21-01-2024,53.0,tablet
14656,1256,12/31/2024,64.0,tablet
14657,1256,03-02-2024,87.0,tablet
14658,1256,2024-09-21,53.0,tablet
14659,1256,18-07-2024,48.0,mobile
14660,1256,12/18/2024,,desktop
14661,1256,2024-04-29,119.0,tablet
14662,1256,01/28/2025,98.0,mobile
14663,833,07/27/2024,8.0,mobile
14664,1256,2025-02-02,82.0,tablet
14665,833,19-07-2024,79.0,tablet
14666,1256,2025-01-13,114.0,desktop
14667,1256,07/12/2024,14.0,tablet
14668,1256,2024-02-09,101.0,desktop
14669,1256,01/16/2025,115.0,desktop
14670,833,2025-01-22,53.0,desktop
14671,1256,21-08-2024,67.0,tablet
14672,1256,03/03/2024,44.0,tablet
14673,1256,12-06-2024,104.0,tablet
14674,1256,09-10-2024,23.0,tablet
14675,1256,2024-11-02,114.0,tablet
14676,1256,03/15/2024,24.0,desktop
14677,1256,2024-11-15,35.0,tablet
14678,1256,2024-11-24,115.0,mobile
14679,1256,01/24/2025,70.0,
14680,1256,2024-03-06,40.0,mobile
14681,1256,15-04-2024,86.0,desktop
14682,1256,2024-12-11,50.0,mobile
14683,1256,2024-09-12,23.0,desktop
14684,1256,2024-01-18,60.0,tablet
14685,1256,12/14/2024,106.0,tablet
14686,1256,31-01-2024,98.0,tablet
14687,1256,12/05/2024,17.0,tablet
14688,1256,11/09/2024,73.0,desktop
14689,1256,2024-04-10,83.0,mobile
14690,1256,06/16/2024,76.0,desktop
14691,1256,2024-11-02,23.0,mobile
14692,1256,04/11/2024,36.0,mobile
14693,1256,27-03-2024,76.0,desktop
14694,1256,,1.0,mobile
14695,833,01-09-2024,16.0,desktop
14696,762,18-01-2024,67.0,mobile
14697,833,2024-12-15,14.0,mobile
14698,1256,03/20/2024,58.0,tablet
14699,1256,2025-01-06,,mobile
14700,1256,2024-04-15,,mobile
14701,1256,2025-01-20,97.0,desktop
14702,833,03-02-2024,21.0,tablet
14703,1256,2024-05-13,44.0,mobile
14704,1256,21-05-2024,66.0,tablet
14705,1256,16-03-2024,40.0,mobile
14706,833,11/26/2024,,tablet
14707,1256,01-10-2024,,tablet
14708,1256,2024-12-21,92.0,tablet
14709,833,2025-02-04,22.0,tablet
14710,833,2024-01-15,104.0,mobile
14711,1256,31-12-2024,113.0,desktop
14712,1256,13-12-2024,120.0,tablet
14713,833,03-05-2024,44.0,mobile
14714,1256,02/14/2024,60.0,
14715,1256,28-03-2024,88.0,tablet
14716,1256,2024-04-17,52.0,tablet
14717,1256,01/08/2024,103.0,desktop
14718,1256,08/23/2024,83.0,mobile
14719,1256,07-09-2024,118.0,mobile
14720,1256,27-03-2024,118.0,mobile
14721,1256,2024-10-28,107.0,desktop
14722,1256,04/22/2024,79.0,desktop
14723,1256,2024-05-11,3.0,desktop
14724,1256,23-01-2025,104.0,desktop
14725,1256,2024-12-03,50.0,desktop
14726,833,12/14/2024,41.0,tablet
14727,1256,2024-07-17,60.0,mobile
14728,1256,01/08/2025,,desktop
14729,1256,08/31/2024,90.0,desktop
14730,1256,08/09/2024,73.0,mobile
14731,762,01/12/2024,90.0,desktop
14732,833,04-02-2024,42.0,desktop
14733,1256,03/02/2024,108.0,desktop
14734,1256,2024-06-09,69.0,mobile
14735,833,02/02/2024,52.0,mobile
14736,1256,01/12/2024,104.0,desktop
14737,1256,03/03/2024,105.0,tablet
14738,1256,24-01-2024,84.0,mobile
14739,1256,05/24/2024,19.0,mobile
14740,833,2024-09-14,12.0,tablet
14741,1256,,98.0,tablet
14742,1256,2024-05-10,6.0,desktop
14743,833,05/18/2024,56.0,desktop
14744,833,2024-07-11,29.0,tablet
14745,1256,06/06/2024,63.0,tablet
14746,1256,02/04/2025,97.0,tablet
14747,1256,,60.0,tablet
14748,1256,16-01-2025,75.0,tablet
14749,1256,07-11-2024,46.0,mobile
14750,1256,03-04-2024,79.0,desktop
14751,1256,20-01-2025,116.0,tablet
14752,1256,12/30/2024,53.0,tablet
14753,833,2024-08-13,60.0,
14754,1256,10/17/2024,112.0,tablet
14755,833,2024-06-01,12.0,tablet
14756,1256,2025-01-31,43.0,desktop
14757,1256,2024-03-03,109.0,mobile
14758,1256,11-06-2024,70.0,tablet
14759,833,16-02-2024,9.0,desktop
14760,1256,07/10/2024,120.0,mobile
14761,1256,2024-06-28,105.0,tablet
14762,1256,22-10-2024,62.0,tablet
14763,1256,01-01-2024,21.0,desktop
14764,833,2024-04-14,46.0,tablet
14765,1256,2024-07-25,14.0,mobile
14766,1256,2024-09-24,5.0,mobile
14767,833,2025-01-21,105.0,mobile
14768,1256,2024-04-02,2.0,desktop
14769,1256,2024-07-16,15.0,tablet
14770,1256,09-12-2024,,desktop
14771,1256,05-08-2024,15.0,mobile
14772,833,2024-12-28,11.0,desktop
14773,1256,02/02/2025,10.0,tablet
14774,1256,02-08-2024,45.0,tablet
14775,1256,12-08-2024,103.0,desktop
14776,1256,,59.0,desktop
14777,1256,2025-02-04,9.0,desktop
14778,1256,29-04-2024,120.0,tablet
14779,1256,20-04-2024,85.0,desktop
14780,1256,2024-10-05,8.0,mobile
14781,1256,08/14/2024,72.0,desktop
14782,833,10/04/2024,30.0,desktop
14783,833,2024-09-06,114.0,mobile
14784,1256,02/24/2024,49.0,mobile
14785,1256,29-05-2024,30.0,tablet
14786,1256,07/11/2024,53.0,desktop
14787,1256,18-03-2024,48.0,mobile
14788,833,19-07-2024,49.0,mobile
14789,1256,24-02-2024,95.0,mobile
14790,1256,02/21/2024,110.0,mobile
14791,833,31-10-2024,11.0,mobile
14792,833,27-10-2024,31.0,mobile
14793,1256,26-11-2024,79.0,mobile
14794,1256,04/13/2024,66.0,mobile
14795,1256,2024-11-02,,desktop
14796,1256,01/10/2024,46.0,tablet
14797,1256,2024-05-08,99.0,mobile
14798,1256,2024-06-26,72.0,mobile
14799,1256,2025-01-27,15.0,
14800,1256,2024-01-26,111.0,tablet
14801,1256,11/10/2024,45.0,mobile
14802,1256,15-04-2024,101.0,mobile
14803,1256,05/25/2024,8.0,desktop
14804,1256,2024-12-03,38.0,desktop
14805,1256,26-10-2024,,tablet
14806,1256,06-11-2024,81.0,tablet
14807,833,01/27/2025,88.0,desktop
14808,1256,29-04-2024,109.0,tablet
14809,833,02/22/2024,100.0,tablet
14810,1256,2025-02-02,98.0,mobile
14811,1256,22-02-2024,,desktop
14812,1256,09/18/2024,20.0,desktop
14813,762,09/30/2024,114.0,
14814,1256,05/03/2024,40.0,mobile
14815,1256,2024-10-19,34.0,desktop
14816,1256,14-12-2024,98.0,desktop
14817,1256,17-08-2024,59.0,tablet
14818,1256,20-07-2024,43.0,desktop
14819,1256,22-01-2025,37.0,desktop
14820,833,10-08-2024,43.0,desktop
14821,1256,16-12-2024,17.0,tablet
14822,833,2024-08-30,109.0,tablet
14823,1256,17-06-2024,120.0,mobile
14824,1256,2024-05-26,2.0,mobile
14825,1256,09-03-2024,38.0,tablet
14826,1256,21-01-2024,85.0,tablet
14827,1256,01/04/2025,,tablet
14828,1256,21-08-2024,15.0,tablet
14829,1256,2024-03-21,51.0,mobile
14830,1256,25-01-2024,27.0,mobile
14831,1256,04/29/2024,96.0,mobile
14832,1256,25-09-2024,71.0,desktop
14833,1256,27-01-2024,9.0,desktop
14834,1256,2024-05-19,44.0,mobile
14835,833,2024-12-31,38.0,mobile
14836,1256,2024-03-31,71.0,mobile
14837,833,08/28/2024,12.0,desktop
14838,833,2024-12-22,117.0,mobile
14839,1256,10/19/2024,116.0,
14840,1256,09-05-2024,43.0,mobile
14841,1256,02/05/2024,87.0,desktop
14842,1256,02-01-2024,3.0,desktop
14843,1256,12/25/2024,71.0,mobile
14844,1256,2024-08-15,25.0,desktop
14845,1256,2024-07-23,57.0,mobile
14846,1256,28-07-2024,105.0,desktop
14847,1256,03/18/2024,,desktop
14848,1256,05/22/2024,,mobile
14849,833,17-10-2024,39.0,desktop
14850,1256,08/07/2024,45.0,desktop
14851,1256,01/07/2024,53.0,mobile
14852,1256,2024-03-15,,tablet
14853,833,2024-07-01,,mobile
14854,1256,26-06-2024,91.0,tablet
14855,1256,19-06-2024,79.0,desktop
14856,1256,06/22/2024,79.0,mobile
14857,1256,06-12-2024,68.0,desktop
14858,1256,2024-03-24,21.0,tablet
14859,1256,07/02/2024,58.0,tablet
14860,833,12/17/2024,13.0,tablet
14861,1256,2024-05-04,95.0,tablet
14862,833,2024-05-09,46.0,desktop
14863,1256,01/03/2025,15.0,tablet
14864,833,2024-10-31,69.0,desktop
14865,1256,21-03-2024,57.0,desktop
14866,1256,01/05/2024,,mobile
14867,1256,04-07-2024,63.0,
14868,833,04/26/2024,71.0,tablet
14869,1256,03/31/2024,5.0,desktop
14870,1256,10/12/2024,91.0,tablet
14871,1256,2024-03-07,98.0,mobile
14872,1256,05-10-2024,26.0,desktop
14873,833,,8.0,tablet
14874,833,2024-02-02,118.0,desktop
14875,1256,06-09-2024,79.0,desktop
14876,1256,2024-12-18,119.0,tablet
14877,1256,24-09-2024,58.0,mobile
14878,1256,2024-10-05,89.0,tablet
14879,833,26-12-2024,13.0,mobile
14880,1256,2024-05-13,63.0,desktop
14881,1256,06/19/2024,109.0,desktop
14882,1256,2024-02-09,91.0,desktop
14883,1256,2024-05-25,57.0,mobile
14884,1256,23-01-2025,12.0,mobile
14885,833,02/01/2024,64.0,mobile
14886,833,09/28/2024,54.0,tablet
14887,833,08-05-2024,91.0,tablet
14888,1256,17-02-2024,56.0,desktop
14889,1256,28-02-2024,89.0,desktop
14890,833,2024-04-22,46.0,mobile
14891,1256,04/08/2024,102.0,mobile
14892,833,2024-06-17,104.0,tablet
14893,833,2024-03-12,59.0,tablet
14894,1256,06/05/2024,102.0,
14895,1256,,16.0,tablet
14896,1256,18-01-2025,108.0,desktop
14897,1256,17-01-2025,30.0,desktop
14898,1256,05-05-2024,71.0,desktop
14899,1256,2024-10-05,39.0,desktop
14900,1256,2024-04-10,49.0,mobile
14901,833,09/23/2024,87.0,tablet
14902,1256,2024-12-03,21.0,tablet
14903,1256,2024-09-25,120.0,tablet
14904,1256,2024-10-08,39.0,desktop
14905,1256,26-10-2024,61.0,desktop
14906,1256,22-06-2024,39.0,desktop
14907,833,02/04/2024,68.0,mobile
14908,1256,2024-10-01,70.0,desktop
14909,1256,11/10/2024,12.0,tablet
14910,1256,06/24/2024,50.0,desktop
14911,833,07/25/2024,114.0,mobile
14912,1256,04/03/2024,10.0,desktop
14913,833,01/20/2024,80.0,mobile
14914,1256,05/30/2024,79.0,mobile
14915,1256,09/25/2024,13.0,mobile
14916,1256,12-03-2024,62.0,desktop
14917,1256,01/23/2024,105.0,desktop
14918,1256,03-10-2024,44.0,mobile
14919,1256,13-03-2024,54.0,desktop
14920,1256,11/18/2024,73.0,tablet
14921,1256,2024-04-19,33.0,tablet
14922,833,08/21/2024,74.0,mobile
14923,833,2024-10-20,35.0,mobile
14924,1256,05/10/2024,90.0,desktop
14925,1256,2024-02-28,32.0,tablet
14926,1256,04/11/2024,59.0,mobile
14927,1256,01/06/2024,,desktop
14928,1256,2024-10-27,90.0,tablet
14929,1256,31-10-2024,110.0,mobile
14930,1256,06/18/2024,9.0,mobile
14931,1256,12/11/2024,,desktop
14932,1256,11-01-2024,24.0,desktop
14933,1256,03/29/2024,116.0,tablet
14934,1256,04/26/2024,77.0,mobile
14935,1256,04/03/2024,,desktop
14936,1256,09/23/2024,110.0,mobile
14937,1256,2024-10-15,1.0,tablet
14938,833,2024-03-06,5.0,desktop
14939,1256,22-04-2024,86.0,mobile
14940,1256,06-08-2024,111.0,tablet
14941,1256,2025-01-16,73.0,tablet
14942,1256,2024-08-09,3.0,mobile
14943,1256,08-01-2024,26.0,tablet
14944,1256,10-02-2024,1.0,mobile
14945,1256,06/13/2024,7.0,mobile
14946,1256,2024-05-09,90.0,tablet
14947,1256,10/12/2024,20.0,tablet
14948,1256,04-12-2024,2.0,desktop
14949,1256,2024-12-23,96.0,mobile
14950,1256,17-10-2024,90.0,desktop
14951,1256,07-02-2024,89.0,desktop
14952,1256,2024-06-27,76.0,mobile
14953,833,2024-06-07,71.0,desktop
14954,1256,05/30/2024,67.0,desktop
14955,1256,2024-10-18,102.0,desktop
14956,833,2024-11-23,50.0,mobile
14957,833,2024-10-03,63.0,tablet
14958,1256,29-08-2024,74.0,tablet
14959,1256,04/28/2024,15.0,desktop
14960,1256,2024-07-02,96.0,tablet
14961,1256,28-10-2024,44.0,
14962,1256,,69.0,
14963,833,2024-12-07,59.0,tablet
14964,1256,02-06-2024,82.0,desktop
14965,1256,07-05-2024,27.0,mobile
14966,1256,2024-07-11,54.0,mobile
14967,1256,20-10-2024,71.0,mobile
14968,1256,13-08-2024,113.0,desktop
14969,1256,30-11-2024,52.0,desktop
14970,762,2024-09-03,97.0,tablet
14971,1256,03/12/2024,16.0,tablet
14972,1256,2024-12-25,94.0,tablet
14973,833,2024-07-30,36.0,desktop
14974,1256,09/27/2024,96.0,mobile
14975,1256,2024-08-27,,desktop
14976,1256,2024-02-02,101.0,mobile
14977,1256,2024-10-07,83.0,
14978,833,02/23/2024,69.0,desktop
14979,1256,01/15/2024,45.0,mobile
14980,833,11/25/2024,22.0,tablet
14981,833,,79.0,mobile
14982,1256,25-11-2024,115.0,tablet
14983,1256,2024-06-08,37.0,desktop
14984,1256,29-02-2024,42.0,desktop
14985,1256,29-11-2024,101.0,
14986,1256,11/12/2024,73.0,mobile
14987,1256,05/14/2024,1.0,tablet
14988,833,,115.0,desktop
14989,1256,26-10-2024,27.0,
14990,1256,10/07/2024,26.0,mobile
14991,1256,2024-06-23,33.0,tablet
14992,1256,29-12-2024,57.0,mobile
14993,1256,07-01-2024,80.0,mobile
14994,833,08/10/2024,22.0,desktop
14995,1256,01/21/2024,55.0,tablet
14996,1256,2024-05-01,78.0,desktop
14997,1256,2024-01-04,95.0,mobile
14998,833,01/18/2025,108.0,desktop
14999,762,2024-11-29,1.0,tablet
15000,1256,01/26/2024,29.0,desktop
15001,1256,12-01-2024,63.0,tablet
15002,1256,03/16/2024,64.0,tablet
15003,1256,01/05/2024,19.0,tablet
15004,1256,31-05-2024,116.0,mobile
15005,1256,2024-01-25,79.0,mobile
15006,1256,2024-09-04,111.0,desktop
15007,1256,11-01-2024,49.0,desktop
15008,833,13-03-2024,114.0,
15009,1256,12-01-2024,44.0,
15010,1256,14-01-2025,108.0,mobile
15011,1256,08/14/2024,15.0,tablet
15012,1256,2024-10-18,76.0,mobile
15013,1256,11/06/2024,97.0,tablet
15014,1256,07/11/2024,,desktop
15015,833,2024-01-11,64.0,desktop
15016,1256,2025-01-13,19.0,desktop
15017,1256,,95.0,
15018,1256,11/30/2024,92.0,desktop
15019,1256,19-04-2024,85.0,tablet
15020,1256,28-02-2024,97.0,
15021,1256,28-08-2024,4.0,desktop
15022,1256,2024-03-10,104.0,desktop
15023,1256,2024-10-31,26.0,mobile
15024,1256,10/22/2024,14.0,mobile
15025,1256,08-05-2024,85.0,mobile
15026,1256,10/18/2024,88.0,
15027,1256,09/09/2024,19.0,desktop
15028,1256,14-09-2024,45.0,mobile
15029,1256,,110.0,mobile
15030,1256,2024-02-01,21.0,tablet
15031,1256,06/27/2024,73.0,tablet
15032,1256,2024-06-27,,desktop
15033,1256,02/08/2024,15.0,desktop
15034,1256,21-12-2024,86.0,desktop
15035,1256,2024-08-22,88.0,desktop
15036,833,08-06-2024,7.0,mobile
15037,1256,,104.0,mobile
15038,1256,01/12/2025,47.0,mobile
15039,833,2024-02-29,64.0,desktop
15040,833,,25.0,desktop
15041,1256,11-01-2024,56.0,tablet
15042,833,03-03-2024,106.0,
15043,1256,2025-01-08,16.0,mobile
15044,1256,08/14/2024,94.0,tablet
15045,833,11/14/2024,33.0,mobile
15046,1256,2024-05-27,46.0,desktop
15047,1256,11-10-2024,28.0,mobile
15048,833,2024-01-06,75.0,desktop
15049,1256,2024-03-24,60.0,desktop
15050,1256,2024-10-20,117.0,tablet
15051,1256,,71.0,tablet
15052,1256,2024-10-11,,mobile
15053,1256,01-06-2024,22.0,tablet
15054,1256,01/29/2025,44.0,tablet
15055,1256,,79.0,tablet
15056,1256,2024-08-02,118.0,desktop
15057,1256,04-02-2025,51.0,desktop
15058,1256,10/08/2024,41.0,mobile
15059,1256,2024-03-26,80.0,tablet
15060,1256,2024-07-19,,tablet
15061,1256,2024-05-31,87.0,mobile
15062,1256,12/30/2024,57.0,tablet
15063,833,2024-09-14,29.0,tablet
15064,1256,2024-03-06,116.0,mobile
15065,1256,06/24/2024,69.0,mobile
15066,1256,17-04-2024,58.0,desktop
15067,1256,26-11-2024,74.0,tablet
15068,1256,06/15/2024,76.0,mobile
15069,1256,01-05-2024,67.0,desktop
15070,1256,01/16/2024,,tablet
15071,1256,12/21/2024,9.0,mobile
15072,1256,2024-10-21,47.0,desktop
15073,1256,29-08-2024,10.0,desktop
15074,833,2024-05-08,59.0,tablet
15075,1256,05-09-2024,,tablet
15076,1256,2025-01-30,16.0,
15077,1256,2025-01-20,86.0,desktop
15078,1256,2024-03-04,50.0,mobile
15079,1256,01/16/2025,78.0,tablet
15080,1256,05-01-2024,93.0,desktop
15081,833,20-11-2024,8.0,mobile
15082,833,25-09-2024,4.0,tablet
15083,833,07-11-2024,120.0,
15084,1256,31-01-2024,,tablet
15085,1256,11-12-2024,4.0,desktop
15086,1256,30-01-2024,75.0,tablet
15087,1256,02/01/2024,96.0,mobile
15088,1256,2024-02-28,,tablet
15089,1256,09/25/2024,119.0,mobile
15090,833,01/13/2024,13.0,tablet
15091,1256,03-12-2024,54.0,desktop
15092,1256,17-12-2024,25.0,mobile
15093,1256,2024-04-06,118.0,tablet
15094,1256,2024-07-20,2.0,mobile
15095,1256,09/04/2024,16.0,desktop
15096,1256,25-07-2024,,mobile
15097,833,02/29/2024,67.0,desktop
15098,1256,30-12-2024,21.0,mobile
15099,1256,27-03-2024,96.0,desktop
15100,833,10-01-2024,61.0,tablet
15101,1256,2024-12-22,71.0,desktop
15102,1256,02/15/2024,72.0,tablet
15103,833,2024-05-30,56.0,desktop
15104,1256,2024-10-10,35.0,mobile
15105,1256,28-11-2024,119.0,mobile
15106,1256,15-02-2024,21.0,desktop
15107,1256,2024-09-24,58.0,desktop
15108,1256,2024-10-02,65.0,mobile
15109,1256,06/02/2024,116.0,desktop
15110,1256,08-03-2024,6.0,desktop
15111,833,12-06-2024,43.0,desktop
15112,1256,2024-01-05,22.0,tablet
15113,833,2024-02-26,,tablet
15114,833,2024-04-12,90.0,tablet
15115,1256,2025-01-30,69.0,
15116,833,2024-05-26,105.0,desktop
15117,1256,2024-11-05,29.0,tablet
15118,1256,2024-11-29,27.0,mobile
15119,1256,09-10-2024,16.0,tablet
15120,833,2025-01-04,26.0,tablet
15121,833,22-12-2024,110.0,desktop
15122,1256,06-08-2024,37.0,tablet
15123,1256,2024-01-11,43.0,tablet
15124,833,06/16/2024,120.0,desktop
15125,1256,27-09-2024,107.0,mobile
15126,833,16-03-2024,91.0,tablet
15127,1256,06-02-2024,,mobile
15128,1256,2024-01-20,96.0,tablet
15129,1256,06/29/2024,5.0,mobile
15130,1256,,35.0,
15131,833,01/20/2025,65.0,tablet
15132,833,2024-09-05,,desktop
15133,833,2024-10-11,74.0,mobile
15134,1256,2024-09-11,70.0,mobile
15135,1256,05/17/2024,75.0,tablet
15136,1256,01/12/2024,41.0,desktop
15137,833,2024-05-04,79.0,desktop
15138,1256,2024-04-13,41.0,
15139,1256,05/07/2024,98.0,desktop
15140,1256,13-01-2024,17.0,desktop
15141,1256,08/15/2024,22.0,mobile
15142,833,2024-12-18,52.0,mobile
15143,1256,2024-08-24,75.0,desktop
15144,1256,27-07-2024,20.0,desktop
15145,1256,29-09-2024,6.0,mobile
15146,1256,09/13/2024,47.0,mobile
15147,1256,26-12-2024,6.0,desktop
15148,833,09/23/2024,,desktop
15149,1256,23-04-2024,3.0,mobile
15150,1256,2024-07-18,5.0,tablet
15151,1256,13-12-2024,44.0,mobile
15152,833,2024-04-05,52.0,desktop
15153,1256,01/08/2025,117.0,mobile
15154,833,2024-10-29,90.0,desktop
15155,1256,03/13/2024,11.0,tablet
15156,1256,2024-10-26,36.0,mobile
15157,1256,06/06/2024,5.0,desktop
15158,833,2024-04-17,65.0,tablet
15159,1256,01/10/2024,113.0,tablet
15160,1256,21-06-2024,103.0,mobile
15161,1256,28-09-2024,63.0,mobile
15162,833,05-02-2024,70.0,mobile
15163,1256,08/20/2024,65.0,desktop
15164,1256,27-03-2024,55.0,mobile
15165,1256,09/12/2024,33.0,desktop
15166,1256,08/10/2024,43.0,desktop
15167,1256,01/13/2024,50.0,tablet
15168,1256,22-06-2024,115.0,mobile
15169,1256,2024-08-23,3.0,
15170,1256,,38.0,mobile
15171,1256,2024-09-19,45.0,mobile
15172,1256,06/29/2024,34.0,tablet
15173,1256,03/29/2024,24.0,desktop
15174,1256,2024-03-09,40.0,mobile
15175,833,05/13/2024,112.0,tablet
15176,1256,2024-03-19,33.0,desktop
15177,1256,08/16/2024,110.0,desktop
15178,833,06-09-2024,91.0,mobile
15179,1256,07/21/2024,78.0,mobile
15180,833,11-02-2024,103.0,desktop
15181,1256,04/26/2024,38.0,tablet
15182,1256,08/25/2024,40.0,mobile
15183,1256,13-07-2024,57.0,
15184,1256,22-07-2024,15.0,mobile
15185,1256,07/16/2024,32.0,desktop
15186,1256,16-08-2024,40.0,mobile
15187,1256,2024-08-06,73.0,mobile
15188,1256,01/03/2024,26.0,mobile
15189,1256,11/14/2024,46.0,
15190,1256,07/28/2024,84.0,desktop
15191,1256,11/24/2024,15.0,tablet
15192,1256,11/13/2024,,mobile
15193,1256,01/16/2024,61.0,desktop
15194,1256,25-11-2024,,mobile
15195,1256,13-02-2024,58.0,
15196,1256,2024-12-07,51.0,mobile
15197,1256,12/04/2024,119.0,mobile
15198,1256,31-03-2024,78.0,mobile
15199,1256,21-08-2024,23.0,mobile
15200,1256,2024-11-18,95.0,desktop
15201,1256,12-05-2024,95.0,tablet
15202,1256,30-01-2025,95.0,tablet
15203,1256,09/03/2024,32.0,mobile
15204,1256,2024-04-22,47.0,tablet
15205,1256,10/25/2024,65.0,desktop
15206,1256,2024-01-28,115.0,mobile
15207,1256,25-08-2024,29.0,mobile
15208,1256,2024-12-04,49.0,desktop
15209,1256,2024-07-16,49.0,mobile
15210,1256,02/25/2024,5.0,mobile
15211,833,04/26/2024,62.0,mobile
15212,1256,2024-01-18,1.0,desktop
15213,1256,11/06/2024,106.0,desktop
15214,1256,2024-06-09,24.0,mobile
15215,1256,2024-02-06,35.0,tablet
15216,833,,17.0,tablet
15217,1256,07-02-2024,88.0,mobile
15218,1256,,15.0,mobile
15219,833,2024-09-06,91.0,tablet
15220,1256,10/05/2024,25.0,mobile
15221,1256,04/30/2024,,tablet
15222,1256,11/24/2024,114.0,mobile
15223,833,08/25/2024,95.0,tablet
15224,833,06/20/2024,81.0,mobile
15225,833,24-05-2024,71.0,tablet
15226,833,01/24/2025,118.0,tablet
15227,1256,09/16/2024,116.0,tablet
15228,1256,,115.0,desktop
15229,1256,2024-02-08,1.0,tablet
15230,1256,2024-03-13,78.0,mobile
15231,1256,11-01-2024,55.0,desktop
15232,1256,04-08-2024,70.0,desktop
15233,1256,09/24/2024,55.0,desktop
15234,1256,21-02-2024,54.0,tablet
15235,1256,01/24/2025,76.0,tablet
15236,1256,2024-04-13,35.0,mobile
15237,1256,2024-08-21,73.0,desktop
15238,1256,01/24/2024,26.0,tablet
15239,833,06/03/2024,9.0,desktop
15240,1256,2024-04-08,18.0,mobile
15241,833,08/15/2024,88.0,mobile
15242,1256,2024-07-07,7.0,tablet
15243,1256,07/28/2024,94.0,mobile
15244,1256,2024-06-07,92.0,desktop
15245,833,01/25/2025,,mobile
15246,1256,18-10-2024,13.0,tablet
15247,1256,03/30/2024,116.0,tablet
15248,1256,30-01-2024,27.0,tablet
15249,1256,2024-12-16,105.0,
15250,1256,2024-07-05,55.0,mobile
15251,1256,12-11-2024,89.0,tablet
15252,1256,07/02/2024,16.0,desktop
15253,1256,01/17/2025,59.0,mobile
15254,1256,2025-01-02,81.0,
15255,1256,,8.0,mobile
15256,1256,15-12-2024,96.0,desktop
15257,833,2024-02-20,37.0,mobile
15258,1256,2024-09-22,91.0,desktop
15259,1256,2024-08-22,62.0,mobile
15260,833,2024-02-21,45.0,tablet
15261,1256,10/02/2024,86.0,tablet
15262,1256,2024-02-16,64.0,mobile
15263,1256,2024-01-28,53.0,tablet
15264,1256,24-06-2024,,mobile
15265,1256,17-08-2024,100.0,tablet
15266,1256,,48.0,desktop
15267,1256,06/16/2024,,mobile
15268,1256,17-09-2024,117.0,mobile
15269,1256,12-10-2024,110.0,tablet
15270,833,13-02-2024,119.0,mobile
15271,1256,12-03-2024,25.0,desktop
15272,1256,24-02-2024,86.0,tablet
15273,1256,08/12/2024,16.0,tablet
15274,1256,15-01-2024,39.0,mobile
15275,1256,2024-10-23,42.0,desktop
15276,1256,05-12-2024,28.0,desktop
15277,833,2024-10-04,119.0,mobile
15278,1256,09/03/2024,59.0,tablet
15279,1256,2024-06-25,47.0,mobile
15280,833,2024-04-28,,desktop
15281,1256,05-03-2024,80.0,mobile
15282,1256,11/07/2024,86.0,desktop
15283,1256,26-01-2025,85.0,mobile
15284,1256,20-02-2024,109.0,mobile
15285,1256,04/01/2024,101.0,mobile
15286,1256,12-11-2024,70.0,tablet
15287,1256,30-07-2024,47.0,
15288,1256,10/18/2024,38.0,desktop
15289,1256,20-08-2024,19.0,tablet
15290,833,18-12-2024,23.0,desktop
15291,1256,11/09/2024,50.0,tablet
15292,1256,2024-09-23,44.0,mobile
15293,1256,09/22/2024,56.0,tablet
15294,833,02-11-2024,53.0,tablet
15295,1256,08/11/2024,,mobile
15296,1256,2024-07-14,77.0,desktop
15297,833,23-11-2024,8.0,mobile
15298,1256,31-08-2024,31.0,mobile
15299,1256,12-07-2024,25.0,desktop
15300,1256,2024-09-23,,
15301,1256,2024-06-17,9.0,mobile
15302,1256,09/15/2024,18.0,desktop
15303,1256,12-03-2024,105.0,tablet
15304,1256,07/11/2024,82.0,mobile
15305,833,2024-01-03,77.0,desktop
15306,833,01/26/2024,69.0,desktop
15307,1256,13-06-2024,81.0,mobile
15308,833,14-06-2024,88.0,mobile
15309,1256,10-10-2024,46.0,tablet
15310,1256,,76.0,mobile
15311,1256,2024-06-26,,tablet
15312,1256,29-03-2024,49.0,desktop
15313,1256,05-05-2024,,mobile
15314,833,04/02/2024,19.0,mobile
15315,1256,01/09/2024,,desktop
15316,1256,2024-08-21,44.0,tablet
15317,1256,2024-07-06,11.0,desktop
15318,833,11-02-2024,44.0,mobile
15319,1256,30-11-2024,49.0,mobile
15320,1256,2024-07-25,107.0,mobile
15321,1256,28-12-2024,106.0,desktop
15322,1256,01-02-2024,31.0,desktop
15323,1256,11-08-2024,46.0,tablet
15324,1256,11-07-2024,24.0,mobile
15325,1256,01-05-2024,106.0,desktop
15326,1256,11-03-2024,24.0,desktop
15327,1256,08-09-2024,33.0,mobile
15328,1256,23-07-2024,85.0,desktop
15329,1256,10-05-2024,34.0,tablet
15330,1256,2024-01-25,71.0,desktop
15331,1256,01/09/2025,95.0,desktop
15332,833,2024-02-05,52.0,
15333,1256,12-01-2024,43.0,desktop
15334,1256,2024-08-25,4.0,desktop
15335,833,2024-07-20,14.0,mobile
15336,1256,09/07/2024,83.0,mobile
15337,1256,2024-11-16,110.0,mobile
15338,1256,24-04-2024,6.0,tablet
15339,1256,12/04/2024,39.0,mobile
15340,1256,2024-05-22,5.0,desktop
15341,833,20-06-2024,105.0,
15342,1256,06/12/2024,40.0,mobile
15343,833,2024-04-04,4.0,desktop
15344,1256,07/15/2024,38.0,tablet
15345,1256,18-03-2024,,
15346,833,01/15/2025,,tablet
15347,1256,2024-07-11,97.0,mobile
15348,1256,08/17/2024,,mobile
15349,1256,07/16/2024,8.0,desktop
15350,1256,13-09-2024,94.0,mobile
15351,833,2024-03-30,,mobile
15352,1256,2024-01-14,77.0,desktop
15353,1256,23-04-2024,105.0,desktop
15354,1256,19-11-2024,43.0,tablet
15355,1256,2024-07-28,80.0,tablet
15356,1256,03-02-2025,34.0,desktop
15357,1256,2024-05-26,90.0,mobile
15358,1256,05-05-2024,42.0,desktop
15359,833,2024-07-18,80.0,
15360,1256,2024-10-28,,tablet
15361,762,16-02-2024,88.0,desktop
15362,1256,24-06-2024,69.0,tablet
15363,1256,30-11-2024,65.0,desktop
15364,833,2024-06-28,110.0,mobile
15365,1256,12/14/2024,33.0,mobile
15366,1256,30-01-2025,38.0,
15367,833,14-10-2024,48.0,tablet
15368,833,2024-06-27,78.0,desktop
15369,1256,01/30/2025,,tablet
15370,1256,2024-02-08,,tablet
15371,1256,2024-12-15,118.0,tablet
15372,833,26-12-2024,117.0,tablet
15373,1256,2024-10-23,73.0,tablet
15374,1256,2024-02-23,75.0,desktop
15375,1256,07/19/2024,83.0,desktop
15376,1256,26-04-2024,40.0,mobile
15377,1256,,14.0,desktop
15378,1256,2024-12-12,39.0,mobile
15379,1256,20-06-2024,96.0,mobile
15380,1256,06-04-2024,,mobile
15381,833,12/06/2024,4.0,desktop
15382,1256,2024-11-10,113.0,mobile
15383,1256,2024-09-27,57.0,mobile
15384,1256,29-11-2024,46.0,tablet
15385,1256,11/21/2024,95.0,
15386,1256,2024-11-03,101.0,mobile
15387,1256,2024-12-11,,tablet
15388,1256,07/17/2024,,mobile
15389,1256,04-02-2025,27.0,desktop
15390,1256,2024-11-30,60.0,mobile
15391,1256,13-10-2024,103.0,mobile
15392,1256,2024-11-17,78.0,tablet
15393,833,2024-07-21,114.0,tablet
15394,1256,12/10/2024,68.0,desktop
15395,1256,2024-08-29,42.0,mobile
15396,1256,2024-09-05,99.0,tablet
15397,1256,01/20/2024,21.0,desktop
15398,1256,01/02/2025,82.0,desktop
15399,1256,09/03/2024,102.0,desktop
15400,1256,2024-11-23,,desktop
15401,1256,18-07-2024,41.0,mobile
15402,1256,05-09-2024,78.0,desktop
15403,1256,2024-08-15,80.0,mobile
15404,1256,02-06-2024,31.0,tablet
15405,1256,22-02-2024,46.0,tablet
15406,1256,09-01-2024,37.0,desktop
15407,1256,10-11-2024,55.0,tablet
15408,1256,02/25/2024,41.0,mobile
15409,1256,05-11-2024,62.0,mobile
15410,1256,2025-02-04,48.0,tablet
15411,833,22-10-2024,52.0,mobile
15412,1256,05-05-2024,11.0,mobile
15413,833,14-12-2024,,mobile
15414,1256,06/17/2024,,desktop
15415,1256,01/12/2024,,tablet
15416,1256,2024-07-02,72.0,desktop
15417,833,06/11/2024,111.0,tablet
15418,1256,31-03-2024,102.0,desktop
15419,1256,22-01-2025,31.0,mobile
15420,1256,01/04/2024,,mobile
15421,833,2024-01-20,106.0,desktop
15422,833,2024-01-05,62.0,desktop
15423,833,11/16/2024,59.0,tablet
15424,833,11-01-2024,71.0,desktop
15425,1256,2024-01-02,5.0,mobile
15426,1256,15-10-2024,111.0,desktop
15427,833,2024-01-02,116.0,mobile
15428,833,12-10-2024,12.0,mobile
15429,833,07/21/2024,115.0,tablet
15430,1256,03/14/2024,42.0,mobile
15431,1256,08/21/2024,107.0,desktop
15432,1256,01/05/2024,67.0,mobile
15433,1256,25-01-2025,93.0,tablet
15434,1256,06/19/2024,24.0,desktop
15435,762,11-09-2024,43.0,desktop
15436,1256,10/23/2024,53.0,desktop
15437,1256,05/08/2024,7.0,tablet
15438,1256,17-03-2024,21.0,desktop
15439,1256,2024-10-28,57.0,desktop
15440,833,24-10-2024,30.0,desktop
15441,833,09/08/2024,41.0,tablet
15442,1256,2024-06-15,77.0,mobile
15443,1256,05/31/2024,12.0,mobile
15444,1256,07/10/2024,94.0,mobile
15445,1256,2025-01-15,64.0,desktop
15446,833,2024-01-16,115.0,mobile
15447,1256,14-10-2024,114.0,
15448,833,10/28/2024,29.0,mobile
15449,1256,10/20/2024,41.0,desktop
15450,1256,11/09/2024,3.0,mobile
15451,1256,2024-09-09,61.0,desktop
15452,833,25-04-2024,107.0,tablet
15453,1256,09-03-2024,57.0,tablet
15454,1256,2024-09-14,58.0,mobile
15455,833,2024-09-28,101.0,tablet
15456,1256,02/19/2024,50.0,mobile
15457,1256,05-12-2024,110.0,tablet
15458,1256,03/18/2024,113.0,mobile
15459,833,06-01-2024,77.0,desktop
15460,1256,21-10-2024,14.0,tablet
15461,1256,2024-11-15,104.0,desktop
15462,1256,12/09/2024,85.0,tablet
15463,1256,2024-10-07,92.0,mobile
15464,833,2024-10-05,,mobile
15465,1256,05/01/2024,18.0,desktop
15466,1256,2024-12-02,8.0,desktop
15467,1256,15-08-2024,49.0,tablet
15468,1256,17-06-2024,65.0,desktop
15469,1256,2024-08-10,117.0,desktop
15470,1256,2024-05-07,113.0,tablet
15471,833,03/03/2024,52.0,tablet
15472,833,30-09-2024,34.0,mobile
15473,1256,30-09-2024,86.0,tablet
15474,833,02-01-2025,52.0,desktop
15475,1256,2024-11-26,2.0,desktop
15476,1256,25-07-2024,54.0,desktop
15477,1256,2024-05-17,5.0,desktop
15478,1256,2024-05-01,99.0,
15479,833,09/28/2024,,tablet
15480,1256,06/08/2024,38.0,tablet
15481,1256,23-08-2024,13.0,mobile
15482,1256,06/11/2024,81.0,mobile
15483,1256,07-07-2024,58.0,tablet
15484,833,04-02-2024,67.0,desktop
15485,1256,02/12/2024,17.0,desktop
15486,1256,30-05-2024,91.0,tablet
15487,833,25-11-2024,3.0,desktop
15488,1256,2024-11-20,101.0,desktop
15489,1256,04/08/2024,88.0,desktop
15490,1256,05/11/2024,11.0,
15491,833,17-12-2024,20.0,desktop
15492,1256,2024-10-04,12.0,desktop
15493,1256,2024-04-27,31.0,mobile
15494,1256,16-12-2024,3.0,desktop
15495,1256,07/12/2024,67.0,tablet
15496,1256,03-06-2024,57.0,desktop
15497,833,07/03/2024,14.0,mobile
15498,833,2024-01-06,45.0,mobile
15499,833,03/06/2024,,mobile
15500,1256,13-07-2024,89.0,desktop
15501,1256,2024-06-29,6.0,mobile
15502,1256,29-05-2024,30.0,tablet
15503,1256,30-01-2024,102.0,tablet
15504,1256,2024-05-27,45.0,mobile
15505,1256,01/27/2024,104.0,desktop
15506,1256,15-01-2025,116.0,tablet
15507,1256,05/30/2024,22.0,mobile
15508,1256,09-03-2024,13.0,mobile
15509,1256,2024-09-03,23.0,tablet
15510,1256,22-03-2024,18.0,mobile
15511,1256,2024-02-08,,mobile
15512,1256,08/09/2024,83.0,desktop
15513,1256,11/01/2024,106.0,mobile
15514,1256,18-05-2024,94.0,tablet
15515,1256,03/20/2024,38.0,mobile
15516,1256,06/13/2024,64.0,desktop
15517,1256,10/09/2024,53.0,mobile
15518,1256,2025-01-20,19.0,mobile
15519,1256,09/12/2024,21.0,mobile
15520,1256,2025-01-30,26.0,mobile
15521,833,06-07-2024,111.0,mobile
15522,1256,16-04-2024,114.0,desktop
15523,833,09/14/2024,90.0,mobile
15524,1256,10/29/2024,118.0,
15525,1256,08/12/2024,85.0,tablet
15526,833,03-02-2025,25.0,desktop
15527,1256,10-03-2024,71.0,mobile
15528,833,04/03/2024,104.0,mobile
15529,1256,08/21/2024,5.0,tablet
15530,1256,2024-08-29,37.0,mobile
15531,1256,05-12-2024,91.0,mobile
15532,1256,2024-11-19,105.0,desktop
15533,833,14-06-2024,115.0,desktop
15534,1256,04/06/2024,101.0,tablet
15535,833,2024-08-04,119.0,mobile
15536,1256,12/17/2024,,mobile
15537,1256,2024-08-09,62.0,
15538,1256,28-12-2024,25.0,mobile
15539,1256,05/16/2024,59.0,tablet
15540,1256,04/03/2024,91.0,desktop
15541,1256,06/30/2024,77.0,desktop
15542,1256,18-07-2024,91.0,desktop
15543,1256,09/30/2024,27.0,tablet
15544,1256,23-02-2024,113.0,desktop
15545,1256,2024-10-30,53.0,desktop
15546,833,2025-01-02,100.0,tablet
15547,1256,17-04-2024,108.0,mobile
15548,1256,2024-08-08,3.0,mobile
15549,1256,06/08/2024,64.0,tablet
15550,1256,05-07-2024,8.0,desktop
15551,1256,20-10-2024,,mobile
15552,1256,2024-12-03,70.0,desktop
15553,833,11/18/2024,52.0,mobile
15554,1256,05-07-2024,31.0,desktop
15555,1256,02/10/2024,80.0,desktop
15556,833,11/10/2024,94.0,mobile
15557,1256,2024-06-07,95.0,desktop
15558,1256,2024-05-24,67.0,mobile
15559,1256,03/13/2024,68.0,desktop
15560,1256,01/15/2024,73.0,desktop
15561,1256,05/06/2024,45.0,mobile
15562,1256,2024-11-02,73.0,mobile
15563,833,03/10/2024,10.0,mobile
15564,1256,12/24/2024,,tablet
15565,1256,2024-12-02,84.0,mobile
15566,1256,2024-08-20,16.0,mobile
15567,833,08/08/2024,87.0,tablet
15568,1256,2024-12-13,74.0,tablet
15569,833,2024-08-10,7.0,desktop
15570,1256,2024-11-12,61.0,tablet
15571,1256,11-05-2024,30.0,tablet
15572,1256,23-11-2024,14.0,mobile
15573,1256,25-06-2024,77.0,desktop
15574,833,16-08-2024,42.0,desktop
15575,1256,21-02-2024,62.0,desktop
15576,1256,06/30/2024,69.0,mobile
15577,833,2024-09-08,3.0,desktop
15578,1256,31-07-2024,60.0,desktop
15579,1256,01-05-2024,107.0,tablet
15580,1256,,101.0,mobile
15581,1256,10/15/2024,85.0,mobile
15582,1256,01/13/2024,44.0,
15583,1256,2024-11-27,24.0,desktop
15584,1256,07/19/2024,16.0,mobile
15585,1256,10/23/2024,60.0,desktop
15586,1256,20-01-2025,,desktop
15587,1256,2024-08-14,111.0,
15588,1256,22-03-2024,118.0,desktop
15589,833,2024-10-08,117.0,desktop
15590,1256,02/02/2025,63.0,desktop
15591,833,11-01-2024,,desktop
15592,1256,20-01-2025,57.0,tablet
15593,1256,03/29/2024,17.0,desktop
15594,1256,2024-06-02,28.0,
15595,1256,29-01-2025,73.0,tablet
15596,1256,28-09-2024,88.0,desktop
15597,1256,02/07/2024,,mobile
15598,1256,2024-03-18,81.0,tablet
15599,1256,24-03-2024,118.0,tablet
15600,1256,08/24/2024,10.0,mobile
15601,833,01/22/2025,18.0,tablet
15602,1256,31-05-2024,40.0,desktop
15603,1256,27-03-2024,119.0,tablet
15604,1256,05-11-2024,92.0,mobile
15605,1256,04/06/2024,60.0,desktop
15606,1256,10/12/2024,98.0,desktop
15607,1256,03/11/2024,,mobile
15608,1256,2025-02-04,30.0,mobile
15609,1256,12/21/2024,75.0,tablet
15610,1256,30-01-2024,7.0,desktop
15611,1256,05-01-2024,93.0,tablet
15612,833,11/22/2024,56.0,tablet
15613,1256,08/06/2024,120.0,tablet
15614,1256,10-07-2024,112.0,tablet
15615,1256,14-05-2024,64.0,mobile
15616,1256,08/26/2024,51.0,desktop
15617,833,2024-05-18,28.0,mobile
15618,1256,19-11-2024,3.0,mobile
15619,1256,02-04-2024,60.0,mobile
15620,762,06/25/2024,91.0,
15621,1256,18-09-2024,53.0,mobile
15622,1256,2024-03-14,28.0,desktop
15623,1256,2024-09-25,44.0,mobile
15624,1256,2024-09-02,75.0,tablet
15625,1256,19-01-2024,32.0,mobile
15626,1256,2024-10-06,83.0,tablet
15627,1256,2024-01-29,,tablet
15628,1256,18-10-2024,74.0,mobile
15629,1256,02-07-2024,77.0,desktop
15630,1256,2024-05-06,,desktop
15631,1256,02-02-2025,110.0,tablet
15632,1256,20-09-2024,,tablet
15633,1256,06/23/2024,84.0,
15634,1256,10-12-2024,60.0,tablet
15635,1256,20-11-2024,40.0,desktop
15636,1256,14-09-2024,43.0,mobile
15637,833,2024-03-13,15.0,desktop
15638,1256,23-02-2024,85.0,tablet
15639,1256,11/09/2024,19.0,
15640,833,12-09-2024,75.0,tablet
15641,1256,05/23/2024,36.0,desktop
15642,1256,23-09-2024,116.0,tablet
15643,1256,2024-05-07,83.0,mobile
15644,833,2024-07-13,99.0,tablet
15645,1256,2024-12-09,81.0,tablet
15646,1256,2024-03-25,34.0,mobile
15647,1256,23-07-2024,75.0,tablet
15648,833,10/24/2024,17.0,mobile
15649,1256,2024-09-05,,tablet
15650,833,2024-06-08,70.0,tablet
15651,1256,09/15/2024,113.0,
15652,1256,08/18/2024,72.0,tablet
15653,1256,2024-03-12,55.0,mobile
15654,1256,15-02-2024,107.0,mobile
15655,1256,12/06/2024,34.0,mobile
15656,1256,04/28/2024,49.0,tablet
15657,1256,13-03-2024,61.0,mobile
15658,1256,,73.0,desktop
15659,1256,06/25/2024,,desktop
15660,1256,2024-03-07,36.0,desktop
15661,833,2024-10-27,18.0,mobile
15662,1256,2024-11-23,78.0,tablet
15663,1256,30-11-2024,105.0,tablet
15664,1256,2024-08-16,55.0,tablet
15665,1256,10/29/2024,93.0,mobile
15666,1256,23-11-2024,96.0,mobile
15667,1256,11-05-2024,59.0,mobile
15668,1256,11/26/2024,72.0,tablet
15669,1256,12/10/2024,108.0,desktop
15670,1256,01-03-2024,90.0,tablet
15671,833,2024-09-15,65.0,tablet
15672,1256,2024-01-04,106.0,tablet
15673,1256,02/17/2024,120.0,tablet
15674,1256,2024-11-26,56.0,desktop
15675,1256,25-12-2024,61.0,mobile
15676,1256,07-01-2024,,tablet
15677,1256,2024-02-05,27.0,tablet
15678,1256,2024-11-09,71.0,mobile
15679,833,27-02-2024,30.0,desktop
15680,1256,01-06-2024,22.0,desktop
15681,1256,10-01-2025,116.0,tablet
15682,1256,2024-04-24,61.0,desktop
15683,1256,2024-09-23,98.0,mobile
15684,1256,2024-08-29,120.0,tablet
15685,1256,06-04-2024,37.0,desktop
15686,1256,01-08-2024,64.0,desktop
15687,1256,06/06/2024,99.0,tablet
15688,1256,03-04-2024,85.0,desktop
15689,833,06/26/2024,110.0,tablet
15690,1256,01/12/2025,82.0,desktop
15691,1256,01/01/2024,120.0,mobile
15692,1256,2024-09-16,12.0,tablet
15693,833,13-05-2024,62.0,desktop
15694,1256,,62.0,mobile
15695,1256,02/02/2025,77.0,tablet
15696,1256,02/19/2024,28.0,mobile
15697,1256,03-04-2024,58.0,desktop
15698,1256,2024-08-11,2.0,
15699,1256,2024-10-23,18.0,desktop
15700,1256,12/12/2024,76.0,mobile
15701,833,07/30/2024,51.0,tablet
15702,833,06/03/2024,60.0,
15703,1256,12/02/2024,31.0,tablet
15704,1256,08/19/2024,6.0,desktop
15705,1256,12/03/2024,48.0,tablet
15706,1256,09-12-2024,,desktop
15707,1256,07/15/2024,54.0,tablet
15708,1256,09-05-2024,88.0,desktop
15709,1256,,104.0,tablet
15710,833,,57.0,tablet
15711,833,03-01-2025,105.0,desktop
15712,1256,08-12-2024,77.0,tablet
15713,1256,16-07-2024,74.0,tablet
15714,1256,01/16/2025,86.0,desktop
15715,1256,10/19/2024,10.0,mobile
15716,833,,77.0,desktop
15717,1256,03/15/2024,101.0,tablet
15718,1256,28-01-2024,,tablet
15719,833,12/09/2024,93.0,tablet
15720,833,2024-12-24,25.0,tablet
15721,1256,27-01-2025,102.0,
15722,1256,2024-03-30,7.0,tablet
15723,833,01/24/2025,83.0,tablet
15724,1256,2024-01-31,52.0,mobile
15725,833,21-09-2024,69.0,desktop
15726,1256,11/17/2024,79.0,tablet
15727,1256,05/02/2024,105.0,tablet
15728,1256,26-05-2024,87.0,tablet
15729,1256,25-11-2024,2.0,tablet
15730,833,31-01-2024,118.0,tablet
15731,1256,2024-01-19,79.0,tablet
15732,1256,2024-06-10,20.0,desktop
15733,1256,31-01-2025,39.0,desktop
15734,1256,2025-02-02,58.0,tablet
15735,1256,02/07/2024,120.0,tablet
15736,1256,07/30/2024,74.0,tablet
15737,1256,04-06-2024,,mobile
15738,1256,2024-10-23,32.0,mobile
15739,1256,,101.0,
15740,762,2024-07-23,68.0,
15741,1256,08-08-2024,,desktop
15742,833,2024-05-19,102.0,tablet
15743,1256,2024-08-05,70.0,desktop
15744,1256,2024-08-11,6.0,mobile
15745,1256,2024-10-27,108.0,mobile
15746,1256,06/11/2024,34.0,desktop
15747,833,21-01-2025,32.0,tablet
15748,1256,2024-08-22,32.0,desktop
15749,1256,10/08/2024,28.0,mobile
15750,1256,27-02-2024,,desktop
15751,1256,10-05-2024,65.0,mobile
15752,1256,06/04/2024,16.0,mobile
15753,1256,2024-12-11,16.0,mobile
15754,1256,03/21/2024,,mobile
15755,1256,2024-09-07,27.0,desktop
15756,833,10/31/2024,,tablet
15757,1256,10/12/2024,31.0,desktop
15758,1256,2024-09-04,70.0,mobile
15759,1256,07/27/2024,65.0,tablet
15760,833,03/04/2024,120.0,mobile
15761,1256,01/27/2024,9.0,desktop
15762,833,10-12-2024,55.0,mobile
15763,1256,18-03-2024,16.0,tablet
15764,1256,04/23/2024,97.0,mobile
15765,1256,2025-01-29,49.0,mobile
15766,1256,16-01-2024,7.0,desktop
15767,833,11/06/2024,17.0,desktop
15768,1256,2024-09-18,65.0,desktop
15769,1256,2024-02-07,63.0,mobile
15770,1256,2024-09-05,79.0,mobile
15771,1256,22-01-2024,7.0,mobile
15772,1256,05-05-2024,54.0,tablet
15773,1256,08/04/2024,31.0,desktop
15774,1256,04-02-2024,120.0,tablet
15775,1256,04/17/2024,17.0,mobile
15776,1256,2024-08-22,101.0,desktop
15777,1256,15-11-2024,42.0,mobile
15778,1256,09/03/2024,31.0,mobile
15779,1256,2024-10-31,40.0,mobile
15780,1256,2024-10-05,57.0,tablet
15781,1256,14-08-2024,35.0,tablet
15782,1256,01/01/2024,51.0,mobile
15783,1256,08-01-2024,21.0,
15784,1256,2024-04-08,114.0,desktop
15785,1256,2025-01-24,78.0,mobile
15786,1256,05/30/2024,111.0,mobile
15787,1256,2024-09-07,6.0,tablet
15788,833,12-02-2024,25.0,desktop
15789,833,14-10-2024,46.0,desktop
15790,1256,2024-12-28,4.0,desktop
15791,1256,2024-01-27,15.0,tablet
15792,833,03/27/2024,86.0,desktop
15793,1256,2024-11-09,77.0,mobile
15794,833,01/20/2024,12.0,mobile
15795,1256,08/17/2024,111.0,tablet
15796,1256,17-08-2024,75.0,tablet
15797,1256,01-02-2025,102.0,tablet
15798,1256,2024-06-04,74.0,tablet
15799,833,2024-10-19,112.0,tablet
15800,1256,09/16/2024,38.0,desktop
15801,1256,03/21/2024,85.0,desktop
15802,1256,10/30/2024,30.0,tablet
15803,1256,19-08-2024,28.0,mobile
15804,1256,03/28/2024,,mobile
15805,833,2024-01-27,68.0,desktop
15806,833,03/18/2024,96.0,desktop
15807,833,08/25/2024,107.0,desktop
15808,1256,04-09-2024,96.0,mobile
15809,1256,2024-04-15,15.0,mobile
15810,1256,2024-12-18,86.0,mobile
15811,1256,2024-06-12,11.0,tablet
15812,1256,16-01-2024,68.0,
15813,1256,02/26/2024,30.0,desktop
15814,833,2024-09-27,37.0,mobile
15815,1256,14-04-2024,19.0,tablet
15816,1256,2024-07-21,79.0,desktop
15817,1256,03/24/2024,86.0,tablet
15818,833,02/22/2024,3.0,mobile
15819,1256,05/20/2024,41.0,mobile
15820,1256,25-12-2024,82.0,desktop
15821,1256,06/10/2024,90.0,tablet
15822,833,21-11-2024,51.0,mobile
15823,1256,2024-08-25,21.0,mobile
15824,1256,11/23/2024,9.0,tablet
15825,1256,13-04-2024,36.0,mobile
15826,1256,10/10/2024,,tablet
15827,1256,25-10-2024,56.0,desktop
15828,1256,2024-12-04,96.0,mobile
15829,1256,2024-09-22,81.0,
15830,1256,2024-11-09,14.0,tablet
15831,1256,04-09-2024,79.0,tablet
15832,833,04/02/2024,115.0,
15833,1256,09-01-2025,54.0,mobile
15834,1256,09/30/2024,56.0,mobile
15835,1256,2024-06-13,59.0,desktop
15836,1256,2024-01-14,77.0,desktop
15837,833,02/13/2024,52.0,tablet
15838,833,09/26/2024,107.0,tablet
15839,833,02/11/2024,92.0,mobile
15840,1256,2024-01-15,38.0,mobile
15841,1256,08-07-2024,28.0,desktop
15842,1256,05-10-2024,111.0,tablet
15843,1256,16-12-2024,,mobile
15844,1256,07/31/2024,120.0,tablet
15845,833,07/01/2024,120.0,mobile
15846,1256,01/24/2025,120.0,desktop
15847,1256,05-04-2024,21.0,desktop
15848,1256,2024-08-11,9.0,mobile
15849,1256,19-05-2024,3.0,tablet
15850,833,19-04-2024,5.0,
15851,1256,13-01-2024,67.0,mobile
15852,1256,05-05-2024,16.0,tablet
15853,1256,04/29/2024,41.0,desktop
15854,1256,2025-02-02,26.0,tablet
15855,1256,2024-12-25,49.0,desktop
15856,1256,,120.0,tablet
15857,1256,01/06/2025,80.0,mobile
15858,1256,2024-08-19,41.0,tablet
15859,1256,03-02-2024,102.0,mobile
15860,1256,2024-07-15,38.0,tablet
15861,1256,18-12-2024,40.0,mobile
15862,1256,02/26/2024,69.0,mobile
15863,1256,02-08-2024,56.0,desktop
15864,1256,05/18/2024,81.0,tablet
15865,833,2024-06-16,12.0,desktop
15866,1256,2024-12-06,24.0,desktop
15867,1256,,4.0,tablet
15868,833,09/17/2024,21.0,mobile
15869,1256,2024-09-05,61.0,mobile
15870,1256,2024-01-06,39.0,desktop
15871,1256,06/28/2024,1.0,desktop
15872,833,2024-07-05,22.0,tablet
15873,1256,25-02-2024,14.0,mobile
15874,1256,27-09-2024,113.0,tablet
15875,1256,,16.0,desktop
15876,1256,11/30/2024,18.0,desktop
15877,1256,28-10-2024,47.0,desktop
15878,1256,2024-03-14,1.0,mobile
15879,1256,26-06-2024,,mobile
15880,1256,13-04-2024,95.0,desktop
15881,1256,2024-11-07,45.0,desktop
15882,1256,2024-04-17,91.0,mobile
15883,1256,2024-02-12,34.0,tablet
15884,1256,2024-04-11,94.0,tablet
15885,1256,20-09-2024,40.0,tablet
15886,1256,2024-04-13,61.0,tablet
15887,833,04/21/2024,95.0,tablet
15888,1256,2024-05-02,61.0,mobile
15889,1256,09/08/2024,114.0,tablet
15890,1256,01/08/2024,57.0,tablet
15891,1256,10-12-2024,60.0,mobile
15892,1256,12/01/2024,9.0,tablet
15893,1256,2024-12-01,81.0,tablet
15894,1256,,66.0,mobile
15895,1256,2024-09-19,44.0,desktop
15896,1256,16-01-2024,53.0,mobile
15897,833,23-11-2024,97.0,desktop
15898,1256,07-01-2025,10.0,tablet
15899,1256,07/13/2024,65.0,
15900,1256,2024-06-22,52.0,mobile
15901,1256,04/11/2024,24.0,desktop
15902,1256,07-04-2024,,mobile
15903,1256,12/13/2024,76.0,tablet
15904,1256,04/22/2024,61.0,mobile
15905,1256,05-02-2024,41.0,tablet
15906,1256,24-01-2025,96.0,desktop
15907,1256,11-04-2024,4.0,desktop
15908,1256,2024-02-12,111.0,mobile
15909,1256,03-09-2024,61.0,mobile
15910,1256,01/13/2024,86.0,tablet
15911,1256,,117.0,desktop
15912,1256,04-05-2024,58.0,mobile
15913,1256,2024-02-19,52.0,tablet
15914,1256,07-01-2025,52.0,tablet
15915,1256,10/11/2024,14.0,desktop
15916,833,30-06-2024,5.0,tablet
15917,1256,2024-11-16,107.0,tablet
15918,1256,03/27/2024,39.0,mobile
15919,1256,2024-05-03,74.0,desktop
15920,833,05-12-2024,18.0,mobile
15921,833,2024-08-09,30.0,mobile
15922,1256,2024-04-30,112.0,mobile
15923,1256,24-07-2024,98.0,mobile
15924,833,2024-08-18,8.0,desktop
15925,1256,2024-08-25,58.0,desktop
15926,1256,11/05/2024,67.0,tablet
15927,762,09-01-2024,103.0,tablet
15928,1256,2024-06-18,119.0,tablet
15929,1256,2024-02-05,48.0,tablet
15930,833,2024-10-18,,mobile
15931,833,12/25/2024,85.0,desktop
15932,833,21-10-2024,74.0,mobile
15933,1256,08/02/2024,39.0,mobile
15934,833,12-10-2024,,mobile
15935,1256,11/19/2024,8.0,desktop
15936,1256,01/14/2025,97.0,mobile
15937,833,11-12-2024,92.0,desktop
15938,1256,01/23/2025,103.0,desktop
15939,1256,2024-01-20,3.0,mobile
15940,1256,2024-10-30,96.0,tablet
15941,1256,05/29/2024,23.0,mobile
15942,1256,2024-03-26,56.0,desktop
15943,1256,29-05-2024,99.0,tablet
15944,1256,2024-03-06,55.0,mobile
15945,1256,2024-04-27,52.0,desktop
15946,1256,2024-11-27,70.0,desktop
15947,1256,25-03-2024,20.0,desktop
15948,1256,2024-01-01,8.0,mobile
15949,1256,,111.0,desktop
15950,1256,11-04-2024,94.0,tablet
15951,1256,,36.0,tablet
15952,1256,09/14/2024,118.0,mobile
15953,1256,2024-01-14,114.0,desktop
15954,1256,,98.0,tablet
15955,833,2024-03-19,43.0,tablet
15956,1256,,73.0,tablet
15957,1256,06/15/2024,33.0,desktop
15958,1256,2024-04-18,74.0,desktop
15959,1256,2024-08-09,37.0,tablet
15960,833,2024-03-23,104.0,mobile
15961,833,02/29/2024,9.0,mobile
15962,1256,09/02/2024,48.0,
15963,1256,2024-09-09,20.0,desktop
15964,1256,,23.0,desktop
15965,833,29-06-2024,34.0,desktop
15966,1256,09/06/2024,57.0,
15967,1256,18-01-2024,68.0,mobile
15968,1256,09/07/2024,49.0,desktop
15969,1256,30-01-2025,19.0,mobile
15970,1256,03/11/2024,96.0,tablet
15971,1256,11/06/2024,100.0,mobile
15972,1256,09/05/2024,109.0,mobile
15973,1256,2024-02-15,36.0,desktop
15974,1256,02/18/2024,39.0,desktop
15975,1256,2024-01-05,79.0,desktop
15976,1256,07/04/2024,69.0,tablet
15977,833,2024-06-07,60.0,desktop
15978,1256,2024-05-07,55.0,desktop
15979,1256,2024-01-15,1.0,mobile
15980,1256,27-09-2024,29.0,desktop
15981,1256,10/14/2024,98.0,desktop
15982,1256,11/09/2024,40.0,
15983,1256,2025-02-03,115.0,mobile
15984,1256,2024-08-24,45.0,tablet
15985,1256,10/27/2024,20.0,mobile
15986,833,2025-01-20,83.0,mobile
15987,1256,2024-05-24,39.0,mobile
15988,1256,23-12-2024,34.0,mobile
15989,1256,01-02-2025,32.0,mobile
15990,1256,2024-12-10,75.0,mobile
15991,833,03-04-2024,15.0,tablet
15992,1256,2024-06-20,14.0,mobile
15993,1256,2025-01-23,,desktop
15994,1256,26-05-2024,32.0,tablet
15995,1256,16-05-2024,71.0,mobile
15996,1256,12/24/2024,56.0,tablet
15997,1256,07/07/2024,80.0,mobile
15998,1256,07/26/2024,65.0,desktop
15999,1256,2024-09-01,117.0,mobile
16000,833,2024-03-10,,tablet
16001,833,2024-01-08,10.0,
16002,1256,2025-01-07,,desktop
16003,833,07-10-2024,41.0,desktop
16004,833,2024-05-23,34.0,mobile
16005,1256,12/07/2024,,mobile
16006,1256,2024-01-05,86.0,mobile
16007,1256,02/05/2024,60.0,
16008,1256,2024-12-21,111.0,desktop
16009,1256,2024-10-09,38.0,tablet
16010,1256,11/17/2024,59.0,mobile
16011,1256,12/30/2024,72.0,tablet
16012,833,03/14/2024,51.0,tablet
16013,1256,2024-08-09,84.0,tablet
16014,1256,06/19/2024,33.0,desktop
16015,833,05-07-2024,110.0,mobile
16016,833,2024-08-18,20.0,mobile
16017,1256,04/27/2024,89.0,tablet
16018,1256,02/13/2024,20.0,mobile
16019,1256,23-05-2024,108.0,tablet
16020,1256,21-08-2024,75.0,mobile
16021,1256,2024-08-27,119.0,tablet
16022,1256,23-10-2024,82.0,desktop
16023,1256,05/22/2024,107.0,tablet
16024,1256,04/24/2024,12.0,tablet
16025,1256,01/29/2024,86.0,mobile
16026,1256,05/26/2024,70.0,mobile
16027,1256,2024-12-14,88.0,desktop
16028,833,12/22/2024,57.0,desktop
16029,1256,07-11-2024,14.0,tablet
16030,1256,03/21/2024,,tablet
16031,1256,,40.0,tablet
16032,1256,21-08-2024,26.0,tablet
16033,1256,01/06/2025,17.0,desktop
16034,1256,2024-02-25,65.0,desktop
16035,1256,31-05-2024,20.0,mobile
16036,833,2025-01-26,64.0,desktop
16037,1256,03/15/2024,105.0,tablet
16038,1256,09/17/2024,73.0,desktop
16039,1256,17-11-2024,,mobile
16040,1256,01-02-2024,5.0,tablet
16041,833,02/20/2024,109.0,tablet
16042,1256,04-10-2024,84.0,desktop
16043,1256,17-07-2024,100.0,tablet
16044,1256,06/17/2024,109.0,tablet
16045,1256,2024-02-04,47.0,tablet
16046,1256,2025-01-01,39.0,mobile
16047,1256,11/02/2024,74.0,desktop
16048,1256,01/31/2024,72.0,mobile
16049,1256,2024-02-12,119.0,mobile
16050,1256,02-04-2024,,desktop
16051,833,2024-12-30,,tablet
16052,1256,11/15/2024,12.0,mobile
16053,1256,2024-12-18,110.0,tablet
16054,833,08/08/2024,55.0,
16055,1256,2024-03-14,43.0,mobile
16056,1256,03-12-2024,102.0,desktop
16057,833,06/14/2024,119.0,desktop
16058,1256,29-07-2024,22.0,mobile
16059,833,28-05-2024,117.0,mobile
16060,1256,2024-07-22,93.0,mobile
16061,1256,29-08-2024,42.0,mobile
16062,1256,06/27/2024,81.0,tablet
16063,1256,2024-08-15,17.0,desktop
16064,1256,11-02-2024,77.0,tablet
16065,1256,03-09-2024,89.0,mobile
16066,1256,01-01-2025,7.0,mobile
16067,833,28-09-2024,13.0,tablet
16068,1256,2024-08-09,43.0,desktop
16069,1256,18-11-2024,119.0,desktop
16070,1256,05/13/2024,99.0,desktop
16071,1256,07/29/2024,27.0,tablet
16072,1256,03/25/2024,6.0,tablet
16073,1256,2024-02-26,76.0,mobile
16074,1256,21-06-2024,,mobile
16075,1256,04/23/2024,91.0,desktop
16076,1256,04-09-2024,1.0,desktop
16077,1256,24-01-2024,88.0,desktop
16078,1256,31-03-2024,103.0,tablet
16079,1256,2024-12-30,88.0,tablet
16080,1256,18-11-2024,,desktop
16081,1256,13-06-2024,46.0,tablet
16082,1256,02-04-2024,42.0,desktop
16083,1256,15-02-2024,75.0,mobile
16084,1256,2025-02-03,115.0,desktop
16085,1256,03-11-2024,61.0,
16086,1256,2024-03-07,,tablet
16087,1256,02/07/2024,60.0,desktop
16088,1256,02/12/2024,84.0,desktop
16089,833,28-06-2024,93.0,mobile
16090,1256,05/10/2024,67.0,mobile
16091,833,2024-12-16,104.0,desktop
16092,833,2024-06-05,85.0,desktop
16093,1256,03/16/2024,37.0,desktop
16094,1256,26-09-2024,2.0,mobile
16095,1256,10-12-2024,110.0,tablet
16096,1256,2024-10-28,15.0,mobile
16097,1256,2024-06-27,95.0,mobile
16098,1256,08-05-2024,113.0,tablet
16099,1256,03-07-2024,99.0,tablet
16100,1256,13-11-2024,96.0,mobile
16101,1256,02-01-2025,21.0,tablet
16102,1256,10/23/2024,,mobile
16103,1256,05/06/2024,104.0,mobile
16104,1256,03/10/2024,22.0,desktop
16105,1256,01/06/2024,58.0,
16106,1256,07-01-2025,50.0,mobile
16107,1256,11/03/2024,83.0,tablet
16108,833,2024-03-14,9.0,tablet
16109,833,2024-11-09,105.0,desktop
16110,1256,2024-11-25,78.0,tablet
16111,833,03/08/2024,28.0,tablet
16112,1256,04/26/2024,12.0,mobile
16113,1256,23-08-2024,56.0,tablet
16114,1256,2024-12-31,52.0,tablet
16115,1256,2025-01-17,104.0,tablet
16116,1256,02/23/2024,116.0,tablet
16117,1256,2024-07-05,82.0,desktop
16118,1256,11/14/2024,76.0,mobile
16119,1256,,86.0,tablet
16120,1256,,2.0,tablet
16121,1256,2024-08-29,33.0,desktop
16122,833,20-01-2024,49.0,mobile
16123,1256,2024-05-27,,mobile
16124,1256,2025-01-31,81.0,mobile
16125,1256,10/21/2024,64.0,desktop
16126,1256,02/16/2024,22.0,mobile
16127,1256,17-02-2024,6.0,desktop
16128,833,11/12/2024,32.0,desktop
16129,1256,09/24/2024,13.0,tablet
16130,1256,25-06-2024,21.0,desktop
16131,762,2024-12-21,73.0,mobile
16132,1256,05/03/2024,14.0,tablet
16133,1256,07/23/2024,36.0,tablet
16134,1256,16-07-2024,97.0,tablet
16135,1256,2024-11-27,11.0,tablet
16136,1256,06/14/2024,23.0,
16137,833,03-01-2024,1.0,desktop
16138,833,22-03-2024,101.0,mobile
16139,1256,16-07-2024,106.0,mobile
16140,1256,09/06/2024,8.0,mobile
16141,1256,13-10-2024,78.0,tablet
16142,1256,09/27/2024,110.0,desktop
16143,833,2025-01-26,25.0,tablet
16144,1256,13-04-2024,,mobile
16145,1256,06/28/2024,63.0,mobile
16146,1256,2024-03-01,5.0,tablet
16147,1256,2024-03-01,103.0,tablet
16148,1256,12/17/2024,82.0,mobile
16149,1256,11-08-2024,,tablet
16150,1256,06/12/2024,88.0,desktop
16151,1256,2024-09-27,21.0,tablet
16152,1256,19-10-2024,11.0,tablet
16153,1256,01/11/2024,17.0,tablet
16154,833,30-08-2024,36.0,mobile
16155,1256,2024-01-10,11.0,desktop
16156,1256,2024-04-17,19.0,tablet
16157,1256,27-10-2024,92.0,mobile
16158,1256,06-02-2024,3.0,tablet
16159,1256,2024-01-01,101.0,desktop
16160,1256,07/23/2024,83.0,mobile
16161,1256,08/07/2024,18.0,desktop
16162,1256,04-01-2024,51.0,mobile
16163,1256,16-01-2024,37.0,mobile
16164,1256,09/03/2024,94.0,tablet
16165,1256,01-01-2025,93.0,mobile
16166,1256,01/07/2024,61.0,desktop
16167,1256,03/19/2024,107.0,mobile
16168,1256,,27.0,desktop
16169,1256,20-03-2024,55.0,desktop
16170,833,06/26/2024,52.0,mobile
16171,1256,12-10-2024,93.0,desktop
16172,833,2024-06-21,51.0,desktop
16173,833,05/15/2024,67.0,mobile
16174,833,2024-02-08,89.0,tablet
16175,1256,26-09-2024,40.0,mobile
16176,1256,10-06-2024,106.0,mobile
16177,1256,2025-01-03,113.0,desktop
16178,1256,06/28/2024,96.0,tablet
16179,1256,04/26/2024,104.0,tablet
16180,1256,2024-10-01,49.0,desktop
16181,1256,2024-07-15,13.0,tablet
16182,1256,12-11-2024,80.0,mobile
16183,833,01/23/2024,101.0,tablet
16184,1256,16-04-2024,114.0,desktop
16185,1256,2024-01-28,76.0,desktop
16186,1256,2024-02-25,,tablet
16187,833,01-11-2024,26.0,mobile
16188,1256,01/27/2025,82.0,tablet
16189,1256,,,mobile
16190,1256,03/04/2024,90.0,desktop
16191,1256,,88.0,mobile
16192,1256,07-08-2024,99.0,mobile
16193,1256,12/03/2024,100.0,desktop
16194,833,2024-09-03,45.0,tablet
16195,833,25-04-2024,26.0,tablet
16196,1256,2024-02-24,52.0,desktop
16197,1256,2024-01-28,61.0,desktop
16198,1256,02/29/2024,63.0,tablet
16199,1256,26-09-2024,39.0,mobile
16200,1256,12/17/2024,77.0,desktop
16201,1256,12-01-2024,29.0,
16202,1256,18-09-2024,,mobile
16203,1256,2024-11-14,,desktop
16204,1256,2024-11-24,17.0,mobile
16205,1256,05/11/2024,87.0,mobile
16206,833,11/17/2024,26.0,desktop
16207,1256,08-01-2024,45.0,tablet
16208,1256,2024-04-23,26.0,tablet
16209,1256,2024-03-20,11.0,desktop
16210,1256,17-04-2024,4.0,desktop
16211,1256,2024-03-25,25.0,mobile
16212,1256,04/18/2024,4.0,mobile
16213,1256,12/13/2024,43.0,desktop
16214,1256,26-08-2024,113.0,mobile
16215,833,2024-11-09,111.0,desktop
16216,1256,2024-06-11,10.0,tablet
16217,1256,05-10-2024,45.0,desktop
16218,1256,2024-08-15,17.0,tablet
16219,833,11/11/2024,37.0,tablet
16220,1256,01/29/2025,24.0,mobile
16221,1256,06-09-2024,102.0,mobile
16222,1256,26-08-2024,54.0,mobile
16223,1256,09/15/2024,70.0,tablet
16224,1256,06-01-2024,16.0,tablet
16225,1256,2024-09-14,9.0,desktop
16226,1256,2024-03-08,55.0,tablet
16227,1256,19-07-2024,,tablet
16228,1256,07-03-2024,58.0,desktop
16229,1256,17-09-2024,12.0,mobile
16230,1256,07/11/2024,1.0,tablet
16231,1256,13-09-2024,23.0,tablet
16232,1256,05/04/2024,84.0,desktop
16233,1256,2024-11-23,76.0,tablet
16234,1256,03-02-2024,38.0,desktop
16235,1256,01/17/2025,57.0,desktop
16236,1256,2024-01-05,65.0,mobile
16237,1256,09-02-2024,95.0,desktop
16238,1256,2024-11-27,32.0,tablet
16239,1256,12-10-2024,108.0,tablet
16240,833,,106.0,tablet
16241,1256,2024-04-14,89.0,tablet
16242,1256,2024-01-04,83.0,mobile
16243,1256,21-12-2024,,desktop
16244,1256,2024-12-09,91.0,tablet
16245,1256,10/04/2024,32.0,tablet
16246,1256,10/11/2024,35.0,mobile
16247,1256,06/18/2024,118.0,mobile
16248,1256,2024-05-21,,desktop
16249,762,14-08-2024,100.0,mobile
16250,1256,08/19/2024,30.0,desktop
16251,1256,,42.0,tablet
16252,1256,2025-01-16,43.0,desktop
16253,1256,07/02/2024,107.0,desktop
16254,1256,2024-09-18,,desktop
16255,1256,15-07-2024,69.0,tablet
16256,1256,2024-12-07,45.0,mobile
16257,1256,2024-07-06,5.0,tablet
16258,1256,01/06/2025,91.0,desktop
16259,1256,2024-10-30,68.0,desktop
16260,1256,2024-08-06,80.0,desktop
16261,762,2025-01-01,32.0,desktop
16262,1256,2024-10-24,10.0,desktop
16263,833,14-12-2024,44.0,tablet
16264,1256,05-02-2024,,tablet
16265,1256,10/20/2024,116.0,desktop
16266,1256,13-10-2024,53.0,desktop
16267,1256,27-12-2024,49.0,desktop
16268,1256,2024-05-28,49.0,mobile
16269,1256,05/23/2024,59.0,desktop
16270,1256,07/04/2024,35.0,mobile
16271,1256,04/29/2024,18.0,desktop
16272,1256,10-06-2024,38.0,desktop
16273,1256,2024-02-08,92.0,tablet
16274,1256,10/12/2024,70.0,desktop
16275,1256,2024-06-19,107.0,mobile
16276,833,2024-12-30,77.0,mobile
16277,1256,06-01-2025,120.0,mobile
16278,1256,2024-02-22,2.0,desktop
16279,1256,10/02/2024,90.0,tablet
16280,833,2024-06-26,,mobile
16281,1256,2024-01-22,,desktop
16282,1256,04/24/2024,53.0,mobile
16283,1256,2024-02-09,11.0,desktop
16284,1256,11/23/2024,44.0,desktop
16285,1256,2024-08-24,105.0,mobile
16286,1256,06/04/2024,81.0,desktop
16287,1256,02/13/2024,30.0,tablet
16288,1256,03/17/2024,7.0,tablet
16289,1256,2024-01-10,62.0,desktop
16290,1256,11/10/2024,3.0,mobile
16291,1256,10/12/2024,10.0,desktop
16292,833,06/15/2024,18.0,tablet
16293,833,22-04-2024,17.0,mobile
16294,1256,27-03-2024,21.0,desktop
16295,1256,04-01-2024,115.0,desktop
16296,1256,2024-01-23,103.0,tablet
16297,1256,2024-07-20,29.0,tablet
16298,1256,10-07-2024,87.0,tablet
16299,1256,16-05-2024,2.0,mobile
16300,833,05/01/2024,61.0,mobile
16301,833,10/19/2024,61.0,desktop
16302,1256,06/12/2024,89.0,mobile
16303,1256,03/03/2024,50.0,mobile
16304,1256,01/08/2024,21.0,tablet
16305,1256,10-08-2024,,tablet
16306,1256,12-10-2024,22.0,mobile
16307,1256,04/14/2024,45.0,tablet
16308,1256,2024-04-22,59.0,mobile
16309,1256,2024-11-29,41.0,tablet
16310,1256,2024-09-04,51.0,desktop
16311,1256,02-01-2025,35.0,tablet
16312,833,2024-02-17,115.0,tablet
16313,1256,20-05-2024,46.0,desktop
16314,833,2024-10-23,24.0,mobile
16315,1256,2024-10-21,,tablet
16316,1256,05/25/2024,8.0,tablet
16317,1256,2024-01-12,1.0,mobile
16318,762,03/26/2024,88.0,desktop
16319,1256,09/21/2024,116.0,tablet
16320,1256,06/14/2024,37.0,tablet
16321,1256,2024-02-26,106.0,tablet
16322,1256,,97.0,desktop
16323,833,2024-01-16,48.0,tablet
16324,1256,05-05-2024,17.0,desktop
16325,833,01/22/2024,74.0,
16326,1256,12-04-2024,,mobile
16327,1256,2025-02-02,99.0,tablet
16328,833,02/19/2024,51.0,mobile
16329,1256,12/16/2024,7.0,desktop
16330,833,03-07-2024,20.0,desktop
16331,1256,12/29/2024,65.0,tablet
16332,1256,15-11-2024,61.0,mobile
16333,1256,2024-09-12,3.0,desktop
16334,1256,07/13/2024,16.0,mobile
16335,1256,2024-06-12,77.0,desktop
16336,833,,13.0,tablet
16337,1256,22-12-2024,61.0,desktop
16338,1256,01/10/2025,89.0,tablet
16339,833,13-05-2024,48.0,mobile
16340,1256,15-10-2024,4.0,mobile
16341,1256,2024-03-26,11.0,tablet
16342,1256,2024-07-19,70.0,tablet
16343,1256,12/16/2024,24.0,tablet
16344,1256,10-02-2024,85.0,desktop
16345,1256,08/12/2024,90.0,desktop
16346,833,18-09-2024,32.0,desktop
16347,1256,2024-06-09,71.0,mobile
16348,1256,06/02/2024,46.0,
16349,1256,2024-01-17,98.0,mobile
16350,1256,2024-07-23,,tablet
16351,1256,2024-01-23,9.0,mobile
16352,1256,09/09/2024,,mobile
16353,833,26-08-2024,61.0,mobile
16354,1256,06-10-2024,3.0,tablet
16355,1256,2024-11-03,41.0,
16356,1256,2024-10-15,3.0,mobile
16357,1256,09-01-2024,78.0,mobile
16358,1256,05/23/2024,62.0,tablet
16359,1256,,31.0,desktop
16360,1256,20-01-2025,72.0,
16361,1256,,116.0,tablet
16362,1256,01/07/2025,18.0,tablet
16363,1256,07/13/2024,82.0,mobile
16364,1256,15-04-2024,14.0,desktop
16365,1256,2024-10-12,96.0,desktop
16366,1256,2025-01-09,83.0,mobile
16367,1256,15-06-2024,89.0,
16368,1256,2024-03-22,,mobile
16369,1256,13-02-2024,113.0,tablet
16370,1256,10/01/2024,5.0,mobile
16371,1256,02/26/2024,30.0,mobile
16372,1256,12/15/2024,60.0,mobile
16373,1256,05/17/2024,42.0,
16374,833,11/07/2024,37.0,mobile
16375,833,2024-09-07,26.0,mobile
16376,1256,16-01-2024,47.0,mobile
16377,1256,11/06/2024,89.0,mobile
16378,1256,2024-04-25,65.0,tablet
16379,1256,2024-01-23,3.0,mobile
16380,1256,11/16/2024,113.0,tablet
16381,1256,03-05-2024,84.0,desktop
16382,833,06-11-2024,110.0,desktop
16383,1256,2024-10-15,91.0,desktop
16384,1256,07/13/2024,104.0,tablet
16385,1256,10/29/2024,59.0,desktop
16386,1256,01/13/2024,98.0,
16387,1256,22-10-2024,120.0,mobile
16388,1256,08-03-2024,2.0,tablet
16389,1256,11/10/2024,10.0,desktop
16390,1256,11/20/2024,117.0,mobile
16391,1256,03/21/2024,47.0,desktop
16392,1256,2024-10-31,70.0,tablet
16393,1256,06-12-2024,,desktop
16394,1256,2024-01-12,37.0,tablet
16395,833,01-08-2024,41.0,tablet
16396,1256,2024-03-13,1.0,mobile
16397,1256,09/18/2024,19.0,tablet
16398,1256,23-03-2024,101.0,tablet
16399,833,08-05-2024,108.0,mobile
16400,1256,06/11/2024,81.0,tablet
16401,1256,2024-03-17,116.0,tablet
16402,1256,2024-07-11,104.0,tablet
16403,1256,17-04-2024,,mobile
16404,1256,01-03-2024,13.0,desktop
16405,1256,01/04/2024,48.0,mobile
16406,1256,23-01-2024,84.0,desktop
16407,1256,2024-06-12,110.0,desktop
16408,1256,15-10-2024,55.0,tablet
16409,1256,2024-07-19,11.0,
16410,1256,02-04-2024,15.0,tablet
16411,1256,28-05-2024,64.0,mobile
16412,1256,01/25/2025,12.0,desktop
16413,1256,,67.0,desktop
16414,1256,,13.0,mobile
16415,833,2024-07-12,108.0,tablet
16416,1256,07/02/2024,106.0,mobile
16417,1256,2024-05-11,94.0,mobile
16418,833,02/26/2024,54.0,desktop
16419,1256,22-02-2024,,mobile
16420,1256,01/23/2025,33.0,tablet
16421,833,10/17/2024,6.0,mobile
16422,1256,17-10-2024,71.0,desktop
16423,1256,,6.0,desktop
16424,833,2024-10-21,102.0,tablet
16425,1256,03-06-2024,34.0,tablet
16426,1256,26-09-2024,79.0,desktop
16427,1256,2024-11-07,47.0,desktop
16428,1256,01-12-2024,56.0,mobile
16429,1256,07/17/2024,11.0,desktop
16430,1256,2024-12-03,63.0,desktop
16431,833,2024-08-15,60.0,desktop
16432,1256,08/12/2024,118.0,tablet
16433,1256,24-01-2025,39.0,mobile
16434,1256,2024-01-07,99.0,tablet
16435,1256,2024-10-08,84.0,desktop
16436,1256,2024-01-17,,tablet
16437,1256,07/08/2024,2.0,tablet
16438,833,08/24/2024,45.0,tablet
16439,833,2024-07-29,62.0,tablet
16440,1256,21-03-2024,47.0,tablet
16441,1256,05/23/2024,27.0,mobile
16442,1256,2024-06-30,20.0,mobile
16443,1256,06/14/2024,60.0,tablet
16444,1256,19-09-2024,62.0,desktop
16445,833,06/11/2024,94.0,mobile
16446,1256,14-11-2024,66.0,desktop
16447,1256,09/08/2024,10.0,mobile
16448,1256,14-12-2024,48.0,mobile
16449,1256,2024-06-06,5.0,tablet
16450,833,02-01-2025,50.0,mobile
16451,762,,72.0,desktop
16452,1256,2024-03-15,,desktop
16453,1256,2024-01-01,59.0,
16454,1256,02/03/2025,71.0,mobile
16455,1256,2024-07-30,67.0,mobile
16456,833,,68.0,mobile
16457,1256,2024-04-05,25.0,tablet
16458,1256,08-03-2024,70.0,mobile
16459,1256,2024-05-27,51.0,mobile
16460,833,01/18/2024,114.0,tablet
16461,1256,06-09-2024,74.0,tablet
16462,1256,10/20/2024,107.0,mobile
16463,833,2024-05-29,70.0,mobile
16464,1256,,54.0,desktop
16465,1256,19-12-2024,40.0,desktop
16466,1256,2024-08-08,77.0,mobile
16467,1256,04-05-2024,31.0,
16468,1256,11/28/2024,10.0,tablet
16469,1256,2024-11-30,22.0,desktop
16470,1256,2024-04-29,43.0,tablet
16471,1256,04/09/2024,109.0,mobile
16472,1256,01-07-2024,,desktop
16473,1256,2025-01-09,86.0,desktop
16474,1256,2024-04-13,77.0,desktop
16475,833,10-12-2024,76.0,mobile
16476,1256,30-07-2024,,mobile
16477,833,01-05-2024,66.0,desktop
16478,1256,02-07-2024,94.0,desktop
16479,1256,2024-04-29,10.0,tablet
16480,1256,12/28/2024,27.0,tablet
16481,1256,2024-09-14,74.0,mobile
16482,1256,2024-12-09,105.0,tablet
16483,833,10/24/2024,66.0,desktop
16484,1256,18-04-2024,26.0,tablet
16485,1256,04-01-2024,120.0,desktop
16486,1256,01/22/2025,93.0,mobile
16487,1256,02/07/2024,67.0,desktop
16488,1256,12/05/2024,84.0,tablet
16489,1256,2024-04-25,56.0,tablet
16490,1256,2024-10-23,67.0,desktop
16491,833,2024-10-07,27.0,desktop
16492,1256,2024-11-17,,mobile
16493,1256,04-02-2024,23.0,mobile
16494,1256,08/27/2024,87.0,tablet
16495,1256,11-02-2024,112.0,desktop
16496,1256,2024-09-26,88.0,tablet
16497,1256,25-08-2024,35.0,tablet
16498,1256,02/29/2024,5.0,desktop
16499,1256,07/26/2024,118.0,desktop
16500,1256,20-11-2024,39.0,tablet
16501,833,07/22/2024,37.0,mobile
16502,1256,11-02-2024,56.0,mobile
16503,1256,31-12-2024,84.0,mobile
16504,1256,01/07/2025,29.0,desktop
16505,1256,06/25/2024,104.0,tablet
16506,1256,2024-05-26,116.0,
16507,833,09/03/2024,101.0,mobile
16508,1256,03-11-2024,90.0,tablet
16509,1256,2024-09-29,16.0,mobile
16510,1256,2024-10-02,106.0,desktop
16511,1256,2024-01-08,34.0,desktop
16512,1256,11-11-2024,71.0,desktop
16513,1256,09/14/2024,94.0,mobile
16514,1256,06/11/2024,109.0,desktop
16515,1256,2024-06-15,100.0,desktop
16516,1256,01/18/2024,23.0,tablet
16517,1256,01/03/2025,28.0,tablet
16518,833,2024-10-19,22.0,tablet
16519,1256,01/22/2024,119.0,desktop
16520,1256,01/06/2025,28.0,desktop
16521,1256,2024-06-08,26.0,tablet
16522,1256,05/14/2024,62.0,mobile
16523,1256,06/13/2024,,mobile
16524,1256,04-02-2024,,tablet
16525,1256,2024-01-29,3.0,mobile
16526,1256,03/31/2024,92.0,desktop
16527,833,19-03-2024,8.0,tablet
16528,1256,04-04-2024,47.0,desktop
16529,1256,2024-07-26,43.0,desktop
16530,1256,17-01-2024,53.0,desktop
16531,1256,18-01-2024,34.0,tablet
16532,833,2024-02-05,85.0,tablet
16533,1256,2024-11-06,33.0,desktop
16534,833,2024-04-04,111.0,desktop
16535,1256,01/03/2025,113.0,tablet
16536,1256,10/10/2024,45.0,tablet
16537,833,26-06-2024,88.0,desktop
16538,833,10/04/2024,,tablet
16539,833,2024-04-02,32.0,mobile
16540,1256,10/13/2024,4.0,mobile
16541,1256,14-02-2024,38.0,mobile
16542,833,28-03-2024,46.0,mobile
16543,1256,2024-09-08,8.0,desktop
16544,1256,15-01-2024,82.0,tablet
16545,1256,01-03-2024,99.0,
16546,1256,2024-10-01,76.0,tablet
16547,1256,09/30/2024,72.0,tablet
16548,1256,2024-07-24,66.0,desktop
16549,1256,13-08-2024,78.0,mobile
16550,833,2025-01-08,103.0,desktop
16551,1256,2024-04-07,87.0,tablet
16552,1256,10/10/2024,,mobile
16553,1256,09/02/2024,21.0,desktop
16554,1256,09/17/2024,59.0,desktop
16555,1256,01/19/2025,22.0,mobile
16556,1256,04-03-2024,20.0,desktop
16557,1256,02/03/2024,17.0,desktop
16558,1256,12/06/2024,32.0,mobile
16559,1256,23-07-2024,107.0,tablet
16560,1256,25-12-2024,22.0,desktop
16561,1256,02-12-2024,9.0,mobile
16562,1256,2024-11-25,5.0,desktop
16563,833,03/02/2024,,desktop
16564,1256,11-03-2024,25.0,tablet
16565,1256,2024-02-24,,desktop
16566,1256,2024-06-02,,mobile
16567,1256,11-09-2024,85.0,tablet
16568,1256,2024-08-28,87.0,tablet
16569,1256,2024-09-18,,tablet
16570,833,01-03-2024,99.0,tablet
16571,1256,2025-01-07,90.0,mobile
16572,833,2024-09-12,85.0,tablet
16573,1256,2024-09-04,,mobile
16574,1256,01-08-2024,112.0,mobile
16575,1256,03/04/2024,1.0,desktop
16576,1256,10-06-2024,90.0,tablet
16577,833,01/27/2024,75.0,mobile
16578,1256,10/24/2024,56.0,
16579,833,09/10/2024,98.0,mobile
16580,1256,01/17/2025,114.0,tablet
16581,1256,07/25/2024,72.0,desktop
16582,1256,01/27/2024,,desktop
16583,1256,22-06-2024,41.0,tablet
16584,1256,17-01-2025,73.0,tablet
16585,1256,26-05-2024,57.0,desktop
16586,1256,16-05-2024,27.0,mobile
16587,833,2024-06-23,106.0,desktop
16588,833,10-01-2025,7.0,desktop
16589,1256,09/18/2024,64.0,mobile
16590,1256,2024-06-30,32.0,mobile
16591,1256,13-10-2024,46.0,tablet
16592,1256,2024-02-24,110.0,mobile
16593,1256,03/31/2024,,
16594,1256,08/03/2024,53.0,tablet
16595,833,2024-05-01,91.0,tablet
16596,1256,03/29/2024,45.0,mobile
16597,1256,17-02-2024,64.0,mobile
16598,1256,2024-10-03,40.0,mobile
16599,1256,2024-02-15,31.0,mobile
16600,1256,2024-10-02,13.0,tablet
16601,1256,09/21/2024,55.0,desktop
16602,833,,116.0,desktop
16603,1256,04/19/2024,57.0,mobile
16604,1256,26-09-2024,79.0,desktop
16605,1256,17-01-2025,,tablet
16606,1256,2024-09-05,52.0,mobile
16607,1256,,20.0,tablet
16608,833,11-07-2024,108.0,mobile
16609,1256,18-01-2025,62.0,desktop
16610,833,2024-12-23,49.0,tablet
16611,1256,2024-06-04,110.0,mobile
16612,1256,2024-11-11,8.0,desktop
16613,833,23-09-2024,65.0,desktop
16614,1256,01/09/2024,42.0,tablet
16615,1256,2024-02-12,40.0,mobile
16616,1256,2024-08-31,86.0,mobile
16617,1256,2024-07-25,100.0,desktop
16618,1256,2024-02-20,35.0,tablet
16619,1256,06-01-2024,85.0,desktop
16620,1256,07-01-2025,84.0,tablet
16621,1256,03/20/2024,96.0,mobile
16622,833,11/19/2024,96.0,
16623,833,2024-03-28,106.0,tablet
16624,1256,2024-07-11,115.0,desktop
16625,1256,20-08-2024,118.0,desktop
16626,833,2024-12-29,30.0,tablet
16627,833,01/13/2024,76.0,mobile
16628,833,26-11-2024,19.0,mobile
16629,1256,04/24/2024,14.0,desktop
16630,1256,2024-06-25,113.0,mobile
16631,1256,12/07/2024,55.0,desktop
16632,1256,02-02-2025,39.0,tablet
16633,1256,,33.0,desktop
16634,1256,2024-04-09,6.0,
16635,1256,2024-07-02,101.0,tablet
16636,833,21-09-2024,113.0,mobile
16637,1256,10-07-2024,30.0,tablet
16638,833,2024-10-12,91.0,desktop
16639,1256,01-12-2024,63.0,mobile
16640,1256,02/01/2024,65.0,tablet
16641,1256,02/06/2024,93.0,mobile
16642,1256,08-11-2024,5.0,tablet
16643,833,06/11/2024,109.0,mobile
16644,1256,2024-02-22,93.0,desktop
16645,1256,07-08-2024,,desktop
16646,1256,12/09/2024,19.0,tablet
16647,1256,2024-06-14,100.0,mobile
16648,1256,01/04/2024,59.0,desktop
16649,1256,03/11/2024,13.0,tablet
16650,1256,05/13/2024,60.0,tablet
16651,1256,30-10-2024,,desktop
16652,1256,05/05/2024,69.0,desktop
16653,1256,08/17/2024,48.0,tablet
16654,833,12/30/2024,95.0,mobile
16655,1256,18-05-2024,81.0,desktop
16656,1256,2024-05-18,50.0,desktop
16657,1256,18-05-2024,,desktop
16658,1256,03/16/2024,76.0,tablet
16659,1256,2024-08-19,111.0,mobile
16660,833,2024-11-13,1.0,desktop
16661,1256,22-08-2024,119.0,desktop
16662,1256,2024-06-01,119.0,desktop
16663,1256,12/16/2024,27.0,mobile
16664,1256,2024-05-11,1.0,tablet
16665,1256,03-11-2024,115.0,tablet
16666,833,2024-08-30,120.0,tablet
16667,1256,17-09-2024,32.0,tablet
16668,833,01/17/2025,73.0,mobile
16669,1256,2024-07-05,66.0,tablet
16670,833,07/18/2024,33.0,desktop
16671,1256,2024-11-28,36.0,desktop
16672,1256,2024-02-17,35.0,tablet
16673,1256,26-01-2024,23.0,desktop
16674,833,17-12-2024,58.0,desktop
16675,1256,09-05-2024,32.0,tablet
16676,1256,11/28/2024,7.0,desktop
16677,1256,2025-01-09,106.0,desktop
16678,1256,27-02-2024,93.0,tablet
16679,1256,06/08/2024,108.0,desktop
16680,1256,06-05-2024,47.0,desktop
16681,1256,01/16/2025,93.0,desktop
16682,1256,09-12-2024,103.0,mobile
16683,1256,08/12/2024,22.0,tablet
16684,1256,2024-01-24,9.0,tablet
16685,1256,01/14/2024,,mobile
16686,1256,27-01-2024,71.0,mobile
16687,833,2024-04-27,69.0,desktop
16688,1256,2024-12-16,66.0,desktop
16689,1256,04/30/2024,101.0,tablet
16690,1256,27-01-2025,34.0,desktop
16691,1256,12/19/2024,106.0,mobile
16692,1256,02/02/2024,86.0,desktop
16693,1256,04/20/2024,104.0,mobile
16694,1256,04-04-2024,53.0,tablet
16695,1256,23-12-2024,53.0,mobile
16696,1256,08-06-2024,38.0,mobile
16697,1256,08-02-2024,73.0,mobile
16698,1256,2024-10-25,2.0,mobile
16699,1256,2024-03-04,94.0,desktop
16700,1256,10/01/2024,53.0,tablet
16701,833,,,desktop
16702,1256,2024-07-31,94.0,tablet
16703,1256,2024-12-02,34.0,desktop
16704,1256,01/14/2024,39.0,mobile
16705,1256,05/22/2024,,desktop
16706,1256,01/15/2025,26.0,mobile
16707,1256,12/27/2024,46.0,mobile
16708,1256,08/29/2024,,desktop
16709,1256,01/23/2025,91.0,tablet
16710,1256,22-01-2025,,mobile
16711,1256,06/09/2024,,desktop
16712,833,2024-04-28,,mobile
16713,1256,09/14/2024,24.0,tablet
16714,1256,06/06/2024,15.0,desktop
16715,1256,2024-01-03,,tablet
16716,833,08-01-2024,,tablet
16717,1256,08/04/2024,94.0,mobile
16718,1256,2024-04-13,84.0,desktop
16719,1256,11-09-2024,4.0,mobile
16720,1256,11/11/2024,74.0,mobile
16721,833,09-03-2024,21.0,mobile
16722,1256,08/30/2024,5.0,desktop
16723,1256,2024-04-20,100.0,mobile
16724,833,2024-12-03,24.0,tablet
16725,1256,19-03-2024,,desktop
16726,1256,2024-05-27,21.0,mobile
16727,1256,2024-08-28,7.0,tablet
16728,1256,2024-06-23,31.0,tablet
16729,1256,11/09/2024,36.0,mobile
16730,1256,09/01/2024,98.0,tablet
16731,1256,2024-11-01,75.0,mobile
16732,1256,2024-11-07,,mobile
16733,1256,05/14/2024,75.0,mobile
16734,1256,2024-11-07,15.0,mobile
16735,1256,09/04/2024,11.0,desktop
16736,1256,02/15/2024,74.0,tablet
16737,1256,14-11-2024,55.0,tablet
16738,1256,2024-02-23,105.0,tablet
16739,1256,2025-01-30,112.0,desktop
16740,1256,03/30/2024,,mobile
16741,1256,2024-09-22,43.0,mobile
16742,1256,2024-04-16,30.0,desktop
16743,1256,2024-11-20,9.0,mobile
16744,1256,26-04-2024,41.0,desktop
16745,1256,16-11-2024,12.0,mobile
16746,1256,,120.0,tablet
16747,1256,2024-05-19,118.0,desktop
16748,1256,2024-07-19,117.0,mobile
16749,1256,06-11-2024,11.0,tablet
16750,833,11/16/2024,5.0,mobile
16751,1256,12/27/2024,6.0,desktop
16752,1256,01/16/2025,29.0,mobile
16753,833,2025-01-24,,desktop
16754,1256,01/04/2024,54.0,mobile
16755,1256,09/06/2024,86.0,mobile
16756,833,14-04-2024,114.0,tablet
16757,1256,08/21/2024,27.0,tablet
16758,1256,05/02/2024,59.0,desktop
16759,1256,08/08/2024,,desktop
16760,833,10/29/2024,88.0,mobile
16761,1256,2024-10-12,101.0,tablet
16762,1256,,56.0,desktop
16763,833,2024-03-11,30.0,tablet
16764,1256,02/20/2024,74.0,tablet
16765,1256,23-03-2024,103.0,mobile
16766,1256,09-11-2024,20.0,mobile
16767,1256,13-06-2024,74.0,mobile
16768,833,2024-02-03,86.0,mobile
16769,1256,07/27/2024,64.0,mobile
16770,1256,2024-12-24,2.0,mobile
16771,1256,2024-05-27,69.0,tablet
16772,1256,05/04/2024,,tablet
16773,1256,2024-05-25,113.0,desktop
16774,1256,10-07-2024,101.0,tablet
16775,1256,04/24/2024,,desktop
16776,1256,30-07-2024,84.0,desktop
16777,833,04/28/2024,38.0,desktop
16778,1256,2024-02-10,55.0,mobile
16779,1256,06/27/2024,38.0,tablet
16780,833,10/16/2024,77.0,desktop
16781,1256,19-08-2024,96.0,desktop
16782,1256,2024-03-28,60.0,tablet
16783,1256,03/04/2024,67.0,mobile
16784,1256,2024-08-02,23.0,desktop
16785,833,10/23/2024,101.0,mobile
16786,1256,11-01-2025,22.0,mobile
16787,1256,12/03/2024,100.0,desktop
16788,1256,06-06-2024,110.0,tablet
16789,1256,05/27/2024,59.0,desktop
16790,1256,28-11-2024,19.0,tablet
16791,1256,2024-06-25,116.0,tablet
16792,1256,06/10/2024,56.0,mobile
16793,1256,21-04-2024,32.0,tablet
16794,833,03/27/2024,11.0,tablet
16795,1256,09/10/2024,111.0,desktop
16796,1256,09/26/2024,64.0,tablet
16797,1256,03/08/2024,68.0,tablet
16798,1256,06/28/2024,14.0,mobile
16799,1256,04/27/2024,98.0,mobile
16800,833,12/25/2024,4.0,mobile
16801,1256,12-01-2025,57.0,desktop
16802,1256,11/02/2024,93.0,tablet
16803,1256,04-10-2024,65.0,desktop
16804,1256,10/13/2024,117.0,tablet
16805,1256,2024-05-28,22.0,mobile
16806,1256,08/02/2024,29.0,mobile
16807,1256,2025-02-04,,tablet
16808,1256,04/20/2024,111.0,mobile
16809,1256,10/19/2024,119.0,mobile
16810,1256,31-10-2024,51.0,tablet
16811,1256,2024-09-08,17.0,tablet
16812,1256,,26.0,tablet
16813,1256,2024-06-11,46.0,desktop
16814,1256,03-06-2024,62.0,desktop
16815,1256,2024-02-19,1.0,desktop
16816,1256,05/12/2024,50.0,desktop
16817,1256,2024-02-15,79.0,tablet
16818,1256,27-10-2024,50.0,tablet
16819,833,2024-05-04,108.0,
16820,1256,2024-08-08,4.0,desktop
16821,1256,12/03/2024,19.0,mobile
16822,1256,04/20/2024,83.0,desktop
16823,1256,2024-12-20,55.0,tablet
16824,1256,2024-11-06,,tablet
16825,833,2024-02-27,79.0,desktop
16826,1256,02/20/2024,88.0,desktop
16827,1256,10/11/2024,7.0,mobile
16828,1256,2024-02-23,64.0,mobile
16829,1256,2024-01-04,80.0,tablet
16830,762,22-01-2024,34.0,tablet
16831,833,26-04-2024,28.0,tablet
16832,1256,20-01-2025,90.0,
16833,1256,2024-02-29,95.0,tablet
16834,1256,2024-10-11,,mobile
16835,1256,01/19/2024,53.0,tablet
16836,833,14-09-2024,36.0,tablet
16837,1256,04-06-2024,59.0,desktop
16838,1256,05-02-2024,72.0,tablet
16839,1256,2024-02-27,117.0,
16840,1256,,65.0,mobile
16841,1256,05/09/2024,75.0,mobile
16842,1256,2024-06-10,80.0,desktop
16843,1256,08/01/2024,17.0,desktop
16844,833,2024-12-08,73.0,mobile
16845,1256,10-01-2024,37.0,tablet
16846,1256,10-09-2024,49.0,mobile
16847,1256,06/18/2024,,tablet
16848,1256,2024-02-14,45.0,
16849,1256,2024-05-09,106.0,tablet
16850,1256,2024-04-24,47.0,tablet
16851,1256,02/18/2024,21.0,mobile
16852,1256,2024-11-05,90.0,mobile
16853,833,21-09-2024,38.0,tablet
16854,1256,2024-03-21,34.0,desktop
16855,1256,11/08/2024,16.0,tablet
16856,1256,12/30/2024,3.0,mobile
16857,1256,03/26/2024,44.0,desktop
16858,833,05/18/2024,119.0,mobile
16859,1256,31-10-2024,16.0,tablet
16860,833,02/18/2024,21.0,desktop
16861,1256,03/26/2024,66.0,desktop
16862,1256,14-08-2024,37.0,desktop
16863,1256,03-01-2024,13.0,mobile
16864,1256,10-03-2024,45.0,tablet
16865,1256,2024-01-06,68.0,mobile
16866,1256,2024-09-25,14.0,tablet
16867,1256,,29.0,desktop
16868,1256,12/06/2024,78.0,desktop
16869,1256,12/04/2024,3.0,desktop
16870,1256,,53.0,tablet
16871,833,15-01-2025,79.0,mobile
16872,1256,14-07-2024,56.0,mobile
16873,1256,08/04/2024,99.0,mobile
16874,833,2024-09-08,111.0,desktop
16875,833,12-09-2024,95.0,mobile
16876,1256,2024-04-22,13.0,tablet
16877,833,2024-03-08,70.0,mobile
16878,833,15-06-2024,28.0,mobile
16879,1256,05/29/2024,11.0,desktop
16880,1256,2024-10-27,85.0,tablet
16881,1256,,60.0,mobile
16882,1256,07-07-2024,104.0,mobile
16883,1256,,35.0,tablet
16884,833,04/03/2024,37.0,mobile
16885,1256,2024-05-01,3.0,desktop
16886,1256,11-03-2024,7.0,mobile
16887,1256,02/04/2025,101.0,tablet
16888,833,05/19/2024,119.0,tablet
16889,1256,2024-08-05,83.0,tablet
16890,1256,,29.0,tablet
16891,1256,2024-11-28,61.0,desktop
16892,1256,10/19/2024,10.0,tablet
16893,1256,01/18/2025,40.0,desktop
16894,1256,2024-05-18,79.0,desktop
16895,1256,07/27/2024,59.0,mobile
16896,1256,2024-07-07,,mobile
16897,1256,02/18/2024,117.0,
16898,1256,18-03-2024,36.0,tablet
16899,833,2024-01-26,101.0,mobile
16900,833,26-09-2024,31.0,
16901,1256,22-05-2024,86.0,desktop
16902,1256,05-03-2024,75.0,
16903,1256,05/31/2024,61.0,mobile
16904,833,01/22/2024,46.0,mobile
16905,1256,2024-11-26,75.0,desktop
16906,833,13-12-2024,48.0,tablet
16907,1256,2024-10-05,40.0,desktop
16908,1256,06-09-2024,54.0,tablet
16909,1256,2024-05-17,23.0,tablet
16910,1256,2024-01-06,108.0,tablet
16911,1256,,109.0,tablet
16912,1256,09-08-2024,44.0,desktop
16913,1256,10/22/2024,109.0,mobile
16914,1256,2024-01-26,10.0,desktop
16915,1256,01/05/2025,52.0,mobile
16916,1256,11/07/2024,118.0,desktop
16917,833,09-03-2024,17.0,tablet
16918,1256,02/28/2024,119.0,tablet
16919,1256,15-12-2024,105.0,mobile
16920,833,27-03-2024,112.0,tablet
16921,1256,10/15/2024,119.0,mobile
16922,1256,20-08-2024,17.0,desktop
16923,1256,30-05-2024,111.0,desktop
16924,1256,12-06-2024,70.0,mobile
16925,1256,04/06/2024,84.0,desktop
16926,1256,06-03-2024,74.0,tablet
16927,833,02/13/2024,45.0,tablet
16928,1256,12/10/2024,,tablet
16929,833,12/18/2024,32.0,tablet
16930,1256,2024-10-07,83.0,tablet
16931,1256,12-06-2024,19.0,mobile
16932,1256,2024-01-13,43.0,tablet
16933,1256,07/07/2024,94.0,mobile
16934,1256,2024-07-03,50.0,
16935,1256,07/09/2024,109.0,desktop
16936,1256,13-12-2024,60.0,tablet
16937,1256,17-05-2024,37.0,desktop
16938,833,2024-12-26,97.0,tablet
16939,1256,03-01-2024,79.0,tablet
16940,1256,09/22/2024,100.0,mobile
16941,1256,2025-01-24,108.0,desktop
16942,1256,24-09-2024,16.0,desktop
16943,1256,2024-12-31,8.0,desktop
16944,762,2025-01-05,97.0,desktop
16945,1256,2024-12-05,71.0,desktop
16946,1256,30-01-2024,64.0,tablet
16947,1256,07-07-2024,80.0,tablet
16948,1256,2024-08-19,41.0,mobile
16949,1256,2024-03-15,114.0,tablet
16950,833,03/10/2024,62.0,tablet
16951,1256,02/16/2024,1.0,desktop
16952,833,2024-05-26,66.0,desktop
16953,1256,07-01-2025,2.0,tablet
16954,833,2025-02-03,44.0,desktop
16955,1256,10-11-2024,6.0,desktop
16956,1256,2024-02-10,97.0,mobile
16957,1256,04/16/2024,21.0,mobile
16958,1256,30-11-2024,35.0,mobile
16959,1256,20-01-2024,60.0,desktop
16960,1256,26-12-2024,63.0,mobile
16961,1256,06/18/2024,83.0,mobile
16962,1256,2024-09-04,42.0,tablet
16963,1256,06/28/2024,105.0,desktop
16964,1256,09-03-2024,8.0,mobile
16965,1256,17-04-2024,8.0,tablet
16966,1256,28-05-2024,92.0,desktop
16967,1256,12/23/2024,10.0,tablet
16968,1256,07/20/2024,119.0,desktop
16969,1256,26-11-2024,69.0,mobile
16970,1256,25-01-2024,110.0,mobile
16971,1256,04-05-2024,36.0,tablet
16972,833,27-02-2024,120.0,tablet
16973,833,03/21/2024,78.0,desktop
16974,833,2024-04-09,100.0,tablet
16975,1256,27-05-2024,63.0,tablet
16976,1256,09/01/2024,3.0,mobile
16977,833,13-02-2024,75.0,mobile
16978,1256,01/24/2025,115.0,tablet
16979,1256,16-08-2024,88.0,mobile
16980,1256,12/11/2024,,mobile
16981,1256,2024-07-10,,desktop
16982,1256,09/18/2024,110.0,mobile
16983,1256,23-06-2024,74.0,tablet
16984,1256,14-02-2024,,mobile
16985,1256,2024-07-05,38.0,tablet
16986,833,2025-01-23,90.0,mobile
16987,1256,15-02-2024,10.0,mobile
16988,1256,14-01-2024,100.0,tablet
16989,1256,05-01-2024,37.0,mobile
16990,1256,2024-02-01,119.0,tablet
16991,1256,2024-07-02,98.0,mobile
16992,1256,17-06-2024,38.0,mobile
16993,1256,2024-07-03,,desktop
16994,1256,2024-04-02,79.0,mobile
16995,1256,27-12-2024,107.0,desktop
16996,1256,2024-07-30,78.0,mobile
16997,1256,,,desktop
16998,1256,01/20/2025,9.0,tablet
16999,1256,02-01-2024,93.0,desktop
17000,1256,03/13/2024,12.0,desktop
17001,1256,06-05-2024,2.0,mobile
17002,833,2024-08-25,119.0,mobile
17003,1256,2024-02-14,115.0,desktop
17004,833,2024-01-12,11.0,tablet
17005,1256,13-02-2024,51.0,tablet
17006,1256,2024-01-03,54.0,tablet
17007,833,18-04-2024,111.0,tablet
17008,1256,30-06-2024,84.0,desktop
17009,1256,11-04-2024,61.0,mobile
17010,1256,05/12/2024,108.0,tablet
17011,1256,08-08-2024,1.0,desktop
17012,1256,2024-07-23,64.0,tablet
17013,833,07/18/2024,95.0,mobile
17014,1256,2024-02-21,32.0,
17015,1256,2024-07-21,38.0,tablet
17016,1256,03/25/2024,28.0,tablet
17017,1256,2024-07-14,104.0,desktop
17018,1256,26-04-2024,50.0,desktop
17019,833,03/14/2024,81.0,mobile
17020,833,10/02/2024,29.0,tablet
17021,1256,06-08-2024,66.0,tablet
17022,1256,2025-01-03,89.0,desktop
17023,1256,10/28/2024,16.0,tablet
17024,833,22-08-2024,99.0,tablet
17025,1256,2024-02-10,60.0,tablet
17026,1256,02/18/2024,25.0,tablet
17027,1256,01/14/2025,66.0,desktop
17028,1256,31-01-2024,53.0,tablet
17029,1256,07/30/2024,58.0,mobile
17030,1256,23-06-2024,8.0,desktop
17031,1256,09/29/2024,95.0,desktop
17032,1256,02/02/2024,90.0,mobile
17033,1256,12-04-2024,116.0,mobile
17034,833,01-02-2024,67.0,desktop
17035,1256,2024-10-12,110.0,mobile
17036,1256,05/01/2024,88.0,mobile
17037,833,20-05-2024,58.0,desktop
17038,1256,05-01-2024,31.0,mobile
17039,1256,28-03-2024,63.0,tablet
17040,1256,2024-09-29,45.0,tablet
17041,1256,08/01/2024,81.0,tablet
17042,1256,2024-07-28,20.0,tablet
17043,1256,06/09/2024,76.0,mobile
17044,1256,28-10-2024,80.0,desktop
17045,1256,2024-12-12,40.0,desktop
17046,1256,28-12-2024,118.0,tablet
17047,1256,12/18/2024,109.0,tablet
17048,1256,28-03-2024,,mobile
17049,1256,2024-08-09,73.0,desktop
17050,1256,12-11-2024,61.0,mobile
17051,1256,29-07-2024,,mobile
17052,1256,,99.0,tablet
17053,1256,08/03/2024,118.0,tablet
17054,1256,2024-11-09,,desktop
17055,1256,01/18/2024,98.0,tablet
17056,1256,07/25/2024,81.0,mobile
17057,1256,27-03-2024,68.0,tablet
17058,1256,05/19/2024,108.0,mobile
17059,1256,2024-10-14,46.0,desktop
17060,833,16-02-2024,108.0,tablet
17061,1256,03/20/2024,53.0,mobile
17062,1256,03/22/2024,63.0,mobile
17063,833,09-01-2025,20.0,tablet
17064,1256,27-11-2024,68.0,tablet
17065,1256,2024-08-12,14.0,desktop
17066,1256,2024-04-04,116.0,desktop
17067,1256,11-11-2024,28.0,tablet
17068,1256,,70.0,
17069,833,2024-01-10,23.0,desktop
17070,1256,10/27/2024,,mobile
17071,1256,07/29/2024,99.0,tablet
17072,1256,29-02-2024,102.0,tablet
17073,1256,01/31/2024,80.0,desktop
17074,833,06-01-2024,94.0,tablet
17075,1256,2024-06-08,14.0,tablet
17076,833,2024-08-01,116.0,desktop
17077,1256,11/11/2024,101.0,desktop
17078,1256,09/12/2024,72.0,desktop
17079,1256,2024-11-15,102.0,desktop
17080,1256,2024-06-01,31.0,mobile
17081,833,01/16/2024,107.0,mobile
17082,1256,2024-03-18,28.0,tablet
17083,1256,08/04/2024,114.0,tablet
17084,833,09-09-2024,62.0,mobile
17085,1256,04/06/2024,,tablet
17086,833,12/17/2024,106.0,tablet
17087,1256,25-12-2024,22.0,mobile
17088,833,2024-03-17,93.0,desktop
17089,1256,2024-06-03,31.0,tablet
17090,1256,12/02/2024,53.0,tablet
17091,833,2024-04-11,105.0,mobile
17092,1256,07-01-2024,117.0,mobile
17093,1256,2024-06-26,39.0,desktop
17094,1256,2024-03-24,16.0,mobile
17095,1256,2024-07-27,105.0,tablet
17096,1256,2024-11-13,54.0,tablet
17097,833,04/02/2024,82.0,tablet
17098,1256,,16.0,mobile
17099,1256,09/23/2024,16.0,desktop
17100,1256,11/28/2024,41.0,tablet
17101,1256,11-04-2024,64.0,
17102,1256,02/10/2024,66.0,tablet
17103,1256,2024-05-04,93.0,desktop
17104,1256,2025-01-21,48.0,desktop
17105,1256,05/21/2024,72.0,tablet
17106,1256,2024-01-14,98.0,desktop
17107,1256,2024-04-10,46.0,mobile
17108,1256,09/02/2024,59.0,
17109,1256,15-04-2024,,desktop
17110,1256,04-03-2024,,tablet
17111,1256,07/29/2024,23.0,mobile
17112,1256,01/20/2024,76.0,desktop
17113,1256,19-04-2024,43.0,tablet
17114,833,18-06-2024,17.0,tablet
17115,1256,10-11-2024,94.0,mobile
17116,833,25-07-2024,,mobile
17117,1256,27-02-2024,115.0,mobile
17118,1256,14-06-2024,69.0,desktop
17119,833,05-01-2024,28.0,mobile
17120,833,2024-10-26,12.0,tablet
17121,1256,05/31/2024,40.0,mobile
17122,1256,2024-06-10,85.0,mobile
17123,833,29-04-2024,92.0,tablet
17124,1256,10/01/2024,61.0,desktop
17125,1256,04/30/2024,5.0,mobile
17126,1256,2024-05-02,107.0,desktop
17127,1256,08-12-2024,96.0,desktop
17128,1256,23-01-2024,86.0,desktop
17129,1256,10-06-2024,60.0,desktop
17130,1256,2024-05-04,120.0,desktop
17131,1256,11/26/2024,100.0,tablet
17132,1256,2025-01-13,104.0,tablet
17133,1256,10-04-2024,23.0,mobile
17134,1256,01/10/2024,38.0,desktop
17135,1256,09/26/2024,32.0,mobile
17136,833,2024-05-04,87.0,desktop
17137,1256,2024-11-13,56.0,tablet
17138,1256,05/16/2024,113.0,desktop
17139,1256,2024-12-05,66.0,mobile
17140,1256,2024-10-05,,
17141,1256,07/20/2024,53.0,mobile
17142,1256,07-06-2024,12.0,desktop
17143,1256,11/24/2024,86.0,mobile
17144,1256,07-10-2024,,mobile
17145,1256,20-09-2024,111.0,mobile
17146,1256,18-01-2025,,desktop
17147,1256,2024-06-10,39.0,mobile
17148,1256,2025-01-27,14.0,desktop
17149,1256,22-02-2024,5.0,
17150,1256,2024-08-03,87.0,tablet
17151,1256,25-04-2024,14.0,tablet
17152,1256,23-12-2024,110.0,mobile
17153,1256,06/13/2024,101.0,mobile
17154,1256,28-07-2024,32.0,mobile
17155,833,06/20/2024,17.0,tablet
17156,833,2024-05-22,49.0,tablet
17157,1256,23-12-2024,93.0,desktop
17158,1256,06/05/2024,92.0,desktop
17159,1256,,,desktop
17160,1256,25-04-2024,11.0,tablet
17161,833,2024-03-28,12.0,desktop
17162,833,30-01-2025,12.0,tablet
17163,1256,2024-12-30,1.0,mobile
17164,1256,2024-01-05,66.0,tablet
17165,1256,2024-10-22,73.0,mobile
17166,1256,12/05/2024,53.0,desktop
17167,833,2025-01-10,109.0,mobile
17168,1256,02/22/2024,52.0,desktop
17169,1256,11-06-2024,10.0,tablet
17170,1256,18-01-2024,34.0,tablet
17171,1256,2024-02-25,37.0,desktop
17172,1256,22-07-2024,37.0,tablet
17173,1256,06/18/2024,82.0,tablet
17174,1256,2024-09-08,38.0,mobile
17175,833,29-05-2024,56.0,mobile
17176,1256,06/12/2024,1.0,mobile
17177,833,2024-10-09,76.0,
17178,1256,01-08-2024,23.0,mobile
17179,1256,01/03/2025,63.0,tablet
17180,1256,05/09/2024,61.0,
17181,1256,2024-03-09,92.0,mobile
17182,833,2024-01-23,,desktop
17183,1256,2024-07-15,67.0,tablet
17184,1256,,45.0,desktop
17185,1256,09/22/2024,89.0,mobile
17186,1256,08/11/2024,1.0,
17187,1256,09/10/2024,117.0,tablet
17188,1256,2024-10-26,59.0,desktop
17189,1256,10/23/2024,111.0,tablet
17190,1256,08/13/2024,118.0,tablet
17191,1256,03-07-2024,87.0,mobile
17192,1256,11/14/2024,,tablet
17193,833,23-02-2024,64.0,tablet
17194,1256,04/06/2024,33.0,mobile
17195,1256,2024-08-15,,tablet
17196,1256,03/25/2024,100.0,tablet
17197,1256,2024-04-01,37.0,tablet
17198,833,26-04-2024,90.0,mobile
17199,1256,21-10-2024,32.0,mobile
17200,1256,31-08-2024,95.0,tablet
17201,1256,03-12-2024,19.0,desktop
17202,833,08/27/2024,108.0,tablet
17203,833,07-05-2024,53.0,tablet
17204,1256,03/08/2024,,tablet
17205,833,2024-02-20,103.0,tablet
17206,1256,02/03/2025,86.0,mobile
17207,1256,2024-07-13,18.0,tablet
17208,833,2024-08-29,25.0,desktop
17209,1256,25-09-2024,69.0,mobile
17210,1256,31-08-2024,30.0,desktop
17211,1256,08-12-2024,67.0,mobile
17212,833,21-11-2024,86.0,tablet
17213,833,10/26/2024,44.0,mobile
17214,1256,06-05-2024,58.0,mobile
17215,1256,2024-02-13,83.0,desktop
17216,1256,04/21/2024,100.0,mobile
17217,1256,27-07-2024,,desktop
17218,1256,10/05/2024,48.0,mobile
17219,833,10/20/2024,116.0,mobile
17220,833,20-03-2024,31.0,mobile
17221,1256,07/22/2024,65.0,tablet
17222,1256,03-01-2024,45.0,mobile
17223,1256,2024-12-28,16.0,mobile
17224,1256,2024-06-10,52.0,tablet
17225,833,01/11/2025,104.0,tablet
17226,1256,,59.0,tablet
17227,1256,2025-01-17,,tablet
17228,1256,02-09-2024,61.0,desktop
17229,1256,2024-12-08,1.0,tablet
17230,1256,2024-03-08,22.0,desktop
17231,833,2025-01-16,28.0,mobile
17232,1256,2024-12-28,71.0,tablet
17233,833,24-07-2024,25.0,desktop
17234,1256,2024-05-09,99.0,tablet
17235,1256,2024-06-26,70.0,mobile
17236,1256,12-11-2024,13.0,
17237,833,01-02-2024,,desktop
17238,1256,2024-08-29,29.0,mobile
17239,1256,08/12/2024,8.0,mobile
17240,1256,02/19/2024,115.0,mobile
17241,1256,09/06/2024,68.0,mobile
17242,1256,26-09-2024,,desktop
17243,1256,01-03-2024,101.0,desktop
17244,1256,2024-06-21,114.0,tablet
17245,833,2024-08-09,22.0,desktop
17246,1256,,98.0,mobile
17247,1256,,82.0,desktop
17248,1256,04/14/2024,34.0,mobile
17249,1256,04/26/2024,111.0,tablet
17250,1256,2025-01-24,119.0,desktop
17251,1256,,113.0,mobile
17252,1256,2024-08-29,52.0,mobile
17253,1256,01/04/2025,86.0,tablet
17254,1256,2024-01-13,84.0,tablet
17255,1256,12/17/2024,114.0,desktop
17256,1256,2024-07-06,43.0,tablet
17257,1256,,63.0,mobile
17258,1256,12/23/2024,31.0,tablet
17259,1256,2024-05-23,7.0,mobile
17260,833,09/02/2024,45.0,
17261,1256,19-03-2024,19.0,desktop
17262,833,13-03-2024,83.0,tablet
17263,1256,2024-04-12,102.0,mobile
17264,1256,2024-05-31,40.0,mobile
17265,1256,2024-09-26,37.0,desktop
17266,833,2024-10-07,76.0,tablet
17267,1256,08-09-2024,31.0,mobile
17268,833,04/06/2024,,mobile
17269,1256,2024-02-24,80.0,tablet
17270,1256,2024-01-10,102.0,mobile
17271,1256,04-08-2024,70.0,mobile
17272,1256,08/12/2024,1.0,mobile
17273,833,20-01-2025,19.0,tablet
17274,1256,24-09-2024,59.0,tablet
17275,1256,2024-05-11,22.0,tablet
17276,1256,2024-07-15,103.0,mobile
17277,1256,30-05-2024,91.0,mobile
17278,1256,2024-09-14,111.0,desktop
17279,1256,2024-01-16,62.0,desktop
17280,1256,03/14/2024,,desktop
17281,1256,02/02/2025,2.0,mobile
17282,1256,2024-06-11,6.0,desktop
17283,833,2024-06-09,104.0,tablet
17284,1256,26-05-2024,33.0,desktop
17285,1256,2024-01-05,24.0,tablet
17286,1256,02/22/2024,60.0,mobile
17287,1256,02/29/2024,47.0,mobile
17288,1256,02-02-2024,117.0,desktop
17289,1256,06/01/2024,111.0,mobile
17290,833,07-04-2024,101.0,mobile
17291,1256,,24.0,mobile
17292,1256,05/27/2024,74.0,desktop
17293,1256,06-07-2024,60.0,mobile
17294,833,2024-02-05,101.0,tablet
17295,1256,12-04-2024,50.0,
17296,833,02/04/2024,62.0,desktop
17297,1256,07/03/2024,,tablet
17298,1256,07/23/2024,60.0,desktop
17299,1256,01-10-2024,65.0,mobile
17300,1256,10/10/2024,28.0,desktop
17301,1256,29-01-2025,23.0,tablet
17302,1256,2024-07-28,87.0,desktop
17303,1256,,80.0,desktop
17304,1256,28-04-2024,,mobile
17305,1256,25-05-2024,46.0,desktop
17306,833,2024-09-05,120.0,mobile
17307,1256,2024-12-13,41.0,
17308,1256,11/01/2024,8.0,tablet
17309,1256,03/02/2024,,tablet
17310,1256,2024-04-12,75.0,desktop
17311,833,04-06-2024,38.0,
17312,1256,2024-09-03,103.0,mobile
17313,1256,04/04/2024,38.0,desktop
17314,1256,05/29/2024,61.0,desktop
17315,1256,09/17/2024,92.0,mobile
17316,1256,,37.0,tablet
17317,1256,26-10-2024,,desktop
17318,1256,08-01-2024,75.0,mobile
17319,1256,2024-02-25,9.0,mobile
17320,833,05-05-2024,104.0,mobile
17321,1256,07-01-2024,37.0,desktop
17322,833,22-02-2024,69.0,tablet
17323,1256,17-08-2024,23.0,desktop
17324,1256,19-05-2024,4.0,tablet
17325,1256,05/06/2024,109.0,mobile
17326,1256,,83.0,desktop
17327,833,01/19/2024,5.0,tablet
17328,1256,19-08-2024,101.0,tablet
17329,1256,03-02-2024,5.0,tablet
17330,1256,2024-08-24,103.0,desktop
17331,1256,10/31/2024,28.0,mobile
17332,1256,05/13/2024,55.0,tablet
17333,833,09-07-2024,83.0,desktop
17334,833,26-01-2025,91.0,mobile
17335,1256,27-03-2024,30.0,tablet
17336,1256,05/08/2024,,mobile
17337,1256,09-12-2024,53.0,mobile
17338,1256,16-04-2024,21.0,mobile
17339,1256,01/23/2025,51.0,mobile
17340,833,03/17/2024,115.0,mobile
17341,833,30-10-2024,49.0,tablet
17342,1256,01/05/2024,61.0,desktop
17343,833,2024-03-08,86.0,mobile
17344,1256,14-04-2024,73.0,tablet
17345,1256,2024-04-10,73.0,mobile
17346,1256,20-04-2024,9.0,tablet
17347,833,05-02-2024,80.0,desktop
17348,1256,01/31/2025,63.0,tablet
17349,833,21-11-2024,38.0,
17350,1256,03/10/2024,11.0,tablet
17351,1256,2024-03-29,74.0,mobile
17352,1256,2024-02-21,98.0,mobile
17353,1256,2024-05-27,102.0,desktop
17354,1256,05/24/2024,30.0,tablet
17355,1256,2024-07-17,31.0,mobile
17356,1256,12-10-2024,116.0,desktop
17357,1256,07/01/2024,30.0,mobile
17358,1256,2024-04-17,24.0,mobile
17359,1256,24-11-2024,52.0,mobile
17360,1256,05/29/2024,111.0,desktop
17361,1256,18-07-2024,97.0,mobile
17362,833,20-09-2024,,desktop
17363,1256,2024-07-19,64.0,tablet
17364,1256,2024-09-07,53.0,mobile
17365,1256,08-08-2024,49.0,
17366,1256,2024-01-30,77.0,mobile
17367,1256,08/29/2024,118.0,desktop
17368,833,06-10-2024,18.0,tablet
17369,1256,10/31/2024,8.0,tablet
17370,1256,01/21/2024,80.0,tablet
17371,1256,2024-01-14,60.0,tablet
17372,1256,07/08/2024,110.0,desktop
17373,1256,2025-02-03,99.0,tablet
17374,1256,01/18/2024,57.0,desktop
17375,1256,2024-05-09,,desktop
17376,833,01/12/2024,114.0,
17377,762,18-06-2024,67.0,mobile
17378,1256,2024-02-13,59.0,tablet
17379,1256,2024-09-16,66.0,tablet
17380,1256,29-10-2024,42.0,mobile
17381,1256,24-10-2024,70.0,tablet
17382,1256,19-03-2024,46.0,desktop
17383,1256,02-01-2025,119.0,
17384,1256,08/13/2024,27.0,tablet
17385,1256,09-07-2024,25.0,mobile
17386,1256,02/01/2025,5.0,mobile
17387,1256,17-11-2024,54.0,tablet
17388,1256,2024-11-11,59.0,desktop
17389,1256,11-12-2024,81.0,mobile
17390,1256,02/03/2025,77.0,desktop
17391,1256,10/27/2024,26.0,mobile
17392,1256,26-04-2024,13.0,tablet
17393,1256,05/13/2024,69.0,mobile
17394,1256,09/25/2024,50.0,desktop
17395,1256,05/20/2024,13.0,tablet
17396,1256,01/04/2025,49.0,desktop
17397,1256,29-11-2024,56.0,desktop
17398,762,09/29/2024,48.0,mobile
17399,1256,,,tablet
17400,833,,53.0,tablet
17401,833,18-01-2024,52.0,tablet
17402,1256,07-01-2024,84.0,desktop
17403,1256,02/01/2025,101.0,tablet
17404,1256,19-02-2024,,desktop
17405,1256,2024-05-10,100.0,mobile
17406,1256,08/08/2024,34.0,tablet
17407,833,,52.0,desktop
17408,1256,12/02/2024,69.0,desktop
17409,1256,,13.0,mobile
17410,833,2024-07-21,42.0,mobile
17411,1256,02-06-2024,58.0,mobile
17412,1256,05/24/2024,70.0,
17413,1256,12/05/2024,59.0,
17414,1256,08/17/2024,25.0,mobile
17415,833,2024-03-26,59.0,mobile
17416,1256,20-10-2024,79.0,mobile
17417,1256,13-01-2025,114.0,tablet
17418,1256,15-01-2025,53.0,tablet
17419,1256,2024-04-27,111.0,mobile
17420,833,09/16/2024,44.0,mobile
17421,833,02/01/2024,120.0,desktop
17422,1256,2024-10-27,19.0,tablet
17423,1256,2024-06-16,75.0,mobile
17424,1256,02/09/2024,88.0,mobile
17425,1256,2024-12-20,12.0,tablet
17426,1256,2024-05-26,105.0,mobile
17427,1256,08/21/2024,54.0,mobile
17428,1256,07/26/2024,67.0,desktop
17429,1256,2024-12-21,79.0,mobile
17430,1256,2025-01-27,33.0,mobile
17431,1256,07/15/2024,52.0,tablet
17432,1256,,75.0,mobile
17433,1256,13-08-2024,84.0,desktop
17434,1256,03/08/2024,24.0,tablet
17435,1256,2024-05-21,6.0,mobile
17436,1256,19-09-2024,50.0,mobile
17437,1256,2024-11-04,106.0,tablet
17438,833,,32.0,mobile
17439,1256,04/13/2024,48.0,mobile
17440,1256,2024-01-30,47.0,tablet
17441,1256,08-06-2024,84.0,desktop
17442,1256,28-01-2025,5.0,desktop
17443,1256,11/21/2024,73.0,tablet
17444,1256,2024-03-07,85.0,tablet
17445,1256,04-07-2024,55.0,mobile
17446,1256,02/13/2024,46.0,tablet
17447,1256,02/02/2025,111.0,tablet
17448,1256,21-01-2025,,desktop
17449,1256,04/11/2024,10.0,tablet
17450,1256,15-08-2024,72.0,mobile
17451,1256,30-11-2024,37.0,tablet
17452,1256,14-08-2024,35.0,desktop
17453,1256,2024-10-03,104.0,tablet
17454,1256,03-05-2024,15.0,tablet
17455,1256,08-12-2024,1.0,desktop
17456,1256,2024-09-24,37.0,mobile
17457,1256,21-01-2025,117.0,mobile
17458,1256,05-04-2024,89.0,tablet
17459,1256,2024-04-21,99.0,mobile
17460,1256,16-06-2024,24.0,desktop
17461,1256,03/27/2024,92.0,desktop
17462,1256,2024-05-29,18.0,mobile
17463,1256,2024-04-04,101.0,tablet
17464,1256,2024-03-01,22.0,tablet
17465,833,06-10-2024,110.0,desktop
17466,1256,25-09-2024,21.0,mobile
17467,1256,2024-10-27,9.0,desktop
17468,1256,06/08/2024,24.0,desktop
17469,1256,12/04/2024,,
17470,1256,2024-05-24,75.0,desktop
17471,1256,2024-02-17,,desktop
17472,1256,12/25/2024,51.0,tablet
17473,1256,2024-05-30,50.0,tablet
17474,833,12/22/2024,85.0,tablet
17475,1256,20-04-2024,18.0,desktop
17476,1256,2024-03-30,120.0,desktop
17477,1256,20-09-2024,45.0,tablet
17478,1256,01/13/2024,40.0,desktop
17479,1256,16-01-2024,25.0,mobile
17480,833,20-12-2024,,desktop
17481,1256,18-05-2024,29.0,mobile
17482,1256,16-01-2025,,desktop
17483,1256,02/12/2024,26.0,mobile
17484,1256,2024-08-24,35.0,tablet
17485,1256,2025-01-26,25.0,tablet
17486,1256,05/05/2024,103.0,mobile
17487,1256,01/23/2024,101.0,tablet
17488,1256,2024-07-10,63.0,tablet
17489,833,04/21/2024,47.0,tablet
17490,1256,07/04/2024,,tablet
17491,1256,10/30/2024,13.0,desktop
17492,1256,27-05-2024,1.0,
17493,1256,,34.0,mobile
17494,762,2024-08-02,13.0,tablet
17495,1256,07/07/2024,31.0,tablet
17496,1256,07-09-2024,102.0,desktop
17497,1256,02-03-2024,34.0,mobile
17498,1256,19-02-2024,103.0,mobile
17499,833,2024-04-26,61.0,tablet
17500,1256,,72.0,mobile
17501,1256,19-01-2024,118.0,mobile
17502,1256,2024-02-19,32.0,desktop
17503,1256,27-10-2024,69.0,desktop
17504,762,17-03-2024,66.0,desktop
17505,833,04/26/2024,75.0,tablet
17506,1256,2025-01-28,70.0,desktop
17507,1256,10/30/2024,18.0,tablet
17508,1256,2024-05-27,37.0,mobile
17509,1256,28-09-2024,114.0,tablet
17510,833,01/19/2024,59.0,mobile
17511,1256,2024-12-27,23.0,mobile
17512,833,06/06/2024,13.0,tablet
17513,1256,2024-03-21,23.0,desktop
17514,1256,2024-01-05,,tablet
17515,1256,20-12-2024,42.0,tablet
17516,1256,2024-01-11,52.0,mobile
17517,1256,26-03-2024,46.0,desktop
17518,1256,,,
17519,762,2024-02-22,103.0,desktop
17520,1256,16-05-2024,56.0,mobile
17521,1256,24-02-2024,111.0,desktop
17522,1256,17-12-2024,62.0,mobile
17523,833,2024-03-18,97.0,tablet
17524,1256,2024-03-26,106.0,mobile
17525,833,2024-07-08,112.0,tablet
17526,1256,09-10-2024,16.0,desktop
17527,1256,01-01-2024,90.0,tablet
17528,1256,10/16/2024,82.0,mobile
17529,1256,07/17/2024,45.0,tablet
17530,1256,03-11-2024,60.0,tablet
17531,1256,06/24/2024,16.0,desktop
17532,1256,12/29/2024,7.0,mobile
17533,1256,13-01-2024,88.0,desktop
17534,1256,03-06-2024,44.0,desktop
17535,833,24-11-2024,20.0,mobile
17536,1256,25-07-2024,47.0,tablet
17537,1256,02/14/2024,7.0,tablet
17538,1256,05/14/2024,79.0,mobile
17539,1256,09/03/2024,27.0,desktop
17540,833,01/07/2025,8.0,desktop
17541,833,31-05-2024,120.0,mobile
17542,1256,15-05-2024,110.0,desktop
17543,1256,06-10-2024,,tablet
17544,1256,27-04-2024,108.0,tablet
17545,1256,2024-01-16,50.0,tablet
17546,833,10/18/2024,98.0,desktop
17547,1256,08/02/2024,23.0,tablet
17548,1256,2024-08-25,68.0,tablet
17549,1256,02/07/2024,28.0,desktop
17550,1256,11/13/2024,32.0,tablet
17551,1256,2024-08-01,59.0,tablet
17552,1256,06/21/2024,2.0,desktop
17553,1256,12/29/2024,84.0,mobile
17554,1256,11/18/2024,,mobile
17555,1256,05/21/2024,3.0,desktop
17556,1256,08/26/2024,22.0,desktop
17557,1256,19-09-2024,52.0,desktop
17558,1256,11-10-2024,,
17559,833,2024-05-04,55.0,desktop
17560,1256,22-01-2025,10.0,mobile
17561,1256,04/11/2024,32.0,desktop
17562,1256,,27.0,tablet
17563,1256,12/01/2024,45.0,tablet
17564,1256,2024-02-28,84.0,tablet
17565,1256,13-05-2024,26.0,desktop
17566,1256,2024-12-30,46.0,desktop
17567,833,03-08-2024,81.0,tablet
17568,1256,09/28/2024,120.0,desktop
17569,1256,01/13/2024,39.0,desktop
17570,1256,2024-07-30,67.0,tablet
17571,833,21-10-2024,100.0,mobile
17572,1256,2025-01-12,,desktop
17573,1256,2024-11-25,84.0,desktop
17574,833,01/28/2025,100.0,mobile
17575,1256,2024-07-20,60.0,tablet
17576,1256,2024-09-28,8.0,tablet
17577,1256,2024-11-02,111.0,desktop
17578,1256,09/26/2024,7.0,desktop
17579,833,16-02-2024,103.0,tablet
17580,1256,12/31/2024,111.0,tablet
17581,1256,2024-02-17,30.0,desktop
17582,1256,2024-02-29,9.0,mobile
17583,1256,21-01-2024,76.0,tablet
17584,1256,2024-06-08,,mobile
17585,1256,29-09-2024,31.0,desktop
17586,1256,08/02/2024,83.0,desktop
17587,1256,2024-01-10,73.0,mobile
17588,1256,2024-05-07,,desktop
17589,1256,09/29/2024,34.0,tablet
17590,833,2024-10-11,95.0,mobile
17591,833,2024-05-18,64.0,mobile
17592,1256,19-09-2024,108.0,desktop
17593,833,2024-03-05,67.0,tablet
17594,833,29-05-2024,82.0,desktop
17595,1256,2024-01-25,107.0,tablet
17596,1256,2024-07-27,102.0,desktop
17597,1256,2024-09-17,39.0,tablet
17598,1256,19-12-2024,80.0,desktop
17599,1256,2024-10-28,33.0,tablet
17600,1256,2024-08-12,42.0,desktop
17601,1256,2024-05-04,53.0,
17602,1256,07/08/2024,99.0,mobile
17603,833,09/09/2024,98.0,desktop
17604,1256,08/31/2024,53.0,desktop
17605,1256,10-05-2024,119.0,tablet
17606,1256,09/24/2024,41.0,desktop
17607,1256,02-04-2024,12.0,tablet
17608,1256,03-11-2024,22.0,mobile
17609,1256,03/16/2024,,mobile
17610,1256,01/04/2024,1.0,mobile
17611,1256,10-08-2024,20.0,desktop
17612,1256,27-12-2024,42.0,mobile
17613,1256,01/27/2025,46.0,desktop
17614,1256,2024-09-24,116.0,mobile
17615,833,2024-06-06,15.0,mobile
17616,833,10-01-2025,2.0,desktop
17617,833,11/15/2024,88.0,mobile
17618,833,25-07-2024,33.0,tablet
17619,1256,2024-05-14,25.0,mobile
17620,1256,07-09-2024,29.0,desktop
17621,1256,03/23/2024,2.0,mobile
17622,1256,09/25/2024,94.0,desktop
17623,1256,2024-12-19,83.0,mobile
17624,1256,03-03-2024,106.0,tablet
17625,1256,04-03-2024,9.0,mobile
17626,1256,02/05/2024,21.0,mobile
17627,1256,25-07-2024,2.0,tablet
17628,1256,30-03-2024,22.0,mobile
17629,1256,03/11/2024,93.0,tablet
17630,1256,01/26/2025,74.0,desktop
17631,1256,2024-06-21,15.0,desktop
17632,833,03-07-2024,24.0,tablet
17633,1256,2024-04-27,31.0,mobile
17634,833,30-01-2024,92.0,tablet
17635,1256,2024-06-25,76.0,mobile
17636,1256,04-10-2024,102.0,
17637,833,2024-05-01,48.0,tablet
17638,1256,04-07-2024,71.0,mobile
17639,1256,16-06-2024,13.0,desktop
17640,833,07/13/2024,99.0,mobile
17641,833,2024-04-16,3.0,tablet
17642,1256,2024-10-14,54.0,desktop
17643,1256,25-02-2024,36.0,mobile
17644,1256,2024-05-25,8.0,tablet
17645,1256,12-02-2024,46.0,tablet
17646,1256,06-08-2024,80.0,
17647,1256,17-06-2024,85.0,tablet
17648,1256,12/08/2024,83.0,desktop
17649,833,02/01/2025,116.0,mobile
17650,1256,2025-01-10,52.0,mobile
17651,833,2024-12-10,15.0,mobile
17652,1256,12/24/2024,86.0,mobile
17653,1256,2024-02-25,112.0,desktop
17654,1256,03-02-2025,25.0,
17655,833,08/28/2024,11.0,tablet
17656,1256,10/24/2024,70.0,mobile
17657,1256,2024-01-22,16.0,tablet
17658,1256,02-02-2024,52.0,tablet
17659,833,2024-11-19,60.0,
17660,1256,,39.0,tablet
17661,1256,2024-01-19,18.0,
17662,833,,53.0,tablet
17663,1256,02-02-2025,15.0,mobile
17664,1256,09/22/2024,6.0,tablet
17665,1256,2024-07-11,4.0,desktop
17666,1256,09/26/2024,,tablet
17667,1256,01/03/2025,107.0,mobile
17668,833,09/18/2024,74.0,desktop
17669,1256,04/08/2024,39.0,desktop
17670,1256,11/17/2024,48.0,tablet
17671,1256,05-11-2024,25.0,mobile
17672,1256,12/29/2024,5.0,desktop
17673,1256,2024-08-31,36.0,mobile
17674,1256,2024-08-28,28.0,desktop
17675,1256,2024-12-03,44.0,mobile
17676,1256,2025-01-26,73.0,mobile
17677,1256,27-02-2024,105.0,mobile
17678,1256,17-07-2024,39.0,tablet
17679,1256,2024-12-20,107.0,tablet
17680,1256,2024-09-27,96.0,mobile
17681,1256,2025-01-07,2.0,mobile
17682,833,08/13/2024,,mobile
17683,1256,11/25/2024,113.0,tablet
17684,1256,01/31/2025,93.0,tablet
17685,1256,2024-06-01,24.0,desktop
17686,1256,,,tablet
17687,1256,01-02-2024,58.0,mobile
17688,1256,2024-01-05,108.0,tablet
17689,1256,2024-11-30,98.0,desktop
17690,1256,03-01-2024,117.0,mobile
17691,1256,2024-02-01,93.0,mobile
17692,1256,2024-11-04,69.0,mobile
17693,1256,01-10-2024,6.0,desktop
17694,833,03-01-2024,111.0,tablet
17695,1256,21-01-2024,88.0,tablet
17696,833,2024-06-06,,mobile
17697,1256,28-07-2024,,mobile
17698,1256,2024-07-30,7.0,tablet
17699,833,06/27/2024,54.0,tablet
17700,1256,19-01-2024,99.0,tablet
17701,1256,2025-01-31,96.0,tablet
17702,1256,30-10-2024,64.0,tablet
17703,1256,16-03-2024,103.0,desktop
17704,1256,2024-11-02,40.0,
17705,833,2024-03-26,8.0,desktop
17706,1256,15-11-2024,56.0,desktop
17707,833,2024-03-07,15.0,mobile
17708,1256,07/30/2024,66.0,tablet
17709,1256,05/07/2024,96.0,tablet
17710,1256,03/18/2024,29.0,tablet
17711,1256,03-03-2024,61.0,mobile
17712,1256,13-04-2024,82.0,desktop
17713,1256,2024-01-21,71.0,desktop
17714,1256,08/20/2024,18.0,tablet
17715,1256,13-02-2024,26.0,mobile
17716,1256,2024-08-04,9.0,tablet
17717,833,12/24/2024,,
17718,1256,09/20/2024,52.0,tablet
17719,1256,21-09-2024,39.0,desktop
17720,833,05/17/2024,43.0,tablet
17721,1256,06-08-2024,95.0,
17722,833,20-10-2024,118.0,desktop
17723,1256,2025-01-08,84.0,tablet
17724,1256,06/13/2024,59.0,desktop
17725,1256,28-03-2024,47.0,mobile
17726,1256,23-07-2024,99.0,mobile
17727,1256,02/02/2024,10.0,tablet
17728,1256,07/06/2024,97.0,mobile
17729,1256,14-02-2024,113.0,tablet
17730,1256,2024-08-21,120.0,desktop
17731,1256,,55.0,desktop
17732,833,02/18/2024,109.0,desktop
17733,1256,2024-11-24,115.0,
17734,1256,2024-10-26,53.0,tablet
17735,1256,28-03-2024,31.0,mobile
17736,1256,2024-12-24,18.0,tablet
17737,1256,25-01-2025,107.0,desktop
17738,1256,11/08/2024,21.0,desktop
17739,1256,2024-01-19,16.0,tablet
17740,1256,02/19/2024,,desktop
17741,1256,08-11-2024,51.0,desktop
17742,1256,01/05/2025,7.0,desktop
17743,1256,2024-06-01,51.0,mobile
17744,1256,05/07/2024,13.0,tablet
17745,1256,2024-07-03,45.0,desktop
17746,1256,11/09/2024,117.0,desktop
17747,1256,12/28/2024,,mobile
17748,1256,26-10-2024,104.0,desktop
17749,1256,29-11-2024,120.0,tablet
17750,1256,2024-05-20,28.0,mobile
17751,1256,07-01-2024,41.0,desktop
17752,1256,11-06-2024,115.0,desktop
17753,833,01-12-2024,25.0,desktop
17754,833,29-02-2024,49.0,mobile
17755,1256,05-06-2024,40.0,mobile
17756,833,25-11-2024,63.0,mobile
17757,1256,2024-04-06,93.0,mobile
17758,1256,07-11-2024,88.0,mobile
17759,1256,2024-09-01,36.0,desktop
17760,1256,2024-06-22,57.0,desktop
17761,1256,2024-09-13,78.0,desktop
17762,1256,19-11-2024,99.0,tablet
17763,1256,03-06-2024,90.0,tablet
17764,833,2024-01-18,113.0,tablet
17765,1256,25-04-2024,2.0,desktop
17766,1256,08/01/2024,106.0,tablet
17767,1256,07/07/2024,58.0,mobile
17768,1256,12-11-2024,33.0,
17769,1256,08/17/2024,96.0,mobile
17770,1256,05/28/2024,75.0,
17771,1256,2024-10-06,40.0,mobile
17772,1256,27-11-2024,85.0,desktop
17773,1256,2024-10-16,58.0,tablet
17774,1256,31-01-2025,11.0,tablet
17775,833,10/16/2024,10.0,tablet
17776,1256,09/05/2024,61.0,desktop
17777,833,2024-09-26,48.0,desktop
17778,833,2024-09-27,12.0,tablet
17779,1256,08/13/2024,26.0,tablet
17780,1256,09/22/2024,59.0,tablet
17781,1256,01/23/2024,41.0,tablet
17782,1256,2025-01-25,10.0,tablet
17783,1256,2024-07-01,109.0,desktop
17784,1256,02/25/2024,9.0,
17785,1256,21-03-2024,113.0,tablet
17786,833,2024-04-22,,mobile
17787,833,09/13/2024,53.0,desktop
17788,1256,04/20/2024,116.0,desktop
17789,1256,2024-09-05,14.0,tablet
17790,1256,07-05-2024,,mobile
17791,1256,09/25/2024,13.0,desktop
17792,1256,09/14/2024,80.0,tablet
17793,1256,27-10-2024,103.0,desktop
17794,1256,11/23/2024,84.0,mobile
17795,1256,09/06/2024,89.0,desktop
17796,1256,2024-08-23,79.0,tablet
17797,1256,28-07-2024,16.0,mobile
17798,1256,2024-07-06,11.0,desktop
17799,1256,06/03/2024,10.0,desktop
17800,1256,2024-06-19,92.0,mobile
17801,1256,08-02-2024,,tablet
17802,1256,2025-01-17,49.0,tablet
17803,1256,10-01-2024,12.0,desktop
17804,1256,2025-01-23,82.0,desktop
17805,833,,30.0,mobile
17806,1256,23-06-2024,59.0,mobile
17807,1256,12/03/2024,85.0,mobile
17808,1256,02/20/2024,18.0,mobile
17809,1256,09/28/2024,27.0,desktop
17810,833,23-05-2024,55.0,tablet
17811,1256,10/08/2024,21.0,desktop
17812,1256,23-12-2024,79.0,desktop
17813,1256,05/02/2024,49.0,mobile
17814,1256,20-01-2024,39.0,desktop
17815,1256,16-03-2024,,desktop
17816,1256,03-01-2025,34.0,desktop
17817,1256,11/26/2024,14.0,tablet
17818,1256,04-04-2024,23.0,desktop
17819,1256,01/20/2025,92.0,desktop
17820,1256,26-08-2024,20.0,tablet
17821,1256,2024-08-28,,desktop
17822,833,2024-10-18,9.0,tablet
17823,1256,10/12/2024,77.0,mobile
17824,1256,2024-03-05,36.0,mobile
17825,1256,08-03-2024,77.0,tablet
17826,1256,2024-07-25,50.0,tablet
17827,1256,07/13/2024,20.0,mobile
17828,1256,09/15/2024,51.0,tablet
17829,1256,10/06/2024,14.0,tablet
17830,1256,2024-11-08,96.0,desktop
17831,833,2024-04-09,51.0,desktop
17832,1256,2024-03-07,57.0,tablet
17833,1256,03/30/2024,40.0,
17834,1256,2024-10-10,37.0,tablet
17835,1256,03/23/2024,34.0,desktop
17836,833,20-06-2024,17.0,tablet
17837,1256,15-07-2024,15.0,mobile
17838,1256,2025-02-03,29.0,mobile
17839,1256,07-09-2024,,desktop
17840,1256,15-05-2024,11.0,desktop
17841,833,01/27/2025,89.0,mobile
17842,1256,01/27/2024,46.0,mobile
17843,1256,,82.0,tablet
17844,1256,2024-10-25,113.0,tablet
17845,1256,13-10-2024,78.0,
17846,1256,12/24/2024,106.0,desktop
17847,1256,04/10/2024,2.0,tablet
17848,1256,2024-07-09,97.0,tablet
17849,1256,11/29/2024,97.0,mobile
17850,833,2024-10-17,5.0,desktop
17851,833,17-12-2024,5.0,mobile
17852,1256,03/23/2024,82.0,mobile
17853,1256,2024-07-09,42.0,tablet
17854,1256,2024-05-10,72.0,tablet
17855,1256,05-10-2024,77.0,tablet
17856,833,2024-12-29,119.0,tablet
17857,1256,09/16/2024,87.0,tablet
17858,1256,2024-03-14,29.0,mobile
17859,1256,07-08-2024,46.0,desktop
17860,1256,04-11-2024,103.0,desktop
17861,1256,2024-03-28,58.0,tablet
17862,1256,20-04-2024,13.0,tablet
17863,1256,12/31/2024,58.0,tablet
17864,1256,23-05-2024,120.0,desktop
17865,1256,2024-06-17,,tablet
17866,1256,2024-03-23,110.0,mobile
17867,1256,29-11-2024,65.0,desktop
17868,1256,18-08-2024,109.0,mobile
17869,1256,01/04/2024,28.0,tablet
17870,1256,07/25/2024,3.0,tablet
17871,1256,2024-12-08,,tablet
17872,1256,2024-08-20,106.0,mobile
17873,1256,2024-02-22,55.0,tablet
17874,1256,08-07-2024,35.0,mobile
17875,1256,20-03-2024,22.0,desktop
17876,1256,2024-05-06,114.0,desktop
17877,1256,13-11-2024,107.0,tablet
17878,1256,2024-02-29,90.0,tablet
17879,1256,08-08-2024,108.0,mobile
17880,1256,01/02/2024,91.0,mobile
17881,1256,2024-04-12,15.0,tablet
17882,1256,2024-12-01,6.0,tablet
17883,1256,03/12/2024,,tablet
17884,1256,18-05-2024,98.0,tablet
17885,833,05/23/2024,35.0,desktop
17886,1256,09/10/2024,61.0,desktop
17887,1256,06/15/2024,106.0,desktop
17888,1256,,22.0,tablet
17889,1256,2024-12-02,100.0,desktop
17890,1256,04/28/2024,5.0,mobile
17891,1256,21-05-2024,5.0,mobile
17892,1256,12-06-2024,45.0,tablet
17893,833,,29.0,tablet
17894,1256,2025-01-14,31.0,tablet
17895,1256,05-06-2024,48.0,tablet
17896,1256,18-08-2024,56.0,
17897,833,10-07-2024,36.0,desktop
17898,833,12/17/2024,118.0,mobile
17899,1256,2024-07-08,44.0,tablet
17900,1256,03/28/2024,14.0,desktop
17901,1256,2024-03-19,84.0,mobile
17902,1256,2024-10-14,29.0,desktop
17903,1256,2024-12-27,18.0,mobile
17904,1256,28-03-2024,10.0,desktop
17905,1256,14-01-2025,70.0,tablet
17906,1256,28-05-2024,116.0,mobile
17907,1256,,109.0,mobile
17908,833,10/31/2024,24.0,desktop
17909,1256,21-11-2024,75.0,tablet
17910,1256,2024-04-11,41.0,tablet
17911,1256,2024-03-24,81.0,desktop
17912,1256,08-10-2024,56.0,desktop
17913,1256,2024-02-16,41.0,tablet
17914,1256,11/02/2024,,
17915,1256,2024-04-12,9.0,desktop
17916,1256,09/22/2024,29.0,desktop
17917,1256,03-01-2025,34.0,desktop
17918,1256,11/28/2024,25.0,tablet
17919,1256,25-12-2024,81.0,mobile
17920,1256,08-10-2024,36.0,tablet
17921,1256,06/30/2024,30.0,desktop
17922,1256,24-02-2024,1.0,desktop
17923,1256,02/11/2024,,desktop
17924,1256,12-10-2024,53.0,mobile
17925,1256,30-04-2024,63.0,tablet
17926,1256,07/01/2024,39.0,tablet
17927,1256,2024-06-25,,
17928,833,,89.0,desktop
17929,1256,2024-10-26,97.0,desktop
17930,1256,07/25/2024,55.0,mobile
17931,1256,26-01-2024,77.0,desktop
17932,1256,01/04/2024,116.0,desktop
17933,833,03-01-2024,55.0,tablet
17934,1256,01/09/2025,66.0,mobile
17935,1256,03/06/2024,44.0,desktop
17936,1256,2024-08-08,95.0,mobile
17937,1256,2025-01-21,108.0,desktop
17938,833,08/10/2024,42.0,tablet
17939,1256,2024-11-19,5.0,tablet
17940,833,2024-02-03,50.0,mobile
17941,833,09/17/2024,76.0,tablet
17942,1256,06/23/2024,23.0,tablet
17943,1256,2024-11-27,65.0,desktop
17944,1256,2024-12-17,56.0,mobile
17945,1256,2024-09-22,77.0,mobile
17946,1256,2024-05-08,69.0,mobile
17947,1256,05/26/2024,55.0,desktop
17948,833,10/25/2024,95.0,desktop
17949,1256,05/15/2024,87.0,tablet
17950,833,18-06-2024,,tablet
17951,1256,02/28/2024,27.0,desktop
17952,833,10/20/2024,17.0,tablet
17953,833,02/22/2024,112.0,tablet
17954,833,2025-01-13,94.0,mobile
17955,1256,2024-12-10,23.0,mobile
17956,1256,2024-02-05,26.0,mobile
17957,1256,08/15/2024,60.0,
17958,1256,,20.0,desktop
17959,833,07-02-2024,26.0,tablet
17960,833,,96.0,mobile
17961,1256,02/23/2024,21.0,mobile
17962,1256,12/25/2024,70.0,tablet
17963,1256,12-11-2024,113.0,tablet
17964,1256,09/01/2024,17.0,mobile
17965,1256,02/28/2024,69.0,desktop
17966,1256,2024-05-27,74.0,tablet
17967,1256,02/10/2024,25.0,tablet
17968,1256,13-06-2024,52.0,desktop
17969,1256,05/10/2024,106.0,tablet
17970,1256,11/09/2024,111.0,mobile
17971,1256,17-01-2025,75.0,mobile
17972,1256,2024-11-01,33.0,tablet
17973,1256,13-06-2024,7.0,desktop
17974,1256,2024-08-07,89.0,tablet
17975,1256,30-09-2024,115.0,tablet
17976,1256,2024-10-14,87.0,tablet
17977,833,12/08/2024,95.0,desktop
17978,1256,,41.0,desktop
17979,1256,04-03-2024,75.0,mobile
17980,1256,03/27/2024,74.0,desktop
17981,1256,,118.0,mobile
17982,1256,07/22/2024,48.0,mobile
17983,1256,29-06-2024,90.0,tablet
17984,1256,04-02-2024,19.0,tablet
17985,1256,01/23/2024,120.0,desktop
17986,1256,2024-09-12,99.0,mobile
17987,833,09/12/2024,110.0,
17988,1256,04/10/2024,10.0,tablet
17989,1256,03-09-2024,62.0,mobile
17990,1256,2024-01-29,82.0,mobile
17991,1256,08-08-2024,63.0,mobile
17992,1256,,11.0,tablet
17993,1256,16-07-2024,69.0,mobile
17994,1256,04/20/2024,95.0,desktop
17995,762,2024-09-24,97.0,desktop
17996,1256,03-01-2025,70.0,tablet
17997,833,17-08-2024,51.0,mobile
17998,1256,30-12-2024,,mobile
17999,1256,07/23/2024,44.0,
18000,1256,02/11/2024,91.0,desktop
18001,1256,2024-06-29,103.0,mobile
18002,1256,2024-04-25,13.0,tablet
18003,1256,2024-03-04,28.0,mobile
18004,1256,18-09-2024,70.0,mobile
18005,833,2024-10-16,77.0,mobile
18006,1256,03/22/2024,43.0,desktop
18007,1256,12/14/2024,76.0,mobile
18008,1256,02/22/2024,97.0,tablet
18009,1256,07/13/2024,114.0,mobile
18010,1256,13-12-2024,6.0,mobile
18011,833,2024-09-03,23.0,desktop
18012,833,2024-04-04,32.0,desktop
18013,1256,11-08-2024,37.0,tablet
18014,1256,12-04-2024,5.0,desktop
18015,1256,03/26/2024,,tablet
18016,1256,2024-06-12,108.0,desktop
18017,833,2024-10-27,92.0,desktop
18018,1256,,62.0,mobile
18019,1256,,31.0,desktop
18020,1256,26-09-2024,46.0,mobile
18021,1256,2024-07-23,35.0,tablet
18022,833,2024-09-17,72.0,tablet
18023,1256,20-04-2024,72.0,mobile
18024,1256,16-01-2024,81.0,tablet
18025,1256,2024-08-28,75.0,tablet
18026,1256,2024-06-13,65.0,mobile
18027,1256,2024-11-03,54.0,desktop
18028,1256,2024-09-09,,desktop
18029,1256,12/31/2024,111.0,mobile
18030,1256,2024-03-21,80.0,mobile
18031,1256,06/29/2024,,mobile
18032,1256,02/08/2024,35.0,tablet
18033,1256,28-04-2024,116.0,mobile
18034,1256,09/02/2024,84.0,tablet
18035,1256,2024-07-26,115.0,tablet
18036,1256,10/02/2024,114.0,mobile
18037,1256,2024-01-22,,desktop
18038,1256,09/26/2024,120.0,tablet
18039,1256,01/05/2025,68.0,desktop
18040,833,22-03-2024,106.0,mobile
18041,1256,2024-04-06,36.0,desktop
18042,1256,07-02-2024,16.0,tablet
18043,1256,02/25/2024,54.0,desktop
18044,1256,2024-04-16,99.0,
18045,1256,2024-04-09,8.0,desktop
18046,1256,07/13/2024,8.0,mobile
18047,833,13-06-2024,90.0,desktop
18048,1256,07-10-2024,120.0,tablet
18049,1256,09/05/2024,81.0,
18050,833,02-12-2024,59.0,tablet
18051,1256,25-11-2024,69.0,
18052,833,16-12-2024,46.0,desktop
18053,1256,2025-01-21,8.0,tablet
18054,833,2024-12-01,109.0,desktop
18055,1256,10-01-2024,59.0,desktop
18056,1256,02/14/2024,85.0,tablet
18057,1256,02-05-2024,16.0,tablet
18058,1256,04-01-2024,,tablet
18059,1256,12/25/2024,64.0,
18060,1256,01/03/2025,53.0,mobile
18061,1256,13-03-2024,94.0,desktop
18062,833,05/27/2024,113.0,tablet
18063,1256,2024-02-14,3.0,desktop
18064,833,30-10-2024,,tablet
18065,1256,01/31/2024,78.0,desktop
18066,1256,02/27/2024,38.0,tablet
18067,833,2024-04-06,110.0,mobile
18068,1256,29-03-2024,40.0,desktop
18069,833,01/12/2025,97.0,mobile
18070,833,2024-11-24,97.0,mobile
18071,1256,05-10-2024,31.0,mobile
18072,1256,01/23/2025,54.0,desktop
18073,833,10/18/2024,73.0,mobile
18074,1256,11/25/2024,75.0,desktop
18075,1256,2024-12-26,102.0,desktop
18076,833,07/27/2024,110.0,desktop
18077,1256,2024-01-24,25.0,mobile
18078,1256,12/11/2024,53.0,mobile
18079,1256,17-04-2024,88.0,tablet
18080,833,10/16/2024,61.0,tablet
18081,1256,01-04-2024,118.0,mobile
18082,1256,,84.0,desktop
18083,1256,08/21/2024,15.0,tablet
18084,1256,22-03-2024,3.0,desktop
18085,1256,03-01-2025,67.0,desktop
18086,833,06-02-2024,66.0,desktop
18087,1256,12/07/2024,90.0,desktop
18088,833,01/19/2025,49.0,desktop
18089,1256,2024-09-30,47.0,desktop
18090,833,06-01-2024,33.0,tablet
18091,1256,02-12-2024,38.0,mobile
18092,833,2024-04-22,101.0,tablet
18093,1256,03/07/2024,16.0,desktop
18094,1256,01/15/2024,72.0,mobile
18095,1256,18-09-2024,63.0,desktop
18096,1256,20-02-2024,120.0,tablet
18097,1256,2024-11-24,76.0,mobile
18098,762,2024-08-27,58.0,tablet
18099,833,13-12-2024,110.0,mobile
18100,1256,26-11-2024,104.0,mobile
18101,1256,,73.0,tablet
18102,833,2024-09-04,70.0,desktop
18103,1256,2025-01-14,49.0,mobile
18104,1256,2024-03-29,,desktop
18105,1256,07-07-2024,72.0,desktop
18106,1256,2024-11-10,40.0,desktop
18107,833,2024-07-03,31.0,mobile
18108,1256,25-05-2024,27.0,tablet
18109,1256,30-10-2024,110.0,mobile
18110,1256,2024-03-06,115.0,mobile
18111,1256,10/01/2024,7.0,mobile
18112,1256,07/28/2024,25.0,desktop
18113,1256,30-09-2024,43.0,tablet
18114,1256,01/28/2025,76.0,desktop
18115,1256,02-07-2024,35.0,desktop
18116,833,03-04-2024,39.0,desktop
18117,1256,2024-02-01,43.0,tablet
18118,1256,19-10-2024,42.0,mobile
18119,1256,20-07-2024,50.0,desktop
18120,833,2024-07-07,75.0,
18121,1256,08/25/2024,17.0,mobile
18122,1256,2025-01-21,77.0,tablet
18123,1256,2024-05-24,88.0,mobile
18124,833,08/08/2024,90.0,tablet
18125,1256,05/24/2024,99.0,desktop
18126,1256,02-12-2024,28.0,desktop
18127,1256,08/08/2024,61.0,desktop
18128,833,2024-01-04,52.0,desktop
18129,1256,01/10/2024,34.0,mobile
18130,1256,02-02-2025,89.0,tablet
18131,1256,02/22/2024,104.0,tablet
18132,833,08/17/2024,5.0,tablet
18133,1256,11/15/2024,24.0,tablet
18134,1256,01/19/2024,40.0,tablet
18135,1256,04-07-2024,34.0,desktop
18136,1256,28-07-2024,,mobile
18137,1256,13-04-2024,45.0,tablet
18138,1256,2024-07-31,75.0,tablet
18139,1256,2024-03-08,107.0,tablet
18140,1256,03-03-2024,51.0,desktop
18141,1256,04-01-2025,14.0,desktop
18142,1256,09/05/2024,23.0,mobile
18143,1256,2024-05-10,5.0,tablet
18144,833,02-11-2024,120.0,desktop
18145,1256,2024-02-05,45.0,mobile
18146,1256,2024-04-22,13.0,mobile
18147,833,2024-11-06,68.0,mobile
18148,1256,15-08-2024,25.0,
18149,1256,01/09/2025,26.0,tablet
18150,1256,02/01/2024,54.0,desktop
18151,1256,09/15/2024,61.0,tablet
18152,1256,2025-01-07,110.0,mobile
18153,1256,2024-11-24,108.0,mobile
18154,833,2024-12-11,75.0,desktop
18155,1256,15-07-2024,34.0,tablet
18156,1256,2024-10-18,46.0,desktop
18157,1256,2024-02-14,9.0,mobile
18158,1256,06/23/2024,65.0,desktop
18159,1256,2024-12-12,19.0,desktop
18160,833,08/18/2024,95.0,desktop
18161,1256,23-11-2024,91.0,mobile
18162,1256,19-01-2025,78.0,tablet
18163,1256,01-04-2024,48.0,desktop
18164,1256,01/25/2025,,tablet
18165,1256,2024-02-02,58.0,desktop
18166,833,06/24/2024,10.0,tablet
18167,833,10/12/2024,63.0,tablet
18168,1256,2025-01-17,101.0,mobile
18169,1256,04/23/2024,107.0,mobile
18170,1256,29-09-2024,,
18171,833,2024-07-11,58.0,tablet
18172,1256,10-06-2024,120.0,desktop
18173,1256,13-09-2024,53.0,desktop
18174,1256,01-09-2024,67.0,desktop
18175,833,2024-01-07,49.0,desktop
18176,1256,2024-07-07,73.0,desktop
18177,1256,2024-10-11,57.0,mobile
18178,1256,2024-07-20,118.0,desktop
18179,1256,2024-06-15,34.0,tablet
18180,1256,2024-05-29,,tablet
18181,1256,2025-01-30,44.0,mobile
18182,1256,2024-03-28,20.0,desktop
18183,1256,24-04-2024,94.0,desktop
18184,833,2024-07-29,21.0,tablet
18185,1256,2024-10-20,61.0,tablet
18186,1256,27-09-2024,,mobile
18187,833,2024-08-22,117.0,tablet
18188,833,01-11-2024,75.0,tablet
18189,1256,2024-09-06,85.0,desktop
18190,833,2024-05-05,119.0,tablet
18191,1256,2024-04-10,93.0,desktop
18192,1256,2024-01-27,10.0,desktop
18193,1256,2024-04-14,37.0,tablet
18194,1256,2024-06-14,26.0,desktop
18195,1256,2024-05-17,112.0,tablet
18196,833,2024-03-11,84.0,mobile
18197,1256,09/04/2024,63.0,mobile
18198,1256,2024-07-26,15.0,tablet
18199,1256,,65.0,tablet
18200,1256,30-10-2024,75.0,tablet
18201,1256,2025-01-13,108.0,tablet
18202,1256,12/19/2024,36.0,desktop
18203,833,2024-11-21,24.0,tablet
18204,833,2025-01-11,95.0,tablet
18205,1256,26-10-2024,105.0,desktop
18206,1256,01/12/2024,107.0,mobile
18207,833,24-01-2024,34.0,mobile
18208,1256,2024-04-05,37.0,mobile
18209,1256,03/27/2024,47.0,mobile
18210,1256,2024-11-14,63.0,tablet
18211,833,25-03-2024,29.0,tablet
18212,1256,23-03-2024,49.0,tablet
18213,1256,19-04-2024,,desktop
18214,1256,12/23/2024,,tablet
18215,1256,04/25/2024,1.0,mobile
18216,1256,08-02-2024,17.0,mobile
18217,1256,10/04/2024,31.0,desktop
18218,1256,19-01-2024,45.0,mobile
18219,1256,2024-05-29,75.0,
18220,833,01/05/2024,115.0,mobile
18221,1256,18-06-2024,66.0,tablet
18222,833,2024-04-26,14.0,tablet
18223,1256,14-05-2024,14.0,desktop
18224,1256,28-01-2025,34.0,desktop
18225,1256,03/31/2024,13.0,
18226,833,18-07-2024,,tablet
18227,1256,01/30/2025,97.0,desktop
18228,1256,05/01/2024,2.0,tablet
18229,1256,01/14/2025,52.0,desktop
18230,1256,2024-04-21,115.0,mobile
18231,1256,2024-07-14,10.0,desktop
18232,1256,2024-07-07,64.0,desktop
18233,1256,04-12-2024,91.0,desktop
18234,1256,01-11-2024,115.0,mobile
18235,1256,16-12-2024,8.0,tablet
18236,1256,26-12-2024,54.0,desktop
18237,1256,06/02/2024,35.0,tablet
18238,1256,01/08/2024,78.0,mobile
18239,1256,03/16/2024,66.0,desktop
18240,1256,01/31/2024,2.0,desktop
18241,1256,12/15/2024,61.0,desktop
18242,1256,27-11-2024,33.0,desktop
18243,1256,07-01-2024,14.0,desktop
18244,1256,12-07-2024,75.0,desktop
18245,1256,02-03-2024,116.0,desktop
18246,1256,01/29/2025,68.0,desktop
18247,1256,26-04-2024,17.0,mobile
18248,1256,11/08/2024,112.0,tablet
18249,1256,2024-01-22,108.0,
18250,1256,2024-03-28,110.0,mobile
18251,1256,,73.0,mobile
18252,1256,12/28/2024,112.0,tablet
18253,833,13-10-2024,11.0,tablet
18254,1256,10/26/2024,66.0,tablet
18255,1256,01-09-2024,,mobile
18256,1256,01/01/2024,87.0,desktop
18257,1256,2024-12-30,43.0,
18258,833,2024-11-20,105.0,desktop
18259,1256,29-04-2024,119.0,desktop
18260,1256,2024-01-31,10.0,desktop
18261,1256,,,desktop
18262,1256,2024-10-27,,desktop
18263,1256,2024-02-26,,tablet
18264,1256,26-01-2024,25.0,mobile
18265,1256,2024-10-13,109.0,tablet
18266,1256,2024-01-02,76.0,mobile
18267,1256,05-10-2024,29.0,mobile
18268,1256,02/23/2024,98.0,desktop
18269,833,2024-05-28,117.0,mobile
18270,833,2024-10-24,63.0,desktop
18271,833,2024-05-26,44.0,desktop
18272,1256,2024-07-20,102.0,tablet
18273,1256,12-03-2024,95.0,tablet
18274,1256,12/12/2024,9.0,desktop
18275,1256,23-04-2024,87.0,desktop
18276,1256,10/19/2024,9.0,mobile
18277,1256,02/15/2024,104.0,mobile
18278,1256,2024-03-22,50.0,desktop
18279,1256,2025-01-16,75.0,tablet
18280,1256,2024-12-04,58.0,desktop
18281,833,28-12-2024,47.0,desktop
18282,1256,02-02-2024,5.0,desktop
18283,1256,09/28/2024,120.0,desktop
18284,833,10-05-2024,5.0,desktop
18285,1256,04/02/2024,54.0,mobile
18286,1256,05/29/2024,60.0,mobile
18287,833,06/08/2024,103.0,tablet
18288,1256,11-05-2024,107.0,tablet
18289,1256,2024-04-04,29.0,mobile
18290,1256,2024-01-12,51.0,tablet
18291,1256,2024-05-29,40.0,mobile
18292,1256,2024-02-20,65.0,mobile
18293,1256,10-08-2024,105.0,mobile
18294,1256,14-08-2024,109.0,desktop
18295,1256,,,mobile
18296,1256,2024-11-28,81.0,mobile
18297,1256,2024-05-05,19.0,tablet
18298,1256,25-02-2024,6.0,mobile
18299,833,2024-06-27,79.0,mobile
18300,1256,01/07/2024,114.0,tablet
18301,1256,2024-03-30,118.0,mobile
18302,1256,06/28/2024,2.0,desktop
18303,1256,2024-07-01,1.0,mobile
18304,833,2025-01-23,37.0,mobile
18305,1256,2024-05-08,66.0,tablet
18306,833,23-11-2024,58.0,
18307,833,12-02-2024,21.0,
18308,1256,2025-01-10,3.0,mobile
18309,1256,2024-10-21,80.0,tablet
18310,1256,25-08-2024,107.0,tablet
18311,1256,01-01-2025,99.0,desktop
18312,833,24-02-2024,65.0,tablet
18313,1256,06/20/2024,111.0,desktop
18314,1256,01/01/2025,106.0,tablet
18315,1256,03-06-2024,77.0,
18316,833,2024-09-24,,tablet
18317,1256,05-01-2025,,tablet
18318,1256,28-02-2024,112.0,mobile
18319,1256,2024-07-20,112.0,mobile
18320,833,11/20/2024,62.0,desktop
18321,1256,2024-10-21,71.0,tablet
18322,1256,09-12-2024,,tablet
18323,1256,26-01-2025,24.0,desktop
18324,1256,2024-04-27,103.0,desktop
18325,1256,06/05/2024,40.0,desktop
18326,1256,2025-01-11,75.0,tablet
18327,1256,06/12/2024,73.0,tablet
18328,833,2024-07-16,70.0,tablet
18329,833,14-02-2024,82.0,desktop
18330,1256,2024-01-11,90.0,tablet
18331,833,01/19/2025,28.0,desktop
18332,1256,2025-01-15,104.0,tablet
18333,833,2024-08-03,16.0,mobile
18334,1256,10/12/2024,16.0,mobile
18335,1256,08/29/2024,29.0,tablet
18336,1256,11/23/2024,15.0,mobile
18337,1256,03-11-2024,47.0,mobile
18338,1256,26-09-2024,36.0,tablet
18339,1256,21-03-2024,70.0,desktop
18340,1256,2024-05-29,93.0,tablet
18341,833,31-12-2024,80.0,tablet
18342,762,09-10-2024,7.0,tablet
18343,833,09/23/2024,70.0,tablet
18344,1256,2025-01-31,87.0,mobile
18345,1256,11-10-2024,65.0,desktop
18346,762,19-10-2024,,tablet
18347,1256,03/23/2024,66.0,desktop
18348,833,01/05/2025,65.0,tablet
18349,1256,2024-01-16,76.0,mobile
18350,1256,2024-06-16,27.0,desktop
18351,1256,2024-06-20,16.0,desktop
18352,1256,2025-01-07,43.0,mobile
18353,1256,2024-07-01,87.0,mobile
18354,1256,05-01-2025,63.0,tablet
18355,833,09/04/2024,42.0,tablet
18356,1256,2024-05-16,85.0,mobile
18357,1256,02-02-2024,12.0,mobile
18358,1256,11/18/2024,87.0,tablet
18359,1256,10/27/2024,87.0,tablet
18360,1256,2024-05-06,101.0,mobile
18361,1256,2024-08-19,28.0,desktop
18362,1256,07/07/2024,76.0,mobile
18363,833,20-09-2024,13.0,desktop
18364,833,2024-07-20,5.0,mobile
18365,1256,18-10-2024,107.0,mobile
18366,1256,01/08/2025,74.0,tablet
18367,833,2024-12-21,106.0,desktop
18368,1256,01-01-2024,93.0,tablet
18369,1256,01/10/2024,92.0,desktop
18370,1256,2024-06-21,98.0,mobile
18371,1256,23-11-2024,109.0,desktop
18372,1256,2024-07-25,35.0,mobile
18373,1256,24-01-2025,102.0,
18374,1256,2024-06-17,16.0,
18375,833,07/03/2024,58.0,tablet
18376,1256,26-01-2024,22.0,mobile
18377,1256,2024-10-02,10.0,mobile
18378,1256,2024-04-09,63.0,mobile
18379,1256,02/29/2024,81.0,desktop
18380,1256,2024-02-17,95.0,desktop
18381,1256,25-08-2024,,tablet
18382,1256,2024-02-01,2.0,mobile
18383,1256,2024-02-23,89.0,desktop
18384,833,15-02-2024,23.0,mobile
18385,1256,09-03-2024,51.0,mobile
18386,1256,2024-01-23,,mobile
18387,833,07/16/2024,24.0,desktop
18388,1256,01/05/2024,27.0,desktop
18389,1256,11-10-2024,58.0,
18390,1256,13-11-2024,118.0,desktop
18391,1256,01/24/2025,45.0,mobile
18392,1256,30-12-2024,22.0,desktop
18393,1256,2025-01-13,31.0,mobile
18394,1256,11/21/2024,32.0,tablet
18395,1256,28-11-2024,13.0,desktop
18396,1256,02/25/2024,7.0,mobile
18397,1256,2024-05-16,,mobile
18398,1256,09-06-2024,115.0,mobile
18399,833,2024-01-16,92.0,tablet
18400,1256,2024-11-22,48.0,mobile
18401,833,16-11-2024,4.0,mobile
18402,1256,07/19/2024,86.0,tablet
18403,1256,2024-04-23,77.0,desktop
18404,1256,2024-04-23,12.0,tablet
18405,833,2024-05-07,49.0,desktop
18406,1256,,,mobile
18407,1256,01-02-2025,14.0,mobile
18408,1256,23-01-2024,101.0,mobile
18409,1256,04/13/2024,106.0,desktop
18410,1256,,15.0,mobile
18411,1256,12-07-2024,68.0,desktop
18412,833,18-01-2025,50.0,tablet
18413,1256,07-10-2024,64.0,desktop
18414,1256,2024-04-27,91.0,desktop
18415,1256,10/30/2024,89.0,desktop
18416,1256,09/17/2024,71.0,desktop
18417,1256,10/04/2024,114.0,tablet
18418,762,05/15/2024,101.0,tablet
18419,1256,2025-01-31,,tablet
18420,833,2024-10-31,89.0,tablet
18421,1256,01/27/2024,100.0,mobile
18422,1256,14-03-2024,44.0,tablet
18423,833,04-10-2024,7.0,desktop
18424,1256,01/26/2025,4.0,desktop
18425,1256,2024-04-10,10.0,tablet
18426,1256,,,mobile
18427,1256,18-04-2024,96.0,desktop
18428,1256,22-03-2024,15.0,desktop
18429,833,06/20/2024,114.0,desktop
18430,833,11/07/2024,,tablet
18431,1256,2024-09-16,42.0,tablet
18432,1256,23-12-2024,49.0,desktop
18433,1256,2024-03-13,113.0,mobile
18434,1256,10/29/2024,,desktop
18435,1256,2024-02-13,3.0,desktop
18436,1256,12/11/2024,3.0,desktop
18437,1256,2024-12-25,35.0,mobile
18438,1256,2024-12-23,65.0,mobile
18439,833,2024-09-07,94.0,mobile
18440,1256,01-04-2024,84.0,tablet
18441,1256,03/03/2024,82.0,tablet
18442,1256,07-05-2024,11.0,tablet
18443,1256,02-11-2024,67.0,desktop
18444,1256,06/18/2024,59.0,desktop
18445,1256,,42.0,tablet
18446,1256,04/27/2024,73.0,mobile
18447,833,23-11-2024,103.0,mobile
18448,1256,2024-10-20,30.0,mobile
18449,1256,2024-01-29,10.0,desktop
18450,1256,,91.0,tablet
18451,833,07/09/2024,111.0,tablet
18452,1256,2024-04-11,62.0,mobile
18453,833,05-01-2025,83.0,desktop
18454,1256,06-05-2024,27.0,tablet
18455,1256,12-06-2024,94.0,desktop
18456,1256,08/18/2024,41.0,desktop
18457,1256,04/29/2024,93.0,desktop
18458,1256,2024-03-07,5.0,desktop
18459,1256,05/20/2024,108.0,mobile
18460,833,11-01-2024,94.0,mobile
18461,1256,02/16/2024,51.0,tablet
18462,1256,09-03-2024,74.0,tablet
18463,1256,2024-06-26,42.0,
18464,1256,08-04-2024,41.0,desktop
18465,1256,2024-05-25,66.0,tablet
18466,1256,02/26/2024,9.0,desktop
18467,1256,25-11-2024,36.0,tablet
18468,1256,17-03-2024,94.0,tablet
18469,1256,06/12/2024,54.0,mobile
18470,1256,11/01/2024,79.0,desktop
18471,1256,2024-05-03,117.0,mobile
18472,1256,16-01-2025,96.0,mobile
18473,1256,2024-07-07,101.0,mobile
18474,1256,08/27/2024,80.0,tablet
18475,1256,21-07-2024,98.0,mobile
18476,1256,06/30/2024,18.0,mobile
18477,833,06-01-2024,25.0,mobile
18478,1256,2024-09-21,26.0,desktop
18479,1256,04/20/2024,91.0,mobile
18480,833,10/31/2024,2.0,mobile
18481,1256,08/18/2024,43.0,mobile
18482,833,14-09-2024,81.0,tablet
18483,1256,25-01-2024,114.0,mobile
18484,1256,30-08-2024,91.0,mobile
18485,1256,2024-02-08,45.0,tablet
18486,1256,13-09-2024,105.0,tablet
18487,1256,2024-01-01,,mobile
18488,1256,03/16/2024,37.0,mobile
18489,833,10/16/2024,84.0,tablet
18490,1256,2024-11-07,82.0,tablet
18491,1256,2024-08-02,101.0,mobile
18492,1256,06/04/2024,119.0,desktop
18493,1256,2024-07-08,9.0,desktop
18494,833,2024-04-12,9.0,tablet
18495,1256,06/21/2024,101.0,desktop
18496,1256,2024-02-22,59.0,tablet
18497,1256,30-06-2024,73.0,desktop
18498,1256,12/06/2024,17.0,mobile
18499,1256,29-11-2024,102.0,tablet
18500,1256,2024-02-07,120.0,mobile
18501,1256,01/29/2024,5.0,tablet
18502,1256,05/30/2024,92.0,tablet
18503,1256,2025-01-27,8.0,mobile
18504,1256,03/31/2024,28.0,mobile
18505,833,20-12-2024,32.0,tablet
18506,1256,2024-08-20,71.0,mobile
18507,1256,27-10-2024,11.0,desktop
18508,833,06/12/2024,9.0,tablet
18509,833,2024-10-25,47.0,tablet
18510,1256,2024-08-06,104.0,
18511,1256,14-10-2024,69.0,tablet
18512,1256,01/24/2025,87.0,desktop
18513,833,01/10/2024,55.0,desktop
18514,1256,02/29/2024,47.0,mobile
18515,1256,31-10-2024,17.0,desktop
18516,1256,27-10-2024,42.0,desktop
18517,1256,2024-11-15,68.0,tablet
18518,1256,01/24/2024,18.0,mobile
18519,1256,2024-04-23,36.0,mobile
18520,1256,11/08/2024,31.0,desktop
18521,1256,01/29/2024,71.0,desktop
18522,1256,26-11-2024,85.0,mobile
18523,1256,01/26/2024,32.0,desktop
18524,1256,22-01-2024,74.0,mobile
18525,1256,2024-05-26,3.0,mobile
18526,1256,2024-05-05,83.0,desktop
18527,1256,2024-09-06,109.0,mobile
18528,1256,2024-02-28,117.0,desktop
18529,1256,04-01-2024,58.0,tablet
18530,1256,2024-04-17,13.0,desktop
18531,833,20-12-2024,4.0,mobile
18532,1256,07-12-2024,17.0,desktop
18533,833,14-06-2024,117.0,desktop
18534,1256,10-05-2024,72.0,mobile
18535,1256,05/04/2024,120.0,tablet
18536,1256,03-01-2025,4.0,tablet
18537,1256,2024-10-25,89.0,mobile
18538,1256,2024-10-21,64.0,tablet
18539,1256,01-03-2024,18.0,desktop
18540,1256,2024-09-01,116.0,desktop
18541,1256,2025-01-28,70.0,
18542,1256,30-01-2025,38.0,tablet
18543,1256,19-05-2024,85.0,desktop
18544,1256,11/10/2024,59.0,tablet
18545,833,22-05-2024,109.0,tablet
18546,833,19-08-2024,97.0,mobile
18547,1256,20-08-2024,64.0,mobile
18548,1256,05/28/2024,84.0,desktop
18549,1256,01/10/2024,117.0,tablet
18550,1256,04-07-2024,11.0,tablet
18551,1256,12/02/2024,22.0,desktop
18552,1256,05/30/2024,9.0,desktop
18553,1256,23-12-2024,27.0,
18554,1256,2024-12-31,25.0,tablet
18555,1256,2024-11-18,111.0,desktop
18556,1256,21-12-2024,47.0,mobile
18557,1256,15-08-2024,68.0,mobile
18558,833,06-02-2024,9.0,desktop
18559,1256,2024-02-16,54.0,tablet
18560,1256,2024-02-02,43.0,mobile
18561,1256,29-01-2024,113.0,tablet
18562,833,05/30/2024,120.0,tablet
18563,1256,2024-07-18,7.0,desktop
18564,1256,12-05-2024,4.0,desktop
18565,1256,21-08-2024,30.0,mobile
18566,1256,18-09-2024,79.0,mobile
18567,1256,11/01/2024,14.0,desktop
18568,833,25-04-2024,30.0,tablet
18569,1256,2024-07-10,104.0,mobile
18570,1256,30-06-2024,30.0,desktop
18571,1256,22-05-2024,8.0,mobile
18572,1256,2024-12-04,95.0,tablet
18573,1256,05/28/2024,83.0,tablet
18574,1256,2024-06-07,61.0,tablet
18575,1256,26-05-2024,59.0,mobile
18576,1256,2024-05-03,109.0,tablet
18577,1256,02-08-2024,69.0,mobile
18578,1256,28-02-2024,100.0,desktop
18579,1256,27-10-2024,102.0,mobile
18580,1256,04/11/2024,82.0,desktop
18581,1256,01/08/2025,107.0,mobile
18582,1256,23-10-2024,75.0,tablet
18583,1256,09-08-2024,13.0,desktop
18584,1256,12-10-2024,95.0,tablet
18585,1256,04/05/2024,52.0,mobile
18586,1256,2024-01-10,32.0,mobile
18587,1256,10/03/2024,,mobile
18588,1256,05/16/2024,24.0,tablet
18589,833,03/02/2024,31.0,desktop
18590,1256,13-06-2024,73.0,desktop
18591,833,28-10-2024,102.0,mobile
18592,1256,27-07-2024,69.0,mobile
18593,833,2024-12-26,99.0,tablet
18594,833,27-01-2025,27.0,mobile
18595,1256,12/29/2024,41.0,mobile
18596,833,,57.0,tablet
18597,1256,2024-08-08,10.0,mobile
18598,1256,2024-03-06,110.0,desktop
18599,1256,02/08/2024,58.0,desktop
18600,1256,2024-12-17,103.0,tablet
18601,1256,2024-11-28,17.0,tablet
18602,1256,03/20/2024,115.0,desktop
18603,1256,31-10-2024,27.0,desktop
18604,1256,10/18/2024,86.0,tablet
18605,1256,11/10/2024,,desktop
18606,1256,2024-11-18,30.0,mobile
18607,833,2025-01-21,98.0,desktop
18608,833,12-11-2024,64.0,tablet
18609,1256,03/30/2024,33.0,desktop
18610,1256,27-01-2025,103.0,mobile
18611,1256,21-01-2025,112.0,tablet
18612,1256,07/14/2024,83.0,mobile
18613,1256,16-09-2024,7.0,desktop
18614,1256,28-07-2024,62.0,mobile
18615,833,25-03-2024,29.0,tablet
18616,833,24-06-2024,119.0,mobile
18617,1256,2024-09-08,109.0,mobile
18618,1256,2024-10-29,1.0,desktop
18619,1256,2024-07-10,83.0,mobile
18620,1256,08/31/2024,68.0,desktop
18621,833,02-11-2024,112.0,tablet
18622,1256,07/20/2024,26.0,tablet
18623,1256,05/04/2024,8.0,mobile
18624,833,27-01-2025,43.0,mobile
18625,1256,11/03/2024,115.0,tablet
18626,1256,27-10-2024,64.0,mobile
18627,1256,2024-12-23,11.0,desktop
18628,1256,09/08/2024,115.0,desktop
18629,1256,02/23/2024,24.0,desktop
18630,1256,01/21/2025,33.0,mobile
18631,1256,2024-11-16,99.0,tablet
18632,1256,01-06-2024,,tablet
18633,1256,2024-01-19,18.0,tablet
18634,1256,2024-01-15,16.0,tablet
18635,1256,2024-06-04,27.0,tablet
18636,1256,2024-05-12,75.0,desktop
18637,1256,08/15/2024,1.0,tablet
18638,833,02/04/2024,3.0,mobile
18639,1256,2024-08-22,98.0,mobile
18640,1256,07/16/2024,,tablet
18641,1256,2024-08-21,7.0,tablet
18642,833,01/18/2025,45.0,tablet
18643,1256,01/10/2024,117.0,mobile
18644,1256,19-01-2024,86.0,tablet
18645,1256,07/17/2024,18.0,tablet
18646,833,,90.0,mobile
18647,1256,15-04-2024,108.0,desktop
18648,1256,28-12-2024,50.0,mobile
18649,1256,,4.0,mobile
18650,833,2024-08-23,57.0,tablet
18651,1256,11-04-2024,15.0,mobile
18652,1256,09/16/2024,8.0,
18653,1256,11-11-2024,68.0,mobile
18654,1256,2024-12-12,,tablet
18655,1256,2024-08-14,48.0,
18656,1256,2024-06-22,,tablet
18657,1256,2024-10-02,72.0,desktop
18658,1256,2024-02-19,107.0,desktop
18659,1256,01-02-2025,110.0,tablet
18660,1256,2024-09-12,61.0,desktop
18661,833,2024-01-13,56.0,desktop
18662,833,10/23/2024,48.0,desktop
18663,1256,01/09/2024,83.0,tablet
18664,1256,04/16/2024,57.0,tablet
18665,1256,31-01-2025,16.0,desktop
18666,1256,2024-07-27,,mobile
18667,1256,2024-09-15,,tablet
18668,1256,08-11-2024,85.0,tablet
18669,833,2025-01-05,91.0,tablet
18670,1256,08/25/2024,28.0,desktop
18671,1256,10-11-2024,75.0,desktop
18672,833,2024-02-29,101.0,desktop
18673,1256,08-01-2024,19.0,
18674,1256,07/28/2024,9.0,desktop
18675,1256,05-01-2024,45.0,desktop
18676,1256,18-10-2024,51.0,mobile
18677,1256,01-12-2024,102.0,mobile
18678,1256,2025-01-01,95.0,mobile
18679,1256,02/27/2024,85.0,tablet
18680,1256,02/20/2024,1.0,mobile
18681,1256,12/12/2024,24.0,mobile
18682,833,2024-02-24,69.0,mobile
18683,1256,11/19/2024,116.0,mobile
18684,833,,21.0,mobile
18685,1256,2025-01-28,24.0,desktop
18686,833,23-06-2024,100.0,tablet
18687,1256,2024-10-25,120.0,desktop
18688,1256,2024-08-23,32.0,mobile
18689,1256,2024-04-14,5.0,tablet
18690,1256,09-03-2024,102.0,tablet
18691,1256,12-02-2024,36.0,mobile
18692,1256,09/21/2024,23.0,tablet
18693,833,2024-04-11,111.0,desktop
18694,1256,09/10/2024,78.0,desktop
18695,1256,28-01-2024,75.0,mobile
18696,1256,10-01-2025,92.0,mobile
18697,1256,01/01/2025,68.0,tablet
18698,1256,2024-07-08,44.0,mobile
18699,1256,09-07-2024,77.0,mobile
18700,1256,01-08-2024,32.0,tablet
18701,1256,2024-12-18,70.0,mobile
18702,1256,2024-11-05,44.0,tablet
18703,1256,2025-01-30,12.0,tablet
18704,1256,18-08-2024,99.0,mobile
18705,1256,11-10-2024,77.0,mobile
18706,1256,2024-04-21,62.0,mobile
18707,1256,2024-06-23,88.0,mobile
18708,1256,,23.0,desktop
18709,1256,07/15/2024,37.0,desktop
18710,1256,02-04-2024,72.0,tablet
18711,1256,2024-06-16,43.0,tablet
18712,833,23-05-2024,71.0,desktop
18713,1256,2024-02-11,52.0,mobile
18714,1256,21-09-2024,10.0,tablet
18715,1256,11/13/2024,72.0,desktop
18716,1256,02/08/2024,88.0,desktop
18717,833,2024-08-17,53.0,mobile
18718,1256,2024-02-10,105.0,tablet
18719,1256,02-03-2024,45.0,tablet
18720,1256,05/28/2024,,desktop
18721,1256,10/22/2024,111.0,mobile
18722,1256,2024-02-23,90.0,tablet
18723,1256,2024-03-25,29.0,mobile
18724,1256,2024-04-24,,mobile
18725,1256,02/09/2024,33.0,tablet
18726,1256,27-05-2024,84.0,desktop
18727,1256,01/11/2024,3.0,mobile
18728,1256,,118.0,mobile
18729,1256,2025-01-26,18.0,desktop
18730,1256,18-06-2024,14.0,mobile
18731,1256,2024-08-21,37.0,desktop
18732,1256,11/05/2024,19.0,mobile
18733,1256,2024-06-07,32.0,desktop
18734,833,27-02-2024,3.0,tablet
18735,1256,2024-09-11,93.0,tablet
18736,833,10/14/2024,16.0,tablet
18737,1256,2024-12-02,,desktop
18738,833,01-06-2024,115.0,mobile
18739,833,14-03-2024,79.0,mobile
18740,833,04-01-2024,21.0,mobile
18741,833,2024-07-13,33.0,mobile
18742,1256,04/18/2024,92.0,tablet
18743,1256,2024-10-21,96.0,mobile
18744,1256,2024-02-23,94.0,tablet
18745,1256,2024-06-22,89.0,desktop
18746,833,30-09-2024,85.0,
18747,833,06/24/2024,4.0,mobile
18748,833,03/31/2024,4.0,tablet
18749,1256,09/20/2024,37.0,mobile
18750,1256,2024-11-17,75.0,mobile
18751,1256,01/21/2024,25.0,mobile
18752,1256,04/15/2024,65.0,mobile
18753,1256,2024-09-02,111.0,tablet
18754,1256,14-09-2024,65.0,desktop
18755,1256,2024-03-16,111.0,desktop
18756,833,2024-06-05,29.0,desktop
18757,833,2025-01-12,113.0,mobile
18758,1256,01-04-2024,118.0,desktop
18759,833,2024-08-12,28.0,desktop
18760,1256,2024-05-25,2.0,tablet
18761,1256,24-07-2024,111.0,mobile
18762,1256,25-11-2024,83.0,mobile
18763,833,01/31/2024,118.0,
18764,833,08-02-2024,2.0,desktop
18765,1256,2024-08-06,65.0,mobile
18766,833,2024-11-18,2.0,tablet
18767,1256,2025-01-15,15.0,desktop
18768,1256,2024-02-24,109.0,mobile
18769,833,06/06/2024,88.0,tablet
18770,1256,01-05-2024,31.0,mobile
18771,833,08-06-2024,118.0,desktop
18772,762,26-05-2024,24.0,desktop
18773,1256,2024-12-21,6.0,desktop
18774,1256,28-07-2024,2.0,tablet
18775,1256,08-01-2024,12.0,mobile
18776,1256,2024-06-21,40.0,tablet
18777,1256,04/21/2024,,mobile
18778,1256,01/10/2025,99.0,mobile
18779,1256,2024-10-14,93.0,desktop
18780,1256,12/22/2024,108.0,desktop
18781,1256,02/24/2024,15.0,tablet
18782,1256,06/11/2024,78.0,desktop
18783,1256,,64.0,tablet
18784,833,2024-03-08,77.0,tablet
18785,833,05/16/2024,74.0,mobile
18786,1256,24-06-2024,34.0,tablet
18787,1256,2024-10-16,103.0,mobile
18788,1256,2024-02-26,88.0,mobile
18789,1256,28-05-2024,76.0,tablet
18790,1256,15-01-2025,37.0,tablet
18791,1256,2024-12-24,92.0,tablet
18792,833,26-05-2024,106.0,desktop
18793,1256,04/12/2024,117.0,mobile
18794,1256,,105.0,desktop
18795,1256,04/28/2024,114.0,mobile
18796,1256,21-02-2024,,desktop
18797,1256,12-12-2024,,desktop
18798,833,06/10/2024,119.0,tablet
18799,1256,2024-07-04,55.0,mobile
18800,1256,08-07-2024,49.0,mobile
18801,1256,05-03-2024,33.0,desktop
18802,1256,2024-07-05,78.0,desktop
18803,833,2024-07-05,53.0,mobile
18804,1256,2024-02-20,115.0,
18805,1256,2024-11-25,48.0,desktop
18806,833,06-01-2024,36.0,desktop
18807,1256,29-03-2024,54.0,mobile
18808,1256,2024-12-10,109.0,desktop
18809,1256,2024-07-23,15.0,desktop
18810,1256,03/22/2024,,tablet
18811,1256,30-05-2024,2.0,mobile
18812,833,05/20/2024,58.0,mobile
18813,1256,10/30/2024,,mobile
18814,1256,2024-08-08,94.0,mobile
18815,1256,01/15/2025,35.0,mobile
18816,1256,20-06-2024,87.0,desktop
18817,833,,43.0,mobile
18818,1256,2024-12-16,9.0,mobile
18819,1256,11/29/2024,83.0,
18820,833,10/31/2024,11.0,mobile
18821,1256,31-01-2025,24.0,desktop
18822,1256,10/04/2024,102.0,mobile
18823,1256,20-10-2024,52.0,mobile
18824,1256,09/19/2024,67.0,desktop
18825,1256,2024-05-17,112.0,mobile
18826,833,28-01-2024,20.0,mobile
18827,833,04/22/2024,15.0,
18828,1256,2024-03-18,44.0,mobile
18829,833,2025-01-26,9.0,desktop
18830,1256,2024-12-05,89.0,tablet
18831,1256,2024-02-26,36.0,mobile
18832,1256,2024-07-18,40.0,tablet
18833,1256,02-10-2024,99.0,mobile
18834,1256,01-06-2024,118.0,desktop
18835,1256,01-08-2024,35.0,tablet
18836,1256,04/12/2024,91.0,desktop
18837,1256,03/04/2024,98.0,tablet
18838,1256,2024-10-19,107.0,desktop
18839,1256,11-02-2024,104.0,desktop
18840,1256,,110.0,desktop
18841,1256,29-01-2025,90.0,desktop
18842,1256,01/17/2024,,mobile
18843,1256,01/29/2024,113.0,mobile
18844,1256,30-07-2024,50.0,mobile
18845,1256,01/10/2025,31.0,mobile
18846,1256,19-01-2025,92.0,mobile
18847,1256,20-01-2025,14.0,tablet
18848,1256,11-03-2024,14.0,mobile
18849,1256,2024-02-08,8.0,desktop
18850,1256,08-01-2024,120.0,mobile
18851,1256,01/23/2024,89.0,tablet
18852,1256,2024-01-20,,desktop
18853,833,31-01-2025,57.0,mobile
18854,1256,2024-06-22,65.0,tablet
18855,1256,10/11/2024,114.0,mobile
18856,1256,2024-05-11,,mobile
18857,1256,06/05/2024,1.0,mobile
18858,1256,05/13/2024,117.0,desktop
18859,1256,22-10-2024,117.0,tablet
18860,1256,13-03-2024,12.0,tablet
18861,1256,02/03/2024,85.0,desktop
18862,1256,12-01-2025,81.0,tablet
18863,833,05-09-2024,86.0,
18864,1256,27-11-2024,40.0,tablet
18865,1256,09-09-2024,8.0,
18866,833,2024-09-16,54.0,
18867,1256,2024-05-17,118.0,desktop
18868,1256,23-02-2024,76.0,tablet
18869,1256,03/22/2024,36.0,mobile
18870,1256,2024-01-20,47.0,tablet
18871,833,11-12-2024,53.0,mobile
18872,1256,2024-03-22,101.0,mobile
18873,833,08-11-2024,103.0,desktop
18874,1256,,57.0,tablet
18875,762,2024-06-15,80.0,desktop
18876,1256,12/29/2024,103.0,mobile
18877,1256,26-05-2024,46.0,tablet
18878,1256,2024-11-17,54.0,tablet
18879,1256,16-08-2024,25.0,desktop
18880,833,02-10-2024,33.0,desktop
18881,833,13-04-2024,56.0,tablet
18882,1256,2024-01-17,120.0,desktop
18883,1256,04/30/2024,13.0,
18884,1256,24-11-2024,118.0,mobile
18885,833,2024-09-18,8.0,tablet
18886,1256,2024-12-25,20.0,mobile
18887,1256,2024-03-10,105.0,desktop
18888,1256,08-11-2024,94.0,tablet
18889,1256,25-05-2024,,mobile
18890,833,2024-08-24,73.0,mobile
18891,1256,04/15/2024,,desktop
18892,1256,04-04-2024,90.0,mobile
18893,1256,,74.0,
18894,1256,17-07-2024,12.0,desktop
18895,1256,29-12-2024,66.0,mobile
18896,1256,2024-06-19,,tablet
18897,833,2024-02-09,4.0,mobile
18898,833,01/15/2024,82.0,desktop
18899,1256,10/28/2024,71.0,mobile
18900,1256,2024-01-04,69.0,mobile
18901,1256,27-09-2024,112.0,mobile
18902,1256,03/07/2024,54.0,mobile
18903,1256,08/28/2024,50.0,mobile
18904,1256,2025-02-04,30.0,desktop
18905,1256,11/30/2024,74.0,desktop
18906,833,11/25/2024,28.0,desktop
18907,1256,2024-02-06,120.0,mobile
18908,1256,2025-01-11,113.0,desktop
18909,1256,2024-05-28,57.0,mobile
18910,1256,04-12-2024,8.0,mobile
18911,1256,2024-08-05,,mobile
18912,1256,09/13/2024,81.0,tablet
18913,833,12/05/2024,119.0,tablet
18914,833,12-07-2024,112.0,mobile
18915,833,12-08-2024,91.0,
18916,1256,01/02/2024,66.0,tablet
18917,1256,2024-06-02,,mobile
18918,1256,04-08-2024,93.0,tablet
18919,833,13-07-2024,113.0,mobile
18920,1256,02/14/2024,26.0,desktop
18921,1256,11-01-2024,85.0,desktop
18922,1256,2024-06-11,5.0,mobile
18923,1256,03/12/2024,69.0,desktop
18924,1256,04-11-2024,,desktop
18925,1256,10/26/2024,108.0,tablet
18926,1256,08/16/2024,12.0,tablet
18927,1256,11-11-2024,119.0,tablet
18928,1256,01/27/2024,15.0,mobile
18929,1256,2024-09-14,63.0,mobile
18930,1256,01/07/2024,77.0,mobile
18931,1256,05/04/2024,14.0,mobile
18932,1256,29-12-2024,5.0,tablet
18933,833,2024-12-09,114.0,desktop
18934,833,10/16/2024,3.0,desktop
18935,1256,2024-10-09,50.0,mobile
18936,1256,2024-01-02,73.0,desktop
18937,1256,2024-02-21,89.0,tablet
18938,1256,05-09-2024,15.0,tablet
18939,1256,2024-01-28,58.0,mobile
18940,1256,07-01-2024,90.0,mobile
18941,1256,09/16/2024,119.0,desktop
18942,1256,11-01-2024,61.0,tablet
18943,1256,05/08/2024,10.0,desktop
18944,1256,16-12-2024,51.0,mobile
18945,1256,2024-04-28,74.0,mobile
18946,1256,,104.0,desktop
18947,1256,2024-01-23,3.0,desktop
18948,833,2024-03-06,104.0,tablet
18949,833,2024-11-23,39.0,tablet
18950,1256,2024-05-18,6.0,desktop
18951,1256,2024-08-18,107.0,mobile
18952,833,11-04-2024,75.0,tablet
18953,1256,05/08/2024,33.0,tablet
18954,1256,27-08-2024,12.0,tablet
18955,1256,26-02-2024,,desktop
18956,1256,28-11-2024,103.0,desktop
18957,762,23-11-2024,35.0,mobile
18958,1256,2024-07-08,116.0,mobile
18959,1256,27-05-2024,71.0,desktop
18960,1256,12/10/2024,72.0,tablet
18961,1256,17-08-2024,,tablet
18962,1256,07/28/2024,66.0,desktop
18963,1256,03/16/2024,71.0,desktop
18964,1256,09-01-2025,,desktop
18965,1256,2024-10-14,7.0,mobile
18966,1256,06/16/2024,76.0,desktop
18967,1256,2024-06-23,116.0,mobile
18968,1256,07-09-2024,,mobile
18969,833,2024-01-22,43.0,desktop
18970,1256,2024-09-17,,mobile
18971,833,24-11-2024,39.0,tablet
18972,833,05/01/2024,48.0,mobile
18973,1256,28-04-2024,86.0,desktop
18974,1256,02/06/2024,14.0,mobile
18975,1256,06-11-2024,86.0,desktop
18976,1256,2025-01-02,82.0,desktop
18977,1256,11/10/2024,80.0,mobile
18978,1256,12-09-2024,,desktop
18979,833,01-01-2025,63.0,tablet
18980,1256,01-04-2024,73.0,mobile
18981,1256,04-01-2025,38.0,
18982,1256,2024-10-14,49.0,desktop
18983,1256,2024-06-11,52.0,desktop
18984,1256,2024-12-22,62.0,desktop
18985,1256,07/15/2024,19.0,tablet
18986,1256,2024-11-30,114.0,tablet
18987,833,2024-03-17,100.0,mobile
18988,1256,19-03-2024,11.0,desktop
18989,1256,07/13/2024,60.0,desktop
18990,1256,04/27/2024,31.0,tablet
18991,1256,11-11-2024,37.0,desktop
18992,1256,01/25/2024,9.0,tablet
18993,833,18-01-2024,44.0,desktop
18994,1256,06-10-2024,11.0,tablet
18995,1256,2024-06-11,18.0,tablet
18996,1256,12/13/2024,116.0,mobile
18997,833,09-02-2024,61.0,
18998,1256,15-09-2024,69.0,mobile
18999,1256,30-06-2024,51.0,mobile
19000,833,2024-05-25,110.0,mobile
19001,1256,09/20/2024,17.0,tablet
19002,1256,27-09-2024,66.0,tablet
19003,762,31-10-2024,42.0,mobile
19004,1256,27-08-2024,42.0,desktop
19005,833,,41.0,mobile
19006,1256,07/19/2024,93.0,desktop
19007,1256,07/04/2024,,mobile
19008,833,22-09-2024,25.0,mobile
19009,1256,,61.0,desktop
19010,1256,11/18/2024,111.0,tablet
19011,1256,09/23/2024,2.0,tablet
19012,1256,2024-02-11,74.0,tablet
19013,833,2024-02-05,26.0,mobile
19014,1256,02/02/2024,20.0,desktop
19015,1256,08/16/2024,113.0,mobile
19016,833,05/02/2024,65.0,tablet
19017,1256,2024-08-16,106.0,mobile
19018,1256,18-06-2024,4.0,desktop
19019,1256,07/01/2024,72.0,desktop
19020,1256,2024-03-31,98.0,desktop
19021,1256,07-03-2024,21.0,
19022,833,04-11-2024,9.0,desktop
19023,1256,01/27/2025,81.0,desktop
19024,1256,02/22/2024,78.0,tablet
19025,1256,18-02-2024,,tablet
19026,1256,10/21/2024,68.0,tablet
19027,833,2024-08-24,103.0,
19028,1256,03/17/2024,42.0,desktop
19029,1256,02/24/2024,119.0,
19030,1256,23-01-2024,106.0,desktop
19031,1256,2024-04-24,64.0,desktop
19032,1256,05/29/2024,39.0,tablet
19033,1256,2024-01-18,22.0,mobile
19034,1256,2024-11-08,50.0,
19035,1256,07/09/2024,,mobile
19036,1256,09/03/2024,118.0,mobile
19037,1256,2024-08-26,111.0,tablet
19038,1256,25-06-2024,,desktop
19039,1256,24-11-2024,76.0,tablet
19040,1256,30-07-2024,70.0,mobile
19041,833,2024-08-30,1.0,tablet
19042,1256,2024-08-30,91.0,desktop
19043,1256,27-02-2024,112.0,mobile
19044,1256,03/18/2024,20.0,mobile
19045,1256,2024-06-04,62.0,desktop
19046,833,03-10-2024,85.0,desktop
19047,1256,2024-04-12,27.0,desktop
19048,833,01/29/2024,35.0,
19049,1256,02-12-2024,96.0,desktop
19050,1256,08/18/2024,94.0,tablet
19051,1256,07/01/2024,109.0,tablet
19052,1256,2024-03-12,34.0,mobile
19053,1256,2024-03-19,86.0,
19054,1256,15-08-2024,119.0,
19055,1256,12/03/2024,62.0,desktop
19056,1256,2024-12-07,81.0,tablet
19057,1256,29-03-2024,60.0,desktop
19058,1256,25-06-2024,1.0,tablet
19059,1256,24-06-2024,117.0,mobile
19060,1256,03-04-2024,7.0,desktop
19061,1256,06-10-2024,,desktop
19062,1256,2024-10-08,9.0,desktop
19063,1256,2024-12-22,36.0,mobile
19064,833,18-09-2024,91.0,desktop
19065,1256,05/05/2024,5.0,mobile
19066,833,2024-07-07,77.0,desktop
19067,1256,11/24/2024,70.0,tablet
19068,1256,11-01-2024,81.0,mobile
19069,1256,13-01-2024,27.0,mobile
19070,1256,2024-06-06,89.0,tablet
19071,1256,2024-11-06,11.0,mobile
19072,1256,08-10-2024,71.0,mobile
19073,1256,06-01-2024,37.0,tablet
19074,1256,12-09-2024,57.0,mobile
19075,1256,2024-06-15,66.0,desktop
19076,833,08-08-2024,,tablet
19077,833,12/07/2024,,tablet
19078,1256,04-11-2024,113.0,desktop
19079,1256,2025-01-28,100.0,desktop
19080,1256,2024-06-25,67.0,mobile
19081,1256,2024-06-12,39.0,desktop
19082,1256,04/10/2024,114.0,mobile
19083,1256,22-09-2024,51.0,tablet
19084,1256,01-02-2024,43.0,mobile
19085,1256,09/25/2024,41.0,desktop
19086,1256,08-08-2024,78.0,tablet
19087,1256,2025-01-31,33.0,desktop
19088,762,04/05/2024,49.0,mobile
19089,1256,01/10/2025,6.0,tablet
19090,1256,10/26/2024,78.0,
19091,1256,2024-04-08,69.0,desktop
19092,1256,08-12-2024,88.0,mobile
19093,1256,2024-12-29,47.0,desktop
19094,1256,2024-09-17,76.0,mobile
19095,1256,31-01-2025,85.0,desktop
19096,1256,22-03-2024,119.0,desktop
19097,833,2024-10-04,113.0,desktop
19098,833,19-04-2024,46.0,mobile
19099,1256,27-01-2025,74.0,mobile
19100,1256,29-03-2024,20.0,tablet
19101,1256,2024-03-10,63.0,mobile
19102,1256,2024-06-20,94.0,mobile
19103,1256,06/11/2024,39.0,desktop
19104,1256,2024-08-21,103.0,tablet
19105,833,08/12/2024,25.0,tablet
19106,1256,2024-08-20,21.0,mobile
19107,1256,27-08-2024,27.0,mobile
19108,1256,01-01-2025,53.0,desktop
19109,1256,01-08-2024,91.0,tablet
19110,1256,24-11-2024,107.0,tablet
19111,1256,2024-09-07,75.0,mobile
19112,833,2024-08-02,29.0,mobile
19113,1256,2024-08-31,31.0,mobile
19114,1256,10-03-2024,84.0,tablet
19115,1256,2024-11-02,106.0,tablet
19116,1256,01/03/2025,80.0,mobile
19117,1256,2024-12-04,109.0,tablet
19118,1256,2024-09-23,12.0,tablet
19119,833,02/03/2024,76.0,
19120,1256,2024-11-22,37.0,mobile
19121,1256,11/28/2024,118.0,desktop
19122,1256,08-07-2024,40.0,mobile
19123,833,03/16/2024,26.0,mobile
19124,833,05/10/2024,59.0,desktop
19125,1256,04/30/2024,,
19126,1256,2024-04-07,22.0,mobile
19127,1256,23-03-2024,69.0,tablet
19128,1256,2024-03-28,74.0,mobile
19129,1256,2024-01-05,24.0,mobile
19130,1256,2024-04-17,,desktop
19131,833,01/16/2024,50.0,tablet
19132,1256,2024-05-27,83.0,desktop
19133,1256,01/07/2024,32.0,desktop
19134,1256,06/02/2024,64.0,mobile
19135,1256,2024-04-04,111.0,tablet
19136,1256,06-01-2025,78.0,tablet
19137,833,2024-09-13,67.0,tablet
19138,833,2024-09-04,21.0,mobile
19139,1256,2024-05-04,62.0,mobile
19140,1256,2024-08-17,99.0,desktop
19141,1256,15-05-2024,71.0,desktop
19142,1256,05/14/2024,109.0,tablet
19143,1256,09/07/2024,66.0,tablet
19144,1256,15-03-2024,82.0,desktop
19145,1256,03/18/2024,54.0,tablet
19146,1256,19-10-2024,91.0,mobile
19147,1256,10/12/2024,56.0,tablet
19148,1256,01/17/2025,23.0,mobile
19149,1256,07/17/2024,118.0,tablet
19150,1256,10/09/2024,22.0,desktop
19151,1256,19-11-2024,75.0,desktop
19152,833,13-12-2024,88.0,tablet
19153,1256,2024-02-24,50.0,tablet
19154,833,02-01-2024,9.0,tablet
19155,1256,12/14/2024,,tablet
19156,1256,2024-08-04,,mobile
19157,1256,28-01-2025,41.0,mobile
19158,1256,20-07-2024,107.0,desktop
19159,1256,25-02-2024,2.0,tablet
19160,833,15-05-2024,12.0,desktop
19161,833,05/21/2024,36.0,mobile
19162,1256,10/24/2024,78.0,tablet
19163,833,23-07-2024,17.0,desktop
19164,1256,12/05/2024,73.0,mobile
19165,1256,2024-07-31,17.0,desktop
19166,1256,01/15/2024,11.0,desktop
19167,1256,03/13/2024,65.0,tablet
19168,833,2024-06-09,85.0,tablet
19169,1256,01-05-2024,46.0,mobile
19170,1256,2024-07-27,87.0,desktop
19171,1256,03/13/2024,120.0,mobile
19172,1256,29-05-2024,2.0,desktop
19173,833,06/19/2024,111.0,desktop
19174,1256,28-01-2025,85.0,tablet
19175,833,11/15/2024,3.0,desktop
19176,1256,10/12/2024,45.0,desktop
19177,833,03/25/2024,120.0,tablet
19178,1256,21-05-2024,57.0,tablet
19179,833,04/24/2024,3.0,desktop
19180,1256,07/07/2024,56.0,mobile
19181,1256,06/28/2024,69.0,mobile
19182,1256,02/12/2024,42.0,tablet
19183,1256,06/06/2024,17.0,mobile
19184,1256,23-06-2024,18.0,tablet
19185,833,,103.0,tablet
19186,833,09-01-2025,85.0,desktop
19187,1256,14-01-2025,87.0,desktop
19188,1256,05-12-2024,,mobile
19189,1256,11-07-2024,41.0,tablet
19190,833,13-07-2024,13.0,desktop
19191,833,03-01-2024,53.0,desktop
19192,1256,02/27/2024,59.0,tablet
19193,1256,09/25/2024,20.0,desktop
19194,1256,2024-10-15,22.0,desktop
19195,1256,08/26/2024,6.0,tablet
19196,1256,2024-01-16,94.0,tablet
19197,1256,15-09-2024,84.0,mobile
19198,1256,30-01-2025,,desktop
19199,1256,2024-12-05,105.0,tablet
19200,833,03/20/2024,45.0,desktop
19201,1256,07-01-2025,82.0,tablet
19202,833,10-05-2024,106.0,desktop
19203,1256,,30.0,desktop
19204,1256,2025-02-02,120.0,tablet
19205,1256,02/02/2025,52.0,tablet
19206,1256,11/04/2024,,tablet
19207,1256,05/31/2024,119.0,tablet
19208,833,25-03-2024,,tablet
19209,1256,07/08/2024,18.0,desktop
19210,1256,2024-07-26,12.0,mobile
19211,833,01-06-2024,57.0,mobile
19212,1256,01/13/2025,50.0,
19213,1256,11/03/2024,55.0,desktop
19214,1256,06-01-2025,108.0,mobile
19215,1256,2024-12-25,55.0,tablet
19216,1256,2024-04-15,18.0,tablet
19217,833,01/30/2024,5.0,
19218,1256,2024-07-31,58.0,
19219,833,09/10/2024,15.0,desktop
19220,1256,23-11-2024,96.0,tablet
19221,1256,2025-01-13,34.0,mobile
19222,1256,09/16/2024,91.0,desktop
19223,1256,09/22/2024,70.0,mobile
19224,1256,06/23/2024,,desktop
19225,1256,01/16/2024,88.0,desktop
19226,1256,,96.0,mobile
19227,833,06/13/2024,24.0,desktop
19228,1256,25-01-2025,54.0,mobile
19229,833,2024-12-30,23.0,tablet
19230,833,24-03-2024,103.0,mobile
19231,1256,12-02-2024,68.0,mobile
19232,1256,16-11-2024,48.0,desktop
19233,833,11/14/2024,,mobile
19234,1256,23-05-2024,78.0,desktop
19235,1256,05/08/2024,61.0,desktop
19236,1256,29-03-2024,55.0,mobile
19237,1256,25-12-2024,96.0,desktop
19238,1256,04/09/2024,69.0,mobile
19239,1256,06-07-2024,107.0,desktop
19240,1256,01/26/2024,56.0,tablet
19241,1256,2024-10-05,7.0,desktop
19242,762,01/01/2024,9.0,mobile
19243,833,03/10/2024,72.0,desktop
19244,1256,,29.0,desktop
19245,1256,2024-05-21,81.0,mobile
19246,1256,02/17/2024,12.0,mobile
19247,1256,19-01-2025,82.0,mobile
19248,1256,2024-07-16,113.0,desktop
19249,1256,2024-05-14,89.0,tablet
19250,1256,12/19/2024,22.0,desktop
19251,1256,01/04/2025,40.0,desktop
19252,1256,01/18/2024,43.0,mobile
19253,833,,,tablet
19254,833,12/24/2024,54.0,mobile
19255,1256,2024-03-30,58.0,tablet
19256,833,11-06-2024,83.0,desktop
19257,1256,,90.0,desktop
19258,1256,22-12-2024,15.0,desktop
19259,833,,,desktop
19260,1256,2024-12-28,65.0,tablet
19261,833,12/04/2024,69.0,desktop
19262,833,17-09-2024,64.0,mobile
19263,1256,2024-01-02,66.0,tablet
19264,1256,01/27/2024,16.0,mobile
19265,1256,04-07-2024,11.0,tablet
19266,833,09/16/2024,,tablet
19267,1256,29-05-2024,110.0,mobile
19268,1256,2024-01-01,110.0,mobile
19269,1256,2024-06-09,89.0,mobile
19270,1256,2024-12-17,10.0,
19271,833,11-11-2024,75.0,tablet
19272,1256,2024-06-21,30.0,desktop
19273,1256,2024-09-07,31.0,desktop
19274,1256,2024-12-21,,
19275,833,06-03-2024,113.0,tablet
19276,833,2024-03-02,34.0,mobile
19277,1256,03/06/2024,109.0,tablet
19278,1256,2024-07-26,60.0,mobile
19279,1256,04/03/2024,71.0,desktop
19280,833,2024-12-19,58.0,mobile
19281,1256,2024-02-29,86.0,
19282,1256,12/08/2024,111.0,mobile
19283,1256,2024-06-28,12.0,tablet
19284,1256,2024-05-13,94.0,mobile
19285,1256,16-01-2025,99.0,tablet
19286,1256,2024-12-08,87.0,tablet
19287,833,08-01-2025,5.0,mobile
19288,1256,03-02-2025,50.0,tablet
19289,1256,01/17/2025,27.0,desktop
19290,1256,25-05-2024,52.0,mobile
19291,1256,15-09-2024,32.0,mobile
19292,1256,20-08-2024,12.0,mobile
19293,1256,24-12-2024,80.0,tablet
19294,1256,2024-11-19,57.0,tablet
19295,1256,29-11-2024,110.0,mobile
19296,1256,29-07-2024,96.0,tablet
19297,833,07/18/2024,36.0,tablet
19298,1256,2024-11-17,49.0,tablet
19299,1256,2024-08-08,66.0,mobile
19300,1256,2025-01-11,93.0,tablet
19301,833,10-03-2024,56.0,mobile
19302,1256,14-09-2024,54.0,tablet
19303,1256,08/23/2024,,mobile
19304,833,03/17/2024,102.0,desktop
19305,1256,11/22/2024,15.0,tablet
19306,833,2024-06-12,91.0,mobile
19307,1256,04/03/2024,109.0,desktop
19308,1256,08/13/2024,7.0,tablet
19309,1256,09/18/2024,43.0,tablet
19310,833,2024-06-02,10.0,desktop
19311,1256,2024-05-16,97.0,tablet
19312,1256,2024-10-01,,mobile
19313,1256,03/02/2024,23.0,tablet
19314,1256,08-12-2024,43.0,tablet
19315,1256,2024-08-27,1.0,desktop
19316,1256,2024-09-22,94.0,tablet
19317,1256,03/21/2024,101.0,desktop
19318,1256,06/15/2024,43.0,mobile
19319,1256,2024-01-05,88.0,desktop
19320,1256,2024-05-31,,desktop
19321,1256,2025-01-26,13.0,desktop
19322,1256,2024-03-20,77.0,tablet
19323,1256,01/13/2025,71.0,tablet
19324,1256,2024-11-19,112.0,mobile
19325,1256,,18.0,desktop
19326,1256,2024-11-08,120.0,tablet
19327,1256,2024-11-28,3.0,mobile
19328,833,12/12/2024,59.0,tablet
19329,1256,2025-01-14,110.0,mobile
19330,1256,08/27/2024,86.0,mobile
19331,833,06-06-2024,80.0,mobile
19332,1256,2024-07-04,,tablet
19333,833,15-06-2024,40.0,mobile
19334,1256,11/07/2024,5.0,
19335,1256,2024-01-04,41.0,desktop
19336,1256,2024-02-18,104.0,tablet
19337,1256,,85.0,mobile
19338,1256,27-03-2024,64.0,desktop
19339,1256,11/05/2024,5.0,desktop
19340,1256,07-07-2024,108.0,desktop
19341,1256,13-06-2024,112.0,mobile
19342,1256,2025-01-13,99.0,tablet
19343,1256,07-09-2024,116.0,tablet
19344,1256,2024-01-09,89.0,mobile
19345,1256,2024-02-27,87.0,tablet
19346,1256,2024-10-15,74.0,desktop
19347,1256,2024-05-05,83.0,desktop
19348,833,2025-01-01,36.0,tablet
19349,833,2024-12-07,43.0,mobile
19350,1256,02/12/2024,102.0,tablet
19351,1256,16-11-2024,32.0,mobile
19352,1256,27-08-2024,24.0,mobile
19353,1256,2024-05-21,105.0,mobile
19354,1256,08/24/2024,,
19355,1256,28-06-2024,77.0,desktop
19356,1256,,30.0,tablet
19357,1256,24-01-2024,99.0,mobile
19358,1256,22-06-2024,80.0,desktop
19359,1256,11/20/2024,8.0,desktop
19360,1256,09/18/2024,52.0,desktop
19361,1256,2024-11-21,,mobile
19362,1256,2024-02-16,90.0,tablet
19363,1256,07-04-2024,116.0,tablet
19364,1256,2024-05-19,63.0,desktop
19365,1256,01-03-2024,119.0,mobile
19366,1256,01/27/2025,27.0,tablet
19367,1256,2024-05-19,114.0,desktop
19368,1256,2024-11-06,,tablet
19369,1256,02/12/2024,52.0,desktop
19370,1256,2024-02-05,4.0,tablet
19371,1256,2024-04-11,105.0,tablet
19372,1256,10/30/2024,110.0,mobile
19373,1256,27-06-2024,94.0,tablet
19374,1256,04-06-2024,70.0,tablet
19375,1256,01/11/2025,30.0,tablet
19376,1256,06-10-2024,68.0,tablet
19377,1256,06/24/2024,65.0,
19378,833,2024-05-14,57.0,tablet
19379,1256,2024-08-09,2.0,tablet
19380,1256,02/26/2024,2.0,desktop
19381,833,2024-11-27,,desktop
19382,1256,2024-08-18,98.0,desktop
19383,1256,28-01-2024,37.0,tablet
19384,833,31-12-2024,27.0,desktop
19385,1256,2024-05-22,45.0,
19386,833,10-11-2024,109.0,
19387,1256,10-01-2025,81.0,tablet
19388,1256,08/31/2024,46.0,mobile
19389,833,2025-01-22,38.0,desktop
19390,1256,2024-05-12,92.0,tablet
19391,1256,2024-04-22,,tablet
19392,1256,2024-01-13,70.0,tablet
19393,1256,2024-09-05,30.0,desktop
19394,833,18-11-2024,2.0,desktop
19395,1256,22-08-2024,101.0,mobile
19396,1256,12/01/2024,2.0,tablet
19397,1256,10/03/2024,114.0,tablet
19398,833,03/20/2024,94.0,tablet
19399,1256,25-01-2024,91.0,desktop
19400,1256,2025-01-15,115.0,tablet
19401,1256,07/10/2024,66.0,desktop
19402,833,2025-01-17,37.0,tablet
19403,1256,03/21/2024,97.0,tablet
19404,833,07/11/2024,64.0,desktop
19405,1256,2024-04-17,119.0,tablet
19406,1256,10/28/2024,40.0,mobile
19407,833,2024-03-16,105.0,tablet
19408,1256,10/18/2024,53.0,mobile
19409,1256,19-04-2024,85.0,desktop
19410,833,2024-04-29,46.0,desktop
19411,1256,28-12-2024,81.0,tablet
19412,1256,01/18/2024,63.0,desktop
19413,1256,05-10-2024,71.0,tablet
19414,833,22-01-2024,23.0,tablet
19415,1256,04-02-2025,65.0,tablet
19416,1256,2024-03-05,9.0,tablet
19417,1256,2024-02-21,36.0,desktop
19418,1256,2024-10-23,44.0,mobile
19419,1256,09/15/2024,85.0,tablet
19420,1256,,13.0,desktop
19421,1256,10/13/2024,18.0,desktop
19422,833,2024-01-26,37.0,desktop
19423,833,18-11-2024,21.0,mobile
19424,1256,2025-01-16,91.0,tablet
19425,1256,2024-01-17,120.0,mobile
19426,1256,10/15/2024,90.0,tablet
19427,1256,,84.0,mobile
19428,1256,21-05-2024,63.0,tablet
19429,833,2024-02-06,45.0,tablet
19430,1256,01/01/2024,86.0,tablet
19431,1256,06-01-2025,75.0,mobile
19432,1256,28-08-2024,103.0,desktop
19433,1256,05/26/2024,38.0,mobile
19434,1256,07-08-2024,12.0,tablet
19435,1256,02-01-2024,43.0,tablet
19436,1256,2024-01-25,68.0,mobile
19437,1256,2024-10-22,15.0,tablet
19438,1256,09-01-2025,10.0,tablet
19439,1256,11-12-2024,99.0,
19440,1256,02/01/2024,,tablet
19441,1256,2024-07-25,118.0,mobile
19442,833,,23.0,tablet
19443,833,11-02-2024,,mobile
19444,1256,2024-10-27,,tablet
19445,1256,13-11-2024,26.0,desktop
19446,1256,2024-03-22,85.0,mobile
19447,1256,17-04-2024,61.0,tablet
19448,1256,01/28/2024,8.0,desktop
19449,833,22-10-2024,6.0,tablet
19450,1256,01/18/2024,106.0,mobile
19451,1256,2024-01-24,7.0,desktop
19452,833,2024-05-22,113.0,tablet
19453,1256,,15.0,tablet
19454,833,04-02-2024,72.0,
19455,1256,2024-09-06,119.0,desktop
19456,1256,2024-02-23,8.0,tablet
19457,1256,01/30/2024,18.0,mobile
19458,1256,2024-06-13,103.0,tablet
19459,833,12/13/2024,86.0,tablet
19460,1256,26-03-2024,70.0,tablet
19461,1256,08-07-2024,87.0,tablet
19462,1256,01/27/2025,110.0,tablet
19463,1256,09/29/2024,46.0,mobile
19464,1256,05-03-2024,80.0,tablet
19465,833,07/15/2024,38.0,mobile
19466,1256,2024-10-17,50.0,mobile
19467,1256,09/21/2024,63.0,desktop
19468,1256,2024-07-23,117.0,tablet
19469,833,05/30/2024,32.0,mobile
19470,1256,09/29/2024,45.0,mobile
19471,833,2024-08-13,,mobile
19472,1256,09-10-2024,108.0,mobile
19473,1256,2024-01-08,62.0,mobile
19474,1256,2024-03-01,86.0,desktop
19475,833,2024-11-06,8.0,mobile
19476,1256,2024-07-12,66.0,desktop
19477,1256,2024-02-10,27.0,mobile
19478,1256,01/11/2024,23.0,desktop
19479,1256,29-09-2024,103.0,desktop
19480,833,2024-04-15,113.0,mobile
19481,1256,03/01/2024,60.0,tablet
19482,1256,05/22/2024,20.0,tablet
19483,833,2024-06-11,,
19484,1256,02/16/2024,40.0,desktop
19485,1256,01/30/2024,23.0,mobile
19486,1256,2025-01-12,79.0,mobile
19487,1256,2024-05-20,13.0,tablet
19488,1256,2024-01-12,87.0,mobile
19489,1256,12/30/2024,21.0,tablet
19490,1256,13-11-2024,80.0,mobile
19491,1256,04-03-2024,23.0,tablet
19492,1256,05/20/2024,36.0,desktop
19493,1256,,116.0,tablet
19494,1256,13-03-2024,,desktop
19495,1256,03/06/2024,15.0,desktop
19496,1256,2024-01-14,76.0,desktop
19497,1256,2024-05-16,3.0,desktop
19498,833,09/17/2024,34.0,desktop
19499,1256,11/02/2024,90.0,mobile
19500,1256,07/27/2024,,desktop
19501,833,03/12/2024,18.0,tablet
19502,1256,27-04-2024,106.0,mobile
19503,1256,2024-03-03,104.0,mobile
19504,1256,2024-07-31,15.0,mobile
19505,1256,29-03-2024,91.0,tablet
19506,1256,12-02-2024,53.0,mobile
19507,833,07-01-2024,37.0,desktop
19508,1256,02/21/2024,28.0,tablet
19509,1256,2025-01-30,71.0,mobile
19510,1256,08/27/2024,3.0,desktop
19511,1256,18-03-2024,48.0,tablet
19512,833,04-03-2024,29.0,mobile
19513,1256,01/25/2025,1.0,tablet
19514,1256,22-05-2024,39.0,
19515,1256,02/14/2024,43.0,desktop
19516,833,07/21/2024,22.0,mobile
19517,1256,16-11-2024,75.0,mobile
19518,1256,2024-04-05,72.0,desktop
19519,1256,03-12-2024,29.0,tablet
19520,1256,07-01-2025,9.0,desktop
19521,1256,01/31/2024,66.0,desktop
19522,1256,01/10/2024,9.0,mobile
19523,1256,02/01/2025,85.0,desktop
19524,1256,2024-12-12,31.0,desktop
19525,1256,12/09/2024,94.0,tablet
19526,1256,2024-06-11,28.0,desktop
19527,833,04/08/2024,25.0,desktop
19528,1256,2024-12-13,99.0,desktop
19529,1256,22-05-2024,62.0,tablet
19530,833,01/02/2025,105.0,tablet
19531,1256,2024-04-25,35.0,mobile
19532,1256,2024-03-15,41.0,mobile
19533,1256,04/02/2024,39.0,tablet
19534,833,10/15/2024,68.0,desktop
19535,1256,31-05-2024,38.0,tablet
19536,1256,07-04-2024,65.0,desktop
19537,1256,10/14/2024,104.0,tablet
19538,1256,02/11/2024,91.0,mobile
19539,833,05/08/2024,82.0,tablet
19540,1256,22-06-2024,80.0,mobile
19541,1256,2024-11-06,1.0,tablet
19542,1256,08-01-2025,57.0,tablet
19543,1256,02/23/2024,31.0,mobile
19544,1256,2024-08-07,,desktop
19545,1256,2025-01-21,117.0,desktop
19546,1256,2024-04-03,7.0,desktop
19547,1256,24-12-2024,79.0,
19548,1256,11/13/2024,68.0,tablet
19549,1256,2024-08-04,103.0,desktop
19550,833,07-05-2024,111.0,tablet
19551,1256,04/27/2024,48.0,
19552,1256,2024-03-17,104.0,tablet
19553,1256,2024-11-25,90.0,tablet
19554,833,02-08-2024,,desktop
19555,1256,26-10-2024,55.0,mobile
19556,833,2024-04-21,42.0,
19557,1256,14-10-2024,35.0,mobile
19558,1256,2024-07-17,39.0,tablet
19559,1256,2024-12-28,33.0,desktop
19560,833,11/02/2024,83.0,tablet
19561,1256,10/06/2024,,desktop
19562,1256,2024-11-06,20.0,mobile
19563,1256,2024-05-02,77.0,mobile
19564,1256,2024-01-23,83.0,mobile
19565,1256,2024-12-11,51.0,mobile
19566,1256,2024-07-06,61.0,mobile
19567,1256,2024-10-30,93.0,
19568,1256,2024-09-07,106.0,mobile
19569,1256,24-05-2024,33.0,mobile
19570,1256,16-10-2024,111.0,desktop
19571,1256,2024-07-09,54.0,desktop
19572,1256,2024-07-16,63.0,tablet
19573,1256,08-08-2024,27.0,mobile
19574,1256,,74.0,desktop
19575,1256,2024-10-11,93.0,desktop
19576,1256,04/26/2024,,
19577,1256,2024-12-25,39.0,mobile
19578,1256,01/02/2025,51.0,mobile
19579,1256,05/08/2024,102.0,
19580,1256,2024-03-11,15.0,mobile
19581,1256,2024-09-04,81.0,mobile
19582,833,11/09/2024,107.0,mobile
19583,1256,07/20/2024,87.0,tablet
19584,1256,08/04/2024,60.0,desktop
19585,1256,18-09-2024,5.0,desktop
19586,1256,17-12-2024,,tablet
19587,1256,01/11/2025,48.0,tablet
19588,1256,01/01/2024,52.0,
19589,1256,2024-08-01,37.0,mobile
19590,1256,29-01-2025,107.0,mobile
19591,1256,2024-03-24,2.0,tablet
19592,1256,29-07-2024,57.0,mobile
19593,1256,03/10/2024,60.0,tablet
19594,1256,2024-04-10,74.0,tablet
19595,1256,01/02/2024,6.0,desktop
19596,1256,14-01-2024,101.0,
19597,833,02-02-2024,20.0,desktop
19598,1256,01/06/2025,79.0,desktop
19599,1256,01/08/2024,84.0,mobile
19600,1256,04/27/2024,29.0,desktop
19601,1256,18-09-2024,120.0,desktop
19602,1256,2024-12-01,,tablet
19603,1256,2024-12-30,2.0,
19604,1256,15-05-2024,22.0,mobile
19605,762,,69.0,mobile
19606,833,06/09/2024,47.0,mobile
19607,1256,02/22/2024,50.0,desktop
19608,833,09-04-2024,6.0,tablet
19609,1256,03-11-2024,31.0,desktop
19610,1256,2024-08-21,,desktop
19611,1256,29-05-2024,93.0,mobile
19612,1256,04/09/2024,117.0,
19613,1256,2024-05-01,,desktop
19614,833,2024-01-25,73.0,mobile
19615,1256,2024-10-26,45.0,mobile
19616,1256,15-09-2024,31.0,tablet
19617,1256,2024-06-23,59.0,desktop
19618,1256,06-08-2024,103.0,desktop
19619,833,27-06-2024,116.0,desktop
19620,1256,2024-05-16,75.0,desktop
19621,1256,01-11-2024,2.0,tablet
19622,1256,29-12-2024,102.0,mobile
19623,1256,2024-06-21,64.0,mobile
19624,1256,2024-03-07,73.0,desktop
19625,1256,16-02-2024,13.0,tablet
19626,1256,03/01/2024,51.0,mobile
19627,833,30-12-2024,52.0,mobile
19628,1256,19-06-2024,86.0,mobile
19629,1256,28-03-2024,,tablet
19630,1256,02/02/2025,25.0,mobile
19631,1256,30-05-2024,57.0,tablet
19632,1256,2024-11-10,16.0,mobile
19633,1256,04/18/2024,24.0,
19634,1256,02-02-2025,58.0,mobile
19635,1256,11/27/2024,34.0,tablet
19636,1256,01/29/2024,93.0,desktop
19637,1256,21-06-2024,103.0,desktop
19638,1256,03-02-2024,100.0,tablet
19639,1256,2024-01-06,97.0,mobile
19640,1256,,82.0,tablet
19641,1256,09/30/2024,74.0,mobile
19642,1256,03/26/2024,75.0,tablet
19643,1256,01/09/2024,72.0,desktop
19644,1256,06/06/2024,24.0,mobile
19645,1256,2024-09-09,101.0,desktop
19646,833,11-07-2024,67.0,desktop
19647,1256,10/28/2024,26.0,tablet
19648,1256,17-12-2024,110.0,tablet
19649,833,06-02-2024,63.0,desktop
19650,1256,01/27/2025,42.0,
19651,1256,07-04-2024,37.0,mobile
19652,1256,2025-01-13,111.0,desktop
19653,1256,2025-01-31,,tablet
19654,1256,11/16/2024,49.0,tablet
19655,1256,11/14/2024,99.0,desktop
19656,833,2024-06-28,47.0,desktop
19657,1256,11/17/2024,24.0,tablet
19658,1256,2024-06-07,75.0,desktop
19659,1256,19-03-2024,61.0,tablet
19660,1256,08-05-2024,38.0,tablet
19661,1256,01/16/2024,6.0,mobile
19662,1256,16-02-2024,62.0,mobile
19663,1256,09/24/2024,73.0,desktop
19664,1256,05/18/2024,45.0,mobile
19665,1256,03/12/2024,36.0,desktop
19666,1256,12/17/2024,12.0,mobile
19667,1256,03-10-2024,91.0,mobile
19668,1256,01/23/2025,117.0,mobile
19669,833,2024-09-23,11.0,mobile
19670,1256,12/08/2024,6.0,desktop
19671,1256,2025-01-21,23.0,tablet
19672,1256,01/24/2025,9.0,tablet
19673,1256,01/20/2024,51.0,tablet
19674,1256,24-01-2024,43.0,mobile
19675,1256,01/18/2024,66.0,tablet
19676,1256,2024-10-20,45.0,desktop
19677,1256,2024-12-06,109.0,mobile
19678,1256,2024-04-07,51.0,mobile
19679,1256,02-09-2024,32.0,desktop
19680,1256,24-11-2024,68.0,desktop
19681,1256,2024-05-11,119.0,mobile
19682,1256,14-03-2024,24.0,desktop
19683,1256,,30.0,tablet
19684,1256,20-01-2024,30.0,desktop
19685,1256,16-05-2024,50.0,desktop
19686,1256,21-06-2024,20.0,tablet
19687,1256,01/01/2024,1.0,tablet
19688,1256,02/01/2025,63.0,desktop
19689,1256,2024-12-15,48.0,tablet
19690,1256,04/18/2024,83.0,desktop
19691,1256,,,mobile
19692,1256,24-12-2024,23.0,desktop
19693,1256,02/01/2025,58.0,desktop
19694,1256,26-10-2024,,mobile
19695,1256,18-12-2024,60.0,tablet
19696,1256,02/23/2024,32.0,tablet
19697,1256,25-12-2024,12.0,desktop
19698,1256,2024-07-21,116.0,tablet
19699,1256,19-08-2024,32.0,mobile
19700,833,17-09-2024,74.0,desktop
19701,833,17-05-2024,52.0,mobile
19702,1256,27-02-2024,20.0,mobile
19703,833,08/09/2024,30.0,mobile
19704,1256,04-12-2024,94.0,tablet
19705,1256,08-01-2024,36.0,mobile
19706,1256,13-02-2024,80.0,mobile
19707,1256,06/06/2024,75.0,tablet
19708,1256,2024-08-05,101.0,desktop
19709,1256,2025-01-23,94.0,tablet
19710,1256,02-10-2024,15.0,tablet
19711,1256,03-01-2024,104.0,mobile
19712,1256,2024-05-20,115.0,mobile
19713,833,10/19/2024,48.0,mobile
19714,1256,01/18/2025,,desktop
19715,833,03-08-2024,15.0,tablet
19716,1256,2024-12-10,48.0,tablet
19717,1256,12/17/2024,93.0,desktop
19718,1256,23-10-2024,75.0,mobile
19719,1256,25-04-2024,33.0,tablet
19720,1256,2024-12-10,48.0,mobile
19721,1256,07/03/2024,60.0,desktop
19722,1256,2024-08-29,97.0,tablet
19723,1256,16-01-2025,,desktop
19724,1256,,13.0,mobile
19725,1256,30-11-2024,8.0,tablet
19726,1256,2024-06-12,80.0,desktop
19727,1256,09-03-2024,14.0,tablet
19728,1256,01/16/2024,101.0,desktop
19729,1256,04/08/2024,57.0,mobile
19730,1256,02/07/2024,,mobile
19731,1256,2024-03-04,76.0,tablet
19732,833,2024-03-06,118.0,mobile
19733,1256,2024-05-06,7.0,
19734,1256,04/28/2024,82.0,mobile
19735,1256,2024-04-14,40.0,desktop
19736,833,27-11-2024,54.0,
19737,1256,2024-01-20,104.0,desktop
19738,1256,23-02-2024,,desktop
19739,833,2024-06-02,81.0,mobile
19740,1256,12/19/2024,1.0,desktop
19741,1256,2024-06-30,107.0,desktop
19742,833,05/10/2024,18.0,mobile
19743,1256,07/07/2024,22.0,desktop
19744,833,04/13/2024,93.0,desktop
19745,1256,02/27/2024,73.0,mobile
19746,1256,2024-03-30,45.0,desktop
19747,1256,06/27/2024,,mobile
19748,1256,30-03-2024,73.0,mobile
19749,1256,,99.0,desktop
19750,1256,09/17/2024,99.0,mobile
19751,1256,2024-07-19,24.0,desktop
19752,833,2024-10-12,38.0,tablet
19753,833,2024-09-18,102.0,tablet
19754,762,15-10-2024,96.0,desktop
19755,1256,2024-05-29,39.0,desktop
19756,1256,2024-03-05,84.0,mobile
19757,1256,14-04-2024,97.0,desktop
19758,1256,05-02-2024,23.0,desktop
19759,1256,2024-06-24,30.0,
19760,833,09-06-2024,95.0,tablet
19761,1256,14-11-2024,53.0,tablet
19762,762,2024-12-16,56.0,mobile
19763,833,12/28/2024,74.0,tablet
19764,1256,2024-10-02,3.0,tablet
19765,1256,01/28/2024,52.0,desktop
19766,1256,05-03-2024,,tablet
19767,833,03/12/2024,18.0,mobile
19768,1256,31-07-2024,50.0,tablet
19769,833,2024-05-01,22.0,desktop
19770,1256,10-05-2024,,tablet
19771,1256,05/21/2024,12.0,mobile
19772,1256,11/17/2024,76.0,tablet
19773,1256,18-11-2024,109.0,tablet
19774,762,2024-08-04,,tablet
19775,1256,28-07-2024,97.0,mobile
19776,833,2025-01-27,120.0,
19777,1256,2024-02-10,39.0,mobile
19778,833,02-08-2024,,mobile
19779,1256,06/22/2024,62.0,tablet
19780,1256,2024-03-10,25.0,desktop
19781,1256,2024-12-19,105.0,tablet
19782,1256,05/27/2024,111.0,desktop
19783,1256,24-09-2024,69.0,desktop
19784,1256,18-08-2024,85.0,desktop
19785,833,03-11-2024,13.0,mobile
19786,1256,01/28/2024,33.0,desktop
19787,833,12-01-2024,80.0,tablet
19788,1256,01-05-2024,60.0,desktop
19789,1256,2024-03-31,23.0,desktop
19790,1256,02-03-2024,29.0,desktop
19791,1256,2024-01-04,94.0,mobile
19792,833,2024-06-28,20.0,desktop
19793,833,17-12-2024,92.0,desktop
19794,1256,03/03/2024,71.0,tablet
19795,1256,25-02-2024,1.0,mobile
19796,1256,03/24/2024,79.0,tablet
19797,1256,02/16/2024,51.0,desktop
19798,1256,17-02-2024,7.0,mobile
19799,1256,07/23/2024,52.0,desktop
19800,833,20-08-2024,67.0,mobile
19801,1256,2024-03-07,99.0,tablet
19802,833,01/07/2024,86.0,mobile
19803,1256,02/29/2024,66.0,tablet
19804,1256,09/24/2024,91.0,mobile
19805,833,04/14/2024,8.0,mobile
19806,1256,28-09-2024,18.0,desktop
19807,1256,05/22/2024,59.0,tablet
19808,1256,01/03/2025,33.0,mobile
19809,1256,10-08-2024,118.0,
19810,1256,01/18/2025,12.0,mobile
19811,833,16-04-2024,14.0,tablet
19812,1256,2024-11-08,116.0,mobile
19813,1256,2024-04-17,,mobile
19814,1256,26-04-2024,15.0,desktop
19815,1256,09-09-2024,29.0,tablet
19816,833,2024-01-22,87.0,mobile
19817,1256,01/27/2025,2.0,desktop
19818,833,07/03/2024,94.0,desktop
19819,833,04/17/2024,6.0,desktop
19820,1256,06/16/2024,10.0,tablet
19821,1256,2024-12-06,49.0,tablet
19822,1256,19-01-2024,109.0,tablet
19823,1256,06-11-2024,27.0,tablet
19824,1256,04/15/2024,9.0,mobile
19825,1256,05-04-2024,41.0,tablet
19826,1256,05/21/2024,73.0,mobile
19827,1256,,92.0,desktop
19828,1256,2024-04-18,98.0,tablet
19829,1256,11/20/2024,33.0,mobile
19830,1256,07/02/2024,19.0,desktop
19831,1256,01-07-2024,78.0,desktop
19832,833,2024-03-16,91.0,desktop
19833,1256,04/14/2024,16.0,mobile
19834,1256,,101.0,tablet
19835,762,05/17/2024,113.0,tablet
19836,1256,28-11-2024,,desktop
19837,1256,21-06-2024,96.0,mobile
19838,1256,17-02-2024,5.0,desktop
19839,1256,01/04/2024,35.0,desktop
19840,1256,24-01-2025,35.0,tablet
19841,1256,21-01-2024,90.0,desktop
19842,1256,2024-04-14,120.0,mobile
19843,1256,09/10/2024,103.0,desktop
19844,1256,19-07-2024,79.0,desktop
19845,1256,16-03-2024,11.0,tablet
19846,1256,01/28/2024,96.0,desktop
19847,833,26-01-2025,64.0,mobile
19848,1256,2024-12-17,,mobile
19849,1256,21-12-2024,,desktop
19850,833,03-06-2024,61.0,tablet
19851,1256,12-12-2024,108.0,desktop
19852,833,2024-02-01,63.0,tablet
19853,1256,08/23/2024,45.0,desktop
19854,1256,21-12-2024,61.0,desktop
19855,1256,2024-10-26,16.0,mobile
19856,833,2024-09-01,19.0,tablet
19857,1256,2025-01-23,67.0,
19858,1256,08/03/2024,12.0,mobile
19859,1256,2024-08-25,,desktop
19860,833,10/07/2024,14.0,desktop
19861,1256,16-02-2024,48.0,mobile
19862,833,07-07-2024,57.0,tablet
19863,1256,11/02/2024,66.0,mobile
19864,1256,05/21/2024,103.0,
19865,1256,25-09-2024,116.0,desktop
19866,1256,02/26/2024,13.0,tablet
19867,1256,2024-03-04,75.0,mobile
19868,1256,2024-02-10,58.0,
19869,1256,07/07/2024,116.0,desktop
19870,1256,24-08-2024,13.0,tablet
19871,1256,12/31/2024,,mobile
19872,1256,2025-01-18,55.0,mobile
19873,1256,2024-02-23,88.0,tablet
19874,1256,03/23/2024,48.0,tablet
19875,833,25-03-2024,,mobile
19876,1256,02-10-2024,69.0,tablet
19877,1256,07/11/2024,111.0,
19878,1256,06/27/2024,104.0,mobile
19879,1256,05/21/2024,106.0,tablet
19880,1256,2024-07-27,65.0,mobile
19881,1256,07/25/2024,34.0,
19882,1256,2024-09-09,34.0,mobile
19883,1256,11/14/2024,,tablet
19884,833,2024-05-13,16.0,tablet
19885,1256,01/19/2025,1.0,desktop
19886,1256,10-01-2025,78.0,mobile
19887,1256,01/03/2024,53.0,mobile
19888,762,10/31/2024,99.0,mobile
19889,1256,2024-03-29,63.0,desktop
19890,1256,03/07/2024,15.0,tablet
19891,1256,11/30/2024,56.0,tablet
19892,1256,2024-09-04,53.0,mobile
19893,833,29-07-2024,58.0,mobile
19894,1256,2024-08-31,120.0,mobile
19895,1256,18-03-2024,107.0,mobile
19896,833,12/24/2024,96.0,desktop
19897,1256,2024-08-30,9.0,desktop
19898,1256,2024-04-20,89.0,mobile
19899,1256,2024-09-08,81.0,tablet
19900,833,2024-01-13,107.0,tablet
19901,1256,2024-09-03,109.0,tablet
19902,1256,2024-02-15,9.0,
19903,1256,2024-04-21,98.0,
19904,1256,2024-01-21,27.0,mobile
19905,1256,2024-11-17,39.0,desktop
19906,1256,05/05/2024,33.0,mobile
19907,1256,04/01/2024,36.0,desktop
19908,1256,2024-03-23,78.0,tablet
19909,1256,2024-07-23,18.0,desktop
19910,1256,22-02-2024,71.0,desktop
19911,833,18-03-2024,5.0,mobile
19912,1256,02/09/2024,2.0,mobile
19913,1256,18-05-2024,18.0,desktop
19914,1256,28-07-2024,39.0,desktop
19915,1256,11-05-2024,60.0,tablet
19916,1256,2024-03-08,11.0,desktop
19917,833,17-08-2024,39.0,mobile
19918,1256,03-10-2024,55.0,mobile
19919,1256,09/15/2024,107.0,tablet
19920,1256,02/27/2024,63.0,desktop
19921,1256,2024-01-07,94.0,mobile
19922,833,06/02/2024,,tablet
19923,1256,07-06-2024,,tablet
19924,833,16-01-2025,96.0,mobile
19925,1256,,80.0,mobile
19926,1256,08/29/2024,34.0,desktop
19927,1256,2024-09-20,67.0,tablet
19928,1256,05-08-2024,23.0,tablet
19929,1256,27-02-2024,111.0,desktop
19930,1256,05/25/2024,111.0,desktop
19931,1256,09/28/2024,110.0,desktop
19932,1256,05/30/2024,110.0,tablet
19933,1256,2024-07-06,51.0,mobile
19934,833,01/07/2025,8.0,mobile
19935,1256,02-01-2025,,mobile
19936,1256,2024-07-19,34.0,mobile
19937,833,2024-10-27,96.0,mobile
19938,833,22-09-2024,102.0,mobile
19939,833,2024-06-12,,tablet
19940,1256,25-01-2025,81.0,mobile
19941,1256,26-04-2024,94.0,tablet
19942,1256,01/13/2024,3.0,desktop
19943,1256,2024-04-25,50.0,desktop
19944,1256,2024-11-19,102.0,tablet
19945,1256,09/25/2024,7.0,tablet
19946,1256,2024-05-10,66.0,desktop
19947,1256,17-06-2024,,desktop
19948,1256,2025-01-16,81.0,mobile
19949,833,2024-08-26,,tablet
19950,1256,2024-06-12,101.0,mobile
19951,1256,26-12-2024,118.0,desktop
19952,1256,01/10/2025,101.0,desktop
19953,833,2024-09-07,108.0,tablet
19954,1256,,117.0,tablet
19955,1256,29-01-2025,52.0,tablet
19956,1256,2025-01-12,23.0,mobile
19957,1256,2024-02-10,37.0,
19958,1256,27-02-2024,47.0,desktop
19959,1256,01-04-2024,118.0,
19960,1256,06-11-2024,102.0,mobile
19961,833,02/01/2024,21.0,desktop
19962,833,2024-09-13,117.0,mobile
19963,1256,05/23/2024,103.0,desktop
19964,1256,09/24/2024,,
19965,1256,14-11-2024,5.0,mobile
19966,1256,30-09-2024,12.0,
19967,1256,10-01-2025,108.0,mobile
19968,1256,01-04-2024,119.0,desktop
19969,1256,01-07-2024,23.0,desktop
19970,1256,05/17/2024,75.0,tablet
19971,1256,2024-01-08,44.0,mobile
19972,1256,2024-08-08,47.0,tablet
19973,1256,04-09-2024,81.0,tablet
19974,1256,04/16/2024,83.0,desktop
19975,1256,27-10-2024,13.0,desktop
19976,833,11/16/2024,,desktop
19977,1256,02-01-2025,49.0,mobile
19978,1256,2024-06-27,91.0,tablet
19979,1256,24-11-2024,87.0,mobile
19980,1256,07-06-2024,100.0,desktop
19981,1256,31-12-2024,93.0,desktop
19982,1256,2024-05-13,45.0,desktop
19983,1256,12/22/2024,,mobile
19984,1256,09-01-2024,107.0,tablet
19985,1256,2024-11-26,46.0,tablet
19986,1256,17-01-2025,6.0,desktop
19987,1256,2024-04-23,76.0,tablet
19988,1256,24-09-2024,84.0,mobile
19989,833,01/31/2025,18.0,desktop
19990,1256,11/16/2024,18.0,
19991,1256,11/25/2024,96.0,desktop
19992,833,14-04-2024,63.0,mobile
19993,1256,2024-10-22,95.0,tablet
19994,1256,12/06/2024,,tablet
19995,833,2024-03-24,81.0,desktop
19996,1256,2024-11-05,1.0,tablet
19997,1256,2024-12-23,63.0,
19998,1256,25-01-2025,53.0,tablet
19999,1256,02-08-2024,38.0,mobile
20000,1256,01/19/2024,60.0,tablet
