user_id,plan_start_date,plan_end_date,churned,MRR
1,2024-01-24,,N,0.0
2,2024-01-11,,N,0.0
3,2024-01-31,2025-10-22,N,59.0
4,2024-01-16,,N,99.0
5,2024-01-07,2025-05-31,,0.0
6,2024-01-10,04/04/2025,N,29.0
7,2024-01-06,03/31/2025,N,0.0
8,2024-01-26,2025-02-19,Y,0.0
9,2024-01-07,2025-05-01,Y,0.0
10,2024-01-23,,N,149.0
11,2024-01-13,07/06/2025,N,0.0
12,2024-01-23,,Y,79.0
13,2024-01-21,2024-08-18,Y,99.0
14,2024-01-25,01/19/2025,N,0.0
15,2024-01-09,06/02/2025,N,49.0
16,2024-01-06,2024-12-01,N,0.0
17,2024-01-30,,Y,149.0
18,2024-01-28,2025-06-21,N,0.0
19,2024-01-25,2025-06-18,Y,0.0
20,2024-01-03,2024-11-28,Y,0.0
21,2024-01-21,2025-06-14,Y,149.0
22,2024-01-18,05/12/2025,Y,
23,2024-01-01,,,39.0
24,2024-01-29,08/21/2025,Y,0.0
25,2024-01-28,10/19/2025,Y,49.0
26,2024-01-08,07/01/2025,N,0.0
27,2024-01-31,07/29/2024,Y,0.0
28,2024-01-07,,N,29.0
29,2024-01-19,,Y,49.0
30,2024-01-26,2024-09-22,N,99.0
31,2024-01-18,2025-11-08,N,
32,2024-01-09,2024-12-04,Y,99.0
33,2024-01-04,,N,0.0
34,2024-01-21,,N,59.0
35,2024-01-21,04/20/2024,Y,99.0
36,2024-01-22,,Y,0.0
37,2024-01-13,2025-09-04,Y,0.0
38,2024-01-08,2024-11-03,N,0.0
39,2024-01-09,,Y,0.0
40,2024-01-21,2024-10-17,N,0.0
41,2024-01-15,07/13/2024,Y,29.0
42,2024-01-11,,,99.0
43,2024-01-24,,Y,0.0
44,2024-01-21,2025-03-16,Y,0.0
45,2024-01-25,2025-02-18,Y,0.0
46,2024-01-11,05/10/2024,N,0.0
47,2024-01-23,,Y,79.0
48,2024-01-27,11/22/2024,Y,39.0
49,2024-01-13,,Y,0.0
50,2024-01-18,10/09/2025,N,0.0
51,2024-01-19,,N,29.0
52,2024-01-14,05/13/2024,N,149.0
53,2024-01-21,06/14/2025,N,0.0
54,2024-01-29,05/28/2024,,29.0
55,2024-01-01,06/24/2025,Y,79.0
56,2024-01-13,11/08/2024,Y,49.0
57,2024-01-25,,N,0.0
58,2024-01-05,08/02/2024,N,59.0
59,2024-01-30,04/24/2025,N,0.0
60,2024-01-31,08/28/2024,Y,59.0
61,2024-01-13,2025-05-07,Y,0.0
62,,,Y,59.0
63,2024-01-29,04/23/2025,N,0.0
64,2024-01-25,,Y,99.0
65,2024-01-24,12/14/2025,Y,29.0
66,2024-01-14,,Y,29.0
67,,,Y,49.0
68,2024-01-12,2025-01-06,,99.0
69,2024-01-13,04/12/2024,Y,59.0
70,2024-01-25,07/18/2025,N,39.0
71,2024-01-16,,N,0.0
72,2024-01-14,,,0.0
73,2024-01-16,12/06/2025,Y,79.0
74,2024-01-29,2025-04-23,N,99.0
75,2024-01-01,,N,0.0
76,2024-01-10,10/01/2025,Y,29.0
77,2024-01-15,12/05/2025,N,0.0
78,2024-01-16,,N,0.0
79,,2024-05-30,N,0.0
80,2024-01-18,07/11/2025,Y,39.0
81,2024-01-15,,N,0.0
82,2024-01-25,10/21/2024,N,49.0
83,2024-01-03,,Y,49.0
84,2024-01-08,,N,79.0
85,,,N,59.0
86,2024-01-16,2025-11-06,Y,99.0
87,2024-01-21,03/16/2025,Y,0.0
88,2024-01-12,2025-06-05,Y,99.0
89,2024-01-10,,N,39.0
90,2024-01-05,07/03/2024,N,49.0
91,2024-01-29,,N,59.0
92,2024-01-24,,N,59.0
93,2024-01-16,,N,79.0
94,2024-01-24,03/19/2025,Y,0.0
95,2024-01-01,2024-12-26,N,0.0
96,2024-01-12,,Y,49.0
97,2024-01-03,,Y,49.0
98,,09/27/2024,Y,59.0
99,2024-01-28,2024-12-23,Y,0.0
100,2024-01-10,2025-03-05,N,0.0
101,2024-01-18,11/08/2025,Y,0.0
102,2024-01-05,07/03/2024,,29.0
103,2024-01-29,,N,79.0
104,2024-01-06,,Y,0.0
105,2024-01-01,,N,0.0
106,2024-01-26,06/24/2024,Y,0.0
107,2024-01-21,,Y,0.0
108,2024-01-24,2024-08-21,N,0.0
109,2024-01-04,,Y,149.0
110,2024-01-09,,N,0.0
111,2024-01-11,,Y,49.0
112,2024-01-03,,N,0.0
113,2024-01-06,09/02/2024,Y,29.0
114,2024-01-31,,Y,0.0
115,2024-01-28,2025-10-19,N,149.0
116,2024-01-13,11/03/2025,Y,0.0
117,2024-01-13,,N,49.0
118,2024-01-06,,Y,99.0
119,2024-01-25,2024-05-24,Y,0.0
120,2024-01-27,2025-09-18,N,39.0
121,2024-01-27,2026-01-16,Y,0.0
122,2024-01-17,10/13/2024,N,59.0
123,2024-01-27,,Y,0.0
124,2024-01-13,08/05/2025,Y,0.0
125,2024-01-14,,Y,79.0
126,2024-01-11,,N,29.0
127,2024-01-07,08/29/2025,Y,0.0
128,2024-01-20,,N,149.0
129,2024-01-19,2024-08-16,N,0.0
130,,,Y,0.0
131,2024-01-19,,Y,79.0
132,2024-01-01,09/22/2025,N,99.0
133,2024-01-22,10/18/2024,N,0.0
134,2024-01-27,07/20/2025,Y,0.0
135,2024-01-27,07/25/2024,Y,49.0
136,2024-01-12,2025-02-05,N,39.0
137,2024-01-11,2024-10-07,Y,29.0
138,2024-01-11,2025-12-01,Y,0.0
139,2024-01-04,,Y,
140,2024-01-04,12/29/2024,N,99.0
141,2024-01-26,2024-11-21,N,0.0
142,2024-01-14,,Y,0.0
143,2024-01-03,2024-09-29,Y,99.0
144,2024-01-25,2025-06-18,Y,59.0
145,2024-01-22,2025-11-12,Y,99.0
146,2024-01-31,08/23/2025,N,149.0
147,2024-01-07,01/01/2025,N,0.0
148,2024-01-28,,N,0.0
149,2024-01-22,2025-06-15,N,39.0
150,2024-01-25,,N,0.0
151,,2024-07-29,Y,0.0
152,2024-01-30,,N,49.0
153,2024-01-25,11/20/2024,N,59.0
154,2024-01-02,01/26/2025,N,59.0
155,2024-01-10,,N,79.0
156,2024-01-12,2024-11-07,N,59.0
157,2024-01-08,2025-06-01,Y,0.0
158,2024-01-09,,Y,79.0
159,2024-01-09,08/06/2024,Y,0.0
160,2024-01-27,06/20/2025,N,0.0
161,2024-01-31,,N,149.0
162,2024-01-21,,N,99.0
163,2024-01-13,05/07/2025,N,0.0
164,2024-01-31,,Y,0.0
165,2024-01-09,05/03/2025,Y,0.0
166,2024-01-11,,N,0.0
167,2024-01-02,,Y,59.0
168,2024-01-19,2025-02-12,Y,0.0
169,2024-01-19,11/09/2025,Y,49.0
170,,2025-05-25,Y,29.0
171,2024-01-31,,N,79.0
172,2024-01-31,,Y,99.0
173,2024-01-05,01/29/2025,N,99.0
174,2024-01-03,,N,49.0
175,2024-01-05,04/04/2024,N,0.0
176,2024-01-24,12/14/2025,N,49.0
177,2024-01-06,2024-09-02,N,0.0
178,2024-01-21,10/12/2025,Y,0.0
179,2024-01-15,07/13/2024,Y,29.0
180,2024-01-06,,N,29.0
181,2024-01-20,,N,
182,2024-01-05,,N,79.0
183,2024-01-19,2024-11-14,N,59.0
184,2024-01-28,2024-08-25,N,59.0
185,2024-01-12,2025-03-07,Y,59.0
186,2024-01-22,2024-07-20,N,39.0
187,2024-01-29,07/27/2024,Y,39.0
188,2024-01-14,2025-11-04,Y,79.0
189,2024-01-12,09/08/2024,Y,39.0
190,2024-01-20,2024-04-19,Y,49.0
191,2024-01-23,,Y,0.0
192,2024-01-27,,Y,0.0
193,2024-01-28,05/22/2025,N,0.0
194,2024-01-24,2025-11-14,N,0.0
195,2024-01-05,,Y,0.0
196,2024-01-05,,Y,49.0
197,2024-01-25,2025-01-19,N,0.0
198,2024-01-24,,N,79.0
199,2024-01-02,08/24/2025,Y,99.0
200,2024-01-09,01/03/2025,N,0.0
201,2024-01-29,,Y,29.0
202,2024-01-27,,N,39.0
203,2024-01-23,,N,0.0
204,2024-01-25,2025-06-18,N,59.0
205,2024-01-31,,Y,59.0
206,2024-01-03,10/24/2025,Y,0.0
207,2024-01-26,,Y,29.0
208,2024-01-03,06/26/2025,N,99.0
209,2024-01-31,06/24/2025,Y,39.0
210,2024-01-31,2025-11-21,Y,0.0
211,2024-01-03,07/31/2024,N,0.0
212,2024-01-15,,N,0.0
213,2024-01-02,,Y,29.0
214,2024-01-22,01/16/2025,N,49.0
215,2024-01-08,09/29/2025,N,0.0
216,2024-01-25,,Y,149.0
217,2024-01-04,10/25/2025,N,0.0
218,2024-01-31,,N,59.0
219,2024-01-18,05/17/2024,N,79.0
220,2024-01-31,2024-10-27,Y,0.0
221,2024-01-24,12/14/2025,N,0.0
222,2024-01-14,2025-08-06,Y,149.0
223,2024-01-07,2024-07-05,N,0.0
224,2024-01-04,02/27/2025,Y,0.0
225,2024-01-27,09/23/2024,N,29.0
226,2024-01-31,,Y,0.0
227,2024-01-12,,N,
228,2024-01-14,2025-07-07,Y,59.0
229,2024-01-04,,N,29.0
230,2024-01-12,04/06/2025,Y,0.0
231,2024-01-02,2024-07-30,Y,0.0
232,2024-01-17,2025-12-07,Y,0.0
233,2024-01-04,2025-01-28,N,29.0
234,2024-01-03,12/28/2024,N,39.0
235,,,Y,99.0
236,2024-01-28,,N,149.0
237,2024-01-11,01/05/2025,N,0.0
238,2024-01-08,,N,29.0
239,2024-01-02,,N,0.0
240,2024-01-02,2025-06-25,N,0.0
241,2024-01-17,2025-06-10,N,0.0
242,2024-01-20,2025-12-10,N,29.0
243,2024-01-20,2024-06-18,Y,0.0
244,2024-01-31,2025-08-23,N,149.0
245,2024-01-14,2026-01-03,N,0.0
246,2024-01-04,2024-12-29,Y,99.0
247,2024-01-15,,Y,149.0
248,2024-01-16,2024-12-11,Y,99.0
249,2024-01-12,11/07/2024,N,29.0
250,2024-01-04,,N,0.0
251,2024-01-23,2025-07-16,N,0.0
252,2024-01-03,2025-04-27,Y,0.0
253,2024-01-12,01/06/2025,Y,149.0
254,2024-01-25,10/16/2025,Y,29.0
255,2024-01-10,,N,79.0
256,2024-01-22,06/20/2024,N,0.0
257,,,N,29.0
258,2024-01-23,,N,59.0
259,2024-01-07,2024-12-02,N,49.0
260,2024-01-01,,N,0.0
261,2024-01-02,,Y,0.0
262,2024-01-15,11/10/2024,Y,0.0
263,2024-01-08,,Y,59.0
264,2024-01-23,2024-04-22,Y,0.0
265,2024-01-05,,Y,49.0
266,2024-01-02,12/22/2025,Y,59.0
267,2024-01-05,08/02/2024,N,29.0
268,2024-01-09,02/02/2025,Y,0.0
269,2024-01-05,2024-07-03,N,0.0
270,2024-01-22,2024-06-20,Y,0.0
271,2024-01-01,,Y,29.0
272,2024-01-21,12/11/2025,Y,149.0
273,2024-01-20,07/13/2025,N,39.0
274,2024-01-02,,N,0.0
275,2024-01-23,12/18/2024,Y,0.0
276,2024-01-07,2025-06-30,N,0.0
277,2024-01-03,,Y,39.0
278,2024-01-16,2024-07-14,Y,29.0
279,2024-01-16,12/06/2025,N,0.0
280,2024-01-28,2024-05-27,N,59.0
281,2024-01-24,,N,49.0
282,2024-01-22,2025-02-15,N,0.0
283,2024-01-19,2025-12-09,N,29.0
284,2024-01-01,,N,39.0
285,2024-01-11,,N,0.0
286,2024-01-12,,N,0.0
287,2024-01-13,2026-01-02,N,0.0
288,2024-01-18,,Y,0.0
289,2024-01-03,2025-12-23,Y,0.0
290,2024-01-01,03/31/2024,N,0.0
291,2024-01-18,12/08/2025,N,59.0
292,2024-01-29,,Y,59.0
293,2024-01-17,2025-06-10,N,0.0
294,2024-01-02,03/27/2025,Y,49.0
295,2024-01-29,,N,49.0
296,2024-01-22,2025-12-12,N,0.0
297,2024-01-24,,Y,149.0
298,,2025-12-21,N,0.0
299,2024-01-31,2024-08-28,Y,0.0
300,2024-01-08,,N,39.0
301,2024-01-17,,Y,0.0
302,2024-01-23,2026-01-12,Y,149.0
303,2024-01-30,2025-03-25,Y,39.0
304,2024-01-28,2025-06-21,N,99.0
305,2024-01-05,,Y,0.0
306,2024-01-18,2025-07-11,Y,0.0
307,2024-01-11,,N,0.0
308,2024-01-16,01/05/2026,Y,149.0
309,2024-01-13,,N,49.0
310,2024-01-20,2025-04-14,N,59.0
311,2024-01-23,,Y,99.0
312,2024-01-23,10/14/2025,Y,99.0
313,2024-01-15,,N,59.0
314,2024-01-28,03/23/2025,N,59.0
315,2024-01-08,2025-12-28,N,99.0
316,2024-01-15,,Y,29.0
317,2024-01-31,2024-06-29,Y,99.0
318,,2024-12-26,Y,149.0
319,2024-01-23,01/12/2026,N,99.0
320,2024-01-17,2024-08-14,Y,99.0
321,2024-01-09,2025-06-02,Y,99.0
322,2024-01-03,12/23/2025,N,59.0
323,2024-01-29,2024-08-26,N,39.0
324,2024-01-08,11/28/2025,Y,59.0
325,2024-01-18,2024-09-14,Y,49.0
326,2024-01-17,06/15/2024,Y,39.0
327,2024-01-22,,N,29.0
328,2024-01-04,04/03/2024,N,99.0
329,2024-01-28,,N,49.0
330,,2025-10-22,N,
331,2024-01-24,,N,0.0
332,2024-01-15,10/06/2025,N,49.0
333,2024-01-29,2024-07-27,N,29.0
334,2024-01-19,10/10/2025,N,79.0
335,2024-01-09,03/04/2025,N,79.0
336,2024-01-29,11/19/2025,Y,149.0
337,2024-01-09,,Y,149.0
338,2024-01-04,05/03/2024,Y,99.0
339,,,N,39.0
340,2024-01-30,2025-06-23,N,0.0
341,2024-01-27,2025-07-20,Y,0.0
342,2024-01-17,07/10/2025,N,0.0
343,2024-01-26,2024-06-24,Y,0.0
344,2024-01-29,05/28/2024,Y,0.0
345,2024-01-10,08/07/2024,N,0.0
346,2024-01-10,,Y,79.0
347,2024-01-17,10/08/2025,N,0.0
348,2024-01-28,,N,0.0
349,2024-01-18,2025-08-10,Y,39.0
350,2024-01-10,,Y,0.0
351,,04/30/2024,N,0.0
352,2024-01-16,,Y,39.0
353,2024-01-01,07/24/2025,Y,
354,,,N,99.0
355,2024-01-17,,Y,0.0
356,2024-01-01,,N,79.0
357,2024-01-29,,Y,99.0
358,2024-01-03,2025-10-24,Y,59.0
359,2024-01-28,04/27/2024,N,79.0
360,2024-01-16,2024-05-15,N,0.0
361,2024-01-12,03/07/2025,N,29.0
362,2024-01-11,,,0.0
363,2024-01-30,2024-11-25,N,0.0
364,2024-01-08,2025-01-02,Y,0.0
365,2024-01-31,01/20/2026,Y,39.0
366,2024-01-18,,N,99.0
367,2024-01-15,2025-11-05,,0.0
368,2024-01-13,2024-12-08,Y,0.0
369,2024-01-05,,N,0.0
370,2024-01-17,2025-09-08,Y,0.0
371,2024-01-16,,N,39.0
372,2024-01-31,07/24/2025,N,0.0
373,2024-01-19,07/12/2025,N,0.0
374,2024-01-03,02/26/2025,N,79.0
375,2024-01-07,,N,0.0
376,2024-01-02,2024-08-29,Y,0.0
377,2024-01-18,,N,0.0
378,2024-01-21,04/15/2025,Y,0.0
379,2024-01-25,,Y,0.0
380,2024-01-30,08/22/2025,N,79.0
381,,2025-02-24,Y,0.0
382,2024-01-26,06/24/2024,,0.0
383,2024-01-14,2024-10-10,N,49.0
384,2024-01-08,,N,0.0
385,2024-01-18,,N,49.0
386,2024-01-19,10/10/2025,Y,0.0
387,2024-01-15,,N,49.0
388,2024-01-09,,Y,0.0
389,2024-01-07,2024-09-03,N,
390,2024-01-06,2024-12-31,Y,0.0
391,2024-01-08,,N,0.0
392,2024-01-06,,Y,39.0
393,2024-01-08,05/02/2025,Y,149.0
394,2024-01-26,,N,39.0
395,2024-01-07,2024-04-06,,0.0
396,2024-01-14,06/07/2025,Y,
397,2024-01-24,2024-10-20,N,0.0
398,2024-01-22,,Y,99.0
399,2024-01-08,,N,
400,2024-01-26,,Y,0.0
401,2024-01-09,,Y,0.0
402,2024-01-24,2024-12-19,Y,0.0
403,2024-01-08,2024-09-04,N,59.0
404,2024-01-19,,Y,0.0
405,2024-01-17,01/06/2026,Y,29.0
406,2024-01-26,,N,0.0
407,2024-01-07,2025-06-30,N,99.0
408,,11/21/2025,N,59.0
409,2024-01-11,,,0.0
410,2024-01-07,11/27/2025,Y,29.0
411,2024-01-28,2025-07-21,N,0.0
412,2024-01-04,,N,0.0
413,2024-01-13,2024-07-11,N,39.0
414,2024-01-04,2024-12-29,Y,49.0
415,2024-01-12,,Y,0.0
416,2024-01-16,,Y,29.0
417,2024-01-23,,Y,49.0
418,2024-01-01,06/24/2025,Y,0.0
419,2024-01-02,,N,0.0
420,2024-01-10,2024-09-06,Y,79.0
421,2024-01-15,2024-11-10,N,79.0
422,2024-01-12,,Y,99.0
423,2024-01-30,,,0.0
424,2024-01-21,,Y,49.0
425,2024-01-10,,Y,0.0
426,2024-01-28,2024-04-27,N,0.0
427,2024-01-14,,N,39.0
428,2024-01-22,,N,0.0
429,2024-01-13,,,29.0
430,2024-01-28,11/23/2024,N,149.0
431,2024-01-21,,Y,79.0
432,2024-01-05,10/31/2024,Y,99.0
433,2024-01-31,2024-07-29,N,99.0
434,2024-01-09,04/03/2025,N,149.0
435,2024-01-30,09/21/2025,N,149.0
436,2024-01-09,01/03/2025,N,0.0
437,2024-01-31,2025-11-21,N,0.0
438,2024-01-17,,N,29.0
439,2024-01-19,08/11/2025,N,149.0
440,2024-01-30,,N,0.0
441,2024-01-17,,N,99.0
442,2024-01-19,04/18/2024,N,49.0
443,2024-01-02,2024-07-30,Y,0.0
444,2024-01-15,07/13/2024,N,0.0
445,2024-01-12,,N,29.0
446,2024-01-10,,Y,0.0
447,,2024-03-31,,0.0
448,2024-01-20,06/13/2025,Y,0.0
449,2024-01-08,2025-01-02,Y,0.0
450,2024-01-18,2024-07-16,Y,39.0
451,2024-01-30,,Y,29.0
452,2024-01-15,,N,0.0
453,2024-01-16,10/12/2024,N,39.0
454,2024-01-31,03/26/2025,Y,0.0
455,,,Y,79.0
456,2024-01-22,2025-07-15,Y,0.0
457,2024-01-02,,N,49.0
458,2024-01-05,2024-08-02,N,0.0
459,2024-01-24,2025-07-17,N,59.0
460,2024-01-30,01/24/2025,N,29.0
461,2024-01-19,2024-08-16,Y,0.0
462,2024-01-29,01/23/2025,Y,0.0
463,2024-01-07,,Y,29.0
464,2024-01-04,,Y,0.0
465,2024-01-31,,N,79.0
466,2024-01-16,2025-02-09,N,0.0
467,2024-01-20,,Y,99.0
468,2024-01-04,07/27/2025,N,0.0
469,2024-01-18,,N,0.0
470,2024-01-22,2025-09-13,N,0.0
471,2024-01-18,,N,0.0
472,2024-01-16,05/10/2025,Y,
473,2024-01-17,2025-02-10,Y,0.0
474,2024-01-06,2024-12-31,Y,0.0
475,2024-01-12,,Y,0.0
476,2024-01-06,2025-06-29,Y,0.0
477,2024-01-23,06/16/2025,Y,0.0
478,2024-01-19,09/10/2025,Y,149.0
479,2024-01-23,02/16/2025,N,59.0
480,2024-01-24,,Y,149.0
481,2024-01-23,2025-04-17,N,59.0
482,,,Y,0.0
483,2024-01-22,2025-07-15,Y,29.0
484,,2024-05-30,Y,59.0
485,2024-01-26,06/24/2024,Y,
486,2024-01-04,09/30/2024,,59.0
487,2024-01-10,07/03/2025,N,0.0
488,2024-01-07,2025-03-02,N,49.0
489,2024-01-19,2025-08-11,Y,0.0
490,2024-01-18,,N,39.0
491,2024-01-04,,N,0.0
492,2024-01-03,02/26/2025,Y,0.0
493,2024-01-01,2025-06-24,N,0.0
494,,2025-09-22,Y,0.0
495,2024-01-06,,N,59.0
496,2024-01-12,09/08/2024,N,0.0
497,2024-01-16,04/15/2024,N,0.0
498,2024-01-10,2025-10-31,Y,49.0
499,2024-01-18,,Y,
500,2024-01-03,2024-12-28,Y,0.0
501,,2024-03-31,Y,0.0
502,2024-01-10,,N,0.0
503,2024-01-30,,Y,0.0
504,2024-01-02,2025-11-22,N,39.0
505,2024-01-13,07/11/2024,N,59.0
506,2024-01-01,09/27/2024,N,99.0
507,2024-01-28,2024-08-25,Y,79.0
508,2024-01-11,01/05/2025,N,59.0
509,2024-01-10,05/04/2025,N,99.0
510,2024-01-13,2025-09-04,N,29.0
511,2024-01-03,2024-07-01,Y,0.0
512,2024-01-02,01/26/2025,Y,0.0
513,,,N,99.0
514,2024-01-23,10/19/2024,N,0.0
515,2024-01-10,07/08/2024,N,0.0
516,2024-01-18,2024-10-14,Y,0.0
517,2024-01-13,08/10/2024,N,0.0
518,,,Y,0.0
519,2024-01-14,01/03/2026,Y,0.0
520,2024-01-17,08/14/2024,,
521,2024-01-19,06/12/2025,Y,99.0
522,,2024-11-26,N,0.0
523,2024-01-25,,Y,79.0
524,2024-01-16,,N,59.0
525,2024-01-01,,N,0.0
526,2024-01-04,2024-10-30,Y,0.0
527,2024-01-10,2025-09-01,N,59.0
528,2024-01-21,08/13/2025,Y,0.0
529,2024-01-14,2024-09-10,Y,0.0
530,2024-01-02,,Y,29.0
531,2024-01-27,08/24/2024,Y,0.0
532,2024-01-27,,N,79.0
533,2024-01-08,,N,79.0
534,2024-01-02,,N,0.0
535,2024-01-02,,N,39.0
536,2024-01-10,10/31/2025,Y,0.0
537,2024-01-13,2024-08-10,Y,149.0
538,2024-01-16,02/09/2025,Y,0.0
539,2024-01-12,2025-04-06,N,149.0
540,2024-01-14,2026-01-03,Y,99.0
541,2024-01-01,09/22/2025,Y,0.0
542,2024-01-31,09/27/2024,N,0.0
543,2024-01-05,08/27/2025,N,0.0
544,,12/26/2024,Y,149.0
545,2024-01-19,2024-04-18,Y,0.0
546,2024-01-29,,Y,0.0
547,2024-01-22,2024-04-21,Y,79.0
548,2024-01-23,,Y,0.0
549,2024-01-24,05/23/2024,Y,0.0
550,2024-01-09,2024-06-07,Y,0.0
551,2024-01-17,11/12/2024,Y,49.0
552,2024-01-06,2025-04-30,Y,79.0
553,2024-01-18,2025-07-11,N,79.0
554,2024-01-28,2024-11-23,N,0.0
555,2024-01-30,2024-07-28,Y,0.0
556,2024-01-10,2025-01-04,N,0.0
557,2024-01-18,,Y,0.0
558,2024-01-17,2025-03-12,N,0.0
559,2024-01-15,,Y,0.0
560,2024-01-27,01/21/2025,N,0.0
561,2024-01-15,2024-11-10,Y,79.0
562,2024-01-31,04/25/2025,N,0.0
563,2024-01-25,10/16/2025,Y,99.0
564,2024-01-09,,Y,39.0
565,2024-01-01,12/21/2025,N,59.0
566,2024-01-27,04/21/2025,,49.0
567,2024-01-15,,N,29.0
568,,,N,0.0
569,2024-01-01,2024-03-31,Y,0.0
570,2024-01-26,2024-07-24,Y,39.0
571,2024-01-06,05/05/2024,N,0.0
572,2024-01-27,05/21/2025,Y,
573,2024-01-18,2025-04-12,Y,49.0
574,2024-01-21,2025-10-12,N,0.0
575,2024-01-16,10/07/2025,Y,0.0
576,2024-01-06,,Y,0.0
577,2024-01-12,,N,149.0
578,2024-01-14,2025-03-09,N,0.0
579,2024-01-08,12/03/2024,Y,149.0
580,2024-01-19,,N,99.0
581,2024-01-10,12/30/2025,N,79.0
582,,11/26/2024,Y,0.0
583,2024-01-10,,Y,0.0
584,2024-01-21,,Y,0.0
585,2024-01-03,,Y,0.0
586,2024-01-22,,N,59.0
587,2024-01-31,,N,0.0
588,2024-01-02,,Y,0.0
589,2024-01-08,2024-05-07,Y,49.0
590,2024-01-12,09/03/2025,Y,0.0
591,2024-01-05,10/31/2024,Y,0.0
592,2024-01-25,,N,0.0
593,2024-01-25,07/18/2025,N,0.0
594,2024-01-27,2024-08-24,,0.0
595,2024-01-22,,Y,29.0
596,2024-01-25,2024-10-21,N,0.0
597,2024-01-23,2025-09-14,N,0.0
598,2024-01-10,2025-08-02,N,
599,2024-01-13,02/06/2025,Y,0.0
600,,2024-04-30,N,49.0
601,2024-01-24,12/14/2025,Y,99.0
602,2024-01-11,,N,149.0
603,2024-01-19,,Y,0.0
604,2024-01-15,,N,49.0
605,2024-01-21,2024-12-16,N,79.0
606,2024-01-21,,N,0.0
607,2024-01-19,01/13/2025,N,0.0
608,2024-01-29,,Y,149.0
609,2024-01-06,,N,59.0
610,2024-01-04,01/28/2025,N,39.0
611,2024-01-01,03/26/2025,Y,0.0
612,2024-01-31,,Y,0.0
613,2024-01-31,,Y,0.0
614,2024-01-16,11/11/2024,N,0.0
615,2024-01-02,,N,0.0
616,2024-01-30,,N,79.0
617,2024-01-21,2025-05-15,Y,39.0
618,2024-01-06,05/30/2025,Y,59.0
619,2024-01-10,04/09/2024,Y,59.0
620,2024-01-21,02/14/2025,Y,
621,,2025-05-25,N,0.0
622,2024-01-16,2025-01-10,Y,0.0
623,2024-01-03,07/26/2025,Y,79.0
624,2024-01-25,03/20/2025,Y,0.0
625,2024-01-26,2025-05-20,Y,79.0
626,2024-01-25,04/24/2024,N,0.0
627,2024-01-04,11/24/2025,Y,0.0
628,2024-01-24,,Y,59.0
629,2024-01-12,,Y,39.0
630,,11/26/2024,Y,0.0
631,2024-01-01,03/31/2024,N,59.0
632,2024-01-03,,Y,0.0
633,2024-01-28,10/24/2024,N,0.0
634,2024-01-21,01/10/2026,Y,0.0
635,2024-01-21,09/12/2025,N,0.0
636,2024-01-07,,Y,0.0
637,2024-01-06,2024-09-02,Y,79.0
638,2024-01-17,2024-06-15,N,39.0
639,2024-01-24,11/14/2025,N,0.0
640,2024-01-02,,N,39.0
641,2024-01-21,,Y,59.0
642,2024-01-17,05/11/2025,N,59.0
643,2024-01-18,,Y,0.0
644,2024-01-15,04/14/2024,N,0.0
645,2024-01-30,01/24/2025,N,0.0
646,2024-01-08,,N,59.0
647,,,N,0.0
648,2024-01-01,2025-12-21,Y,0.0
649,2024-01-04,06/27/2025,Y,149.0
650,2024-01-30,,Y,99.0
651,2024-01-02,2025-04-26,Y,0.0
652,2024-01-20,,Y,0.0
653,2024-01-30,,N,0.0
654,2024-01-12,01/06/2025,Y,0.0
655,2024-01-03,08/25/2025,N,99.0
656,2024-01-18,10/14/2024,N,59.0
657,,2024-12-26,Y,0.0
658,2024-01-29,,N,99.0
659,2024-01-17,,Y,0.0
660,,,N,79.0
661,,2024-10-27,Y,0.0
662,2024-01-13,10/04/2025,N,49.0
663,,12/21/2025,Y,0.0
664,2024-01-21,,N,0.0
665,2024-01-03,2025-08-25,N,0.0
666,2024-01-22,,N,0.0
667,2024-01-14,10/10/2024,N,49.0
668,2024-01-15,,Y,0.0
669,2024-01-28,08/25/2024,Y,0.0
670,2024-01-27,2024-06-25,N,0.0
671,2024-01-19,02/12/2025,Y,0.0
672,2024-01-18,2025-12-08,N,79.0
673,2024-01-19,04/18/2024,N,59.0
674,2024-01-08,,N,79.0
675,2024-01-29,2024-08-26,N,0.0
676,2024-01-24,2025-12-14,N,0.0
677,2024-01-18,2025-11-08,N,49.0
678,2024-01-04,2024-07-02,Y,29.0
679,2024-01-28,11/18/2025,N,0.0
680,2024-01-01,11/26/2024,N,99.0
681,2024-01-17,2024-08-14,N,79.0
682,2024-01-25,,Y,99.0
683,2024-01-10,2025-06-03,N,149.0
684,2024-01-15,2024-12-10,N,0.0
685,2024-01-25,,N,0.0
686,2024-01-23,,N,99.0
687,2024-01-14,03/09/2025,N,0.0
688,2024-01-01,,Y,0.0
689,2024-01-16,01/05/2026,Y,29.0
690,,,N,99.0
691,2024-01-16,,Y,0.0
692,2024-01-30,2025-12-20,Y,149.0
693,2024-01-15,2025-12-05,Y,49.0
694,2024-01-01,,N,0.0
695,2024-01-14,02/07/2025,Y,0.0
696,2024-01-03,2025-06-26,N,39.0
697,2024-01-03,2025-05-27,N,0.0
698,2024-01-01,2024-10-27,Y,29.0
699,2024-01-28,09/19/2025,N,59.0
700,2024-01-26,,N,0.0
701,2024-01-20,04/19/2024,Y,29.0
702,,2025-10-22,Y,0.0
703,2024-01-16,2025-11-06,N,0.0
704,2024-01-16,11/11/2024,Y,59.0
705,2024-01-13,,Y,0.0
706,2024-01-27,2025-05-21,Y,49.0
707,2024-01-22,2025-10-13,Y,149.0
708,2024-01-04,2024-07-02,Y,0.0
709,2024-01-29,,Y,0.0
710,2024-01-09,05/03/2025,Y,39.0
711,2024-01-02,,N,29.0
712,2024-01-16,2024-05-15,N,0.0
713,2024-01-04,2025-09-25,Y,29.0
714,2024-01-03,,N,99.0
715,2024-01-28,2024-07-26,Y,0.0
716,2024-01-08,,Y,0.0
717,2024-01-20,,N,79.0
718,2024-01-14,12/09/2024,N,49.0
719,2024-01-08,,Y,
720,2024-01-13,01/07/2025,,49.0
721,2024-01-24,,Y,79.0
722,2024-01-30,06/23/2025,Y,0.0
723,2024-01-07,,N,0.0
724,2024-01-11,2025-12-31,N,0.0
725,2024-01-26,,Y,0.0
726,2024-01-29,04/23/2025,N,79.0
727,2024-01-24,11/19/2024,N,49.0
728,2024-01-27,2024-12-22,Y,59.0
729,2024-01-07,2024-05-06,N,99.0
730,2024-01-31,,Y,0.0
731,2024-01-29,05/23/2025,N,0.0
732,2024-01-19,2024-04-18,Y,59.0
733,2024-01-27,,Y,0.0
734,2024-01-30,,Y,0.0
735,2024-01-15,10/06/2025,N,0.0
736,2024-01-23,2025-03-18,N,99.0
737,2024-01-10,,N,29.0
738,2024-01-19,2024-05-18,N,29.0
739,2024-01-30,,N,49.0
740,2024-01-30,02/23/2025,N,0.0
741,2024-01-03,08/30/2024,N,29.0
742,2024-01-01,2025-03-26,Y,49.0
743,2024-01-22,09/13/2025,N,49.0
744,2024-01-30,2024-04-29,Y,0.0
745,2024-01-31,2024-04-30,N,0.0
746,,,N,0.0
747,2024-01-07,,N,0.0
748,2024-01-29,,,59.0
749,2024-01-13,,Y,99.0
750,,,Y,79.0
751,2024-01-30,03/25/2025,N,0.0
752,2024-01-06,2025-03-01,Y,99.0
753,2024-01-20,,N,149.0
754,2024-01-18,2025-12-08,Y,0.0
755,2024-01-21,2024-09-17,N,149.0
756,2024-01-12,2024-11-07,Y,0.0
757,2024-01-14,2024-12-09,N,0.0
758,2024-01-25,,N,0.0
759,2024-01-18,2025-05-12,N,0.0
760,2024-01-30,2025-10-21,N,149.0
761,2024-01-09,,N,0.0
762,2024-01-24,,N,149.0
763,2024-01-21,2024-11-16,Y,0.0
764,2024-01-27,,N,0.0
765,2024-01-10,2024-10-06,Y,0.0
766,2024-01-27,,Y,0.0
767,2024-01-01,05/25/2025,Y,49.0
768,2024-01-31,,N,0.0
769,2024-01-24,12/14/2025,N,0.0
770,,04/25/2025,N,0.0
771,2024-01-27,,N,29.0
772,2024-01-01,,,149.0
773,2024-01-25,2026-01-14,N,99.0
774,2024-01-30,,Y,59.0
775,2024-01-23,07/21/2024,N,0.0
776,2024-01-27,2024-10-23,N,0.0
777,2024-01-16,2024-09-12,Y,0.0
778,2024-01-23,07/16/2025,N,0.0
779,2024-01-20,03/15/2025,Y,49.0
780,2024-01-21,,N,39.0
781,2024-01-06,2025-09-27,Y,149.0
782,2024-01-19,02/12/2025,N,99.0
783,2024-01-12,03/07/2025,Y,0.0
784,2024-01-16,2025-04-10,Y,0.0
785,2024-01-30,02/23/2025,N,0.0
786,2024-01-09,,N,0.0
787,2024-01-16,2025-10-07,N,149.0
788,2024-01-27,,N,0.0
789,2024-01-28,2025-11-18,Y,29.0
790,2024-01-23,2024-10-19,N,79.0
791,2024-01-03,,N,39.0
792,2024-01-05,09/01/2024,N,
793,2024-01-03,01/27/2025,N,39.0
794,2024-01-15,,N,29.0
795,2024-01-26,2024-12-21,N,0.0
796,2024-01-20,12/15/2024,N,99.0
797,2024-01-12,2025-01-06,N,0.0
798,2024-01-06,09/27/2025,Y,0.0
799,,,N,
800,2024-01-09,,N,0.0
801,2024-01-16,2024-07-14,N,79.0
802,2024-01-09,,Y,0.0
803,2024-01-18,,N,59.0
804,2024-01-07,,Y,59.0
805,2024-01-18,,N,0.0
806,2024-01-31,01/20/2026,N,79.0
807,2024-01-15,,N,0.0
808,2024-01-18,2024-05-17,N,79.0
809,2024-01-21,12/16/2024,N,39.0
810,2024-01-09,,Y,0.0
811,2024-01-06,2024-06-04,N,39.0
812,2024-01-14,2025-04-08,Y,0.0
813,2024-01-24,,N,0.0
814,2024-01-20,,N,39.0
815,2024-01-28,2024-06-26,N,0.0
816,2024-01-21,2024-09-17,Y,99.0
817,2024-01-14,03/09/2025,N,0.0
818,2024-01-06,,Y,0.0
819,2024-01-29,,N,39.0
820,2024-01-31,2024-12-26,Y,79.0
821,2024-01-08,2024-04-07,N,
822,2024-01-27,04/26/2024,Y,0.0
823,2024-01-22,2024-06-20,Y,0.0
824,2024-01-01,,N,49.0
825,2024-01-30,05/24/2025,Y,0.0
826,2024-01-12,2024-04-11,N,39.0
827,2024-01-21,12/11/2025,N,0.0
828,2024-01-27,2025-03-22,Y,79.0
829,2024-01-20,,N,0.0
830,2024-01-21,07/19/2024,N,79.0
831,2024-01-23,05/22/2024,,0.0
832,2024-01-09,,Y,0.0
833,2024-01-20,2024-04-19,Y,0.0
834,2024-01-25,2024-06-23,Y,79.0
835,2024-01-04,,N,79.0
836,2024-01-17,,N,149.0
837,2024-01-23,2024-10-19,Y,39.0
838,2024-01-28,06/21/2025,Y,0.0
839,2024-01-02,11/22/2025,N,
840,2024-01-22,,Y,0.0
841,2024-01-17,02/10/2025,N,0.0
842,2024-01-24,2024-09-20,N,49.0
843,2024-01-04,,Y,0.0
844,2024-01-30,04/29/2024,N,0.0
845,2024-01-21,12/16/2024,Y,29.0
846,2024-01-29,2024-05-28,N,99.0
847,2024-01-10,07/03/2025,Y,0.0
848,,04/30/2024,Y,59.0
849,2024-01-20,,Y,0.0
850,2024-01-08,,N,0.0
851,,,Y,39.0
852,2024-01-24,2025-02-17,Y,49.0
853,2024-01-15,,N,149.0
854,2024-01-12,,Y,0.0
855,2024-01-03,2024-07-01,Y,0.0
856,2024-01-31,,Y,79.0
857,2024-01-04,,N,79.0
858,2024-01-13,2025-01-07,,59.0
859,2024-01-20,2024-11-15,N,99.0
860,2024-01-08,,N,29.0
861,2024-01-22,,N,39.0
862,2024-01-26,,N,79.0
863,2024-01-12,06/10/2024,Y,49.0
864,2024-01-22,,N,149.0
865,2024-01-10,2025-08-02,Y,0.0
866,2024-01-04,09/30/2024,Y,0.0
867,2024-01-23,10/19/2024,Y,59.0
868,2024-01-21,09/17/2024,N,0.0
869,,04/25/2025,N,0.0
870,2024-01-03,,Y,29.0
871,2024-01-02,,Y,0.0
872,2024-01-06,2024-11-01,N,0.0
873,2024-01-03,,Y,0.0
874,2024-01-14,2025-05-08,N,0.0
875,2024-01-23,02/16/2025,Y,0.0
876,2024-01-20,05/14/2025,N,0.0
877,2024-01-08,,Y,49.0
878,2024-01-11,,Y,0.0
879,2024-01-31,04/30/2024,Y,99.0
880,2024-01-07,,Y,59.0
881,2024-01-11,,Y,0.0
882,2024-01-04,2025-12-24,Y,0.0
883,2024-01-22,,N,59.0
884,2024-01-05,,N,0.0
885,2024-01-26,2024-05-25,N,0.0
886,2024-01-17,2024-04-16,Y,0.0
887,2024-01-13,07/06/2025,N,0.0
888,2024-01-18,,Y,0.0
889,2024-01-02,09/23/2025,Y,29.0
890,2024-01-31,2025-03-26,N,0.0
891,2024-01-07,,Y,79.0
892,2024-01-30,2025-08-22,N,0.0
893,2024-01-15,08/12/2024,Y,0.0
894,2024-01-21,2025-12-11,N,
895,2024-01-13,2024-09-09,Y,39.0
896,2024-01-13,2024-12-08,Y,149.0
897,2024-01-31,,N,0.0
898,2024-01-31,,N,0.0
899,2024-01-10,2025-11-30,N,99.0
900,2024-01-21,2024-12-16,N,39.0
901,2024-01-13,12/03/2025,Y,59.0
902,2024-01-25,04/19/2025,Y,0.0
903,2024-01-01,03/31/2024,N,0.0
904,2024-01-14,,Y,0.0
905,2024-01-23,06/21/2024,N,0.0
906,2024-01-07,10/03/2024,Y,0.0
907,2024-01-14,02/07/2025,,59.0
908,2024-01-09,2025-09-30,N,49.0
909,,12/21/2025,,149.0
910,2024-01-28,11/23/2024,N,29.0
911,2024-01-13,2024-11-08,Y,39.0
912,2024-01-12,03/07/2025,N,49.0
913,2024-01-02,,N,
914,2024-01-24,2024-08-21,N,59.0
915,2024-01-26,,N,0.0
916,2024-01-29,,N,59.0
917,2024-01-31,04/25/2025,Y,99.0
918,2024-01-02,,N,99.0
919,2024-01-21,10/17/2024,Y,0.0
920,2024-01-22,,Y,59.0
921,2024-01-25,,N,0.0
922,2024-01-05,,N,149.0
923,2024-01-09,2025-07-02,N,0.0
924,2024-01-20,04/19/2024,Y,99.0
925,2024-01-01,,Y,0.0
926,2024-01-27,2025-03-22,N,
927,2024-01-12,,Y,0.0
928,2024-01-01,,Y,149.0
929,2024-01-21,03/16/2025,Y,0.0
930,2024-01-17,04/11/2025,N,29.0
931,2024-01-14,,N,29.0
932,2024-01-04,,N,0.0
933,2024-01-16,,,0.0
934,2024-01-28,11/18/2025,Y,0.0
935,2024-01-28,,N,99.0
936,2024-01-04,07/02/2024,Y,0.0
937,2024-01-17,05/11/2025,Y,0.0
938,2024-01-26,08/23/2024,N,29.0
939,2024-01-06,,N,0.0
940,2024-01-14,07/07/2025,Y,0.0
941,2024-01-25,2025-03-20,Y,29.0
942,2024-01-14,,N,0.0
943,2024-01-08,2025-05-02,Y,0.0
944,2024-01-09,2025-06-02,N,59.0
945,2024-01-26,,Y,0.0
946,2024-01-28,,N,0.0
947,2024-01-17,2025-06-10,Y,79.0
948,2024-01-04,2024-12-29,Y,49.0
949,2024-01-22,,N,149.0
950,2024-01-23,01/17/2025,N,99.0
951,2024-01-30,,N,99.0
952,2024-01-02,,Y,0.0
953,2024-01-06,04/30/2025,Y,0.0
954,2024-01-03,05/02/2024,,99.0
955,2024-01-04,,Y,0.0
956,2024-01-29,2024-06-27,Y,59.0
957,2024-01-13,2025-12-03,N,0.0
958,2024-01-28,10/19/2025,N,79.0
959,2024-01-28,,,149.0
960,2024-01-13,2024-09-09,N,29.0
961,2024-01-16,,N,0.0
962,2024-01-21,09/17/2024,N,0.0
963,2024-01-15,2025-04-09,Y,149.0
964,2024-01-13,2024-06-11,Y,149.0
965,2024-01-01,2024-03-31,N,0.0
966,2024-01-20,2025-10-11,Y,0.0
967,2024-01-17,09/08/2025,Y,39.0
968,2024-01-12,2024-04-11,Y,99.0
969,2024-01-12,08/04/2025,N,149.0
970,2024-01-04,09/25/2025,N,59.0
971,2024-01-25,,N,59.0
972,2024-01-31,,Y,49.0
973,2024-01-14,05/13/2024,,0.0
974,2024-01-02,11/22/2025,N,0.0
975,2024-01-25,2026-01-14,N,0.0
976,2024-01-08,,Y,0.0
977,2024-01-04,07/27/2025,Y,0.0
978,2024-01-22,06/15/2025,Y,59.0
979,2024-01-05,08/02/2024,N,0.0
980,2024-01-30,2024-06-28,Y,0.0
981,2024-01-01,11/26/2024,N,0.0
982,2024-01-14,,N,49.0
983,2024-01-08,01/02/2025,Y,0.0
984,2024-01-02,2025-12-22,N,0.0
985,2024-01-24,,Y,0.0
986,2024-01-27,2024-09-23,Y,99.0
987,,2025-09-22,N,49.0
988,2024-01-13,,Y,29.0
989,2024-01-22,2025-10-13,N,59.0
990,2024-01-24,2024-06-22,Y,0.0
991,2024-01-23,04/22/2024,,59.0
992,2024-01-13,,N,39.0
993,2024-01-15,,Y,39.0
994,2024-01-31,,,79.0
995,2024-01-18,,Y,99.0
996,2024-01-17,07/10/2025,Y,0.0
997,2024-01-25,2025-01-19,N,79.0
998,2024-01-16,2025-08-08,N,0.0
999,2024-01-17,2025-10-08,Y,39.0
1000,2024-01-01,09/22/2025,N,0.0
1001,2024-01-08,,N,59.0
1002,2024-01-02,05/01/2024,N,0.0
1003,2024-01-14,,N,59.0
1004,2024-01-12,11/07/2024,N,0.0
1005,2024-01-08,2024-10-04,N,99.0
1006,2024-01-07,,N,39.0
1007,2024-01-11,2024-12-06,Y,99.0
1008,2024-01-10,2025-08-02,Y,0.0
1009,2024-01-11,2025-07-04,Y,0.0
1010,2024-01-19,2026-01-08,N,149.0
1011,2024-01-03,2025-02-26,N,0.0
1012,2024-01-02,2025-02-25,Y,0.0
1013,2024-01-08,07/01/2025,Y,0.0
1014,2024-01-07,2025-04-01,N,0.0
1015,2024-01-07,,Y,
1016,2024-01-26,2025-01-20,N,79.0
1017,2024-01-23,2025-06-16,N,0.0
1018,2024-01-31,,N,0.0
1019,2024-01-15,,Y,0.0
1020,2024-01-22,2024-09-18,Y,149.0
1021,,2025-11-21,N,99.0
1022,2024-01-23,07/16/2025,N,79.0
1023,2024-01-07,07/30/2025,,0.0
1024,2024-01-04,,Y,149.0
1025,2024-01-27,2026-01-16,N,79.0
1026,,,N,0.0
1027,2024-01-05,,Y,0.0
1028,2024-01-19,2025-10-10,Y,49.0
1029,2024-01-03,,N,0.0
1030,2024-01-11,2024-10-07,N,149.0
1031,2024-01-29,06/27/2024,N,0.0
1032,2024-01-11,2025-12-31,Y,29.0
1033,2024-01-26,2024-04-25,N,0.0
1034,2024-01-11,2024-06-09,N,0.0
1035,2024-01-08,2025-09-29,N,0.0
1036,2024-01-02,2025-05-26,N,39.0
1037,2024-01-25,,Y,0.0
1038,2024-01-20,07/13/2025,Y,
1039,2024-01-18,,Y,149.0
1040,2024-01-17,2024-05-16,Y,49.0
1041,2024-01-28,10/24/2024,Y,39.0
1042,2024-01-30,2026-01-19,N,79.0
1043,2024-01-28,2025-07-21,N,59.0
1044,2024-01-17,2024-06-15,Y,0.0
1045,2024-01-03,05/02/2024,Y,0.0
1046,2024-01-09,,Y,0.0
1047,2024-01-06,,Y,149.0
1048,2024-01-01,04/25/2025,N,149.0
1049,2024-01-03,09/29/2024,N,99.0
1050,2024-01-29,2024-11-24,N,99.0
1051,2024-01-09,01/03/2025,N,49.0
1052,2024-01-31,01/20/2026,Y,79.0
1053,2024-01-14,11/04/2025,N,149.0
1054,2024-01-10,2024-10-06,N,0.0
1055,2024-01-30,,N,29.0
1056,2024-01-15,,Y,39.0
1057,2024-01-18,06/16/2024,N,29.0
1058,2024-01-30,12/25/2024,N,29.0
1059,2024-01-19,,Y,0.0
1060,2024-01-16,,,99.0
1061,2024-01-05,,,0.0
1062,2024-01-03,2025-10-24,,0.0
1063,2024-01-12,2025-10-03,Y,0.0
1064,2024-01-09,,Y,149.0
1065,2024-01-02,2025-05-26,N,0.0
1066,2024-01-11,,N,0.0
1067,2024-01-21,2025-03-16,Y,0.0
1068,2024-01-25,2025-04-19,N,0.0
1069,2024-01-13,,Y,0.0
1070,2024-01-15,07/08/2025,Y,0.0
1071,2024-01-31,04/25/2025,Y,39.0
1072,2024-01-24,08/16/2025,Y,0.0
1073,2024-01-26,,N,99.0
1074,2024-01-16,2025-07-09,Y,39.0
1075,2024-01-20,2024-04-19,N,0.0
1076,2024-01-18,07/11/2025,N,0.0
1077,2024-01-05,04/04/2024,N,59.0
1078,2024-01-06,10/02/2024,N,29.0
1079,2024-01-06,2025-06-29,N,0.0
1080,2024-01-01,2024-11-26,N,59.0
1081,2024-01-20,2024-05-19,Y,0.0
1082,2024-01-27,,Y,0.0
1083,2024-01-25,06/18/2025,N,0.0
1084,2024-01-26,2024-04-25,Y,0.0
1085,2024-01-29,2024-06-27,N,79.0
1086,2024-01-13,2025-11-03,Y,0.0
1087,2024-01-01,,N,29.0
1088,2024-01-22,02/15/2025,N,0.0
1089,2024-01-30,,N,99.0
1090,2024-01-06,07/04/2024,Y,0.0
1091,,,Y,149.0
1092,,2024-08-28,Y,0.0
1093,2024-01-09,,N,59.0
1094,2024-01-27,,Y,0.0
1095,2024-01-27,10/18/2025,Y,0.0
1096,,,Y,79.0
1097,2024-01-01,,Y,29.0
1098,2024-01-21,,N,0.0
1099,2024-01-21,,Y,0.0
1100,2024-01-13,,Y,0.0
1101,2024-01-19,,Y,29.0
1102,2024-01-25,,N,0.0
1103,2024-01-03,2024-08-30,N,0.0
1104,,2025-06-24,Y,149.0
1105,2024-01-16,2024-07-14,Y,29.0
1106,2024-01-30,,Y,0.0
1107,2024-01-05,05/04/2024,N,39.0
1108,2024-01-22,04/16/2025,N,99.0
1109,2024-01-29,2025-06-22,N,0.0
1110,2024-01-01,,Y,0.0
1111,2024-01-20,05/19/2024,N,49.0
1112,2024-01-10,,Y,59.0
1113,2024-01-30,,N,39.0
1114,2024-01-27,2025-12-17,Y,0.0
1115,2024-01-25,,Y,0.0
1116,2024-01-27,2025-02-20,N,0.0
1117,2024-01-13,,N,99.0
1118,2024-01-31,01/20/2026,N,79.0
1119,2024-01-21,2024-06-19,Y,0.0
1120,2024-01-09,2025-06-02,N,149.0
1121,2024-01-16,2024-04-15,N,49.0
1122,2024-01-28,04/22/2025,Y,49.0
1123,2024-01-22,,N,0.0
1124,2024-01-26,10/22/2024,N,0.0
1125,2024-01-24,,N,0.0
1126,2024-01-24,2024-09-20,N,0.0
1127,2024-01-29,,Y,0.0
1128,2024-01-16,04/15/2024,Y,0.0
1129,2024-01-03,,N,0.0
1130,2024-01-15,,Y,29.0
1131,2024-01-20,07/13/2025,Y,39.0
1132,2024-01-19,02/12/2025,Y,0.0
1133,2024-01-17,01/11/2025,Y,0.0
1134,2024-01-28,08/25/2024,,0.0
1135,2024-01-25,08/22/2024,N,0.0
1136,2024-01-06,,Y,0.0
1137,2024-01-08,11/03/2024,N,59.0
1138,2024-01-09,2025-10-30,N,99.0
1139,2024-01-07,,N,79.0
1140,2024-01-26,03/21/2025,Y,0.0
1141,2024-01-12,2025-12-02,Y,49.0
1142,2024-01-01,2024-09-27,Y,149.0
1143,2024-01-15,,N,0.0
1144,2024-01-27,,Y,
1145,2024-01-06,2025-09-27,N,0.0
1146,2024-01-08,2024-06-06,Y,149.0
1147,2024-01-27,,Y,39.0
1148,2024-01-06,,N,49.0
1149,,03/26/2025,N,0.0
1150,2024-01-08,07/01/2025,N,0.0
1151,2024-01-04,2025-04-28,N,79.0
1152,2024-01-07,12/02/2024,N,0.0
1153,2024-01-11,,Y,0.0
1154,2024-01-20,12/10/2025,Y,49.0
1155,2024-01-10,,Y,99.0
1156,2024-01-16,2024-10-12,Y,149.0
1157,2024-01-30,,N,0.0
1158,2024-01-09,2025-08-01,Y,0.0
1159,2024-01-17,2024-06-15,Y,0.0
1160,2024-01-12,2024-07-10,Y,29.0
1161,2024-01-29,,N,0.0
1162,2024-01-13,,N,0.0
1163,2024-01-25,,N,99.0
1164,2024-01-14,,N,0.0
1165,2024-01-05,,N,0.0
1166,2024-01-03,2024-07-01,Y,0.0
1167,2024-01-12,2025-11-02,N,79.0
1168,2024-01-20,05/19/2024,N,0.0
1169,2024-01-07,05/06/2024,Y,0.0
1170,2024-01-12,12/07/2024,N,0.0
1171,2024-01-27,,N,
1172,2024-01-25,,N,0.0
1173,2024-01-12,,Y,0.0
1174,,04/25/2025,N,
1175,2024-01-01,,N,99.0
1176,2024-01-22,07/15/2025,N,0.0
1177,2024-01-22,2025-04-16,N,
1178,2024-01-28,02/21/2025,N,0.0
1179,2024-01-26,,Y,29.0
1180,2024-01-15,12/05/2025,Y,0.0
1181,2024-01-06,2025-07-29,Y,49.0
1182,2024-01-22,2025-09-13,Y,29.0
1183,2024-01-02,,N,59.0
1184,2024-01-13,,Y,49.0
1185,2024-01-09,,N,0.0
1186,2024-01-24,2025-02-17,Y,39.0
1187,2024-01-27,,N,79.0
1188,2024-01-08,04/07/2024,N,79.0
1189,2024-01-18,2024-04-17,Y,0.0
1190,2024-01-05,12/25/2025,Y,0.0
1191,2024-01-27,,N,99.0
1192,2024-01-23,,N,29.0
1193,2024-01-18,2025-04-12,Y,0.0
1194,2024-01-15,06/08/2025,N,39.0
1195,,2025-10-22,,0.0
1196,2024-01-10,11/30/2025,N,49.0
1197,2024-01-20,2025-08-12,Y,0.0
1198,,,N,0.0
1199,2024-01-08,12/03/2024,Y,
1200,2024-01-08,,N,0.0
1201,2024-01-27,,N,39.0
1202,2024-01-17,2025-05-11,Y,149.0
1203,2024-01-06,12/01/2024,Y,79.0
1204,2024-01-07,,N,0.0
1205,2024-01-12,2025-03-07,N,0.0
1206,2024-01-18,06/16/2024,,39.0
1207,2024-01-11,2024-08-08,Y,0.0
1208,2024-01-29,04/28/2024,Y,39.0
1209,2024-01-19,,Y,0.0
1210,2024-01-12,10/08/2024,Y,0.0
1211,2024-01-07,2024-06-05,Y,29.0
1212,2024-01-04,12/29/2024,N,0.0
1213,2024-01-16,2024-07-14,N,99.0
1214,2024-01-29,2025-04-23,Y,
1215,2024-01-27,,N,0.0
1216,,,Y,149.0
1217,2024-01-14,07/12/2024,Y,0.0
1218,2024-01-20,12/15/2024,N,0.0
1219,2024-01-30,11/20/2025,N,0.0
1220,2024-01-10,08/02/2025,N,49.0
1221,2024-01-13,12/03/2025,N,0.0
1222,2024-01-14,2024-08-11,N,99.0
1223,2024-01-02,2024-06-30,N,79.0
1224,2024-01-24,,N,79.0
1225,2024-01-20,01/14/2025,N,149.0
1226,,05/30/2024,N,0.0
1227,2024-01-05,2025-04-29,N,0.0
1228,,,N,0.0
1229,2024-01-18,,Y,0.0
1230,2024-01-22,11/12/2025,Y,0.0
1231,2024-01-07,01/01/2025,N,29.0
1232,2024-01-19,2025-08-11,N,0.0
1233,2024-01-17,,N,0.0
1234,,2025-07-24,N,49.0
1235,2024-01-27,,N,99.0
1236,2024-01-06,2025-10-27,Y,0.0
1237,2024-01-21,04/20/2024,Y,0.0
1238,2024-01-09,04/03/2025,Y,0.0
1239,2024-01-26,2025-03-21,Y,0.0
1240,2024-01-14,2024-05-13,N,0.0
1241,2024-01-14,,N,0.0
1242,,09/27/2024,N,0.0
1243,2024-01-04,2025-02-27,N,0.0
1244,2024-01-05,,Y,39.0
1245,2024-01-05,04/29/2025,N,0.0
1246,2024-01-03,2024-04-02,N,49.0
1247,2024-01-25,11/20/2024,N,59.0
1248,2024-01-13,2025-10-04,Y,0.0
1249,2024-01-09,,Y,0.0
1250,2024-01-08,,N,0.0
1251,2024-01-26,2025-09-17,Y,149.0
1252,2024-01-14,,N,0.0
1253,2024-01-10,,N,0.0
1254,2024-01-08,2025-11-28,N,0.0
1255,,,N,0.0
1256,2024-01-25,03/20/2025,Y,49.0
1257,2024-01-10,2025-12-30,N,0.0
1258,2024-01-07,2025-03-02,N,49.0
1259,2024-01-05,,N,0.0
1260,2024-01-17,,N,99.0
1261,2024-01-05,05/04/2024,Y,0.0
1262,2024-01-03,2025-10-24,Y,59.0
1263,2024-01-18,,N,149.0
1264,2024-01-01,2025-06-24,Y,99.0
1265,2024-01-26,12/21/2024,Y,0.0
1266,2024-01-11,,N,149.0
1267,2024-01-22,,Y,0.0
1268,2024-01-09,07/02/2025,Y,79.0
1269,2024-01-11,04/05/2025,N,0.0
1270,2024-01-23,,N,0.0
1271,2024-01-15,,Y,29.0
1272,2024-01-22,,N,29.0
1273,2024-01-05,04/04/2024,Y,0.0
1274,2024-01-28,2024-10-24,Y,0.0
1275,2024-01-29,,N,0.0
1276,2024-01-26,2024-07-24,Y,39.0
1277,2024-01-26,08/23/2024,N,79.0
1278,2024-01-12,2025-04-06,N,49.0
1279,2024-01-20,09/16/2024,Y,149.0
1280,2024-01-10,,Y,99.0
1281,2024-01-01,2025-11-21,N,99.0
1282,2024-01-12,,Y,99.0
1283,2024-01-09,,N,0.0
1284,2024-01-24,,N,0.0
1285,2024-01-13,2025-06-06,Y,0.0
1286,2024-01-12,,N,59.0
1287,2024-01-29,,N,149.0
1288,2024-01-30,2025-11-20,Y,39.0
1289,2024-01-28,10/24/2024,Y,79.0
1290,2024-01-25,,N,0.0
1291,,2024-12-26,N,79.0
1292,2024-01-07,05/31/2025,Y,0.0
1293,2024-01-07,08/29/2025,Y,29.0
1294,2024-01-05,2024-09-01,Y,99.0
1295,2024-01-24,10/15/2025,Y,0.0
1296,,04/25/2025,N,0.0
1297,2024-01-27,05/26/2024,Y,29.0
1298,2024-01-06,,,59.0
1299,2024-01-31,2025-04-25,N,79.0
1300,2024-01-06,05/05/2024,N,59.0
1301,2024-01-02,,N,0.0
1302,2024-01-01,05/25/2025,N,79.0
1303,2024-01-12,01/06/2025,N,0.0
1304,2024-01-17,,N,99.0
1305,2024-01-07,2024-11-02,Y,149.0
1306,2024-01-24,07/17/2025,N,99.0
1307,2024-01-09,,N,99.0
1308,2024-01-04,08/26/2025,N,39.0
1309,2024-01-15,2025-08-07,N,49.0
1310,2024-01-04,,N,39.0
1311,2024-01-17,2026-01-06,N,79.0
1312,2024-01-17,08/14/2024,N,0.0
1313,2024-01-25,2025-11-15,Y,0.0
1314,2024-01-02,2025-04-26,N,149.0
1315,2024-01-22,01/16/2025,Y,0.0
1316,2024-01-03,2025-05-27,N,0.0
1317,2024-01-17,,Y,0.0
1318,2024-01-15,,N,79.0
1319,2024-01-25,2026-01-14,Y,0.0
1320,2024-01-30,07/28/2024,N,0.0
1321,2024-01-19,04/13/2025,Y,0.0
1322,2024-01-30,04/29/2024,Y,0.0
1323,2024-01-26,2024-04-25,N,39.0
1324,2024-01-08,,N,0.0
1325,2024-01-12,04/11/2024,Y,0.0
1326,2024-01-23,04/22/2024,Y,0.0
1327,2024-01-28,,Y,0.0
1328,2024-01-27,09/23/2024,Y,59.0
1329,2024-01-11,,N,39.0
1330,2024-01-10,2025-09-01,Y,0.0
1331,2024-01-13,,Y,49.0
1332,2024-01-13,05/12/2024,N,149.0
1333,2024-01-23,,N,0.0
1334,2024-01-16,11/06/2025,Y,99.0
1335,2024-01-14,,Y,
1336,2024-01-07,,Y,0.0
1337,2024-01-23,09/14/2025,N,79.0
1338,2024-01-28,2024-10-24,N,0.0
1339,2024-01-21,,Y,0.0
1340,2024-01-08,,Y,0.0
1341,2024-01-01,2025-03-26,N,0.0
1342,2024-01-23,2024-05-22,N,0.0
1343,2024-01-15,07/13/2024,,149.0
1344,2024-01-23,06/16/2025,N,149.0
1345,2024-01-02,,Y,39.0
1346,2024-01-06,03/31/2025,N,149.0
1347,2024-01-31,,Y,0.0
1348,2024-01-29,10/20/2025,N,0.0
1349,2024-01-22,,Y,0.0
1350,2024-01-14,09/10/2024,N,29.0
1351,2024-01-12,,N,29.0
1352,2024-01-25,,N,49.0
1353,2024-01-15,,N,99.0
1354,2024-01-29,2024-04-28,Y,149.0
1355,2024-01-28,2026-01-17,Y,149.0
1356,2024-01-07,07/05/2024,N,49.0
1357,2024-01-11,04/10/2024,Y,149.0
1358,2024-01-16,10/12/2024,Y,49.0
1359,2024-01-26,,Y,0.0
1360,2024-01-15,04/09/2025,Y,79.0
1361,2024-01-19,,Y,79.0
1362,2024-01-10,,Y,39.0
1363,,,Y,39.0
1364,2024-01-09,2025-07-02,N,79.0
1365,2024-01-18,,N,79.0
1366,2024-01-18,2024-07-16,N,0.0
1367,,,N,149.0
1368,2024-01-11,08/03/2025,N,59.0
1369,2024-01-27,,N,0.0
1370,2024-01-24,02/17/2025,N,0.0
1371,2024-01-20,09/11/2025,Y,0.0
1372,2024-01-19,,N,0.0
1373,2024-01-13,2025-07-06,N,0.0
1374,2024-01-24,2024-07-22,Y,149.0
1375,2024-01-10,,Y,149.0
1376,,2025-08-23,N,99.0
1377,2024-01-21,,N,0.0
1378,2024-01-18,01/07/2026,Y,0.0
1379,2024-01-02,2024-04-01,Y,29.0
1380,2024-01-23,,Y,
1381,2024-01-02,,N,149.0
1382,2024-01-10,,Y,0.0
1383,2024-01-29,06/27/2024,N,0.0
1384,2024-01-21,2024-05-20,N,0.0
1385,2024-01-18,,Y,39.0
1386,2024-01-28,06/26/2024,N,0.0
1387,2024-01-13,07/11/2024,Y,
1388,2024-01-11,2025-09-02,Y,59.0
1389,2024-01-01,05/30/2024,Y,0.0
1390,2024-01-01,,N,0.0
1391,2024-01-17,2025-06-10,N,49.0
1392,2024-01-20,2025-02-13,Y,0.0
1393,2024-01-09,,Y,0.0
1394,2024-01-25,2024-11-20,Y,99.0
1395,2024-01-13,05/07/2025,N,0.0
1396,2024-01-05,,Y,79.0
1397,2024-01-15,2024-05-14,Y,59.0
1398,2024-01-26,2024-04-25,Y,0.0
1399,,01/25/2025,Y,0.0
1400,2024-01-02,05/01/2024,Y,0.0
1401,2024-01-09,,Y,149.0
1402,2024-01-18,,Y,0.0
1403,2024-01-28,,N,149.0
1404,2024-01-25,2024-10-21,N,0.0
1405,2024-01-29,2024-07-27,N,79.0
1406,2024-01-19,2025-02-12,N,0.0
1407,2024-01-04,,Y,49.0
1408,2024-01-04,2024-11-29,Y,0.0
1409,2024-01-11,,Y,149.0
1410,2024-01-25,12/15/2025,Y,0.0
1411,2024-01-14,2024-05-13,Y,0.0
1412,,,Y,79.0
1413,2024-01-03,2024-10-29,Y,99.0
1414,2024-01-04,01/28/2025,,0.0
1415,2024-01-09,2025-09-30,N,0.0
1416,2024-01-23,2025-09-14,N,0.0
1417,2024-01-26,2025-09-17,N,0.0
1418,2024-01-23,11/13/2025,N,79.0
1419,2024-01-18,,N,0.0
1420,2024-01-26,08/23/2024,Y,0.0
1421,2024-01-12,,,59.0
1422,2024-01-08,02/01/2025,N,29.0
1423,2024-01-30,05/29/2024,Y,49.0
1424,2024-01-17,,N,0.0
1425,2024-01-25,,N,0.0
1426,2024-01-19,10/10/2025,N,0.0
1427,2024-01-02,09/28/2024,N,0.0
1428,2024-01-02,,N,79.0
1429,2024-01-28,2025-04-22,N,0.0
1430,2024-01-02,,Y,0.0
1431,2024-01-28,2025-10-19,Y,0.0
1432,2024-01-04,2025-09-25,N,29.0
1433,2024-01-10,10/06/2024,N,0.0
1434,2024-01-16,2025-03-11,N,79.0
1435,2024-01-19,2025-01-13,,79.0
1436,2024-01-05,12/25/2025,Y,0.0
1437,2024-01-17,2024-12-12,N,0.0
1438,2024-01-11,2025-04-05,N,149.0
1439,2024-01-15,09/11/2024,N,49.0
1440,2024-01-28,2024-06-26,N,39.0
1441,,09/27/2024,N,39.0
1442,2024-01-08,2025-10-29,N,0.0
1443,2024-01-31,06/24/2025,N,149.0
1444,,,Y,99.0
1445,2024-01-13,01/02/2026,N,149.0
1446,2024-01-12,,N,29.0
1447,2024-01-28,,Y,39.0
1448,2024-01-10,12/30/2025,N,0.0
1449,2024-01-03,2025-03-28,Y,49.0
1450,2024-01-19,2025-12-09,Y,0.0
1451,2024-01-19,2026-01-08,Y,0.0
1452,2024-01-08,2025-05-02,N,59.0
1453,2024-01-22,2025-11-12,N,99.0
1454,2024-01-30,,Y,0.0
1455,2024-01-31,,Y,
1456,2024-01-11,,Y,99.0
1457,2024-01-31,01/25/2025,N,0.0
1458,2024-01-27,,Y,49.0
1459,2024-01-25,,Y,0.0
1460,2024-01-25,04/19/2025,,0.0
1461,2024-01-14,,N,0.0
1462,2024-01-14,12/04/2025,Y,0.0
1463,2024-01-04,04/03/2024,N,29.0
1464,2024-01-26,12/16/2025,N,99.0
1465,2024-01-31,2025-04-25,N,0.0
1466,2024-01-23,,N,0.0
1467,2024-01-07,,N,39.0
1468,2024-01-12,,N,99.0
1469,,03/31/2024,Y,59.0
1470,2024-01-27,07/20/2025,N,79.0
1471,2024-01-28,04/22/2025,N,
1472,2024-01-27,05/26/2024,Y,0.0
1473,2024-01-26,2025-05-20,N,0.0
1474,2024-01-15,,N,49.0
1475,2024-01-25,,Y,0.0
1476,2024-01-10,,N,99.0
1477,2024-01-02,,N,29.0
1478,2024-01-24,2026-01-13,Y,0.0
1479,2024-01-27,11/17/2025,Y,0.0
1480,2024-01-14,2024-12-09,Y,39.0
1481,2024-01-12,12/07/2024,Y,79.0
1482,2024-01-15,07/08/2025,Y,0.0
1483,2024-01-29,05/23/2025,Y,99.0
1484,2024-01-10,2025-08-02,N,0.0
1485,2024-01-26,2025-11-16,N,
1486,2024-01-31,10/27/2024,N,0.0
1487,2024-01-03,05/27/2025,N,29.0
1488,2024-01-03,2024-11-28,N,39.0
1489,2024-01-27,,Y,0.0
1490,2024-01-31,,Y,0.0
1491,2024-01-18,,N,0.0
1492,2024-01-13,,Y,0.0
1493,2024-01-01,,N,59.0
1494,2024-01-17,12/07/2025,N,149.0
1495,2024-01-08,2024-05-07,N,49.0
1496,2024-01-29,,N,0.0
1497,2024-01-21,2025-02-14,Y,0.0
1498,2024-01-11,2024-05-10,N,0.0
1499,2024-01-23,2024-12-18,Y,0.0
1500,2024-01-03,10/24/2025,N,29.0
1501,2024-01-02,2025-09-23,Y,99.0
1502,2024-01-22,2025-01-16,Y,59.0
1503,2024-01-02,2024-05-31,Y,0.0
1504,2024-01-03,2025-06-26,N,149.0
1505,2024-01-24,,N,0.0
1506,2024-01-21,2025-09-12,N,0.0
1507,2024-01-13,12/08/2024,Y,
1508,2024-01-20,07/18/2024,N,0.0
1509,2024-01-17,2025-11-07,Y,99.0
1510,2024-01-11,10/02/2025,N,39.0
1511,2024-01-18,2024-11-13,Y,149.0
1512,2024-01-07,2024-05-06,N,39.0
1513,2024-01-31,06/29/2024,Y,79.0
1514,2024-01-18,01/07/2026,Y,99.0
1515,2024-01-06,,N,0.0
1516,2024-01-26,,N,39.0
1517,2024-01-05,,N,0.0
1518,2024-01-14,10/05/2025,Y,0.0
1519,2024-01-19,,N,
1520,2024-01-18,,N,29.0
1521,2024-01-15,2025-02-08,N,0.0
1522,2024-01-18,08/10/2025,N,0.0
1523,2024-01-07,,N,0.0
1524,2024-01-24,2025-04-18,N,0.0
1525,2024-01-18,2025-07-11,N,59.0
1526,2024-01-03,2025-07-26,Y,29.0
1527,2024-01-07,2025-11-27,N,79.0
1528,2024-01-06,,N,49.0
1529,2024-01-24,,N,39.0
1530,2024-01-08,,N,29.0
1531,2024-01-23,2025-02-16,Y,0.0
1532,2024-01-11,,N,0.0
1533,2024-01-09,2025-06-02,Y,0.0
1534,2024-01-02,12/27/2024,Y,0.0
1535,2024-01-24,2024-10-20,Y,59.0
1536,2024-01-22,10/18/2024,N,0.0
1537,2024-01-19,01/08/2026,N,0.0
1538,2024-01-03,2025-09-24,Y,149.0
1539,,,Y,29.0
1540,2024-01-24,2024-07-22,Y,49.0
1541,2024-01-01,2025-01-25,Y,0.0
1542,2024-01-30,2024-08-27,N,0.0
1543,2024-01-24,2024-09-20,Y,99.0
1544,2024-01-16,09/07/2025,Y,0.0
1545,2024-01-08,03/03/2025,Y,79.0
1546,2024-01-03,,Y,29.0
1547,2024-01-09,09/05/2024,Y,0.0
1548,2024-01-25,,N,0.0
1549,2024-01-27,2024-08-24,N,39.0
1550,2024-01-31,2025-02-24,Y,0.0
1551,2024-01-18,2025-01-12,N,0.0
1552,,,N,0.0
1553,2024-01-04,,Y,0.0
1554,2024-01-17,,N,0.0
1555,2024-01-22,04/16/2025,Y,59.0
1556,2024-01-31,02/24/2025,N,0.0
1557,2024-01-09,2025-04-03,N,0.0
1558,2024-01-23,,Y,29.0
1559,2024-01-21,,Y,99.0
1560,2024-01-08,2024-10-04,Y,0.0
1561,2024-01-25,2025-08-17,Y,149.0
1562,2024-01-14,,N,39.0
1563,2024-01-09,03/04/2025,N,0.0
1564,2024-01-06,2024-09-02,N,39.0
1565,2024-01-27,2025-06-20,N,0.0
1566,2024-01-01,2024-11-26,Y,0.0
1567,2024-01-22,01/16/2025,N,39.0
1568,2024-01-19,,N,49.0
1569,2024-01-01,,N,49.0
1570,2024-01-21,2025-07-14,,0.0
1571,2024-01-03,09/24/2025,N,99.0
1572,2024-01-09,,Y,29.0
1573,2024-01-11,2025-08-03,N,99.0
1574,2024-01-02,04/01/2024,Y,0.0
1575,2024-01-03,,N,0.0
1576,2024-01-14,05/08/2025,N,29.0
1577,2024-01-17,12/07/2025,Y,0.0
1578,2024-01-12,,Y,0.0
1579,2024-01-15,05/09/2025,Y,0.0
1580,2024-01-28,05/22/2025,N,39.0
1581,2024-01-16,2025-03-11,N,0.0
1582,2024-01-04,2024-08-01,N,
1583,2024-01-30,,N,99.0
1584,2024-01-11,10/02/2025,Y,0.0
1585,2024-01-17,,,0.0
1586,2024-01-18,05/17/2024,Y,0.0
1587,2024-01-09,2025-08-31,N,0.0
1588,2024-01-22,,N,0.0
1589,2024-01-07,01/01/2025,Y,0.0
1590,2024-01-11,04/10/2024,Y,0.0
1591,2024-01-12,,N,0.0
1592,2024-01-06,05/05/2024,Y,
1593,2024-01-07,06/30/2025,N,79.0
1594,2024-01-12,,N,0.0
1595,2024-01-23,2024-07-21,N,0.0
1596,2024-01-30,,Y,59.0
1597,,,Y,79.0
1598,2024-01-30,01/19/2026,Y,0.0
1599,2024-01-28,04/27/2024,N,0.0
1600,2024-01-07,04/01/2025,Y,0.0
1601,2024-01-02,,N,0.0
1602,2024-01-05,,Y,
1603,2024-01-03,,N,79.0
1604,2024-01-26,08/23/2024,N,0.0
1605,2024-01-23,10/19/2024,,29.0
1606,2024-01-21,01/10/2026,Y,29.0
1607,2024-01-19,,Y,79.0
1608,2024-01-16,08/08/2025,Y,59.0
1609,2024-01-25,2025-03-20,N,0.0
1610,2024-01-26,2026-01-15,Y,59.0
1611,2024-01-25,,Y,0.0
1612,2024-01-05,10/31/2024,N,59.0
1613,,04/25/2025,N,
1614,2024-01-07,09/28/2025,N,0.0
1615,2024-01-08,,N,79.0
1616,2024-01-23,06/16/2025,Y,0.0
1617,,2024-09-27,N,0.0
1618,2024-01-30,08/27/2024,N,0.0
1619,2024-01-13,2025-02-06,Y,0.0
1620,2024-01-24,01/18/2025,N,0.0
1621,2024-01-23,06/16/2025,,39.0
1622,2024-01-08,,N,0.0
1623,2024-01-06,09/02/2024,N,39.0
1624,2024-01-04,,Y,99.0
1625,2024-01-10,2024-12-05,N,29.0
1626,2024-01-08,,Y,59.0
1627,2024-01-05,08/27/2025,Y,29.0
1628,2024-01-12,11/02/2025,Y,0.0
1629,2024-01-31,,Y,0.0
1630,2024-01-19,2025-08-11,Y,59.0
1631,2024-01-21,,N,39.0
1632,2024-01-13,,N,0.0
1633,,12/26/2024,,0.0
1634,2024-01-22,2024-08-19,N,0.0
1635,2024-01-07,04/01/2025,Y,149.0
1636,2024-01-12,,Y,49.0
1637,2024-01-30,,Y,0.0
1638,2024-01-26,2024-04-25,Y,0.0
1639,2024-01-08,,N,99.0
1640,2024-01-21,,N,0.0
1641,2024-01-19,10/10/2025,N,79.0
1642,2024-01-07,,N,0.0
1643,2024-01-11,10/02/2025,N,0.0
1644,2024-01-25,2025-01-19,Y,0.0
1645,2024-01-19,2025-05-13,Y,0.0
1646,2024-01-08,11/03/2024,Y,0.0
1647,2024-01-21,,Y,149.0
1648,2024-01-27,,Y,0.0
1649,2024-01-13,2024-04-12,N,39.0
1650,2024-01-26,11/16/2025,Y,0.0
1651,2024-01-14,2024-06-12,Y,0.0
1652,2024-01-03,,Y,149.0
1653,2024-01-30,12/20/2025,N,59.0
1654,2024-01-24,,Y,0.0
1655,2024-01-21,,Y,59.0
1656,2024-01-13,,Y,59.0
1657,2024-01-20,11/15/2024,Y,59.0
1658,2024-01-01,02/24/2025,N,39.0
1659,2024-01-02,05/31/2024,N,0.0
1660,2024-01-18,2024-05-17,Y,0.0
1661,2024-01-13,08/10/2024,Y,0.0
1662,2024-01-13,,Y,79.0
1663,2024-01-21,,N,0.0
1664,2024-01-02,,Y,0.0
1665,2024-01-26,2024-04-25,N,0.0
1666,2024-01-13,2024-04-12,Y,79.0
1667,2024-01-24,,N,0.0
1668,2024-01-26,11/21/2024,N,39.0
1669,2024-01-12,,N,0.0
1670,2024-01-09,07/07/2024,Y,0.0
1671,2024-01-26,,Y,0.0
1672,2024-01-21,,Y,0.0
1673,2024-01-27,2025-02-20,Y,149.0
1674,2024-01-12,,N,0.0
1675,2024-01-21,2025-11-11,N,29.0
1676,2024-01-01,09/27/2024,N,0.0
1677,2024-01-13,11/08/2024,Y,0.0
1678,2024-01-17,,N,0.0
1679,2024-01-10,,Y,0.0
1680,2024-01-09,,Y,0.0
1681,2024-01-01,,Y,0.0
1682,2024-01-05,,N,59.0
1683,,,Y,0.0
1684,,,N,29.0
1685,2024-01-29,01/18/2026,Y,0.0
1686,2024-01-18,,N,149.0
1687,,06/29/2024,N,0.0
1688,2024-01-31,07/29/2024,Y,0.0
1689,2024-01-10,2024-09-06,N,0.0
1690,2024-01-12,07/05/2025,Y,99.0
1691,2024-01-16,,Y,39.0
1692,2024-01-12,2025-03-07,N,0.0
1693,2024-01-16,,Y,0.0
1694,2024-01-07,2024-09-03,N,59.0
1695,2024-01-23,01/17/2025,Y,99.0
1696,2024-01-05,09/26/2025,N,79.0
1697,,2024-03-31,N,49.0
1698,2024-01-05,2025-01-29,N,0.0
1699,2024-01-01,03/31/2024,N,0.0
1700,2024-01-22,2024-11-17,Y,0.0
1701,2024-01-12,01/06/2025,Y,149.0
1702,2024-01-19,08/16/2024,Y,
1703,2024-01-14,,Y,0.0
1704,,08/28/2024,Y,0.0
1705,2024-01-06,2025-12-26,Y,0.0
1706,2024-01-07,2024-05-06,N,49.0
1707,2024-01-29,11/24/2024,N,0.0
1708,2024-01-21,,N,49.0
1709,2024-01-12,06/05/2025,N,0.0
1710,2024-01-23,,Y,59.0
1711,2024-01-16,05/15/2024,N,39.0
1712,2024-01-16,12/06/2025,N,149.0
1713,2024-01-31,,N,0.0
1714,2024-01-31,,Y,39.0
1715,2024-01-09,,N,0.0
1716,,06/29/2024,Y,39.0
1717,2024-01-04,2024-09-30,N,0.0
1718,2024-01-12,2025-08-04,Y,0.0
1719,2024-01-28,2025-12-18,N,0.0
1720,2024-01-12,,N,99.0
1721,2024-01-22,01/16/2025,N,49.0
1722,2024-01-21,,N,
1723,2024-01-30,2024-04-29,N,29.0
1724,2024-01-25,,Y,49.0
1725,2024-01-24,12/19/2024,N,0.0
1726,2024-01-18,,N,79.0
1727,2024-01-16,12/06/2025,Y,79.0
1728,2024-01-08,09/04/2024,N,0.0
1729,2024-01-02,2025-12-22,,
1730,2024-01-06,09/02/2024,Y,0.0
1731,2024-01-31,2024-05-30,Y,0.0
1732,2024-01-10,12/05/2024,Y,
1733,2024-01-14,,N,0.0
1734,2024-01-16,,N,29.0
1735,2024-01-13,09/09/2024,Y,99.0
1736,,10/27/2024,N,0.0
1737,2024-01-30,05/29/2024,N,0.0
1738,2024-01-21,07/19/2024,N,0.0
1739,2024-01-19,,,59.0
1740,2024-01-29,09/20/2025,N,0.0
1741,2024-01-16,10/07/2025,Y,59.0
1742,2024-01-23,2025-08-15,Y,29.0
1743,2024-01-15,2024-05-14,Y,0.0
1744,2024-01-03,2025-05-27,N,79.0
1745,2024-01-30,,N,49.0
1746,2024-01-14,2025-10-05,Y,79.0
1747,2024-01-14,2025-06-07,Y,0.0
1748,2024-01-03,02/26/2025,Y,149.0
1749,2024-01-03,2025-05-27,Y,99.0
1750,2024-01-08,2024-10-04,Y,49.0
1751,,2025-01-25,N,49.0
1752,2024-01-27,,N,0.0
1753,2024-01-27,01/16/2026,Y,0.0
1754,2024-01-03,,N,49.0
1755,2024-01-13,,Y,39.0
1756,2024-01-06,2025-04-30,Y,0.0
1757,2024-01-10,,Y,0.0
1758,2024-01-12,08/09/2024,Y,99.0
1759,2024-01-06,2024-12-01,N,29.0
1760,2024-01-21,2025-04-15,N,79.0
1761,2024-01-25,2026-01-14,N,149.0
1762,2024-01-27,03/22/2025,N,99.0
1763,2024-01-04,2025-04-28,N,0.0
1764,2024-01-17,2025-12-07,Y,79.0
1765,2024-01-13,,N,0.0
1766,2024-01-27,2024-05-26,Y,29.0
1767,2024-01-15,,Y,99.0
1768,2024-01-07,,N,59.0
1769,2024-01-07,2025-05-01,N,59.0
1770,2024-01-13,,Y,149.0
1771,,,N,49.0
1772,2024-01-19,03/14/2025,N,29.0
1773,2024-01-22,06/20/2024,N,0.0
1774,2024-01-22,2025-07-15,Y,39.0
1775,2024-01-16,05/10/2025,Y,0.0
1776,2024-01-04,2025-10-25,N,99.0
1777,2024-01-10,,Y,99.0
1778,2024-01-19,,N,0.0
1779,2024-01-12,2025-07-05,N,49.0
1780,2024-01-16,,N,0.0
1781,2024-01-23,,N,39.0
1782,2024-01-25,,Y,0.0
1783,2024-01-27,,Y,149.0
1784,2024-01-19,,Y,0.0
1785,2024-01-15,2025-12-05,N,0.0
1786,2024-01-03,2024-09-29,Y,99.0
1787,2024-01-22,11/12/2025,N,0.0
1788,2024-01-18,07/11/2025,N,0.0
1789,2024-01-10,,N,0.0
1790,2024-01-17,07/10/2025,Y,0.0
1791,2024-01-13,06/06/2025,,0.0
1792,2024-01-03,2025-03-28,Y,149.0
1793,2024-01-25,,Y,99.0
1794,2024-01-17,,Y,0.0
1795,2024-01-01,2025-08-23,N,79.0
1796,2024-01-02,,N,59.0
1797,2024-01-20,2025-07-13,N,49.0
1798,2024-01-28,,N,99.0
1799,2024-01-22,12/17/2024,N,49.0
1800,2024-01-10,2024-09-06,N,59.0
1801,2024-01-28,,N,39.0
1802,2024-01-31,2025-04-25,Y,49.0
1803,2024-01-24,,N,0.0
1804,2024-01-21,,Y,0.0
1805,2024-01-06,,Y,0.0
1806,,04/30/2024,Y,0.0
1807,2024-01-19,,Y,39.0
1808,2024-01-02,,N,79.0
1809,2024-01-11,,Y,0.0
1810,2024-01-25,,Y,39.0
1811,2024-01-21,04/15/2025,N,
1812,2024-01-24,,N,0.0
1813,2024-01-14,,N,149.0
1814,2024-01-28,,N,79.0
1815,2024-01-12,,Y,39.0
1816,2024-01-03,,Y,0.0
1817,2024-01-23,,N,79.0
1818,2024-01-26,,N,0.0
1819,2024-01-15,2025-12-05,Y,0.0
1820,2024-01-01,,Y,99.0
1821,2024-01-18,,Y,49.0
1822,2024-01-05,,N,0.0
1823,2024-01-31,,N,149.0
1824,2024-01-09,,N,0.0
1825,2024-01-21,,N,49.0
1826,2024-01-10,2024-08-07,Y,0.0
1827,2024-01-25,2025-10-16,Y,49.0
1828,2024-01-11,,Y,0.0
1829,2024-01-30,,N,0.0
1830,2024-01-30,01/24/2025,N,0.0
1831,2024-01-06,04/05/2024,Y,149.0
1832,2024-01-04,05/28/2025,Y,149.0
1833,2024-01-04,,Y,99.0
1834,2024-01-14,05/08/2025,N,0.0
1835,2024-01-09,01/03/2025,Y,0.0
1836,2024-01-08,06/01/2025,Y,0.0
1837,2024-01-07,,Y,0.0
1838,2024-01-26,2025-12-16,Y,49.0
1839,2024-01-17,,Y,99.0
1840,2024-01-02,04/26/2025,N,59.0
1841,2024-01-13,,N,149.0
1842,2024-01-03,,Y,0.0
1843,2024-01-25,,N,59.0
1844,2024-01-14,2024-10-10,Y,0.0
1845,2024-01-18,08/15/2024,,0.0
1846,2024-01-06,2025-07-29,N,29.0
1847,2024-01-22,,Y,0.0
1848,2024-01-24,2024-07-22,Y,99.0
1849,2024-01-22,,Y,49.0
1850,2024-01-19,,N,79.0
1851,2024-01-25,2026-01-14,,99.0
1852,2024-01-16,01/10/2025,Y,49.0
1853,,2025-08-23,N,0.0
1854,2024-01-06,2025-12-26,Y,0.0
1855,2024-01-09,2025-11-29,Y,49.0
1856,2024-01-20,,N,0.0
1857,2024-01-20,,Y,39.0
1858,2024-01-21,,Y,0.0
1859,2024-01-18,11/13/2024,N,
1860,2024-01-14,2025-01-08,N,79.0
1861,2024-01-01,2024-04-30,N,0.0
1862,2024-01-24,09/20/2024,N,0.0
1863,,,N,0.0
1864,2024-01-14,2025-08-06,N,49.0
1865,2024-01-27,2026-01-16,Y,79.0
1866,2024-01-28,04/22/2025,Y,0.0
1867,2024-01-10,2024-09-06,Y,
1868,2024-01-06,06/29/2025,N,0.0
1869,2024-01-10,2025-08-02,Y,149.0
1870,2024-01-06,,Y,149.0
1871,2024-01-19,,N,29.0
1872,2024-01-04,2024-05-03,Y,
1873,2024-01-09,2024-12-04,Y,59.0
1874,2024-01-11,,Y,79.0
1875,,,N,99.0
1876,,2025-06-24,Y,0.0
1877,2024-01-30,,N,0.0
1878,2024-01-14,,N,0.0
1879,2024-01-14,,Y,0.0
1880,2024-01-31,2024-11-26,Y,0.0
1881,2024-01-17,,N,99.0
1882,2024-01-29,,N,0.0
1883,2024-01-25,,N,0.0
1884,2024-01-30,2024-04-29,Y,0.0
1885,2024-01-12,2024-11-07,N,149.0
1886,2024-01-16,,N,29.0
1887,2024-01-16,11/06/2025,Y,0.0
1888,2024-01-15,01/09/2025,N,79.0
1889,2024-01-23,,N,29.0
1890,2024-01-03,,N,49.0
1891,2024-01-28,,N,0.0
1892,2024-01-20,11/10/2025,N,0.0
1893,2024-01-01,,N,0.0
1894,2024-01-10,10/01/2025,Y,59.0
1895,2024-01-25,2025-04-19,Y,79.0
1896,2024-01-30,04/29/2024,N,39.0
1897,2024-01-02,,Y,0.0
1898,2024-01-31,,N,99.0
1899,2024-01-20,2024-05-19,N,149.0
1900,2024-01-14,,Y,0.0
1901,2024-01-31,,Y,0.0
1902,2024-01-13,,N,0.0
1903,2024-01-20,08/17/2024,Y,0.0
1904,2024-01-30,07/23/2025,Y,0.0
1905,2024-01-30,2025-04-24,Y,0.0
1906,2024-01-09,,N,0.0
1907,2024-01-14,12/04/2025,N,0.0
1908,2024-01-27,06/20/2025,Y,0.0
1909,,2025-06-24,Y,0.0
1910,2024-01-15,07/08/2025,Y,0.0
1911,2024-01-05,,N,149.0
1912,2024-01-28,2024-04-27,,39.0
1913,,05/30/2024,Y,39.0
1914,2024-01-10,08/02/2025,N,79.0
1915,2024-01-29,11/24/2024,Y,29.0
1916,2024-01-04,,Y,0.0
1917,2024-01-28,01/17/2026,N,0.0
1918,2024-01-08,,N,0.0
1919,2024-01-20,2025-10-11,Y,0.0
1920,2024-01-07,,Y,0.0
1921,2024-01-16,03/11/2025,Y,49.0
1922,2024-01-31,,Y,149.0
1923,2024-01-17,07/10/2025,N,39.0
1924,2024-01-24,2024-06-22,N,0.0
1925,2024-01-23,2025-07-16,N,0.0
1926,2024-01-03,2024-12-28,N,0.0
1927,2024-01-31,01/20/2026,Y,0.0
1928,2024-01-13,11/03/2025,N,0.0
1929,2024-01-21,,N,59.0
1930,2024-01-12,,Y,99.0
1931,2024-01-07,,Y,0.0
1932,2024-01-25,02/18/2025,Y,39.0
1933,2024-01-24,2025-11-14,N,39.0
1934,2024-01-06,2025-03-31,Y,0.0
1935,2024-01-23,07/21/2024,Y,0.0
1936,2024-01-16,2025-04-10,N,29.0
1937,2024-01-28,2024-09-24,Y,59.0
1938,2024-01-11,12/31/2025,N,39.0
1939,2024-01-13,08/10/2024,N,0.0
1940,2024-01-18,02/11/2025,Y,59.0
1941,,,Y,39.0
1942,2024-01-31,,N,29.0
1943,2024-01-04,2025-02-27,Y,29.0
1944,2024-01-26,,Y,0.0
1945,2024-01-16,2025-10-07,N,0.0
1946,2024-01-27,,N,49.0
1947,2024-01-01,11/21/2025,N,0.0
1948,2024-01-24,,N,99.0
1949,2024-01-05,,N,99.0
1950,2024-01-12,,Y,0.0
1951,2024-01-15,2024-04-14,N,149.0
1952,2024-01-12,,N,59.0
1953,,05/25/2025,Y,0.0
1954,2024-01-29,,N,59.0
1955,2024-01-06,09/27/2025,Y,29.0
1956,2024-01-10,12/05/2024,N,
1957,2024-01-11,,Y,99.0
1958,2024-01-17,08/09/2025,N,49.0
1959,2024-01-25,,Y,99.0
1960,,,N,149.0
1961,2024-01-07,,Y,99.0
1962,2024-01-27,,Y,
1963,2024-01-20,01/14/2025,Y,0.0
1964,2024-01-24,03/19/2025,Y,0.0
1965,2024-01-24,2025-06-17,N,79.0
1966,2024-01-29,2024-08-26,N,149.0
1967,2024-01-24,,Y,0.0
1968,2024-01-24,,Y,0.0
1969,2024-01-09,,,0.0
1970,2024-01-21,,Y,0.0
1971,2024-01-27,08/24/2024,Y,59.0
1972,2024-01-18,,N,59.0
1973,2024-01-28,,Y,39.0
1974,2024-01-02,2024-04-01,N,0.0
1975,2024-01-17,2025-09-08,N,149.0
1976,2024-01-18,2025-05-12,N,0.0
1977,2024-01-16,,Y,149.0
1978,2024-01-09,2025-08-01,N,49.0
1979,2024-01-03,06/26/2025,Y,0.0
1980,2024-01-24,08/16/2025,Y,79.0
1981,2024-01-08,2025-03-03,Y,0.0
1982,2024-01-01,,N,79.0
1983,2024-01-15,2025-03-10,N,0.0
1984,2024-01-29,2024-12-24,N,29.0
1985,2024-01-08,2024-10-04,Y,0.0
1986,2024-01-02,,Y,99.0
1987,2024-01-14,2026-01-03,N,29.0
1988,2024-01-08,,Y,0.0
1989,2024-01-03,2024-10-29,Y,0.0
1990,2024-01-30,,Y,0.0
1991,2024-01-23,05/17/2025,N,99.0
1992,2024-01-18,04/12/2025,Y,0.0
1993,2024-01-04,,Y,99.0
1994,2024-01-11,2025-04-05,Y,39.0
1995,2024-01-01,2024-04-30,N,59.0
1996,2024-01-29,,N,59.0
1997,2024-01-30,2024-12-25,Y,0.0
1998,2024-01-02,2025-07-25,Y,0.0
1999,2024-01-15,01/09/2025,N,149.0
2000,,02/24/2025,N,0.0
2001,2024-01-26,,Y,0.0
2002,,12/21/2025,Y,0.0
2003,2024-01-22,11/17/2024,N,
2004,2024-01-21,10/12/2025,N,29.0
2005,2024-01-05,,N,149.0
2006,2024-01-04,,Y,0.0
2007,2024-01-11,12/01/2025,Y,0.0
2008,2024-01-27,,N,0.0
2009,2024-01-18,2025-06-11,,0.0
2010,2024-01-11,,Y,59.0
2011,2024-01-11,2024-12-06,N,29.0
2012,2024-01-20,2025-02-13,Y,0.0
2013,2024-01-13,,N,149.0
2014,,,N,59.0
2015,2024-01-06,,Y,0.0
2016,2024-01-28,07/26/2024,N,0.0
2017,2024-01-24,2025-11-14,N,0.0
2018,2024-01-14,,Y,0.0
2019,2024-01-21,,Y,
2020,2024-01-03,,Y,0.0
2021,2024-01-15,09/06/2025,N,59.0
2022,2024-01-05,,Y,49.0
2023,2024-01-28,,N,0.0
2024,2024-01-12,08/04/2025,N,39.0
2025,2024-01-25,07/18/2025,N,0.0
2026,2024-01-18,,N,0.0
2027,2024-01-18,,Y,0.0
2028,2024-01-08,07/06/2024,N,59.0
2029,2024-01-27,,Y,0.0
2030,,,,39.0
2031,2024-01-29,2024-12-24,Y,0.0
2032,2024-01-19,10/15/2024,N,49.0
2033,2024-01-26,11/16/2025,N,0.0
2034,2024-01-04,,Y,0.0
2035,2024-01-09,,Y,149.0
2036,2024-01-08,2025-05-02,Y,49.0
2037,2024-01-07,12/02/2024,N,0.0
2038,2024-01-10,2025-10-01,Y,0.0
2039,2024-01-15,2025-08-07,N,0.0
2040,2024-01-02,,N,99.0
2041,2024-01-07,08/29/2025,Y,59.0
2042,2024-01-01,2024-10-27,N,99.0
2043,2024-01-16,06/14/2024,Y,149.0
2044,2024-01-18,2025-03-13,Y,39.0
2045,2024-01-24,2025-01-18,Y,0.0
2046,2024-01-24,08/21/2024,Y,0.0
2047,2024-01-12,09/08/2024,Y,0.0
2048,2024-01-16,,N,0.0
2049,2024-01-06,,N,0.0
2050,2024-01-16,07/14/2024,N,79.0
2051,,2025-06-24,N,0.0
2052,2024-01-08,,Y,0.0
2053,2024-01-03,,Y,39.0
2054,2024-01-24,09/20/2024,Y,0.0
2055,2024-01-02,2025-01-26,Y,0.0
2056,2024-01-01,,Y,0.0
2057,2024-01-02,,N,59.0
2058,2024-01-14,,Y,29.0
2059,,2025-02-24,N,0.0
2060,2024-01-29,08/26/2024,Y,0.0
2061,2024-01-20,10/11/2025,N,0.0
2062,2024-01-21,2024-04-20,Y,29.0
2063,2024-01-14,2025-10-05,N,0.0
2064,2024-01-16,,N,0.0
2065,2024-01-09,2025-07-02,Y,99.0
2066,2024-01-13,10/04/2025,Y,79.0
2067,2024-01-10,,N,
2068,,11/21/2025,N,99.0
2069,2024-01-21,04/15/2025,N,0.0
2070,2024-01-21,06/19/2024,N,0.0
2071,2024-01-21,2024-07-19,Y,0.0
2072,2024-01-07,2025-07-30,Y,0.0
2073,2024-01-11,,Y,49.0
2074,2024-01-28,,N,99.0
2075,2024-01-05,01/29/2025,N,0.0
2076,2024-01-30,10/21/2025,N,0.0
2077,2024-01-25,2024-06-23,N,0.0
2078,2024-01-20,2024-06-18,Y,0.0
2079,2024-01-25,09/16/2025,N,0.0
2080,2024-01-08,06/01/2025,N,0.0
2081,2024-01-26,,,0.0
2082,2024-01-15,,N,0.0
2083,2024-01-19,08/11/2025,Y,0.0
2084,2024-01-25,,N,59.0
2085,2024-01-11,,Y,0.0
2086,2024-01-18,11/13/2024,N,79.0
2087,2024-01-26,2024-04-25,Y,99.0
2088,2024-01-14,07/07/2025,N,79.0
2089,2024-01-04,,N,149.0
2090,2024-01-11,06/04/2025,N,0.0
2091,2024-01-27,07/20/2025,Y,79.0
2092,2024-01-08,,N,0.0
2093,2024-01-09,,Y,79.0
2094,,,Y,39.0
2095,2024-01-12,2024-07-10,Y,49.0
2096,2024-01-04,05/03/2024,N,79.0
2097,2024-01-25,,N,0.0
2098,2024-01-14,04/08/2025,Y,59.0
2099,2024-01-24,2024-09-20,Y,49.0
2100,2024-01-11,06/04/2025,Y,0.0
2101,2024-01-05,,N,0.0
2102,2024-01-07,11/27/2025,Y,0.0
2103,,,N,49.0
2104,2024-01-22,,Y,
2105,2024-01-21,2025-01-15,N,49.0
2106,2024-01-22,,Y,0.0
2107,2024-01-18,2025-01-12,Y,149.0
2108,2024-01-24,,N,149.0
2109,2024-01-16,,Y,0.0
2110,2024-01-30,,Y,99.0
2111,2024-01-17,,N,0.0
2112,2024-01-04,2025-01-28,N,149.0
2113,2024-01-02,2025-03-27,Y,149.0
2114,2024-01-13,2024-06-11,Y,0.0
2115,2024-01-30,,Y,79.0
2116,2024-01-12,,Y,149.0
2117,2024-01-25,,Y,79.0
2118,2024-01-03,,N,49.0
2119,2024-01-05,2024-07-03,Y,99.0
2120,,,Y,0.0
2121,2024-01-27,01/16/2026,Y,49.0
2122,2024-01-10,,Y,0.0
2123,,,Y,0.0
2124,2024-01-06,2024-12-31,Y,0.0
2125,2024-01-23,2025-07-16,N,49.0
2126,2024-01-21,2025-03-16,Y,0.0
2127,2024-01-15,2025-12-05,N,0.0
2128,2024-01-05,05/29/2025,N,149.0
2129,2024-01-06,,Y,149.0
2130,2024-01-27,2025-05-21,N,0.0
2131,2024-01-04,2025-05-28,Y,99.0
2132,2024-01-18,2025-11-08,N,0.0
2133,2024-01-15,,N,0.0
2134,2024-01-17,2025-08-09,N,29.0
2135,2024-01-27,2024-06-25,N,39.0
2136,2024-01-29,2024-12-24,Y,79.0
2137,2024-01-03,09/29/2024,N,
2138,2024-01-10,2024-10-06,Y,
2139,2024-01-19,,Y,79.0
2140,2024-01-05,11/25/2025,N,29.0
2141,2024-01-17,08/09/2025,Y,99.0
2142,2024-01-20,08/12/2025,Y,79.0
2143,2024-01-01,,N,59.0
2144,2024-01-11,2024-05-10,Y,0.0
2145,2024-01-06,2024-08-03,N,0.0
2146,2024-01-13,2025-10-04,Y,0.0
2147,2024-01-05,03/30/2025,Y,0.0
2148,2024-01-26,2025-06-19,Y,
2149,2024-01-10,2025-05-04,N,49.0
2150,2024-01-12,06/10/2024,Y,49.0
2151,2024-01-22,10/18/2024,N,39.0
2152,2024-01-25,,Y,79.0
2153,2024-01-07,2025-11-27,Y,49.0
2154,2024-01-02,,N,39.0
2155,2024-01-28,2024-08-25,Y,0.0
2156,2024-01-15,2026-01-04,N,0.0
2157,2024-01-21,,N,0.0
2158,2024-01-05,2024-08-02,Y,0.0
2159,2024-01-15,2024-06-13,Y,0.0
2160,2024-01-07,,Y,39.0
2161,2024-01-31,12/21/2025,Y,0.0
2162,2024-01-04,,N,0.0
2163,2024-01-11,2025-05-05,Y,99.0
2164,2024-01-21,11/16/2024,N,59.0
2165,2024-01-31,2024-09-27,Y,0.0
2166,2024-01-15,01/09/2025,Y,0.0
2167,2024-01-23,10/19/2024,N,0.0
2168,2024-01-05,,N,0.0
2169,2024-01-26,07/24/2024,N,0.0
2170,2024-01-14,2024-09-10,N,39.0
2171,2024-01-25,03/20/2025,Y,79.0
2172,2024-01-28,03/23/2025,N,0.0
2173,2024-01-01,12/26/2024,N,149.0
2174,2024-01-23,,,99.0
2175,2024-01-26,,Y,29.0
2176,2024-01-19,2025-10-10,Y,0.0
2177,2024-01-21,,N,49.0
2178,2024-01-13,05/07/2025,Y,79.0
2179,2024-01-02,08/24/2025,Y,29.0
2180,2024-01-22,,N,59.0
2181,2024-01-15,,N,0.0
2182,2024-01-07,2025-10-28,Y,0.0
2183,2024-01-31,,Y,79.0
2184,,,Y,149.0
2185,2024-01-31,2025-10-22,N,0.0
2186,2024-01-21,2024-09-17,Y,0.0
2187,2024-01-24,,N,0.0
2188,2024-01-09,06/07/2024,Y,0.0
2189,2024-01-29,,N,39.0
2190,2024-01-24,2024-06-22,N,39.0
2191,2024-01-16,2024-07-14,N,0.0
2192,2024-01-15,,N,0.0
2193,2024-01-05,12/25/2025,Y,0.0
2194,2024-01-29,04/28/2024,Y,59.0
2195,2024-01-31,,Y,0.0
2196,2024-01-06,,Y,59.0
2197,2024-01-17,07/10/2025,Y,29.0
2198,,,N,29.0
2199,2024-01-08,2025-07-01,N,0.0
2200,2024-01-05,2024-12-30,,0.0
2201,2024-01-29,06/27/2024,Y,39.0
2202,2024-01-16,11/06/2025,N,149.0
2203,2024-01-02,,N,0.0
2204,2024-01-19,01/13/2025,N,59.0
2205,2024-01-08,06/01/2025,N,29.0
2206,2024-01-31,09/22/2025,Y,49.0
2207,2024-01-15,,Y,0.0
2208,2024-01-30,2024-06-28,Y,0.0
2209,2024-01-27,2024-07-25,N,79.0
2210,2024-01-13,2025-04-07,Y,0.0
2211,2024-01-02,,,0.0
2212,,,N,0.0
2213,2024-01-08,2025-03-03,Y,79.0
2214,2024-01-07,,Y,79.0
2215,2024-01-18,2024-04-17,Y,79.0
2216,2024-01-14,2025-11-04,N,0.0
2217,2024-01-15,01/09/2025,N,149.0
2218,2024-01-26,,N,0.0
2219,2024-01-12,2025-04-06,N,29.0
2220,2024-01-02,11/27/2024,N,99.0
2221,,,Y,0.0
2222,2024-01-03,,N,0.0
2223,2024-01-31,10/22/2025,N,0.0
2224,2024-01-27,10/18/2025,Y,59.0
2225,2024-01-02,2025-02-25,Y,0.0
2226,2024-01-01,,Y,149.0
2227,2024-01-15,,N,99.0
2228,2024-01-30,2024-12-25,Y,39.0
2229,2024-01-12,,N,0.0
2230,2024-01-21,05/20/2024,Y,0.0
2231,2024-01-13,2024-05-12,Y,99.0
2232,2024-01-13,2024-08-10,Y,99.0
2233,2024-01-09,,N,49.0
2234,2024-01-07,2025-11-27,Y,0.0
2235,2024-01-14,10/10/2024,Y,0.0
2236,2024-01-12,2025-12-02,N,0.0
2237,2024-01-27,,,99.0
2238,2024-01-05,,N,0.0
2239,2024-01-09,,Y,0.0
2240,2024-01-06,10/27/2025,Y,0.0
2241,2024-01-19,,N,0.0
2242,2024-01-19,11/14/2024,Y,0.0
2243,2024-01-21,10/12/2025,Y,0.0
2244,2024-01-21,2025-01-15,N,149.0
2245,2024-01-26,05/20/2025,Y,0.0
2246,2024-01-07,2024-11-02,Y,0.0
2247,2024-01-10,11/30/2025,N,29.0
2248,2024-01-20,09/16/2024,N,0.0
2249,2024-01-28,2025-06-21,Y,39.0
2250,,,N,59.0
2251,2024-01-12,,Y,0.0
2252,2024-01-30,,Y,0.0
2253,2024-01-17,07/10/2025,Y,79.0
2254,,,Y,0.0
2255,2024-01-16,2024-07-14,N,0.0
2256,2024-01-26,2025-01-20,N,0.0
2257,2024-01-22,09/18/2024,N,0.0
2258,2024-01-20,,N,149.0
2259,2024-01-05,,Y,79.0
2260,2024-01-07,2025-10-28,N,0.0
2261,2024-01-06,09/02/2024,Y,0.0
2262,2024-01-27,05/26/2024,N,149.0
2263,2024-01-20,09/16/2024,Y,79.0
2264,2024-01-28,,N,59.0
2265,2024-01-29,08/21/2025,N,0.0
2266,2024-01-28,,Y,0.0
2267,2024-01-06,12/26/2025,N,39.0
2268,2024-01-29,,Y,49.0
2269,2024-01-23,09/14/2025,Y,99.0
2270,2024-01-16,12/06/2025,N,29.0
2271,2024-01-31,12/26/2024,Y,79.0
2272,2024-01-26,2025-05-20,N,29.0
2273,2024-01-18,11/08/2025,N,0.0
2274,2024-01-03,,N,149.0
2275,2024-01-14,,N,0.0
2276,2024-01-30,12/25/2024,Y,0.0
2277,2024-01-24,,N,0.0
2278,2024-01-27,2024-11-22,N,0.0
2279,2024-01-09,12/04/2024,N,0.0
2280,2024-01-14,,Y,0.0
2281,2024-01-11,,Y,149.0
2282,2024-01-01,05/25/2025,N,39.0
2283,2024-01-09,,Y,79.0
2284,2024-01-10,2025-02-03,Y,0.0
2285,2024-01-15,,Y,0.0
2286,2024-01-18,2024-10-14,N,0.0
2287,2024-01-18,01/12/2025,N,0.0
2288,2024-01-10,2024-04-09,Y,0.0
2289,2024-01-24,,Y,0.0
2290,2024-01-16,,Y,0.0
2291,2024-01-08,2025-12-28,N,0.0
2292,2024-01-24,06/17/2025,Y,0.0
2293,2024-01-05,,N,0.0
2294,2024-01-21,,Y,0.0
2295,2024-01-20,,Y,29.0
2296,2024-01-14,2025-05-08,N,0.0
2297,2024-01-31,,N,149.0
2298,2024-01-30,2024-10-26,Y,149.0
2299,2024-01-15,,Y,0.0
2300,2024-01-23,,N,79.0
2301,2024-01-13,11/08/2024,,29.0
2302,2024-01-23,08/20/2024,N,39.0
2303,2024-01-16,2025-07-09,N,29.0
2304,2024-01-20,08/12/2025,N,59.0
2305,2024-01-25,,N,39.0
2306,2024-01-31,05/25/2025,N,29.0
2307,2024-01-13,2025-03-08,Y,59.0
2308,2024-01-17,2025-09-08,Y,0.0
2309,2024-01-06,06/29/2025,N,59.0
2310,2024-01-02,01/26/2025,Y,29.0
2311,2024-01-27,,N,0.0
2312,2024-01-25,,Y,59.0
2313,,,N,0.0
2314,2024-01-20,2026-01-09,N,49.0
2315,2024-01-18,2025-09-09,N,59.0
2316,2024-01-17,2024-10-13,N,0.0
2317,2024-01-03,2024-09-29,Y,0.0
2318,2024-01-12,2024-06-10,N,0.0
2319,2024-01-21,,Y,0.0
2320,2024-01-30,,Y,0.0
2321,2024-01-06,11/26/2025,,59.0
2322,2024-01-07,2025-10-28,N,39.0
2323,2024-01-05,07/03/2024,Y,0.0
2324,2024-01-12,05/06/2025,Y,0.0
2325,2024-01-02,01/26/2025,N,0.0
2326,2024-01-25,2025-06-18,Y,0.0
2327,2024-01-23,2025-05-17,Y,79.0
2328,2024-01-05,2024-12-30,Y,0.0
2329,2024-01-10,2024-11-05,N,0.0
2330,2024-01-12,,N,149.0
2331,2024-01-19,05/18/2024,Y,79.0
2332,2024-01-22,,N,59.0
2333,2024-01-14,,N,0.0
2334,2024-01-02,,Y,0.0
2335,2024-01-07,2024-08-04,Y,0.0
2336,2024-01-05,,Y,0.0
2337,2024-01-14,2025-10-05,N,79.0
2338,2024-01-04,2025-07-27,Y,0.0
2339,2024-01-01,,Y,0.0
2340,2024-01-27,08/24/2024,N,0.0
2341,2024-01-09,04/08/2024,Y,0.0
2342,2024-01-21,07/19/2024,Y,0.0
2343,2024-01-14,,Y,149.0
2344,2024-01-27,2025-02-20,Y,0.0
2345,2024-01-26,2025-08-18,Y,29.0
2346,2024-01-21,2024-08-18,N,99.0
2347,2024-01-27,2025-05-21,N,29.0
2348,2024-01-16,,N,0.0
2349,2024-01-01,2025-07-24,N,0.0
2350,2024-01-15,11/10/2024,Y,
2351,2024-01-16,2024-11-11,Y,0.0
2352,2024-01-13,,Y,149.0
2353,2024-01-14,2025-01-08,Y,79.0
2354,2024-01-20,,N,59.0
2355,2024-01-28,11/23/2024,Y,0.0
2356,2024-01-18,,Y,29.0
2357,2024-01-16,2025-08-08,Y,49.0
2358,2024-01-21,,Y,79.0
2359,2024-01-31,2025-04-25,Y,0.0
2360,,10/27/2024,N,0.0
2361,2024-01-05,2024-08-02,Y,49.0
2362,2024-01-12,2025-09-03,Y,49.0
2363,2024-01-12,2025-02-05,N,0.0
2364,2024-01-30,04/24/2025,N,0.0
2365,2024-01-28,,N,0.0
2366,2024-01-25,06/18/2025,Y,0.0
2367,2024-01-24,07/17/2025,N,0.0
2368,2024-01-12,08/09/2024,Y,0.0
2369,2024-01-08,07/06/2024,Y,99.0
2370,2024-01-11,,,0.0
2371,2024-01-12,2025-01-06,N,79.0
2372,2024-01-15,,N,49.0
2373,2024-01-10,03/05/2025,Y,0.0
2374,2024-01-31,01/20/2026,Y,29.0
2375,2024-01-01,02/24/2025,Y,
2376,2024-01-04,,Y,0.0
2377,2024-01-20,,Y,0.0
2378,2024-01-06,,Y,0.0
2379,2024-01-17,07/15/2024,Y,59.0
2380,2024-01-05,07/03/2024,N,0.0
2381,2024-01-07,01/01/2025,N,29.0
2382,2024-01-01,02/24/2025,Y,0.0
2383,2024-01-28,11/18/2025,N,0.0
2384,2024-01-04,,N,0.0
2385,2024-01-25,,Y,79.0
2386,2024-01-03,2025-01-27,N,0.0
2387,2024-01-02,,N,0.0
2388,2024-01-23,,Y,0.0
2389,2024-01-08,12/28/2025,Y,29.0
2390,2024-01-17,,Y,0.0
2391,2024-01-16,2024-06-14,,149.0
2392,2024-01-08,,N,0.0
2393,2024-01-03,04/02/2024,Y,49.0
2394,2024-01-05,,N,0.0
2395,2024-01-23,2025-04-17,Y,0.0
2396,2024-01-30,,Y,79.0
2397,2024-01-11,05/10/2024,N,99.0
2398,2024-01-22,,N,0.0
2399,2024-01-14,,Y,49.0
2400,2024-01-31,2024-11-26,N,149.0
2401,2024-01-30,2024-08-27,N,29.0
2402,2024-01-27,09/23/2024,N,0.0
2403,2024-01-02,07/25/2025,N,0.0
2404,2024-01-22,,N,149.0
2405,2024-01-13,,N,0.0
2406,2024-01-31,,N,0.0
2407,2024-01-04,,N,39.0
2408,2024-01-14,,Y,49.0
2409,2024-01-23,,Y,149.0
2410,2024-01-01,,N,79.0
2411,2024-01-31,,N,0.0
2412,2024-01-11,,Y,149.0
2413,,2025-12-21,N,0.0
2414,2024-01-11,03/06/2025,Y,39.0
2415,2024-01-15,2024-07-13,Y,59.0
2416,2024-01-20,2025-04-14,Y,39.0
2417,2024-01-27,01/16/2026,Y,0.0
2418,2024-01-13,2024-07-11,Y,0.0
2419,2024-01-02,,N,49.0
2420,2024-01-06,2025-06-29,N,149.0
2421,2024-01-11,04/05/2025,N,39.0
2422,2024-01-19,05/18/2024,Y,49.0
2423,2024-01-18,2025-05-12,Y,99.0
2424,2024-01-06,,N,39.0
2425,,2024-04-30,N,0.0
2426,2024-01-13,2025-11-03,Y,29.0
2427,,2024-06-29,Y,149.0
2428,2024-01-25,,Y,29.0
2429,2024-01-09,2024-08-06,N,49.0
2430,2024-01-17,07/10/2025,N,39.0
2431,2024-01-18,2025-04-12,Y,0.0
2432,2024-01-26,,Y,0.0
2433,2024-01-09,06/02/2025,Y,49.0
2434,2024-01-26,2025-03-21,N,79.0
2435,2024-01-10,,N,0.0
2436,2024-01-12,2024-05-11,N,0.0
2437,2024-01-16,10/07/2025,N,0.0
2438,,02/24/2025,N,59.0
2439,2024-01-30,,N,0.0
2440,2024-01-02,04/26/2025,Y,99.0
2441,2024-01-19,2025-05-13,Y,0.0
2442,2024-01-22,,Y,29.0
2443,2024-01-08,04/02/2025,Y,59.0
2444,2024-01-21,2024-05-20,N,79.0
2445,2024-01-03,10/29/2024,Y,0.0
2446,2024-01-18,2025-03-13,Y,29.0
2447,2024-01-31,11/26/2024,Y,39.0
2448,2024-01-14,2024-07-12,N,49.0
2449,2024-01-04,05/28/2025,N,79.0
2450,2024-01-23,2025-10-14,N,149.0
2451,2024-01-26,02/19/2025,N,79.0
2452,,,N,59.0
2453,2024-01-12,05/06/2025,N,0.0
2454,2024-01-24,08/16/2025,N,0.0
2455,2024-01-14,2024-11-09,Y,149.0
2456,2024-01-19,2024-08-16,Y,149.0
2457,2024-01-01,12/21/2025,N,49.0
2458,2024-01-02,02/25/2025,Y,99.0
2459,,,N,0.0
2460,2024-01-01,,Y,0.0
2461,2024-01-02,,N,39.0
2462,2024-01-08,,N,29.0
2463,2024-01-06,,Y,0.0
2464,2024-01-26,10/17/2025,Y,0.0
2465,2024-01-23,2024-04-22,Y,99.0
2466,2024-01-17,05/16/2024,Y,0.0
2467,2024-01-24,08/16/2025,N,39.0
2468,2024-01-13,2025-04-07,Y,149.0
2469,2024-01-29,2025-02-22,Y,99.0
2470,2024-01-20,2025-10-11,N,0.0
2471,2024-01-27,,N,0.0
2472,2024-01-09,,N,149.0
2473,2024-01-18,2025-08-10,Y,0.0
2474,,2025-01-25,,0.0
2475,2024-01-21,02/14/2025,N,0.0
2476,2024-01-21,2025-02-14,N,49.0
2477,2024-01-30,,Y,0.0
2478,2024-01-16,2024-05-15,Y,59.0
2479,2024-01-04,2025-04-28,Y,39.0
2480,2024-01-29,02/22/2025,N,39.0
2481,2024-01-25,2026-01-14,N,29.0
2482,2024-01-15,01/04/2026,Y,0.0
2483,,,N,0.0
2484,2024-01-07,2025-07-30,N,0.0
2485,2024-01-25,02/18/2025,Y,79.0
2486,2024-01-02,05/26/2025,N,49.0
2487,2024-01-10,,Y,0.0
2488,2024-01-22,2024-06-20,N,0.0
2489,2024-01-25,,N,0.0
2490,2024-01-03,04/02/2024,N,59.0
2491,2024-01-17,01/11/2025,Y,29.0
2492,2024-01-21,2024-08-18,Y,149.0
2493,2024-01-31,08/23/2025,Y,0.0
2494,2024-01-26,05/20/2025,Y,79.0
2495,2024-01-28,2025-11-18,N,99.0
2496,2024-01-28,,N,29.0
2497,,2024-05-30,N,0.0
2498,2024-01-11,,N,0.0
2499,2024-01-03,07/31/2024,Y,79.0
2500,2024-01-21,06/19/2024,N,29.0
2501,2024-01-19,2025-01-13,N,149.0
2502,2024-01-12,,N,49.0
2503,2024-01-18,07/11/2025,N,0.0
2504,2024-01-05,,N,0.0
2505,2024-01-27,,N,0.0
2506,,10/22/2025,Y,0.0
2507,2024-01-15,,N,0.0
2508,2024-01-23,,N,0.0
2509,2024-01-06,2025-01-30,,99.0
2510,2024-01-05,2025-05-29,N,0.0
2511,2024-01-31,,Y,0.0
2512,2024-01-27,,N,0.0
2513,2024-01-12,,N,149.0
2514,2024-01-19,,N,0.0
2515,2024-01-04,09/30/2024,Y,59.0
2516,2024-01-13,,N,0.0
2517,2024-01-03,2025-01-27,N,0.0
2518,2024-01-08,08/30/2025,Y,29.0
2519,2024-01-01,2024-06-29,N,59.0
2520,2024-01-07,,N,79.0
2521,2024-01-08,,Y,29.0
2522,2024-01-27,04/26/2024,Y,59.0
2523,2024-01-28,2025-09-19,Y,49.0
2524,2024-01-17,2025-08-09,N,0.0
2525,2024-01-13,,N,0.0
2526,,07/29/2024,N,0.0
2527,2024-01-21,,N,99.0
2528,,2024-09-27,N,49.0
2529,2024-01-23,,Y,
2530,2024-01-06,,N,0.0
2531,2024-01-30,2025-08-22,Y,0.0
2532,2024-01-16,2025-02-09,Y,0.0
2533,2024-01-22,,Y,49.0
2534,2024-01-12,2025-01-06,Y,0.0
2535,2024-01-30,2025-07-23,Y,0.0
2536,2024-01-18,08/10/2025,N,0.0
2537,2024-01-24,04/18/2025,N,149.0
2538,2024-01-12,12/02/2025,N,49.0
2539,,,Y,39.0
2540,2024-01-16,2024-10-12,N,39.0
2541,2024-01-25,,Y,59.0
2542,2024-01-20,2025-08-12,Y,0.0
2543,2024-01-05,,N,0.0
2544,2024-01-11,2025-05-05,Y,0.0
2545,2024-01-29,2025-09-20,N,39.0
2546,,2024-08-28,Y,0.0
2547,2024-01-18,2025-08-10,Y,
2548,2024-01-24,07/22/2024,Y,79.0
2549,2024-01-23,2025-08-15,N,29.0
2550,2024-01-19,10/10/2025,Y,39.0
2551,,,Y,0.0
2552,2024-01-14,2025-06-07,N,29.0
2553,2024-01-02,,Y,0.0
2554,2024-01-15,,N,0.0
2555,2024-01-05,09/01/2024,,99.0
2556,2024-01-08,2025-01-02,Y,99.0
2557,2024-01-04,2024-09-30,Y,149.0
2558,2024-01-16,2025-04-10,N,0.0
2559,2024-01-16,06/14/2024,N,99.0
2560,2024-01-29,,N,29.0
2561,2024-01-22,2024-07-20,,29.0
2562,2024-01-14,12/09/2024,N,
2563,,09/27/2024,N,0.0
2564,2024-01-29,,Y,0.0
2565,2024-01-19,11/09/2025,N,0.0
2566,,05/30/2024,N,49.0
2567,2024-01-22,07/20/2024,Y,79.0
2568,2024-01-15,,N,39.0
2569,2024-01-14,,N,49.0
2570,2024-01-05,10/31/2024,N,149.0
2571,2024-01-17,07/15/2024,Y,39.0
2572,2024-01-24,2025-01-18,N,0.0
2573,2024-01-28,2025-06-21,Y,79.0
2574,2024-01-17,01/06/2026,N,59.0
2575,2024-01-21,2024-06-19,N,39.0
2576,2024-01-14,,,0.0
2577,2024-01-09,,Y,0.0
2578,2024-01-15,01/09/2025,N,0.0
2579,2024-01-30,,Y,39.0
2580,2024-01-17,,N,29.0
2581,2024-01-21,2026-01-10,Y,0.0
2582,2024-01-06,03/31/2025,N,49.0
2583,2024-01-26,2025-11-16,Y,39.0
2584,2024-01-31,,Y,0.0
2585,2024-01-29,2024-06-27,N,99.0
2586,2024-01-05,2025-06-28,N,49.0
2587,2024-01-29,03/24/2025,N,79.0
2588,2024-01-08,,Y,29.0
2589,2024-01-28,,N,
2590,2024-01-13,,Y,0.0
2591,2024-01-04,2025-04-28,Y,0.0
2592,2024-01-22,,Y,39.0
2593,2024-01-31,02/24/2025,Y,0.0
2594,2024-01-28,08/25/2024,N,0.0
2595,2024-01-02,2024-10-28,Y,59.0
2596,2024-01-18,,Y,0.0
2597,2024-01-01,,Y,59.0
2598,2024-01-31,2025-05-25,N,59.0
2599,2024-01-21,04/15/2025,N,0.0
2600,2024-01-04,,Y,149.0
2601,,11/21/2025,N,
2602,2024-01-19,2025-08-11,Y,0.0
2603,2024-01-25,04/24/2024,N,49.0
2604,2024-01-25,,Y,79.0
2605,2024-01-21,,N,99.0
2606,2024-01-16,2024-10-12,N,59.0
2607,2024-01-14,,N,0.0
2608,2024-01-17,2025-04-11,N,0.0
2609,2024-01-06,10/27/2025,N,49.0
2610,2024-01-01,07/24/2025,N,29.0
2611,2024-01-17,,N,0.0
2612,2024-01-31,03/26/2025,N,0.0
2613,2024-01-16,05/15/2024,N,49.0
2614,2024-01-13,11/08/2024,Y,0.0
2615,2024-01-15,11/10/2024,Y,0.0
2616,2024-01-05,03/30/2025,Y,0.0
2617,2024-01-22,08/14/2025,N,0.0
2618,2024-01-26,,N,0.0
2619,2024-01-29,2025-02-22,Y,0.0
2620,2024-01-19,2024-12-14,Y,99.0
2621,2024-01-14,01/03/2026,N,0.0
2622,2024-01-12,,N,0.0
2623,2024-01-20,,,
2624,2024-01-27,2024-12-22,Y,0.0
2625,2024-01-14,2024-12-09,N,39.0
2626,2024-01-27,2024-08-24,N,59.0
2627,2024-01-09,02/02/2025,Y,79.0
2628,,2024-04-30,Y,0.0
2629,2024-01-07,,N,0.0
2630,2024-01-11,03/06/2025,,79.0
2631,2024-01-29,2024-07-27,N,0.0
2632,2024-01-02,2025-12-22,Y,0.0
2633,2024-01-21,08/13/2025,Y,79.0
2634,2024-01-01,04/25/2025,Y,0.0
2635,2024-01-10,,Y,0.0
2636,2024-01-29,2024-11-24,N,59.0
2637,2024-01-14,2024-08-11,Y,0.0
2638,2024-01-20,2024-06-18,N,0.0
2639,2024-01-23,05/17/2025,Y,0.0
2640,2024-01-16,10/07/2025,Y,99.0
2641,2024-01-13,01/07/2025,N,59.0
2642,2024-01-10,2025-04-04,Y,99.0
2643,2024-01-28,2024-08-25,Y,0.0
2644,2024-01-13,,Y,39.0
2645,2024-01-03,2024-10-29,N,29.0
2646,2024-01-13,12/03/2025,Y,0.0
2647,2024-01-22,2024-08-19,Y,0.0
2648,2024-01-31,2025-11-21,N,0.0
2649,2024-01-22,01/11/2026,N,0.0
2650,2024-01-18,,N,0.0
2651,2024-01-08,,N,99.0
2652,2024-01-02,,N,99.0
2653,2024-01-01,2025-06-24,N,59.0
2654,2024-01-19,11/09/2025,N,99.0
2655,2024-01-18,,N,
2656,2024-01-19,,Y,0.0
2657,2024-01-19,2025-05-13,Y,0.0
2658,2024-01-26,,Y,29.0
2659,2024-01-06,04/30/2025,Y,0.0
2660,2024-01-30,2025-04-24,Y,0.0
2661,2024-01-31,10/22/2025,Y,99.0
2662,2024-01-03,2025-04-27,N,0.0
2663,2024-01-23,2025-06-16,N,0.0
2664,2024-01-21,2025-12-11,N,0.0
2665,2024-01-07,,N,0.0
2666,2024-01-17,,Y,0.0
2667,2024-01-27,2025-01-21,Y,59.0
2668,2024-01-29,,N,0.0
2669,2024-01-17,,Y,0.0
2670,2024-01-28,,N,0.0
2671,2024-01-11,,Y,0.0
2672,2024-01-28,10/24/2024,N,99.0
2673,2024-01-17,2025-05-11,Y,99.0
2674,2024-01-05,,,59.0
2675,2024-01-09,2024-05-08,Y,49.0
2676,2024-01-09,12/29/2025,Y,0.0
2677,2024-01-24,,N,0.0
2678,,,Y,99.0
2679,2024-01-14,2025-11-04,Y,39.0
2680,2024-01-25,2024-09-21,Y,149.0
2681,2024-01-20,,N,149.0
2682,,2025-11-21,Y,39.0
2683,2024-01-20,2025-04-14,Y,49.0
2684,2024-01-11,2025-10-02,Y,149.0
2685,,2024-09-27,Y,0.0
2686,2024-01-21,2024-11-16,Y,59.0
2687,2024-01-09,08/06/2024,Y,79.0
2688,2024-01-18,02/11/2025,N,0.0
2689,2024-01-03,,Y,149.0
2690,2024-01-04,2025-04-28,Y,0.0
2691,2024-01-11,,N,59.0
2692,2024-01-10,02/03/2025,N,149.0
2693,2024-01-09,2024-07-07,Y,149.0
2694,2024-01-10,2025-01-04,N,29.0
2695,2024-01-25,2024-10-21,N,39.0
2696,2024-01-13,2025-03-08,N,49.0
2697,2024-01-20,,N,39.0
2698,2024-01-13,01/02/2026,N,29.0
2699,2024-01-19,,Y,0.0
2700,2024-01-01,03/26/2025,Y,0.0
2701,2024-01-07,10/28/2025,N,0.0
2702,,2024-04-30,Y,29.0
2703,2024-01-24,,N,59.0
2704,2024-01-03,,Y,0.0
2705,2024-01-15,07/08/2025,N,0.0
2706,2024-01-20,2024-09-16,Y,39.0
2707,2024-01-15,2024-08-12,Y,59.0
2708,2024-01-07,,Y,79.0
2709,2024-01-12,,N,29.0
2710,2024-01-24,02/17/2025,N,0.0
2711,,2025-07-24,N,0.0
2712,,,Y,49.0
2713,2024-01-10,,N,0.0
2714,2024-01-17,2025-04-11,Y,0.0
2715,2024-01-05,2024-08-02,N,39.0
2716,2024-01-27,04/26/2024,Y,29.0
2717,2024-01-05,2024-04-04,Y,29.0
2718,2024-01-07,,N,0.0
2719,2024-01-29,,N,0.0
2720,2024-01-17,,Y,0.0
2721,2024-01-07,,N,0.0
2722,2024-01-28,2026-01-17,N,0.0
2723,2024-01-28,07/21/2025,Y,99.0
2724,2024-01-26,10/17/2025,Y,59.0
2725,2024-01-03,,N,79.0
2726,2024-01-15,,N,0.0
2727,2024-01-08,2025-04-02,Y,0.0
2728,2024-01-06,,N,
2729,2024-01-30,08/22/2025,Y,0.0
2730,2024-01-16,,Y,99.0
2731,2024-01-04,2025-04-28,N,0.0
2732,,11/21/2025,,0.0
2733,2024-01-02,2024-08-29,Y,0.0
2734,2024-01-18,2025-11-08,N,49.0
2735,2024-01-28,,N,0.0
2736,2024-01-31,2025-10-22,N,0.0
2737,2024-01-13,2024-12-08,Y,59.0
2738,,03/26/2025,Y,149.0
2739,2024-01-25,08/17/2025,Y,99.0
2740,2024-01-28,11/18/2025,Y,29.0
2741,2024-01-02,,N,49.0
2742,2024-01-03,2025-04-27,Y,0.0
2743,2024-01-03,08/25/2025,N,0.0
2744,,,N,0.0
2745,2024-01-15,,N,0.0
2746,2024-01-03,,Y,39.0
2747,2024-01-12,2024-06-10,Y,0.0
2748,2024-01-15,,Y,29.0
2749,2024-01-02,05/01/2024,N,0.0
2750,2024-01-11,07/04/2025,N,79.0
2751,,2024-06-29,Y,29.0
2752,2024-01-07,,Y,59.0
2753,2024-01-12,,Y,49.0
2754,2024-01-10,,N,0.0
2755,,11/21/2025,Y,149.0
2756,,,N,0.0
2757,2024-01-06,08/03/2024,Y,0.0
2758,,10/27/2024,N,79.0
2759,2024-01-27,,Y,0.0
2760,2024-01-15,07/13/2024,Y,0.0
2761,2024-01-26,04/20/2025,Y,49.0
2762,2024-01-16,2024-07-14,N,149.0
2763,2024-01-14,11/04/2025,N,49.0
2764,2024-01-18,2025-09-09,N,99.0
2765,2024-01-23,09/19/2024,N,0.0
2766,2024-01-05,,Y,29.0
2767,2024-01-02,2025-03-27,Y,0.0
2768,2024-01-06,12/31/2024,N,0.0
2769,2024-01-05,2025-09-26,N,0.0
2770,2024-01-14,2025-11-04,N,
2771,2024-01-11,,Y,0.0
2772,2024-01-24,,N,
2773,2024-01-14,01/08/2025,Y,99.0
2774,2024-01-12,2026-01-01,Y,0.0
2775,2024-01-07,,Y,0.0
2776,2024-01-02,02/25/2025,,29.0
2777,2024-01-24,2025-08-16,Y,0.0
2778,2024-01-02,,Y,0.0
2779,,2025-11-21,N,0.0
2780,2024-01-16,10/07/2025,,0.0
2781,2024-01-03,,N,59.0
2782,2024-01-13,11/08/2024,Y,0.0
2783,2024-01-12,,N,0.0
2784,2024-01-07,,Y,0.0
2785,2024-01-27,2025-09-18,N,0.0
2786,2024-01-05,,Y,79.0
2787,2024-01-04,10/30/2024,Y,149.0
2788,2024-01-09,,N,0.0
2789,2024-01-28,2026-01-17,N,59.0
2790,2024-01-22,,N,0.0
2791,2024-01-01,,Y,29.0
2792,2024-01-28,03/23/2025,N,0.0
2793,2024-01-08,2025-09-29,Y,0.0
2794,2024-01-14,2024-11-09,,0.0
2795,2024-01-30,,Y,0.0
2796,2024-01-14,2025-10-05,N,0.0
2797,2024-01-23,,Y,0.0
2798,2024-01-20,05/14/2025,N,149.0
2799,2024-01-28,2024-04-27,Y,0.0
2800,2024-01-25,08/17/2025,N,0.0
2801,2024-01-23,,Y,0.0
2802,,06/24/2025,N,39.0
2803,2024-01-16,2024-04-15,N,99.0
2804,2024-01-05,,N,59.0
2805,2024-01-30,,N,79.0
2806,2024-01-29,,N,99.0
2807,2024-01-22,2025-01-16,N,79.0
2808,2024-01-13,2025-08-05,Y,0.0
2809,2024-01-14,12/09/2024,N,0.0
2810,2024-01-07,,Y,0.0
2811,2024-01-03,08/30/2024,N,59.0
2812,2024-01-06,2024-09-02,Y,0.0
2813,2024-01-03,04/02/2024,N,29.0
2814,2024-01-09,2025-01-03,N,149.0
2815,2024-01-25,09/21/2024,Y,0.0
2816,2024-01-13,09/04/2025,N,49.0
2817,2024-01-28,,N,0.0
2818,2024-01-13,,N,39.0
2819,2024-01-14,,Y,0.0
2820,2024-01-06,,Y,0.0
2821,2024-01-30,,Y,29.0
2822,2024-01-10,12/30/2025,Y,0.0
2823,2024-01-30,01/19/2026,Y,79.0
2824,2024-01-03,2025-03-28,,149.0
2825,2024-01-12,,Y,0.0
2826,2024-01-07,2025-05-01,N,0.0
2827,2024-01-09,12/04/2024,Y,39.0
2828,2024-01-14,2024-10-10,N,0.0
2829,,07/29/2024,N,0.0
2830,2024-01-02,2024-09-28,N,0.0
2831,2024-01-05,2024-09-01,Y,49.0
2832,2024-01-11,2025-11-01,Y,39.0
2833,2024-01-03,,Y,0.0
2834,2024-01-15,2025-01-09,Y,79.0
2835,2024-01-01,,Y,0.0
2836,2024-01-12,2025-05-06,Y,0.0
2837,2024-01-02,12/22/2025,N,0.0
2838,2024-01-10,,Y,49.0
2839,2024-01-06,,N,79.0
2840,2024-01-04,10/25/2025,Y,29.0
2841,2024-01-26,,N,0.0
2842,2024-01-06,2024-10-02,N,0.0
2843,2024-01-05,2025-06-28,Y,59.0
2844,2024-01-28,,N,
2845,2024-01-22,10/13/2025,N,149.0
2846,2024-01-07,,N,0.0
2847,2024-01-06,2025-06-29,N,0.0
2848,2024-01-07,12/02/2024,N,0.0
2849,2024-01-26,,N,0.0
2850,2024-01-28,2024-05-27,Y,0.0
2851,2024-01-13,09/04/2025,N,0.0
2852,2024-01-06,,Y,29.0
2853,2024-01-30,2025-07-23,N,0.0
2854,2024-01-24,01/18/2025,N,0.0
2855,2024-01-27,2026-01-16,Y,99.0
2856,2024-01-14,09/05/2025,Y,49.0
2857,2024-01-31,08/23/2025,N,0.0
2858,2024-01-28,,N,29.0
2859,2024-01-30,,Y,149.0
2860,2024-01-14,,N,29.0
2861,2024-01-28,,Y,0.0
2862,2024-01-12,2025-09-03,N,0.0
2863,2024-01-08,,N,29.0
2864,2024-01-14,09/05/2025,Y,0.0
2865,2024-01-16,,N,0.0
2866,2024-01-13,2024-12-08,Y,59.0
2867,2024-01-22,2025-08-14,N,
2868,2024-01-02,07/30/2024,Y,39.0
2869,2024-01-21,,N,49.0
2870,2024-01-31,10/27/2024,Y,149.0
2871,2024-01-29,,N,0.0
2872,2024-01-09,2025-02-02,N,0.0
2873,2024-01-27,,N,0.0
2874,2024-01-20,2024-07-18,Y,99.0
2875,2024-01-14,2025-01-08,Y,49.0
2876,2024-01-11,,Y,0.0
2877,2024-01-06,03/01/2025,Y,29.0
2878,2024-01-30,2025-07-23,Y,0.0
2879,2024-01-01,05/30/2024,Y,0.0
2880,2024-01-22,01/11/2026,Y,0.0
2881,2024-01-24,2025-01-18,Y,39.0
2882,2024-01-04,2025-03-29,Y,0.0
2883,2024-01-12,,Y,
2884,2024-01-05,05/29/2025,N,149.0
2885,2024-01-06,2024-10-02,Y,59.0
2886,2024-01-23,12/18/2024,N,149.0
2887,2024-01-25,,N,0.0
2888,2024-01-01,,N,79.0
2889,2024-01-14,,Y,29.0
2890,2024-01-17,,Y,149.0
2891,2024-01-09,2025-06-02,Y,0.0
2892,2024-01-01,2024-08-28,Y,79.0
2893,2024-01-30,,N,149.0
2894,2024-01-13,2025-04-07,N,149.0
2895,2024-01-14,07/07/2025,Y,59.0
2896,2024-01-19,,Y,0.0
2897,2024-01-24,2025-04-18,N,59.0
2898,2024-01-22,06/15/2025,N,59.0
2899,2024-01-20,,Y,0.0
2900,2024-01-27,2025-08-19,Y,99.0
2901,2024-01-13,,Y,0.0
2902,2024-01-31,2025-06-24,Y,59.0
2903,2024-01-03,02/26/2025,Y,0.0
2904,2024-01-22,2025-12-12,N,0.0
2905,2024-01-19,,Y,49.0
2906,2024-01-01,,N,79.0
2907,2024-01-14,2025-11-04,Y,0.0
2908,2024-01-09,2025-02-02,N,99.0
2909,2024-01-26,,N,0.0
2910,2024-01-28,,Y,149.0
2911,2024-01-30,,N,99.0
2912,2024-01-05,08/02/2024,Y,0.0
2913,2024-01-15,2024-12-10,Y,0.0
2914,2024-01-17,2024-08-14,Y,39.0
2915,2024-01-06,2025-08-28,N,0.0
2916,2024-01-12,2025-04-06,Y,99.0
2917,2024-01-31,12/26/2024,Y,99.0
2918,2024-01-25,2026-01-14,Y,79.0
2919,2024-01-11,2025-10-02,Y,79.0
2920,2024-01-28,09/24/2024,Y,0.0
2921,,2024-10-27,Y,0.0
2922,2024-01-14,,N,99.0
2923,2024-01-27,04/21/2025,Y,59.0
2924,2024-01-01,05/25/2025,N,0.0
2925,2024-01-20,2025-07-13,N,39.0
2926,2024-01-01,,Y,39.0
2927,2024-01-24,,Y,0.0
2928,2024-01-18,2025-05-12,Y,0.0
2929,2024-01-20,2025-04-14,N,149.0
2930,2024-01-21,2025-11-11,Y,79.0
2931,2024-01-27,11/22/2024,N,99.0
2932,,,N,0.0
2933,2024-01-14,2025-08-06,Y,99.0
2934,2024-01-18,,N,0.0
2935,2024-01-01,,N,0.0
2936,2024-01-10,2025-02-03,Y,99.0
2937,,,Y,79.0
2938,2024-01-13,,Y,29.0
2939,2024-01-16,2024-11-11,N,
2940,2024-01-25,,N,0.0
2941,2024-01-29,,N,0.0
2942,2024-01-02,,N,59.0
2943,2024-01-30,,Y,
2944,2024-01-08,10/29/2025,Y,0.0
2945,2024-01-20,02/13/2025,N,79.0
2946,2024-01-02,12/27/2024,N,99.0
2947,2024-01-25,2024-07-23,N,0.0
2948,2024-01-23,2025-09-14,N,79.0
2949,2024-01-03,,Y,0.0
2950,2024-01-04,04/03/2024,Y,0.0
2951,2024-01-18,2025-03-13,Y,0.0
2952,2024-01-03,02/26/2025,N,
2953,2024-01-07,2025-01-31,N,29.0
2954,,2024-11-26,N,39.0
2955,2024-01-12,,Y,0.0
2956,2024-01-16,2024-11-11,N,49.0
2957,2024-01-02,,Y,59.0
2958,2024-01-31,,Y,149.0
2959,2024-01-06,,N,59.0
2960,2024-01-29,2025-02-22,Y,99.0
2961,2024-01-16,,Y,29.0
2962,2024-01-02,2024-08-29,Y,79.0
2963,2024-01-26,01/20/2025,N,0.0
2964,2024-01-27,,,0.0
2965,2024-01-06,,Y,0.0
2966,2024-01-03,,N,0.0
2967,2024-01-04,2025-02-27,Y,49.0
2968,2024-01-18,2024-04-17,N,39.0
2969,2024-01-07,2024-09-03,N,
2970,2024-01-26,01/20/2025,N,39.0
2971,2024-01-24,06/17/2025,N,29.0
2972,2024-01-23,2024-07-21,N,0.0
2973,2024-01-10,03/05/2025,Y,0.0
2974,2024-01-15,09/06/2025,Y,99.0
2975,2024-01-12,12/07/2024,Y,0.0
2976,2024-01-11,,N,0.0
2977,2024-01-14,,Y,0.0
2978,2024-01-22,,Y,0.0
2979,2024-01-28,,N,99.0
2980,,09/22/2025,N,29.0
2981,2024-01-16,,Y,0.0
2982,2024-01-05,,Y,59.0
2983,2024-01-02,2024-10-28,Y,0.0
2984,,12/21/2025,Y,0.0
2985,2024-01-14,12/09/2024,Y,79.0
2986,2024-01-17,01/06/2026,N,0.0
2987,2024-01-09,,Y,39.0
2988,2024-01-01,2025-12-21,N,39.0
2989,2024-01-14,,N,29.0
2990,2024-01-14,2025-03-09,N,0.0
2991,2024-01-16,10/07/2025,Y,59.0
2992,2024-01-04,07/27/2025,N,0.0
2993,2024-01-25,2024-04-24,Y,0.0
2994,,2024-12-26,Y,0.0
2995,2024-01-25,04/19/2025,N,29.0
2996,2024-01-14,2024-08-11,,0.0
2997,2024-01-16,11/06/2025,Y,29.0
2998,2024-01-14,07/07/2025,Y,0.0
2999,2024-01-18,2024-11-13,N,0.0
3000,2024-01-31,2026-01-20,N,29.0
3001,2024-01-30,02/23/2025,Y,79.0
3002,2024-01-18,2025-09-09,Y,59.0
3003,2024-01-01,2024-03-31,N,0.0
3004,2024-01-10,2024-11-05,Y,149.0
3005,2024-01-21,2024-05-20,Y,149.0
3006,2024-01-01,07/24/2025,N,99.0
3007,2024-01-19,,Y,0.0
3008,2024-01-29,2025-04-23,N,0.0
3009,2024-01-28,2024-09-24,Y,0.0
3010,2024-01-27,2025-04-21,N,49.0
3011,2024-01-20,,N,99.0
3012,2024-01-08,04/07/2024,Y,79.0
3013,2024-01-04,,Y,0.0
3014,2024-01-24,2025-07-17,N,39.0
3015,2024-01-16,2024-08-13,N,0.0
3016,,,N,0.0
3017,2024-01-30,06/23/2025,Y,
3018,2024-01-13,05/12/2024,Y,149.0
3019,2024-01-01,,N,0.0
3020,2024-01-30,2024-07-28,N,49.0
3021,2024-01-05,08/27/2025,Y,0.0
3022,2024-01-06,,N,39.0
3023,2024-01-08,,N,0.0
3024,2024-01-04,,Y,0.0
3025,2024-01-09,11/29/2025,N,59.0
3026,2024-01-11,04/10/2024,Y,79.0
3027,,,N,0.0
3028,2024-01-29,07/27/2024,N,0.0
3029,2024-01-29,,N,0.0
3030,2024-01-07,04/06/2024,Y,0.0
3031,2024-01-05,,N,0.0
3032,2024-01-24,12/19/2024,Y,99.0
3033,2024-01-15,2024-04-14,N,0.0
3034,2024-01-30,11/20/2025,Y,49.0
3035,2024-01-31,01/20/2026,N,59.0
3036,2024-01-09,2025-08-01,Y,99.0
3037,2024-01-10,03/05/2025,Y,0.0
3038,2024-01-12,,Y,0.0
3039,2024-01-02,,Y,149.0
3040,2024-01-22,2024-04-21,Y,0.0
3041,2024-01-29,10/20/2025,Y,0.0
3042,2024-01-29,2024-10-25,N,0.0
3043,2024-01-19,2024-07-17,Y,59.0
3044,2024-01-19,2024-07-17,N,29.0
3045,2024-01-21,2024-05-20,Y,29.0
3046,2024-01-07,2025-05-01,N,79.0
3047,2024-01-01,2025-01-25,N,0.0
3048,2024-01-31,,Y,79.0
3049,,2024-05-30,Y,0.0
3050,2024-01-05,,Y,59.0
3051,2024-01-25,,Y,0.0
3052,2024-01-11,,Y,39.0
3053,2024-01-09,08/06/2024,N,0.0
3054,2024-01-29,2025-09-20,N,0.0
3055,2024-01-28,2024-08-25,Y,0.0
3056,2024-01-08,2024-09-04,Y,59.0
3057,2024-01-31,10/27/2024,N,99.0
3058,2024-01-01,2024-07-29,N,0.0
3059,2024-01-20,,Y,49.0
3060,,,Y,79.0
3061,,,Y,29.0
3062,,2025-05-25,Y,29.0
3063,2024-01-26,,N,39.0
3064,2024-01-21,,N,49.0
3065,2024-01-12,05/06/2025,Y,0.0
3066,2024-01-16,,Y,149.0
3067,2024-01-13,07/06/2025,N,0.0
3068,2024-01-03,2025-08-25,Y,
3069,2024-01-31,01/20/2026,Y,0.0
3070,2024-01-16,11/06/2025,Y,0.0
3071,2024-01-15,02/08/2025,N,49.0
3072,2024-01-30,,Y,0.0
3073,2024-01-17,,Y,
3074,2024-01-14,05/13/2024,Y,99.0
3075,2024-01-22,2024-09-18,Y,0.0
3076,2024-01-22,2025-10-13,Y,29.0
3077,,07/29/2024,Y,0.0
3078,2024-01-03,05/02/2024,Y,0.0
3079,2024-01-14,,Y,0.0
3080,2024-01-31,07/24/2025,Y,0.0
3081,2024-01-31,,N,0.0
3082,2024-01-14,2025-02-07,N,
3083,2024-01-20,2024-11-15,Y,79.0
3084,2024-01-21,,N,79.0
3085,2024-01-20,2025-08-12,N,99.0
3086,2024-01-27,08/19/2025,Y,29.0
3087,2024-01-12,2025-12-02,N,149.0
3088,2024-01-14,,Y,39.0
3089,2024-01-28,,Y,0.0
3090,2024-01-21,,Y,0.0
3091,2024-01-07,,N,0.0
3092,2024-01-05,08/02/2024,N,99.0
3093,2024-01-09,,Y,0.0
3094,2024-01-13,2024-08-10,N,0.0
3095,2024-01-21,,N,39.0
3096,2024-01-13,02/06/2025,N,0.0
3097,2024-01-24,,Y,0.0
3098,2024-01-01,2024-07-29,Y,59.0
3099,2024-01-02,02/25/2025,Y,99.0
3100,2024-01-04,2024-12-29,Y,79.0
3101,2024-01-29,01/23/2025,Y,0.0
3102,2024-01-14,,Y,29.0
3103,2024-01-16,,N,0.0
3104,2024-01-08,2025-04-02,Y,99.0
3105,2024-01-05,11/30/2024,Y,149.0
3106,2024-01-02,07/25/2025,N,59.0
3107,2024-01-31,02/24/2025,N,0.0
3108,2024-01-06,06/04/2024,N,0.0
3109,2024-01-26,01/15/2026,,0.0
3110,2024-01-23,2024-06-21,Y,0.0
3111,2024-01-30,,Y,0.0
3112,2024-01-04,,Y,29.0
3113,2024-01-21,2024-06-19,N,29.0
3114,2024-01-27,2024-10-23,N,29.0
3115,2024-01-01,,N,99.0
3116,2024-01-24,01/18/2025,Y,0.0
3117,,03/26/2025,N,0.0
3118,2024-01-06,,N,0.0
3119,2024-01-23,,N,0.0
3120,2024-01-11,08/08/2024,N,79.0
3121,2024-01-21,,N,0.0
3122,2024-01-28,11/18/2025,N,49.0
3123,2024-01-17,2024-10-13,,99.0
3124,2024-01-18,08/15/2024,N,0.0
3125,2024-01-26,02/19/2025,N,99.0
3126,2024-01-19,2024-08-16,N,0.0
3127,2024-01-28,2024-07-26,Y,149.0
3128,2024-01-23,2024-12-18,Y,0.0
3129,2024-01-12,,N,79.0
3130,2024-01-20,12/15/2024,Y,39.0
3131,2024-01-26,2024-06-24,N,59.0
3132,2024-01-30,10/26/2024,N,49.0
3133,2024-01-31,2024-12-26,Y,0.0
3134,2024-01-20,,N,79.0
3135,2024-01-22,2024-12-17,N,59.0
3136,,2024-04-30,N,0.0
3137,2024-01-08,2025-02-01,Y,59.0
3138,2024-01-05,2025-10-26,N,49.0
3139,2024-01-28,2024-11-23,N,0.0
3140,2024-01-04,,N,29.0
3141,2024-01-29,,N,99.0
3142,2024-01-28,07/21/2025,N,79.0
3143,2024-01-05,,Y,0.0
3144,2024-01-25,2024-05-24,N,39.0
3145,2024-01-18,2025-05-12,N,0.0
3146,2024-01-16,08/08/2025,N,59.0
3147,2024-01-17,2024-06-15,Y,39.0
3148,2024-01-22,06/20/2024,Y,0.0
3149,2024-01-17,04/11/2025,Y,
3150,2024-01-26,,Y,99.0
3151,2024-01-25,2026-01-14,N,39.0
3152,2024-01-09,,Y,0.0
3153,2024-01-03,08/30/2024,N,0.0
3154,2024-01-03,03/28/2025,N,149.0
3155,2024-01-02,,Y,59.0
3156,2024-01-22,2024-06-20,Y,0.0
3157,2024-01-06,10/02/2024,Y,0.0
3158,2024-01-12,01/06/2025,N,29.0
3159,2024-01-25,07/18/2025,N,99.0
3160,2024-01-14,,N,0.0
3161,2024-01-05,2024-06-03,,49.0
3162,,10/27/2024,Y,0.0
3163,2024-01-16,04/10/2025,Y,0.0
3164,2024-01-27,2024-04-26,N,0.0
3165,2024-01-03,2024-11-28,Y,0.0
3166,2024-01-03,05/27/2025,Y,0.0
3167,2024-01-25,,Y,0.0
3168,2024-01-21,11/11/2025,N,
3169,2024-01-16,2025-06-09,N,99.0
3170,2024-01-29,,N,0.0
3171,2024-01-18,2025-06-11,Y,59.0
3172,2024-01-12,2025-09-03,N,99.0
3173,2024-01-20,2025-06-13,N,0.0
3174,,07/24/2025,Y,0.0
3175,2024-01-19,08/11/2025,N,0.0
3176,2024-01-14,,N,59.0
3177,2024-01-12,,Y,99.0
3178,2024-01-18,,N,0.0
3179,2024-01-05,06/03/2024,Y,0.0
3180,2024-01-24,2024-09-20,N,0.0
3181,2024-01-22,2025-08-14,Y,0.0
3182,2024-01-03,,N,29.0
3183,,,Y,0.0
3184,2024-01-10,10/31/2025,Y,29.0
3185,2024-01-13,2025-08-05,Y,0.0
3186,2024-01-07,08/04/2024,N,0.0
3187,2024-01-28,2024-12-23,Y,0.0
3188,,2024-12-26,N,0.0
3189,2024-01-12,2025-06-05,N,0.0
3190,2024-01-16,2024-09-12,N,0.0
3191,,,,99.0
3192,2024-01-22,09/13/2025,Y,99.0
3193,2024-01-13,12/08/2024,Y,99.0
3194,2024-01-30,2025-12-20,N,0.0
3195,2024-01-10,03/05/2025,Y,0.0
3196,2024-01-22,2025-02-15,Y,99.0
3197,2024-01-04,2024-08-01,Y,59.0
3198,2024-01-02,05/01/2024,Y,0.0
3199,2024-01-29,2024-07-27,Y,39.0
3200,2024-01-03,09/24/2025,N,49.0
3201,2024-01-28,2024-11-23,N,99.0
3202,2024-01-11,2024-07-09,N,0.0
3203,2024-01-27,2025-10-18,N,0.0
3204,2024-01-18,04/17/2024,Y,59.0
3205,2024-01-03,2024-10-29,N,0.0
3206,2024-01-30,12/20/2025,N,0.0
3207,2024-01-04,09/30/2024,Y,79.0
3208,2024-01-11,,Y,0.0
3209,2024-01-10,03/05/2025,Y,0.0
3210,2024-01-26,,N,99.0
3211,2024-01-28,04/27/2024,N,39.0
3212,2024-01-30,,N,29.0
3213,2024-01-01,,N,
3214,2024-01-07,07/05/2024,Y,99.0
3215,2024-01-27,,N,79.0
3216,2024-01-04,,Y,0.0
3217,2024-01-28,10/19/2025,N,39.0
3218,2024-01-12,,N,99.0
3219,2024-01-02,11/22/2025,N,59.0
3220,2024-01-31,2025-09-22,N,0.0
3221,2024-01-24,,N,49.0
3222,2024-01-01,,N,49.0
3223,2024-01-19,2024-04-18,N,0.0
3224,2024-01-27,05/26/2024,Y,29.0
3225,2024-01-10,09/01/2025,N,0.0
3226,2024-01-11,06/09/2024,N,39.0
3227,2024-01-05,,N,0.0
3228,2024-01-21,2024-10-17,Y,99.0
3229,2024-01-08,2024-11-03,N,39.0
3230,2024-01-22,,Y,0.0
3231,2024-01-20,,N,
3232,2024-01-30,,Y,0.0
3233,2024-01-22,,N,0.0
3234,2024-01-17,,Y,0.0
3235,2024-01-14,,Y,39.0
3236,2024-01-30,,Y,29.0
3237,2024-01-15,,N,99.0
3238,2024-01-29,2026-01-18,N,149.0
3239,2024-01-18,,N,59.0
3240,2024-01-27,,N,0.0
3241,2024-01-10,05/09/2024,Y,59.0
3242,2024-01-16,2025-05-10,N,149.0
3243,,,N,49.0
3244,2024-01-09,11/04/2024,Y,0.0
3245,2024-01-25,10/16/2025,Y,29.0
3246,,2025-09-22,Y,149.0
3247,2024-01-13,,Y,0.0
3248,2024-01-15,2025-02-08,N,59.0
3249,2024-01-01,08/23/2025,N,39.0
3250,2024-01-01,12/26/2024,Y,0.0
3251,2024-01-05,,N,0.0
3252,2024-01-16,08/13/2024,Y,0.0
3253,2024-01-11,,Y,79.0
3254,2024-01-09,08/01/2025,N,0.0
3255,2024-01-22,08/19/2024,N,0.0
3256,2024-01-13,,Y,
3257,2024-01-24,,N,49.0
3258,2024-01-24,04/18/2025,Y,0.0
3259,2024-01-30,2025-10-21,Y,0.0
3260,2024-01-04,,Y,49.0
3261,2024-01-16,,N,39.0
3262,2024-01-26,,Y,0.0
3263,2024-01-17,,Y,99.0
3264,,2025-03-26,N,0.0
3265,2024-01-23,2025-01-17,Y,99.0
3266,2024-01-26,2025-06-19,N,59.0
3267,2024-01-16,,N,0.0
3268,2024-01-11,,N,0.0
3269,2024-01-23,,N,149.0
3270,2024-01-17,08/09/2025,Y,39.0
3271,,2024-10-27,Y,59.0
3272,2024-01-11,08/08/2024,N,
3273,,,N,149.0
3274,2024-01-05,2025-03-30,Y,0.0
3275,2024-01-05,,N,0.0
3276,2024-01-19,,N,0.0
3277,2024-01-21,2024-11-16,N,0.0
3278,2024-01-28,01/22/2025,N,39.0
3279,2024-01-30,2025-01-24,Y,79.0
3280,,2025-07-24,N,0.0
3281,2024-01-12,10/03/2025,N,0.0
3282,2024-01-09,2025-01-03,Y,39.0
3283,2024-01-18,2025-06-11,N,99.0
3284,2024-01-10,2025-06-03,N,49.0
3285,2024-01-12,,Y,59.0
3286,,2024-05-30,N,0.0
3287,2024-01-24,,,79.0
3288,2024-01-07,2025-11-27,N,0.0
3289,2024-01-06,04/05/2024,Y,0.0
3290,2024-01-05,,,0.0
3291,2024-01-11,,Y,99.0
3292,2024-01-21,2024-12-16,N,0.0
3293,2024-01-05,2025-07-28,N,99.0
3294,2024-01-15,2026-01-04,Y,59.0
3295,2024-01-12,2025-10-03,Y,0.0
3296,2024-01-13,05/07/2025,Y,59.0
3297,2024-01-30,12/25/2024,N,79.0
3298,2024-01-31,,Y,0.0
3299,2024-01-20,08/12/2025,N,0.0
3300,2024-01-30,,N,0.0
3301,2024-01-26,08/18/2025,Y,0.0
3302,2024-01-28,,Y,99.0
3303,2024-01-26,,Y,0.0
3304,2024-01-31,,N,0.0
3305,2024-01-15,2025-04-09,N,0.0
3306,2024-01-12,10/03/2025,Y,0.0
3307,2024-01-15,2025-08-07,Y,0.0
3308,2024-01-06,2025-09-27,Y,0.0
3309,2024-01-15,09/11/2024,Y,149.0
3310,2024-01-12,04/06/2025,Y,0.0
3311,2024-01-11,2024-04-10,Y,99.0
3312,2024-01-16,,N,0.0
3313,2024-01-07,,Y,39.0
3314,2024-01-25,08/22/2024,Y,99.0
3315,2024-01-03,,Y,0.0
3316,2024-01-08,,N,29.0
3317,2024-01-16,2025-01-10,Y,0.0
3318,2024-01-27,2025-07-20,Y,59.0
3319,2024-01-28,,N,0.0
3320,2024-01-27,2024-09-23,Y,49.0
3321,2024-01-01,,Y,79.0
3322,2024-01-04,,N,0.0
3323,2024-01-25,,Y,149.0
3324,,11/21/2025,N,0.0
3325,2024-01-23,02/16/2025,Y,99.0
3326,2024-01-15,11/05/2025,N,
3327,2024-01-27,06/25/2024,N,0.0
3328,2024-01-16,02/09/2025,N,29.0
3329,2024-01-24,,N,79.0
3330,2024-01-22,2025-12-12,N,0.0
3331,2024-01-12,03/07/2025,N,0.0
3332,,,Y,29.0
3333,2024-01-13,2025-10-04,Y,0.0
3334,2024-01-29,06/22/2025,Y,49.0
3335,2024-01-04,2025-01-28,Y,49.0
3336,2024-01-25,02/18/2025,Y,39.0
3337,2024-01-01,2024-04-30,N,0.0
3338,2024-01-03,,Y,149.0
3339,2024-01-27,2025-03-22,Y,59.0
3340,2024-01-13,,Y,149.0
3341,2024-01-09,,Y,59.0
3342,,08/23/2025,Y,0.0
3343,2024-01-14,2024-11-09,,39.0
3344,2024-01-23,2025-11-13,Y,49.0
3345,2024-01-02,2025-01-26,Y,79.0
3346,2024-01-17,03/12/2025,,39.0
3347,2024-01-17,,N,99.0
3348,2024-01-29,,N,0.0
3349,2024-01-06,2024-04-05,Y,0.0
3350,2024-01-09,,Y,0.0
3351,2024-01-21,05/20/2024,N,0.0
3352,2024-01-06,,N,59.0
3353,2024-01-14,2025-01-08,N,0.0
3354,2024-01-27,,Y,149.0
3355,2024-01-10,,Y,0.0
3356,2024-01-23,2025-04-17,N,0.0
3357,2024-01-08,,Y,149.0
3358,2024-01-15,2024-07-13,Y,0.0
3359,2024-01-20,,N,49.0
3360,2024-01-06,05/30/2025,Y,0.0
3361,2024-01-20,2025-09-11,N,0.0
3362,2024-01-10,,Y,0.0
3363,2024-01-07,,Y,0.0
3364,2024-01-16,2024-07-14,N,49.0
3365,2024-01-01,,Y,49.0
3366,2024-01-19,2025-01-13,Y,0.0
3367,2024-01-24,2025-01-18,N,0.0
3368,2024-01-07,2025-03-02,N,0.0
3369,2024-01-08,11/03/2024,Y,29.0
3370,2024-01-09,,Y,0.0
3371,,2025-10-22,Y,0.0
3372,2024-01-28,2025-06-21,N,29.0
3373,2024-01-12,02/05/2025,Y,39.0
3374,2024-01-23,2024-12-18,N,0.0
3375,2024-01-26,2025-07-19,N,99.0
3376,2024-01-06,,Y,0.0
3377,2024-01-04,,N,149.0
3378,2024-01-12,,N,59.0
3379,2024-01-31,2025-02-24,N,149.0
3380,2024-01-21,2025-09-12,N,0.0
3381,2024-01-07,,Y,
3382,2024-01-15,05/14/2024,Y,0.0
3383,2024-01-03,2025-05-27,Y,149.0
3384,2024-01-14,01/08/2025,N,149.0
3385,2024-01-08,,N,29.0
3386,2024-01-14,10/10/2024,N,
3387,2024-01-14,05/08/2025,Y,
3388,2024-01-31,,Y,29.0
3389,2024-01-25,01/14/2026,Y,0.0
3390,2024-01-25,,N,79.0
3391,2024-01-12,2025-12-02,Y,
3392,2024-01-03,2025-11-23,N,0.0
3393,2024-01-13,01/07/2025,Y,39.0
3394,2024-01-29,05/23/2025,N,0.0
3395,2024-01-15,,N,0.0
3396,2024-01-16,12/11/2024,Y,0.0
3397,2024-01-30,,N,0.0
3398,2024-01-13,,N,99.0
3399,2024-01-25,,Y,0.0
3400,2024-01-12,,N,59.0
3401,2024-01-01,2025-03-26,Y,29.0
3402,2024-01-27,07/25/2024,Y,0.0
3403,2024-01-15,,Y,0.0
3404,2024-01-16,,N,59.0
3405,2024-01-26,,N,0.0
3406,2024-01-13,10/04/2025,Y,0.0
3407,2024-01-21,2024-04-20,Y,79.0
3408,2024-01-25,2024-05-24,Y,0.0
3409,2024-01-06,2025-06-29,N,39.0
3410,2024-01-07,,Y,0.0
3411,,,N,79.0
3412,2024-01-03,2025-02-26,N,39.0
3413,2024-01-31,2024-08-28,Y,0.0
3414,2024-01-13,,Y,39.0
3415,2024-01-20,,Y,29.0
3416,2024-01-23,,Y,0.0
3417,2024-01-09,2025-08-01,Y,0.0
3418,2024-01-07,2025-05-31,N,0.0
3419,2024-01-11,2025-09-02,Y,79.0
3420,2024-01-31,08/28/2024,N,79.0
3421,2024-01-30,03/25/2025,N,99.0
3422,2024-01-16,,Y,79.0
3423,2024-01-28,2024-09-24,Y,59.0
3424,2024-01-14,06/07/2025,Y,0.0
3425,2024-01-18,,Y,149.0
3426,2024-01-04,,N,0.0
3427,2024-01-30,2025-05-24,Y,39.0
3428,2024-01-07,04/06/2024,Y,149.0
3429,2024-01-25,02/18/2025,Y,99.0
3430,2024-01-27,,Y,0.0
3431,2024-01-21,,Y,39.0
3432,2024-01-28,04/27/2024,Y,0.0
3433,2024-01-11,2025-02-04,N,79.0
3434,2024-01-03,,N,0.0
3435,2024-01-19,2025-06-12,N,0.0
3436,2024-01-16,2025-05-10,N,99.0
3437,2024-01-12,02/05/2025,N,0.0
3438,,,Y,0.0
3439,2024-01-31,2024-10-27,Y,79.0
3440,2024-01-06,2025-08-28,Y,59.0
3441,2024-01-20,2024-06-18,Y,99.0
3442,2024-01-04,05/28/2025,N,39.0
3443,2024-01-24,2025-01-18,N,0.0
3444,2024-01-01,08/23/2025,N,149.0
3445,2024-01-16,2025-07-09,N,
3446,,2024-07-29,Y,0.0
3447,2024-01-21,09/17/2024,Y,59.0
3448,2024-01-25,,Y,0.0
3449,2024-01-10,2024-09-06,Y,49.0
3450,2024-01-06,2024-05-05,N,59.0
3451,2024-01-08,07/31/2025,N,0.0
3452,2024-01-01,04/30/2024,Y,0.0
3453,2024-01-05,2024-09-01,Y,0.0
3454,2024-01-14,04/08/2025,N,59.0
3455,2024-01-28,2025-10-19,N,49.0
3456,2024-01-24,12/14/2025,N,79.0
3457,2024-01-26,2024-11-21,Y,0.0
3458,2024-01-15,,Y,0.0
3459,2024-01-20,,N,0.0
3460,2024-01-06,06/04/2024,N,0.0
3461,2024-01-03,03/28/2025,N,0.0
3462,2024-01-23,,N,0.0
3463,,2025-08-23,Y,39.0
3464,2024-01-19,10/10/2025,N,0.0
3465,2024-01-23,09/19/2024,Y,39.0
3466,2024-01-04,04/03/2024,N,99.0
3467,2024-01-22,01/11/2026,Y,
3468,2024-01-01,,Y,0.0
3469,2024-01-12,2024-12-07,,149.0
3470,2024-01-22,,Y,0.0
3471,2024-01-23,2024-06-21,Y,0.0
3472,2024-01-07,2024-08-04,N,99.0
3473,2024-01-01,05/25/2025,Y,59.0
3474,2024-01-23,2025-02-16,N,0.0
3475,2024-01-19,05/13/2025,N,0.0
3476,2024-01-28,02/21/2025,Y,99.0
3477,2024-01-24,,N,0.0
3478,2024-01-16,2025-12-06,Y,49.0
3479,2024-01-14,08/06/2025,Y,0.0
3480,2024-01-31,2025-05-25,N,29.0
3481,2024-01-30,2025-05-24,,0.0
3482,2024-01-17,2025-05-11,Y,0.0
3483,2024-01-16,,N,29.0
3484,2024-01-14,,N,39.0
3485,2024-01-09,07/02/2025,N,59.0
3486,2024-01-21,03/16/2025,N,79.0
3487,2024-01-21,09/17/2024,Y,39.0
3488,2024-01-14,03/09/2025,Y,0.0
3489,2024-01-26,,N,59.0
3490,2024-01-26,02/19/2025,Y,0.0
3491,2024-01-19,2024-11-14,N,29.0
3492,2024-01-27,,Y,0.0
3493,2024-01-02,2024-05-31,N,
3494,2024-01-15,,Y,49.0
3495,,2025-11-21,N,0.0
3496,2024-01-17,,N,0.0
3497,2024-01-29,,Y,0.0
3498,2024-01-26,,N,0.0
3499,,08/23/2025,N,0.0
3500,2024-01-19,11/09/2025,Y,0.0
3501,2024-01-16,2025-12-06,N,39.0
3502,2024-01-17,,N,59.0
3503,2024-01-20,2025-05-14,Y,0.0
3504,2024-01-11,09/07/2024,Y,0.0
3505,2024-01-16,01/10/2025,N,0.0
3506,2024-01-15,,N,59.0
3507,2024-01-20,2024-11-15,N,149.0
3508,2024-01-18,,Y,99.0
3509,2024-01-08,2025-09-29,N,0.0
3510,2024-01-28,03/23/2025,Y,99.0
3511,2024-01-12,04/11/2024,Y,0.0
3512,2024-01-11,,N,0.0
3513,2024-01-19,,Y,0.0
3514,2024-01-25,2025-04-19,Y,99.0
3515,2024-01-08,2025-11-28,Y,0.0
3516,2024-01-08,2024-09-04,Y,0.0
3517,2024-01-22,,Y,0.0
3518,2024-01-11,2025-09-02,N,79.0
3519,2024-01-22,,N,99.0
3520,2024-01-18,,Y,0.0
3521,2024-01-17,03/12/2025,N,0.0
3522,2024-01-26,2024-05-25,N,0.0
3523,2024-01-06,2024-07-04,Y,99.0
3524,2024-01-01,,N,0.0
3525,2024-01-25,,N,49.0
3526,2024-01-30,,Y,0.0
3527,2024-01-27,2024-07-25,Y,59.0
3528,2024-01-11,2024-06-09,Y,0.0
3529,2024-01-08,2025-02-01,N,0.0
3530,2024-01-26,,N,0.0
3531,2024-01-14,05/13/2024,N,0.0
3532,2024-01-03,2025-05-27,Y,0.0
3533,2024-01-12,03/07/2025,N,0.0
3534,2024-01-20,04/19/2024,N,0.0
3535,2024-01-11,,N,99.0
3536,2024-01-21,,Y,0.0
3537,2024-01-23,,Y,0.0
3538,2024-01-25,,Y,0.0
3539,2024-01-09,2024-10-05,N,59.0
3540,2024-01-31,,Y,0.0
3541,2024-01-26,2024-10-22,N,0.0
3542,2024-01-25,2024-12-20,Y,0.0
3543,2024-01-03,2024-08-30,Y,99.0
3544,2024-01-06,2024-12-01,Y,99.0
3545,2024-01-15,2024-06-13,N,0.0
3546,2024-01-01,,N,39.0
3547,2024-01-18,2025-05-12,Y,149.0
3548,2024-01-25,,N,39.0
3549,2024-01-06,,Y,59.0
3550,2024-01-07,08/04/2024,Y,29.0
3551,2024-01-03,2025-11-23,N,0.0
3552,2024-01-25,2025-03-20,Y,0.0
3553,,2025-12-21,Y,0.0
3554,2024-01-01,2025-09-22,Y,0.0
3555,2024-01-18,05/17/2024,N,39.0
3556,2024-01-05,,,0.0
3557,2024-01-11,09/07/2024,N,0.0
3558,,11/26/2024,N,0.0
3559,2024-01-28,2025-10-19,N,99.0
3560,2024-01-27,,N,99.0
3561,2024-01-22,2024-04-21,Y,
3562,2024-01-12,2024-10-08,N,99.0
3563,2024-01-06,,Y,49.0
3564,2024-01-15,,Y,0.0
3565,2024-01-14,01/03/2026,N,0.0
3566,2024-01-16,,N,0.0
3567,2024-01-16,2024-06-14,N,0.0
3568,2024-01-21,2025-05-15,N,149.0
3569,2024-01-07,09/03/2024,N,39.0
3570,2024-01-14,,N,59.0
3571,2024-01-11,2025-06-04,N,0.0
3572,2024-01-02,2025-06-25,N,79.0
3573,2024-01-06,11/26/2025,N,79.0
3574,2024-01-11,08/08/2024,N,0.0
3575,2024-01-10,2024-06-08,Y,0.0
3576,2024-01-06,2024-08-03,N,0.0
3577,2024-01-03,,Y,0.0
3578,2024-01-19,2024-09-15,Y,0.0
3579,2024-01-20,2025-08-12,N,0.0
3580,2024-01-27,2025-07-20,N,0.0
3581,2024-01-05,11/25/2025,N,59.0
3582,2024-01-28,10/19/2025,Y,99.0
3583,2024-01-31,11/21/2025,N,149.0
3584,2024-01-03,,N,0.0
3585,2024-01-17,2025-10-08,Y,29.0
3586,2024-01-12,2024-05-11,N,0.0
3587,2024-01-14,,Y,79.0
3588,2024-01-07,2025-11-27,Y,99.0
3589,2024-01-22,,N,79.0
3590,2024-01-26,,N,39.0
3591,2024-01-15,,N,0.0
3592,2024-01-09,03/04/2025,N,0.0
3593,2024-01-14,,N,0.0
3594,2024-01-02,2024-04-01,N,29.0
3595,,2024-09-27,N,0.0
3596,,2024-04-30,N,0.0
3597,2024-01-07,01/31/2025,N,0.0
3598,2024-01-26,2025-09-17,Y,
3599,2024-01-01,2025-11-21,N,0.0
3600,2024-01-27,2024-06-25,Y,39.0
3601,2024-01-30,,N,0.0
3602,2024-01-11,2025-02-04,N,0.0
3603,2024-01-28,,Y,0.0
3604,2024-01-23,,N,0.0
3605,2024-01-26,,Y,0.0
3606,2024-01-24,2026-01-13,N,59.0
3607,2024-01-29,2024-06-27,N,59.0
3608,2024-01-18,2024-05-17,N,49.0
3609,2024-01-23,10/19/2024,N,0.0
3610,2024-01-29,12/24/2024,Y,99.0
3611,2024-01-08,11/03/2024,Y,0.0
3612,2024-01-15,2025-11-05,Y,79.0
3613,2024-01-04,08/31/2024,,99.0
3614,2024-01-13,,Y,59.0
3615,2024-01-04,,N,0.0
3616,2024-01-29,,Y,49.0
3617,2024-01-03,2025-01-27,Y,39.0
3618,2024-01-22,2025-09-13,N,0.0
3619,2024-01-02,,Y,0.0
3620,2024-01-26,05/20/2025,N,149.0
3621,2024-01-01,12/21/2025,N,79.0
3622,,,Y,0.0
3623,2024-01-15,07/08/2025,N,59.0
3624,2024-01-20,2025-02-13,N,0.0
3625,,2025-09-22,N,29.0
3626,2024-01-21,2025-11-11,Y,79.0
3627,2024-01-10,08/07/2024,Y,0.0
3628,2024-01-11,2025-04-05,Y,0.0
3629,,2025-06-24,Y,79.0
3630,2024-01-27,08/19/2025,Y,29.0
3631,2024-01-02,07/30/2024,Y,49.0
3632,2024-01-29,10/20/2025,Y,0.0
3633,2024-01-18,,Y,49.0
3634,2024-01-16,2024-09-12,Y,149.0
3635,2024-01-08,2025-05-02,Y,99.0
3636,2024-01-07,,Y,149.0
3637,2024-01-27,,N,0.0
3638,2024-01-16,2024-07-14,Y,79.0
3639,2024-01-10,2025-01-04,N,0.0
3640,2024-01-07,2024-09-03,N,79.0
3641,2024-01-06,,N,59.0
3642,2024-01-12,,Y,149.0
3643,2024-01-08,03/03/2025,N,0.0
3644,2024-01-25,11/15/2025,Y,0.0
3645,2024-01-27,2025-10-18,N,0.0
3646,2024-01-03,2025-04-27,Y,0.0
3647,,,Y,0.0
3648,2024-01-16,2025-03-11,Y,0.0
3649,2024-01-22,2024-05-21,Y,59.0
3650,2024-01-04,,N,99.0
3651,2024-01-05,,Y,149.0
3652,,2025-07-24,N,0.0
3653,2024-01-30,,Y,0.0
3654,2024-01-19,,N,0.0
3655,2024-01-23,2025-01-17,Y,99.0
3656,,2024-03-31,N,59.0
3657,2024-01-21,,Y,0.0
3658,2024-01-04,2025-12-24,Y,59.0
3659,2024-01-05,,N,79.0
3660,2024-01-05,2025-06-28,Y,0.0
3661,2024-01-12,2025-01-06,Y,0.0
3662,2024-01-01,,,0.0
3663,2024-01-26,07/19/2025,Y,29.0
3664,2024-01-11,,Y,0.0
3665,2024-01-18,2024-09-14,Y,0.0
3666,2024-01-12,2025-07-05,N,0.0
3667,2024-01-08,2025-11-28,Y,79.0
3668,2024-01-20,11/10/2025,Y,0.0
3669,2024-01-29,01/23/2025,Y,0.0
3670,2024-01-20,,Y,0.0
3671,2024-01-04,05/03/2024,,0.0
3672,2024-01-17,2024-12-12,N,0.0
3673,,07/24/2025,N,0.0
3674,2024-01-31,2025-02-24,N,39.0
3675,2024-01-30,2024-07-28,Y,
3676,2024-01-03,07/26/2025,N,59.0
3677,2024-01-21,05/20/2024,N,59.0
3678,2024-01-06,09/02/2024,Y,149.0
3679,2024-01-10,10/06/2024,Y,39.0
3680,2024-01-17,10/13/2024,N,0.0
3681,2024-01-21,2025-08-13,Y,0.0
3682,2024-01-20,12/15/2024,N,39.0
3683,2024-01-31,,N,0.0
3684,2024-01-07,,Y,29.0
3685,2024-01-03,2025-04-27,N,0.0
3686,2024-01-07,10/28/2025,N,0.0
3687,2024-01-14,2024-11-09,Y,99.0
3688,2024-01-04,,N,0.0
3689,2024-01-28,2025-08-20,N,79.0
3690,2024-01-30,08/27/2024,Y,0.0
3691,2024-01-03,12/23/2025,Y,0.0
3692,2024-01-31,04/25/2025,N,79.0
3693,2024-01-21,2025-08-13,N,59.0
3694,2024-01-29,12/19/2025,N,0.0
3695,2024-01-18,2025-05-12,Y,0.0
3696,,10/22/2025,N,39.0
3697,2024-01-30,01/24/2025,N,49.0
3698,2024-01-06,,N,0.0
3699,2024-01-03,09/29/2024,Y,0.0
3700,2024-01-07,,Y,0.0
3701,2024-01-17,2024-11-12,N,0.0
3702,2024-01-09,01/03/2025,N,0.0
3703,2024-01-15,,Y,99.0
3704,2024-01-09,,Y,0.0
3705,2024-01-10,,N,149.0
3706,2024-01-03,2025-04-27,Y,29.0
3707,2024-01-09,03/04/2025,Y,0.0
3708,2024-01-28,03/23/2025,Y,0.0
3709,2024-01-18,12/08/2025,,59.0
3710,2024-01-10,09/01/2025,Y,0.0
3711,2024-01-23,2025-01-17,N,0.0
3712,2024-01-31,2025-04-25,Y,0.0
3713,2024-01-17,05/11/2025,Y,49.0
3714,2024-01-08,,Y,39.0
3715,2024-01-14,06/07/2025,N,39.0
3716,2024-01-08,2025-01-02,N,49.0
3717,2024-01-31,,N,99.0
3718,2024-01-09,,Y,0.0
3719,2024-01-08,2025-10-29,N,0.0
3720,2024-01-14,2025-05-08,Y,0.0
3721,2024-01-24,,Y,39.0
3722,2024-01-29,2025-04-23,Y,149.0
3723,2024-01-10,,N,29.0
3724,2024-01-05,2024-06-03,Y,59.0
3725,,2024-06-29,Y,0.0
3726,2024-01-18,,N,0.0
3727,2024-01-21,02/14/2025,N,49.0
3728,2024-01-26,,N,0.0
3729,2024-01-10,2025-02-03,N,
3730,2024-01-19,2024-05-18,Y,0.0
3731,2024-01-15,,Y,0.0
3732,2024-01-12,04/06/2025,N,0.0
3733,2024-01-22,,Y,79.0
3734,2024-01-24,2025-05-18,Y,0.0
3735,2024-01-09,2024-07-07,N,79.0
3736,2024-01-22,12/12/2025,Y,0.0
3737,2024-01-19,2025-01-13,Y,0.0
3738,2024-01-14,07/12/2024,Y,149.0
3739,2024-01-31,01/25/2025,N,49.0
3740,2024-01-19,07/17/2024,N,49.0
3741,2024-01-24,,N,0.0
3742,2024-01-23,06/16/2025,N,149.0
3743,2024-01-15,2024-04-14,N,0.0
3744,2024-01-07,04/06/2024,Y,29.0
3745,2024-01-01,01/25/2025,Y,149.0
3746,2024-01-12,,Y,59.0
3747,2024-01-14,,N,0.0
3748,2024-01-06,,N,39.0
3749,2024-01-02,2024-10-28,Y,149.0
3750,,,Y,
3751,2024-01-12,,N,39.0
3752,2024-01-07,03/02/2025,Y,0.0
3753,2024-01-18,,Y,
3754,2024-01-08,2025-06-01,Y,0.0
3755,2024-01-16,06/14/2024,N,29.0
3756,2024-01-05,10/01/2024,N,59.0
3757,2024-01-21,2025-07-14,N,0.0
3758,2024-01-13,07/06/2025,N,0.0
3759,2024-01-30,,N,0.0
3760,2024-01-21,,Y,0.0
3761,2024-01-09,,Y,0.0
3762,2024-01-25,2024-10-21,N,0.0
3763,2024-01-12,,Y,0.0
3764,2024-01-13,,Y,0.0
3765,2024-01-31,,Y,0.0
3766,2024-01-03,08/25/2025,Y,39.0
3767,2024-01-17,04/16/2024,,39.0
3768,2024-01-24,,N,0.0
3769,2024-01-30,2025-11-20,N,0.0
3770,,2025-08-23,N,29.0
3771,2024-01-23,,N,79.0
3772,2024-01-20,2024-07-18,Y,0.0
3773,2024-01-27,,N,0.0
3774,2024-01-31,2025-11-21,Y,39.0
3775,2024-01-16,2025-04-10,Y,59.0
3776,2024-01-21,08/18/2024,N,29.0
3777,2024-01-03,2024-05-02,Y,49.0
3778,2024-01-24,2024-11-19,N,0.0
3779,2024-01-20,,Y,0.0
3780,2024-01-28,2025-11-18,Y,0.0
3781,2024-01-30,,N,79.0
3782,2024-01-14,12/04/2025,N,0.0
3783,2024-01-23,,N,0.0
3784,2024-01-04,2025-09-25,Y,99.0
3785,2024-01-20,,N,79.0
3786,2024-01-10,2025-10-31,,29.0
3787,2024-01-25,,N,49.0
3788,2024-01-13,2024-06-11,N,29.0
3789,2024-01-18,,N,49.0
3790,2024-01-30,2025-12-20,Y,149.0
3791,2024-01-10,07/03/2025,N,0.0
3792,2024-01-09,03/04/2025,N,149.0
3793,2024-01-27,10/18/2025,Y,79.0
3794,2024-01-15,12/10/2024,Y,0.0
3795,,10/27/2024,Y,0.0
3796,2024-01-23,06/16/2025,Y,79.0
3797,2024-01-12,09/03/2025,N,0.0
3798,,,,79.0
3799,2024-01-15,2025-08-07,N,0.0
3800,2024-01-07,,N,0.0
3801,,11/26/2024,N,99.0
3802,2024-01-25,,N,0.0
3803,,,Y,0.0
3804,2024-01-29,12/24/2024,Y,0.0
3805,2024-01-14,,Y,39.0
3806,2024-01-18,01/07/2026,Y,0.0
3807,2024-01-03,2024-11-28,Y,0.0
3808,2024-01-09,2025-11-29,N,0.0
3809,2024-01-26,01/15/2026,Y,79.0
3810,2024-01-25,,Y,0.0
3811,,11/26/2024,N,149.0
3812,2024-01-14,,Y,0.0
3813,2024-01-27,2025-02-20,Y,29.0
3814,2024-01-01,02/24/2025,Y,0.0
3815,2024-01-23,01/17/2025,Y,39.0
3816,2024-01-07,2025-01-01,N,79.0
3817,2024-01-10,,Y,49.0
3818,2024-01-21,2024-11-16,Y,99.0
3819,2024-01-22,12/17/2024,N,0.0
3820,2024-01-18,2024-08-15,Y,149.0
3821,2024-01-12,2025-05-06,Y,149.0
3822,2024-01-12,04/06/2025,N,0.0
3823,2024-01-15,06/13/2024,Y,0.0
3824,2024-01-28,,N,59.0
3825,2024-01-20,2024-05-19,Y,0.0
3826,2024-01-04,05/03/2024,Y,149.0
3827,2024-01-23,12/18/2024,N,79.0
3828,2024-01-12,,Y,79.0
3829,2024-01-06,2025-03-01,N,39.0
3830,2024-01-03,12/28/2024,N,0.0
3831,2024-01-06,,N,0.0
3832,2024-01-03,2025-07-26,Y,0.0
3833,2024-01-20,,Y,79.0
3834,2024-01-16,,N,59.0
3835,2024-01-29,,Y,39.0
3836,2024-01-23,,Y,149.0
3837,2024-01-02,,N,0.0
3838,2024-01-18,2025-08-10,N,59.0
3839,2024-01-06,04/30/2025,N,29.0
3840,2024-01-12,2024-04-11,Y,49.0
3841,2024-01-03,2024-12-28,N,39.0
3842,2024-01-14,05/13/2024,N,0.0
3843,2024-01-09,11/29/2025,N,0.0
3844,2024-01-29,,Y,0.0
3845,2024-01-20,2025-12-10,N,49.0
3846,2024-01-26,,,0.0
3847,2024-01-05,07/03/2024,Y,39.0
3848,2024-01-24,2025-08-16,N,0.0
3849,2024-01-30,07/28/2024,Y,79.0
3850,2024-01-04,,Y,
3851,2024-01-20,2025-03-15,Y,149.0
3852,2024-01-24,04/18/2025,N,59.0
3853,2024-01-20,01/09/2026,N,0.0
3854,2024-01-16,,N,0.0
3855,2024-01-14,04/08/2025,Y,0.0
3856,2024-01-02,12/27/2024,Y,0.0
3857,2024-01-16,2024-04-15,N,149.0
3858,2024-01-14,2026-01-03,Y,0.0
3859,2024-01-15,09/11/2024,Y,0.0
3860,2024-01-31,,Y,0.0
3861,2024-01-28,03/23/2025,Y,0.0
3862,2024-01-28,04/22/2025,Y,0.0
3863,2024-01-04,,Y,79.0
3864,2024-01-22,10/18/2024,Y,0.0
3865,2024-01-23,2024-09-19,N,39.0
3866,2024-01-04,2025-06-27,N,0.0
3867,2024-01-14,,N,0.0
3868,2024-01-31,2024-05-30,N,59.0
3869,2024-01-04,,N,0.0
3870,2024-01-23,2025-04-17,N,0.0
3871,2024-01-10,,Y,0.0
3872,2024-01-21,,Y,0.0
3873,2024-01-12,,N,0.0
3874,2024-01-11,,Y,39.0
3875,2024-01-13,01/02/2026,Y,99.0
3876,2024-01-23,,Y,149.0
3877,,10/22/2025,N,59.0
3878,2024-01-11,05/05/2025,N,
3879,2024-01-14,2024-12-09,Y,0.0
3880,2024-01-17,12/07/2025,Y,0.0
3881,2024-01-28,2025-11-18,N,0.0
3882,2024-01-19,2025-04-13,N,0.0
3883,2024-01-19,2025-07-12,N,0.0
3884,2024-01-20,2025-08-12,N,0.0
3885,2024-01-20,07/13/2025,Y,0.0
3886,2024-01-07,05/06/2024,N,29.0
3887,2024-01-07,2024-09-03,Y,0.0
3888,2024-01-12,10/03/2025,Y,29.0
3889,2024-01-14,,N,0.0
3890,2024-01-29,06/27/2024,N,149.0
3891,2024-01-05,2025-02-28,N,79.0
3892,2024-01-25,,N,39.0
3893,2024-01-02,,N,0.0
3894,2024-01-28,,Y,0.0
3895,2024-01-21,,Y,0.0
3896,2024-01-01,,N,79.0
3897,2024-01-18,,N,0.0
3898,,2025-11-21,N,
3899,2024-01-15,,Y,79.0
3900,2024-01-17,,N,0.0
3901,2024-01-21,08/18/2024,N,0.0
3902,2024-01-03,,Y,0.0
3903,2024-01-08,2025-08-30,Y,59.0
3904,2024-01-01,05/25/2025,N,49.0
3905,,2024-10-27,Y,59.0
3906,2024-01-07,2024-12-02,Y,29.0
3907,,,N,0.0
3908,,10/27/2024,N,0.0
3909,2024-01-21,2024-05-20,N,0.0
3910,2024-01-12,,Y,39.0
3911,2024-01-28,03/23/2025,Y,0.0
3912,2024-01-02,,N,0.0
3913,2024-01-06,,N,0.0
3914,2024-01-10,2024-05-09,N,0.0
3915,2024-01-01,06/24/2025,Y,49.0
3916,2024-01-05,,Y,0.0
3917,2024-01-05,05/04/2024,N,99.0
3918,2024-01-02,,N,0.0
3919,2024-01-04,,N,149.0
3920,2024-01-18,2024-06-16,Y,49.0
3921,2024-01-01,2024-05-30,N,29.0
3922,2024-01-03,,,99.0
3923,2024-01-15,,,0.0
3924,2024-01-07,06/30/2025,Y,0.0
3925,2024-01-23,,N,0.0
3926,2024-01-29,,Y,0.0
3927,2024-01-05,10/31/2024,,59.0
3928,2024-01-28,03/23/2025,N,59.0
3929,2024-01-01,,N,0.0
3930,2024-01-22,2025-07-15,Y,149.0
3931,2024-01-10,,N,99.0
3932,2024-01-16,,Y,59.0
3933,2024-01-10,05/09/2024,N,0.0
3934,2024-01-07,,N,0.0
3935,2024-01-21,,Y,49.0
3936,2024-01-01,2024-12-26,Y,59.0
3937,2024-01-01,,N,0.0
3938,2024-01-18,09/09/2025,N,39.0
3939,2024-01-16,2025-04-10,Y,79.0
3940,2024-01-19,2025-04-13,N,0.0
3941,,,Y,0.0
3942,2024-01-19,,,0.0
3943,2024-01-28,2024-11-23,Y,99.0
3944,2024-01-31,2024-08-28,Y,59.0
3945,2024-01-06,06/29/2025,Y,
3946,2024-01-07,2025-03-02,Y,29.0
3947,2024-01-18,2024-07-16,Y,0.0
3948,2024-01-24,2024-10-20,N,79.0
3949,2024-01-25,2025-01-19,N,99.0
3950,2024-01-12,2024-04-11,N,99.0
3951,2024-01-11,,N,29.0
3952,2024-01-20,12/10/2025,N,79.0
3953,2024-01-10,06/03/2025,N,99.0
3954,,,Y,0.0
3955,2024-01-28,,N,0.0
3956,2024-01-06,10/02/2024,Y,39.0
3957,2024-01-06,08/03/2024,Y,0.0
3958,2024-01-27,05/26/2024,,49.0
3959,2024-01-26,09/17/2025,N,0.0
3960,,2025-05-25,N,0.0
3961,2024-01-22,,Y,0.0
3962,,12/26/2024,Y,49.0
3963,2024-01-25,05/19/2025,Y,0.0
3964,2024-01-22,,N,0.0
3965,2024-01-04,2024-05-03,Y,0.0
3966,2024-01-26,,Y,0.0
3967,2024-01-20,2025-09-11,Y,79.0
3968,2024-01-15,04/14/2024,N,0.0
3969,,09/22/2025,Y,0.0
3970,2024-01-09,,N,99.0
3971,2024-01-31,2025-09-22,N,0.0
3972,2024-01-30,2025-03-25,N,0.0
3973,2024-01-16,12/11/2024,Y,0.0
3974,2024-01-15,2025-06-08,N,0.0
3975,2024-01-31,2025-05-25,N,0.0
3976,2024-01-12,03/07/2025,Y,79.0
3977,2024-01-11,,N,0.0
3978,2024-01-03,04/02/2024,Y,0.0
3979,2024-01-01,02/24/2025,N,29.0
3980,2024-01-03,,Y,0.0
3981,2024-01-23,,Y,0.0
3982,2024-01-01,,Y,0.0
3983,2024-01-08,06/06/2024,Y,79.0
3984,2024-01-06,2024-07-04,N,0.0
3985,2024-01-30,,Y,0.0
3986,2024-01-17,,Y,39.0
3987,2024-01-24,,Y,0.0
3988,2024-01-22,,Y,0.0
3989,,,N,0.0
3990,2024-01-19,,Y,0.0
3991,2024-01-23,2024-04-22,Y,29.0
3992,2024-01-03,2024-06-01,N,0.0
3993,2024-01-10,2024-08-07,Y,149.0
3994,2024-01-02,,N,99.0
3995,2024-01-25,10/16/2025,N,0.0
3996,2024-01-08,05/02/2025,Y,149.0
3997,,02/24/2025,Y,49.0
3998,2024-01-11,01/05/2025,N,79.0
3999,2024-01-28,07/26/2024,N,39.0
4000,2024-01-06,,N,149.0
4001,2024-01-28,,Y,0.0
4002,2024-01-26,,N,0.0
4003,2024-01-22,2025-03-17,Y,0.0
4004,2024-01-14,2025-05-08,N,39.0
4005,2024-01-17,2024-09-13,N,149.0
4006,2024-01-26,12/21/2024,Y,0.0
4007,2024-01-10,2025-02-03,Y,0.0
4008,2024-01-23,,N,149.0
4009,2024-01-18,2025-10-09,N,79.0
4010,2024-01-30,04/29/2024,Y,
4011,2024-01-03,11/23/2025,Y,0.0
4012,2024-01-23,2025-08-15,N,0.0
4013,2024-01-03,,Y,29.0
4014,,04/25/2025,N,99.0
4015,2024-01-17,,Y,59.0
4016,2024-01-31,08/23/2025,,0.0
4017,2024-01-17,,N,59.0
4018,2024-01-27,2024-04-26,Y,0.0
4019,2024-01-24,2025-05-18,N,99.0
4020,2024-01-10,,Y,0.0
4021,2024-01-21,2024-10-17,Y,0.0
4022,2024-01-04,12/24/2025,N,59.0
4023,2024-01-04,2025-05-28,Y,149.0
4024,2024-01-30,2024-06-28,Y,0.0
4025,2024-01-17,08/09/2025,Y,0.0
4026,2024-01-28,02/21/2025,N,29.0
4027,2024-01-21,,Y,149.0
4028,2024-01-02,02/25/2025,Y,59.0
4029,2024-01-20,05/19/2024,Y,0.0
4030,2024-01-24,2025-09-15,N,39.0
4031,2024-01-12,,,0.0
4032,2024-01-09,2025-11-29,Y,0.0
4033,2024-01-08,2024-05-07,Y,0.0
4034,2024-01-21,06/14/2025,N,0.0
4035,2024-01-22,07/15/2025,Y,79.0
4036,2024-01-11,10/07/2024,Y,0.0
4037,2024-01-03,03/28/2025,Y,0.0
4038,,10/27/2024,Y,39.0
4039,2024-01-15,,N,0.0
4040,2024-01-30,,Y,0.0
4041,2024-01-18,09/14/2024,Y,49.0
4042,2024-01-07,,Y,0.0
4043,2024-01-31,,N,79.0
4044,2024-01-24,,N,0.0
4045,2024-01-01,08/23/2025,Y,49.0
4046,2024-01-13,,N,99.0
4047,,2024-09-27,N,99.0
4048,2024-01-23,05/22/2024,N,0.0
4049,2024-01-22,2024-09-18,Y,99.0
4050,2024-01-01,06/24/2025,N,59.0
4051,2024-01-09,,Y,99.0
4052,2024-01-23,2025-02-16,N,49.0
4053,2024-01-23,2025-07-16,N,0.0
4054,2024-01-11,,N,0.0
4055,2024-01-31,03/26/2025,Y,0.0
4056,2024-01-05,2024-10-31,N,49.0
4057,2024-01-24,,Y,0.0
4058,2024-01-25,,Y,0.0
4059,2024-01-12,,N,79.0
4060,2024-01-23,12/13/2025,N,0.0
4061,2024-01-03,,Y,0.0
4062,2024-01-13,12/08/2024,Y,0.0
4063,2024-01-23,2025-07-16,Y,39.0
4064,2024-01-30,02/23/2025,Y,29.0
4065,2024-01-31,2025-12-21,Y,0.0
4066,2024-01-05,2025-08-27,N,0.0
4067,2024-01-15,2024-10-11,Y,149.0
4068,2024-01-13,02/06/2025,N,49.0
4069,2024-01-11,,Y,149.0
4070,2024-01-26,2024-09-22,N,59.0
4071,2024-01-16,01/10/2025,N,0.0
4072,2024-01-18,2024-11-13,Y,0.0
4073,2024-01-09,,N,0.0
4074,2024-01-02,,N,0.0
4075,2024-01-15,10/06/2025,Y,0.0
4076,2024-01-23,04/17/2025,Y,0.0
4077,2024-01-29,01/18/2026,N,0.0
4078,2024-01-20,01/09/2026,N,59.0
4079,2024-01-21,04/20/2024,Y,0.0
4080,2024-01-18,,N,59.0
4081,2024-01-24,2025-06-17,Y,59.0
4082,2024-01-01,,Y,0.0
4083,2024-01-03,06/01/2024,N,59.0
4084,2024-01-25,2025-12-15,N,29.0
4085,2024-01-20,03/15/2025,N,49.0
4086,2024-01-20,,N,29.0
4087,2024-01-28,,Y,0.0
4088,2024-01-13,,Y,0.0
4089,2024-01-16,,N,0.0
4090,2024-01-01,,N,0.0
4091,2024-01-17,02/10/2025,N,0.0
4092,2024-01-17,,Y,0.0
4093,2024-01-09,2025-01-03,Y,49.0
4094,2024-01-28,,N,59.0
4095,2024-01-24,2024-06-22,Y,0.0
4096,2024-01-25,2025-08-17,Y,49.0
4097,2024-01-02,2024-08-29,Y,59.0
4098,2024-01-09,,N,79.0
4099,2024-01-05,02/28/2025,N,49.0
4100,,2025-07-24,N,0.0
4101,2024-01-14,2025-11-04,N,59.0
4102,2024-01-01,,Y,99.0
4103,2024-01-28,,Y,0.0
4104,2024-01-24,06/22/2024,Y,0.0
4105,2024-01-31,2025-01-25,N,0.0
4106,2024-01-24,12/14/2025,Y,39.0
4107,2024-01-27,09/23/2024,N,59.0
4108,2024-01-02,,Y,39.0
4109,2024-01-12,,Y,99.0
4110,2024-01-23,,Y,39.0
4111,2024-01-18,,Y,49.0
4112,2024-01-19,2025-01-13,Y,149.0
4113,2024-01-15,,Y,0.0
4114,2024-01-03,12/23/2025,N,0.0
4115,2024-01-02,2025-03-27,N,29.0
4116,2024-01-28,,Y,0.0
4117,2024-01-19,,N,29.0
4118,2024-01-23,,Y,79.0
4119,2024-01-12,,Y,0.0
4120,2024-01-25,,Y,
4121,,2025-06-24,N,99.0
4122,2024-01-09,06/07/2024,Y,79.0
4123,2024-01-20,,N,0.0
4124,2024-01-21,,Y,149.0
4125,2024-01-03,2024-10-29,Y,0.0
4126,2024-01-29,2025-09-20,N,0.0
4127,2024-01-19,,N,29.0
4128,2024-01-26,,Y,39.0
4129,2024-01-30,2025-03-25,N,0.0
4130,2024-01-01,,Y,49.0
4131,2024-01-21,,N,29.0
4132,2024-01-27,12/22/2024,N,149.0
4133,2024-01-29,04/28/2024,Y,49.0
4134,2024-01-19,2026-01-08,Y,0.0
4135,2024-01-02,2024-05-31,Y,39.0
4136,2024-01-14,,Y,99.0
4137,2024-01-29,,Y,0.0
4138,2024-01-20,2025-01-14,N,99.0
4139,2024-01-25,07/23/2024,N,79.0
4140,2024-01-18,2025-03-13,Y,0.0
4141,,,Y,29.0
4142,2024-01-20,08/12/2025,Y,99.0
4143,2024-01-14,2025-09-05,N,59.0
4144,2024-01-21,,N,149.0
4145,2024-01-14,2025-09-05,Y,0.0
4146,2024-01-02,11/27/2024,Y,0.0
4147,2024-01-11,,,49.0
4148,2024-01-08,2025-06-01,Y,79.0
4149,2024-01-18,09/09/2025,N,39.0
4150,2024-01-11,,N,
4151,,,N,0.0
4152,2024-01-20,,N,29.0
4153,2024-01-26,,Y,0.0
4154,2024-01-07,,Y,59.0
4155,2024-01-10,10/06/2024,Y,
4156,2024-01-16,,N,59.0
4157,2024-01-01,2025-06-24,Y,0.0
4158,2024-01-21,2025-09-12,N,39.0
4159,2024-01-01,2024-06-29,N,59.0
4160,2024-01-19,,Y,39.0
4161,2024-01-27,2024-07-25,Y,49.0
4162,2024-01-28,,Y,29.0
4163,2024-01-27,2025-01-21,Y,149.0
4164,2024-01-28,,Y,0.0
4165,2024-01-27,03/22/2025,N,0.0
4166,2024-01-12,2026-01-01,N,149.0
4167,2024-01-20,10/16/2024,Y,0.0
4168,2024-01-02,2024-05-31,,0.0
4169,2024-01-28,07/21/2025,Y,49.0
4170,2024-01-31,2024-05-30,N,0.0
4171,2024-01-03,,N,0.0
4172,2024-01-16,10/07/2025,Y,29.0
4173,2024-01-06,12/26/2025,Y,59.0
4174,2024-01-04,07/27/2025,Y,79.0
4175,2024-01-26,11/21/2024,Y,0.0
4176,2024-01-13,2024-06-11,N,29.0
4177,2024-01-25,,Y,149.0
4178,2024-01-16,01/10/2025,N,0.0
4179,2024-01-02,2025-05-26,Y,149.0
4180,2024-01-08,12/03/2024,Y,149.0
4181,2024-01-04,,N,79.0
4182,2024-01-01,,N,0.0
4183,2024-01-16,2025-08-08,N,79.0
4184,2024-01-05,,N,0.0
4185,2024-01-10,2024-08-07,Y,39.0
4186,2024-01-21,10/12/2025,Y,149.0
4187,2024-01-03,2024-07-31,N,0.0
4188,2024-01-28,,N,0.0
4189,2024-01-04,,Y,0.0
4190,2024-01-06,,Y,79.0
4191,2024-01-29,05/28/2024,Y,0.0
4192,2024-01-01,,Y,0.0
4193,2024-01-05,2024-08-02,Y,0.0
4194,2024-01-19,,Y,0.0
4195,2024-01-04,2024-07-02,Y,79.0
4196,2024-01-29,05/23/2025,N,99.0
4197,2024-01-10,07/08/2024,Y,149.0
4198,2024-01-27,03/22/2025,N,0.0
4199,2024-01-31,05/25/2025,N,0.0
4200,2024-01-17,08/09/2025,N,79.0
4201,2024-01-12,09/08/2024,Y,59.0
4202,2024-01-09,04/08/2024,Y,29.0
4203,2024-01-09,,N,0.0
4204,2024-01-03,,N,49.0
4205,2024-01-08,,Y,29.0
4206,2024-01-06,09/27/2025,N,0.0
4207,2024-01-18,09/14/2024,Y,0.0
4208,2024-01-14,2024-09-10,N,0.0
4209,2024-01-29,,Y,0.0
4210,2024-01-27,,Y,99.0
4211,2024-01-01,,Y,29.0
4212,2024-01-20,11/15/2024,Y,0.0
4213,2024-01-14,12/09/2024,Y,99.0
4214,2024-01-27,06/25/2024,N,0.0
4215,2024-01-09,11/29/2025,Y,99.0
4216,2024-01-01,2024-03-31,N,59.0
4217,2024-01-03,2025-07-26,N,29.0
4218,2024-01-18,05/17/2024,N,0.0
4219,2024-01-08,,Y,0.0
4220,,12/21/2025,Y,59.0
4221,2024-01-31,,Y,59.0
4222,2024-01-22,2024-06-20,N,39.0
4223,2024-01-26,,N,79.0
4224,2024-01-16,2025-12-06,Y,59.0
4225,2024-01-04,2025-10-25,Y,39.0
4226,2024-01-16,06/14/2024,Y,0.0
4227,2024-01-12,2024-11-07,N,0.0
4228,2024-01-31,2024-12-26,Y,0.0
4229,2024-01-25,,N,0.0
4230,2024-01-04,01/28/2025,N,0.0
4231,2024-01-29,,Y,59.0
4232,2024-01-13,,Y,49.0
4233,,,N,0.0
4234,2024-01-18,2025-12-08,Y,0.0
4235,2024-01-19,,N,99.0
4236,2024-01-06,01/30/2025,Y,49.0
4237,2024-01-29,2024-05-28,Y,0.0
4238,2024-01-04,08/31/2024,,0.0
4239,2024-01-19,,Y,99.0
4240,2024-01-29,,Y,49.0
4241,2024-01-17,2025-11-07,N,0.0
4242,2024-01-29,05/23/2025,N,0.0
4243,2024-01-09,08/06/2024,Y,0.0
4244,,2025-08-23,Y,
4245,2024-01-26,09/17/2025,Y,49.0
4246,2024-01-06,2025-08-28,Y,29.0
4247,2024-01-26,,Y,29.0
4248,2024-01-09,,Y,79.0
4249,2024-01-29,,Y,0.0
4250,2024-01-22,07/20/2024,N,0.0
4251,2024-01-25,2025-09-16,N,0.0
4252,2024-01-07,07/30/2025,N,79.0
4253,2024-01-23,2025-08-15,Y,79.0
4254,2024-01-17,,Y,49.0
4255,2024-01-19,12/14/2024,N,49.0
4256,,03/26/2025,N,59.0
4257,2024-01-18,07/11/2025,N,79.0
4258,2024-01-11,2025-08-03,Y,59.0
4259,2024-01-21,2024-06-19,N,49.0
4260,2024-01-04,,N,59.0
4261,2024-01-04,03/29/2025,Y,0.0
4262,2024-01-03,,Y,39.0
4263,2024-01-14,2025-03-09,N,79.0
4264,2024-01-22,08/19/2024,Y,99.0
4265,2024-01-16,,N,59.0
4266,2024-01-25,2024-12-20,N,149.0
4267,2024-01-04,,Y,0.0
4268,2024-01-03,06/26/2025,,79.0
4269,2024-01-11,,Y,149.0
4270,2024-01-07,2025-05-31,Y,0.0
4271,2024-01-25,05/24/2024,Y,0.0
4272,2024-01-27,2024-08-24,Y,
4273,2024-01-10,10/31/2025,Y,0.0
4274,2024-01-17,,N,99.0
4275,2024-01-30,09/21/2025,N,79.0
4276,2024-01-05,04/29/2025,Y,39.0
4277,2024-01-06,09/02/2024,Y,0.0
4278,2024-01-25,10/21/2024,N,39.0
4279,2024-01-11,11/01/2025,N,0.0
4280,2024-01-22,,N,29.0
4281,2024-01-19,2024-10-15,Y,0.0
4282,2024-01-01,2024-08-28,Y,0.0
4283,2024-01-22,2024-04-21,N,59.0
4284,2024-01-26,,N,29.0
4285,2024-01-05,2024-10-31,Y,0.0
4286,2024-01-20,2025-10-11,Y,0.0
4287,2024-01-07,2025-12-27,N,0.0
4288,2024-01-12,,N,0.0
4289,2024-01-31,2025-01-25,Y,0.0
4290,2024-01-12,2025-12-02,Y,79.0
4291,2024-01-23,2024-07-21,Y,99.0
4292,2024-01-12,2024-06-10,Y,49.0
4293,2024-01-22,2025-11-12,N,0.0
4294,2024-01-05,,Y,0.0
4295,2024-01-05,,Y,59.0
4296,2024-01-20,12/10/2025,Y,0.0
4297,2024-01-26,,Y,49.0
4298,2024-01-09,2024-12-04,N,99.0
4299,2024-01-11,,Y,99.0
4300,2024-01-21,06/19/2024,Y,0.0
4301,2024-01-15,,Y,29.0
4302,2024-01-09,2024-06-07,N,59.0
4303,2024-01-04,,Y,0.0
4304,2024-01-10,06/03/2025,N,99.0
4305,2024-01-02,2024-08-29,N,0.0
4306,2024-01-21,2025-04-15,N,0.0
4307,2024-01-07,2025-01-01,N,39.0
4308,2024-01-12,,Y,0.0
4309,2024-01-17,03/12/2025,N,0.0
4310,2024-01-31,03/26/2025,N,0.0
4311,2024-01-26,01/20/2025,Y,0.0
4312,2024-01-11,,Y,0.0
4313,2024-01-09,06/02/2025,Y,0.0
4314,2024-01-15,,Y,79.0
4315,2024-01-02,09/23/2025,N,0.0
4316,2024-01-23,2025-09-14,Y,0.0
4317,2024-01-04,,N,0.0
4318,2024-01-20,,N,49.0
4319,2024-01-29,01/23/2025,Y,0.0
4320,2024-01-18,2024-04-17,N,0.0
4321,,04/25/2025,Y,39.0
4322,2024-01-05,2025-06-28,Y,0.0
4323,,2025-10-22,Y,29.0
4324,2024-01-04,,N,0.0
4325,2024-01-02,,Y,0.0
4326,2024-01-13,2025-06-06,N,0.0
4327,2024-01-06,09/02/2024,Y,0.0
4328,2024-01-17,07/10/2025,Y,59.0
4329,2024-01-07,,Y,59.0
4330,,,Y,39.0
4331,2024-01-30,2024-07-28,Y,0.0
4332,2024-01-09,2025-02-02,Y,39.0
4333,2024-01-17,2025-11-07,N,0.0
4334,2024-01-15,,Y,0.0
4335,2024-01-23,07/21/2024,N,79.0
4336,,2025-09-22,N,0.0
4337,2024-01-28,,N,0.0
4338,2024-01-09,2024-06-07,N,0.0
4339,,2024-09-27,Y,49.0
4340,2024-01-07,01/01/2025,Y,0.0
4341,2024-01-28,,Y,99.0
4342,2024-01-14,2025-06-07,N,0.0
4343,,11/21/2025,N,0.0
4344,2024-01-24,2024-06-22,Y,149.0
4345,2024-01-08,,Y,29.0
4346,2024-01-01,2024-11-26,Y,149.0
4347,2024-01-26,2025-05-20,Y,0.0
4348,2024-01-27,,N,49.0
4349,2024-01-23,2025-09-14,Y,0.0
4350,2024-01-01,08/28/2024,Y,79.0
4351,2024-01-03,2024-04-02,N,0.0
4352,2024-01-05,,N,79.0
4353,2024-01-09,2025-05-03,Y,0.0
4354,2024-01-02,2024-08-29,,0.0
4355,2024-01-12,2024-07-10,N,0.0
4356,2024-01-21,11/16/2024,Y,0.0
4357,2024-01-06,2025-03-31,N,99.0
4358,2024-01-23,12/18/2024,Y,0.0
4359,2024-01-17,2024-05-16,Y,99.0
4360,2024-01-04,12/29/2024,Y,39.0
4361,2024-01-04,2024-10-30,Y,0.0
4362,2024-01-28,,Y,149.0
4363,2024-01-08,,N,0.0
4364,2024-01-06,,Y,49.0
4365,2024-01-02,,N,49.0
4366,2024-01-06,,,0.0
4367,2024-01-08,11/03/2024,Y,99.0
4368,2024-01-02,2024-07-30,N,49.0
4369,2024-01-12,03/07/2025,N,0.0
4370,2024-01-04,08/26/2025,N,0.0
4371,2024-01-06,09/02/2024,Y,0.0
4372,2024-01-17,,N,0.0
4373,2024-01-12,2024-04-11,Y,79.0
4374,2024-01-15,07/08/2025,,39.0
4375,2024-01-28,,N,39.0
4376,2024-01-13,2024-08-10,N,0.0
4377,2024-01-11,2025-11-01,N,49.0
4378,2024-01-28,,N,0.0
4379,2024-01-09,,N,99.0
4380,2024-01-11,,N,0.0
4381,2024-01-27,,Y,149.0
4382,2024-01-10,,Y,0.0
4383,2024-01-07,,N,0.0
4384,2024-01-25,07/23/2024,N,59.0
4385,2024-01-23,2025-08-15,N,0.0
4386,2024-01-13,03/08/2025,Y,0.0
4387,2024-01-31,09/27/2024,N,0.0
4388,2024-01-14,,N,149.0
4389,2024-01-18,2026-01-07,Y,0.0
4390,2024-01-21,05/20/2024,Y,79.0
4391,2024-01-18,05/17/2024,Y,59.0
4392,2024-01-23,2025-03-18,N,99.0
4393,,,N,149.0
4394,2024-01-13,11/03/2025,N,0.0
4395,2024-01-02,06/25/2025,N,0.0
4396,,05/30/2024,Y,39.0
4397,2024-01-26,,Y,0.0
4398,2024-01-21,07/19/2024,Y,49.0
4399,2024-01-15,,N,49.0
4400,2024-01-21,,Y,0.0
4401,2024-01-04,2025-03-29,Y,29.0
4402,2024-01-27,2024-06-25,N,0.0
4403,2024-01-25,2025-07-18,Y,0.0
4404,2024-01-07,2025-05-01,N,49.0
4405,2024-01-24,,,29.0
4406,2024-01-06,05/30/2025,N,0.0
4407,2024-01-11,,,79.0
4408,2024-01-31,,N,0.0
4409,2024-01-11,,Y,0.0
4410,2024-01-28,,Y,0.0
4411,2024-01-07,,N,0.0
4412,2024-01-17,2025-12-07,Y,99.0
4413,2024-01-22,2025-03-17,N,0.0
4414,,07/24/2025,Y,0.0
4415,2024-01-11,05/10/2024,N,0.0
4416,2024-01-01,,Y,149.0
4417,2024-01-15,2025-01-09,Y,0.0
4418,2024-01-11,,Y,0.0
4419,2024-01-16,04/15/2024,Y,39.0
4420,2024-01-04,10/25/2025,Y,149.0
4421,2024-01-05,2025-05-29,Y,79.0
4422,2024-01-06,,Y,39.0
4423,2024-01-16,,N,0.0
4424,2024-01-03,2025-02-26,N,99.0
4425,2024-01-27,04/26/2024,Y,29.0
4426,2024-01-12,01/06/2025,N,0.0
4427,2024-01-18,06/16/2024,N,0.0
4428,2024-01-29,01/18/2026,Y,49.0
4429,2024-01-30,2024-04-29,N,0.0
4430,2024-01-15,2025-10-06,Y,59.0
4431,2024-01-24,,N,149.0
4432,2024-01-13,07/11/2024,N,0.0
4433,2024-01-20,,Y,0.0
4434,,,N,0.0
4435,2024-01-16,2025-09-07,N,99.0
4436,2024-01-20,2024-07-18,Y,0.0
4437,2024-01-28,2024-04-27,Y,0.0
4438,2024-01-31,01/20/2026,Y,29.0
4439,2024-01-14,2024-09-10,N,0.0
4440,2024-01-24,05/23/2024,N,0.0
4441,2024-01-24,01/18/2025,Y,0.0
4442,2024-01-20,05/14/2025,N,29.0
4443,2024-01-15,2024-11-10,Y,0.0
4444,2024-01-03,2024-12-28,N,0.0
4445,2024-01-28,2024-04-27,Y,149.0
4446,2024-01-24,,Y,79.0
4447,2024-01-04,,N,49.0
4448,2024-01-21,,N,0.0
4449,2024-01-26,,Y,99.0
4450,,,Y,49.0
4451,2024-01-04,2025-05-28,N,59.0
4452,2024-01-19,2025-10-10,Y,149.0
4453,2024-01-11,2024-10-07,Y,149.0
4454,2024-01-18,06/16/2024,N,59.0
4455,2024-01-07,2025-10-28,Y,0.0
4456,2024-01-23,2025-12-13,N,0.0
4457,2024-01-06,,Y,0.0
4458,2024-01-14,11/04/2025,N,0.0
4459,2024-01-26,11/16/2025,Y,149.0
4460,2024-01-02,,N,0.0
4461,2024-01-18,2025-01-12,Y,0.0
4462,2024-01-08,11/03/2024,Y,29.0
4463,2024-01-01,08/23/2025,Y,29.0
4464,2024-01-24,2024-04-23,N,0.0
4465,2024-01-09,,Y,49.0
4466,2024-01-20,2025-01-14,,39.0
4467,2024-01-05,,Y,99.0
4468,2024-01-05,05/04/2024,N,0.0
4469,2024-01-23,2024-04-22,N,0.0
4470,,2025-03-26,Y,
4471,2024-01-24,,N,0.0
4472,2024-01-20,2025-12-10,Y,0.0
4473,2024-01-29,01/18/2026,Y,0.0
4474,2024-01-24,2024-07-22,Y,79.0
4475,2024-01-04,2024-04-03,Y,0.0
4476,2024-01-18,09/09/2025,Y,0.0
4477,2024-01-28,,Y,0.0
4478,2024-01-10,2025-10-31,Y,0.0
4479,2024-01-18,01/07/2026,Y,29.0
4480,,04/30/2024,N,0.0
4481,2024-01-21,2024-04-20,N,0.0
4482,2024-01-06,2025-11-26,Y,0.0
4483,2024-01-10,,N,0.0
4484,2024-01-20,01/09/2026,N,0.0
4485,2024-01-01,2025-07-24,Y,0.0
4486,2024-01-08,03/03/2025,Y,149.0
4487,2024-01-17,07/10/2025,Y,49.0
4488,2024-01-22,,Y,0.0
4489,2024-01-19,06/17/2024,Y,0.0
4490,2024-01-01,,N,29.0
4491,2024-01-26,,N,29.0
4492,2024-01-17,,N,0.0
4493,2024-01-23,2024-12-18,N,0.0
4494,2024-01-28,2024-05-27,Y,29.0
4495,2024-01-28,,Y,0.0
4496,2024-01-18,2024-08-15,N,0.0
4497,2024-01-24,2025-02-17,Y,99.0
4498,2024-01-02,2025-11-22,N,59.0
4499,2024-01-30,07/28/2024,N,0.0
4500,2024-01-12,07/05/2025,Y,
4501,2024-01-26,11/21/2024,,0.0
4502,2024-01-04,,N,0.0
4503,2024-01-25,2024-11-20,N,0.0
4504,,,Y,0.0
4505,2024-01-27,03/22/2025,N,0.0
4506,2024-01-08,,N,0.0
4507,2024-01-04,,N,0.0
4508,2024-01-29,01/18/2026,Y,29.0
4509,2024-01-28,,Y,0.0
4510,2024-01-27,10/23/2024,N,0.0
4511,2024-01-20,,Y,79.0
4512,2024-01-22,,N,79.0
4513,2024-01-21,,Y,
4514,2024-01-04,,N,39.0
4515,2024-01-03,10/29/2024,N,149.0
4516,2024-01-16,,N,0.0
4517,2024-01-29,11/24/2024,N,
4518,2024-01-28,2025-05-22,N,59.0
4519,,2024-03-31,N,0.0
4520,2024-01-22,,N,0.0
4521,,2025-08-23,Y,
4522,,,Y,0.0
4523,2024-01-24,05/18/2025,Y,0.0
4524,2024-01-15,,Y,0.0
4525,2024-01-10,,N,
4526,2024-01-21,05/15/2025,Y,0.0
4527,2024-01-29,,N,39.0
4528,2024-01-23,,,0.0
4529,,,Y,29.0
4530,2024-01-26,2025-06-19,N,0.0
4531,2024-01-14,07/12/2024,Y,39.0
4532,2024-01-02,02/25/2025,Y,49.0
4533,2024-01-08,2025-08-30,N,39.0
4534,2024-01-20,2025-05-14,Y,0.0
4535,2024-01-09,,N,79.0
4536,2024-01-14,2025-05-08,N,99.0
4537,2024-01-23,2026-01-12,Y,0.0
4538,2024-01-05,,N,0.0
4539,2024-01-17,2025-05-11,N,49.0
4540,2024-01-21,,Y,0.0
4541,2024-01-16,,N,0.0
4542,,2024-05-30,Y,99.0
4543,2024-01-04,,Y,0.0
4544,2024-01-14,12/09/2024,N,0.0
4545,2024-01-25,2025-08-17,N,
4546,2024-01-19,04/18/2024,N,39.0
4547,2024-01-02,2024-05-31,Y,0.0
4548,2024-01-07,2024-11-02,Y,99.0
4549,2024-01-05,,N,99.0
4550,2024-01-18,12/08/2025,Y,0.0
4551,2024-01-20,,Y,0.0
4552,2024-01-25,,Y,29.0
4553,2024-01-27,08/24/2024,Y,0.0
4554,2024-01-14,,N,49.0
4555,2024-01-05,,N,59.0
4556,2024-01-19,,Y,39.0
4557,2024-01-19,2025-01-13,Y,0.0
4558,2024-01-15,2025-08-07,N,79.0
4559,2024-01-26,,N,0.0
4560,2024-01-14,01/08/2025,N,99.0
4561,2024-01-31,,N,0.0
4562,2024-01-02,04/26/2025,,39.0
4563,2024-01-03,12/23/2025,Y,0.0
4564,2024-01-22,,N,0.0
4565,2024-01-11,,N,149.0
4566,2024-01-30,11/25/2024,N,0.0
4567,2024-01-02,,Y,0.0
4568,2024-01-10,06/08/2024,Y,
4569,2024-01-28,,N,0.0
4570,2024-01-04,2024-04-03,Y,0.0
4571,2024-01-01,09/27/2024,Y,99.0
4572,2024-01-22,2025-11-12,,0.0
4573,2024-01-14,10/10/2024,N,0.0
4574,2024-01-15,2026-01-04,N,29.0
4575,2024-01-31,,N,0.0
4576,2024-01-05,09/26/2025,Y,49.0
4577,2024-01-18,2025-03-13,N,149.0
4578,2024-01-10,2025-11-30,Y,79.0
4579,2024-01-25,05/24/2024,N,0.0
4580,2024-01-09,,,0.0
4581,2024-01-06,2024-12-01,Y,0.0
4582,2024-01-21,,Y,59.0
4583,2024-01-02,,N,149.0
4584,2024-01-23,2025-01-17,N,149.0
4585,2024-01-17,11/07/2025,Y,79.0
4586,2024-01-05,,Y,49.0
4587,2024-01-30,2025-04-24,N,49.0
4588,2024-01-18,04/17/2024,Y,59.0
4589,2024-01-11,03/06/2025,Y,49.0
4590,2024-01-29,2025-01-23,,29.0
4591,2024-01-07,10/03/2024,N,49.0
4592,2024-01-07,05/01/2025,N,0.0
4593,2024-01-28,11/18/2025,N,49.0
4594,2024-01-31,,Y,79.0
4595,2024-01-26,,N,0.0
4596,2024-01-26,,Y,49.0
4597,2024-01-20,05/19/2024,Y,99.0
4598,2024-01-16,,N,0.0
4599,2024-01-25,10/16/2025,Y,0.0
4600,2024-01-10,,Y,0.0
4601,2024-01-14,10/05/2025,N,0.0
4602,2024-01-23,09/19/2024,N,59.0
4603,2024-01-24,2024-04-23,N,0.0
4604,,07/29/2024,Y,49.0
4605,2024-01-02,,Y,0.0
4606,2024-01-01,01/25/2025,N,0.0
4607,2024-01-24,04/23/2024,N,59.0
4608,2024-01-27,09/23/2024,Y,0.0
4609,2024-01-26,2024-12-21,Y,0.0
4610,2024-01-29,2025-09-20,Y,0.0
4611,2024-01-31,2025-02-24,Y,39.0
4612,,,,0.0
4613,2024-01-21,12/11/2025,N,49.0
4614,2024-01-08,12/28/2025,N,0.0
4615,2024-01-13,2024-11-08,N,0.0
4616,2024-01-09,,N,0.0
4617,2024-01-22,2026-01-11,N,49.0
4618,2024-01-20,12/15/2024,Y,99.0
4619,2024-01-30,05/24/2025,Y,39.0
4620,2024-01-09,2025-07-02,Y,0.0
4621,2024-01-25,2025-12-15,Y,79.0
4622,2024-01-22,,Y,0.0
4623,2024-01-31,2025-05-25,Y,0.0
4624,2024-01-03,,N,0.0
4625,2024-01-28,11/18/2025,Y,0.0
4626,2024-01-26,2025-04-20,N,0.0
4627,2024-01-27,,N,0.0
4628,2024-01-06,06/29/2025,N,0.0
4629,2024-01-01,01/25/2025,,0.0
4630,2024-01-08,,Y,149.0
4631,2024-01-06,2025-03-01,Y,0.0
4632,2024-01-13,05/07/2025,N,49.0
4633,2024-01-02,,Y,149.0
4634,2024-01-17,2025-03-12,Y,0.0
4635,,07/29/2024,N,149.0
4636,2024-01-09,2025-04-03,N,0.0
4637,2024-01-26,,N,99.0
4638,2024-01-16,04/10/2025,N,49.0
4639,2024-01-18,,N,29.0
4640,2024-01-21,,Y,0.0
4641,2024-01-31,2024-10-27,Y,29.0
4642,2024-01-12,08/04/2025,N,
4643,2024-01-30,10/21/2025,Y,59.0
4644,2024-01-25,,N,99.0
4645,2024-01-17,,N,0.0
4646,2024-01-25,,N,0.0
4647,2024-01-11,05/05/2025,N,0.0
4648,,,Y,0.0
4649,2024-01-18,,Y,0.0
4650,2024-01-30,2025-05-24,N,0.0
4651,2024-01-28,08/25/2024,Y,0.0
4652,2024-01-08,01/02/2025,N,29.0
4653,2024-01-04,2025-04-28,Y,29.0
4654,,07/29/2024,N,39.0
4655,2024-01-28,2025-02-21,Y,0.0
4656,2024-01-02,,Y,0.0
4657,2024-01-15,2024-09-11,Y,149.0
4658,2024-01-05,2024-07-03,N,0.0
4659,2024-01-25,09/21/2024,Y,0.0
4660,2024-01-24,05/23/2024,N,29.0
4661,2024-01-29,,Y,149.0
4662,2024-01-30,10/26/2024,N,49.0
4663,2024-01-09,2024-07-07,N,0.0
4664,2024-01-03,,N,49.0
4665,2024-01-13,2024-10-09,Y,0.0
4666,2024-01-13,02/06/2025,N,29.0
4667,2024-01-22,,N,99.0
4668,2024-01-27,,Y,99.0
4669,2024-01-27,2024-06-25,N,
4670,2024-01-18,08/10/2025,Y,0.0
4671,,10/22/2025,N,0.0
4672,,,N,149.0
4673,2024-01-10,2025-12-30,Y,39.0
4674,2024-01-05,,Y,59.0
4675,2024-01-24,,Y,29.0
4676,2024-01-30,2025-06-23,Y,0.0
4677,2024-01-08,08/05/2024,N,149.0
4678,2024-01-06,11/01/2024,Y,79.0
4679,2024-01-30,06/23/2025,N,99.0
4680,2024-01-18,08/10/2025,N,
4681,2024-01-29,05/23/2025,N,0.0
4682,2024-01-16,11/11/2024,Y,0.0
4683,2024-01-20,2025-11-10,N,0.0
4684,2024-01-07,,N,0.0
4685,2024-01-10,2024-09-06,Y,0.0
4686,2024-01-24,,Y,0.0
4687,2024-01-07,2024-09-03,N,0.0
4688,2024-01-19,,Y,0.0
4689,2024-01-02,10/23/2025,N,79.0
4690,2024-01-18,05/17/2024,Y,99.0
4691,,,,0.0
4692,2024-01-26,2024-04-25,Y,49.0
4693,2024-01-07,,Y,0.0
4694,2024-01-10,2025-12-30,Y,0.0
4695,2024-01-28,2024-04-27,Y,149.0
4696,2024-01-28,,N,0.0
4697,2024-01-13,,Y,0.0
4698,2024-01-28,,Y,
4699,2024-01-30,,N,0.0
4700,2024-01-06,10/02/2024,N,0.0
4701,2024-01-25,,,0.0
4702,2024-01-28,,N,149.0
4703,2024-01-02,2024-12-27,N,0.0
4704,2024-01-07,08/29/2025,N,
4705,,02/24/2025,Y,0.0
4706,2024-01-08,,Y,149.0
4707,2024-01-15,,N,0.0
4708,2024-01-12,,N,0.0
4709,2024-01-29,,Y,149.0
4710,2024-01-20,06/18/2024,Y,0.0
4711,2024-01-25,,Y,29.0
4712,2024-01-19,2025-07-12,Y,0.0
4713,,2025-04-25,N,0.0
4714,,,Y,59.0
4715,2024-01-26,,Y,0.0
4716,2024-01-20,08/12/2025,Y,39.0
4717,2024-01-21,,Y,49.0
4718,2024-01-15,2025-08-07,Y,29.0
4719,2024-01-02,12/22/2025,Y,0.0
4720,2024-01-28,,N,79.0
4721,2024-01-29,2024-09-25,N,0.0
4722,2024-01-25,2025-06-18,Y,29.0
4723,2024-01-13,,N,99.0
4724,2024-01-01,2025-12-21,N,0.0
4725,2024-01-08,04/02/2025,Y,0.0
4726,2024-01-14,2025-11-04,N,99.0
4727,2024-01-04,01/28/2025,Y,99.0
4728,2024-01-22,07/15/2025,Y,29.0
4729,2024-01-15,2025-10-06,N,0.0
4730,2024-01-24,01/13/2026,Y,99.0
4731,2024-01-03,11/28/2024,Y,149.0
4732,2024-01-05,04/29/2025,Y,79.0
4733,2024-01-04,2025-05-28,Y,0.0
4734,2024-01-13,,N,79.0
4735,2024-01-04,04/03/2024,N,0.0
4736,2024-01-10,2024-10-06,N,0.0
4737,2024-01-21,,N,0.0
4738,2024-01-06,,Y,99.0
4739,2024-01-15,,Y,49.0
4740,2024-01-23,09/19/2024,N,0.0
4741,2024-01-09,,N,79.0
4742,2024-01-15,2024-05-14,N,79.0
4743,2024-01-21,2025-11-11,Y,0.0
4744,2024-01-26,2025-01-20,Y,49.0
4745,2024-01-02,05/31/2024,N,0.0
4746,2024-01-09,04/03/2025,Y,49.0
4747,2024-01-08,12/28/2025,N,29.0
4748,2024-01-22,11/12/2025,Y,0.0
4749,2024-01-06,01/30/2025,Y,0.0
4750,2024-01-15,05/09/2025,Y,99.0
4751,2024-01-10,,N,0.0
4752,2024-01-16,,N,149.0
4753,2024-01-03,04/27/2025,Y,
4754,2024-01-20,2025-12-10,Y,0.0
4755,2024-01-20,03/15/2025,N,59.0
4756,2024-01-17,2024-09-13,Y,49.0
4757,2024-01-02,,Y,149.0
4758,2024-01-28,2025-12-18,N,149.0
4759,2024-01-23,2024-06-21,N,29.0
4760,2024-01-07,2025-05-01,Y,79.0
4761,2024-01-13,,,
4762,2024-01-27,2025-03-22,Y,
4763,2024-01-11,11/06/2024,Y,0.0
4764,2024-01-18,,Y,0.0
4765,,2025-03-26,N,99.0
4766,2024-01-16,,N,49.0
4767,2024-01-30,12/20/2025,N,79.0
4768,2024-01-31,2026-01-20,Y,0.0
4769,2024-01-08,,Y,29.0
4770,2024-01-02,06/25/2025,N,99.0
4771,2024-01-13,2025-06-06,Y,0.0
4772,2024-01-14,01/08/2025,Y,0.0
4773,2024-01-29,,Y,59.0
4774,2024-01-31,2026-01-20,N,149.0
4775,2024-01-06,2025-03-01,N,99.0
4776,2024-01-28,12/23/2024,N,0.0
4777,2024-01-20,,Y,39.0
4778,2024-01-03,,Y,
4779,2024-01-12,01/06/2025,N,39.0
4780,2024-01-06,10/02/2024,Y,0.0
4781,2024-01-03,05/27/2025,N,99.0
4782,2024-01-22,06/20/2024,Y,29.0
4783,2024-01-12,,N,0.0
4784,2024-01-13,,N,0.0
4785,,2025-06-24,,0.0
4786,2024-01-25,,Y,149.0
4787,2024-01-03,,Y,0.0
4788,2024-01-09,12/04/2024,N,0.0
4789,2024-01-27,05/26/2024,Y,49.0
4790,2024-01-18,2026-01-07,Y,0.0
4791,2024-01-24,,N,0.0
4792,2024-01-26,2025-09-17,Y,0.0
4793,2024-01-30,,N,29.0
4794,2024-01-16,2025-11-06,Y,
4795,2024-01-22,,Y,29.0
4796,,11/26/2024,Y,0.0
4797,2024-01-07,2025-05-31,N,0.0
4798,2024-01-10,2025-06-03,N,99.0
4799,2024-01-04,,N,
4800,2024-01-03,,N,0.0
4801,2024-01-06,04/30/2025,Y,
4802,2024-01-17,,Y,0.0
4803,2024-01-03,,N,0.0
4804,2024-01-15,,Y,79.0
4805,2024-01-11,,N,0.0
4806,2024-01-14,2024-04-13,N,29.0
4807,2024-01-19,11/14/2024,N,59.0
4808,2024-01-13,2025-06-06,Y,99.0
4809,2024-01-17,2024-11-12,N,0.0
4810,2024-01-10,,Y,0.0
4811,2024-01-25,01/14/2026,N,59.0
4812,2024-01-03,04/27/2025,N,0.0
4813,2024-01-03,08/30/2024,N,59.0
4814,2024-01-29,,Y,0.0
4815,2024-01-22,03/17/2025,Y,29.0
4816,2024-01-08,,Y,0.0
4817,2024-01-07,,Y,0.0
4818,2024-01-31,,Y,
4819,2024-01-24,2025-06-17,N,0.0
4820,2024-01-19,,Y,49.0
4821,2024-01-05,01/29/2025,N,29.0
4822,2024-01-02,2024-06-30,N,0.0
4823,2024-01-01,,N,39.0
4824,2024-01-09,,N,49.0
4825,2024-01-15,,N,0.0
4826,2024-01-23,2025-06-16,N,0.0
4827,2024-01-25,02/18/2025,Y,59.0
4828,2024-01-23,2025-10-14,N,49.0
4829,2024-01-30,07/23/2025,Y,149.0
4830,2024-01-20,2024-09-16,N,0.0
4831,2024-01-20,2025-04-14,Y,0.0
4832,2024-01-10,,Y,0.0
4833,2024-01-17,2025-05-11,N,0.0
4834,2024-01-11,,N,0.0
4835,2024-01-07,2025-01-31,N,0.0
4836,2024-01-30,,Y,29.0
4837,2024-01-15,08/07/2025,Y,0.0
4838,2024-01-01,,Y,79.0
4839,,09/27/2024,N,0.0
4840,,,N,0.0
4841,2024-01-06,07/29/2025,Y,
4842,2024-01-20,,Y,0.0
4843,2024-01-03,03/28/2025,Y,79.0
4844,2024-01-31,,Y,79.0
4845,2024-01-21,2025-10-12,N,0.0
4846,2024-01-22,,Y,149.0
4847,2024-01-28,,Y,0.0
4848,2024-01-28,2024-12-23,N,29.0
4849,,06/29/2024,Y,0.0
4850,2024-01-28,08/25/2024,N,0.0
4851,2024-01-13,05/12/2024,N,29.0
4852,2024-01-26,,Y,59.0
4853,2024-01-17,09/13/2024,N,39.0
4854,2024-01-25,2025-11-15,Y,149.0
4855,2024-01-19,,N,29.0
4856,2024-01-02,05/26/2025,N,0.0
4857,2024-01-11,2025-10-02,Y,39.0
4858,,,Y,0.0
4859,2024-01-04,,N,39.0
4860,2024-01-26,,Y,0.0
4861,2024-01-17,02/10/2025,N,149.0
4862,2024-01-01,2024-11-26,N,0.0
4863,2024-01-23,08/15/2025,Y,49.0
4864,2024-01-17,08/14/2024,N,59.0
4865,2024-01-23,,N,29.0
4866,2024-01-19,2024-06-17,Y,29.0
4867,,,,149.0
4868,2024-01-07,,Y,29.0
4869,2024-01-09,12/04/2024,N,0.0
4870,2024-01-09,09/30/2025,Y,0.0
4871,2024-01-28,04/27/2024,Y,0.0
4872,,01/25/2025,Y,49.0
4873,2024-01-15,11/05/2025,N,0.0
4874,2024-01-20,10/11/2025,Y,49.0
4875,2024-01-21,03/16/2025,N,79.0
4876,2024-01-13,2024-12-08,N,0.0
4877,2024-01-04,,Y,39.0
4878,2024-01-06,,N,79.0
4879,2024-01-08,,N,79.0
4880,2024-01-16,2025-06-09,Y,79.0
4881,2024-01-11,05/05/2025,N,59.0
4882,2024-01-22,07/20/2024,Y,0.0
4883,2024-01-29,07/22/2025,N,0.0
4884,2024-01-18,2024-08-15,Y,79.0
4885,2024-01-04,2025-05-28,N,149.0
4886,2024-01-24,2025-07-17,Y,99.0
4887,2024-01-20,10/16/2024,Y,99.0
4888,2024-01-11,,Y,0.0
4889,2024-01-30,,Y,99.0
4890,2024-01-30,,N,39.0
4891,2024-01-06,2025-10-27,N,0.0
4892,2024-01-21,,Y,0.0
4893,2024-01-27,10/23/2024,N,
4894,2024-01-10,,N,149.0
4895,2024-01-16,04/10/2025,N,39.0
4896,2024-01-28,2025-01-22,Y,0.0
4897,,06/29/2024,N,0.0
4898,2024-01-23,,Y,59.0
4899,2024-01-06,07/29/2025,Y,0.0
4900,2024-01-26,06/19/2025,Y,0.0
4901,2024-01-08,,Y,149.0
4902,2024-01-03,,N,0.0
4903,2024-01-02,2025-09-23,Y,29.0
4904,2024-01-15,,Y,39.0
4905,2024-01-16,,N,79.0
4906,2024-01-17,2025-03-12,N,79.0
4907,2024-01-30,10/26/2024,Y,39.0
4908,2024-01-22,2025-08-14,N,79.0
4909,2024-01-25,,N,0.0
4910,2024-01-06,,N,0.0
4911,2024-01-15,,N,0.0
4912,2024-01-27,2025-07-20,Y,99.0
4913,2024-01-26,08/23/2024,N,0.0
4914,2024-01-04,,Y,0.0
4915,2024-01-06,06/04/2024,Y,79.0
4916,2024-01-02,2025-10-23,N,0.0
4917,2024-01-08,2024-04-07,N,0.0
4918,2024-01-07,11/27/2025,N,0.0
4919,,01/25/2025,N,49.0
4920,2024-01-05,2024-05-04,N,0.0
4921,2024-01-11,,Y,0.0
4922,2024-01-13,2025-02-06,Y,59.0
4923,2024-01-06,,Y,0.0
4924,,,N,99.0
4925,2024-01-01,,Y,
4926,2024-01-28,2025-06-21,Y,0.0
4927,2024-01-05,2025-07-28,Y,0.0
4928,2024-01-20,05/19/2024,Y,149.0
4929,2024-01-07,2024-04-06,Y,0.0
4930,2024-01-27,2025-07-20,N,0.0
4931,2024-01-26,,N,
4932,2024-01-12,04/06/2025,N,79.0
4933,2024-01-04,07/27/2025,Y,149.0
4934,2024-01-15,,Y,39.0
4935,2024-01-17,2024-07-15,N,39.0
4936,2024-01-31,,N,99.0
4937,2024-01-22,2025-08-14,Y,0.0
4938,2024-01-14,,Y,49.0
4939,2024-01-02,2025-01-26,N,59.0
4940,2024-01-28,,N,79.0
4941,2024-01-02,2025-11-22,N,39.0
4942,2024-01-25,2025-12-15,Y,
4943,2024-01-05,06/03/2024,Y,29.0
4944,2024-01-25,2025-12-15,Y,0.0
4945,2024-01-24,,N,0.0
4946,,2024-04-30,N,99.0
4947,2024-01-10,,N,0.0
4948,2024-01-23,07/21/2024,Y,79.0
4949,2024-01-02,12/22/2025,,49.0
4950,2024-01-02,2025-01-26,Y,49.0
4951,2024-01-30,07/23/2025,N,
4952,2024-01-02,2025-02-25,Y,59.0
4953,2024-01-09,06/07/2024,,
4954,2024-01-12,,N,0.0
4955,2024-01-20,2024-06-18,N,0.0
4956,2024-01-25,,Y,49.0
4957,2024-01-13,,N,99.0
4958,2024-01-26,,Y,29.0
4959,2024-01-29,,Y,0.0
4960,2024-01-18,10/14/2024,N,29.0
4961,2024-01-08,2025-07-31,Y,99.0
4962,2024-01-16,2025-07-09,N,59.0
4963,2024-01-23,,Y,149.0
4964,2024-01-17,05/16/2024,N,99.0
4965,2024-01-22,2025-11-12,N,0.0
4966,2024-01-30,2024-12-25,Y,0.0
4967,2024-01-20,2025-11-10,Y,59.0
4968,2024-01-07,,N,99.0
4969,2024-01-28,06/21/2025,Y,39.0
4970,2024-01-03,2025-02-26,,39.0
4971,2024-01-14,09/05/2025,Y,149.0
4972,2024-01-22,,N,49.0
4973,2024-01-14,2024-09-10,N,0.0
4974,2024-01-01,2025-12-21,N,99.0
4975,2024-01-12,,N,49.0
4976,2024-01-29,10/25/2024,N,0.0
4977,2024-01-01,06/29/2024,Y,0.0
4978,2024-01-06,2025-06-29,Y,0.0
4979,2024-01-31,2024-10-27,N,149.0
4980,2024-01-13,2025-01-07,N,99.0
4981,2024-01-03,2025-10-24,N,0.0
4982,2024-01-14,07/12/2024,Y,0.0
4983,2024-01-20,2025-02-13,N,59.0
4984,2024-01-23,2025-07-16,Y,49.0
4985,2024-01-10,,N,79.0
4986,2024-01-13,,Y,49.0
4987,2024-01-17,07/10/2025,N,0.0
4988,2024-01-06,2025-04-30,Y,0.0
4989,2024-01-09,,Y,0.0
4990,2024-01-15,,N,0.0
4991,2024-01-20,,N,79.0
4992,2024-01-20,12/15/2024,Y,149.0
4993,2024-01-10,2024-11-05,Y,0.0
4994,2024-01-13,2025-12-03,Y,149.0
4995,2024-01-04,04/03/2024,Y,0.0
4996,2024-01-28,,Y,0.0
4997,2024-01-30,2024-11-25,N,39.0
4998,2024-01-15,06/13/2024,N,0.0
4999,2024-01-17,07/10/2025,N,0.0
5000,2024-01-20,2024-10-16,Y,39.0
