user_id,signup_date,plan_type,country,industry,acquisition_channel
1,2024-01-13,FREE,DE,Healthcare,
2,2024-10-06,free,DE,Tech,facebook
3,2024-09-15,paid,DE,Education,facebook
4,05/22/2024,,GB,Retail,
5,2024-12-23,Free,GB,Healthcare,organic
6,2024-07-13,paid,DE,Education,facebook
7,2024-10-01,FREE,CA,Retail,facebook
8,2024-11-17,FREE,JP,Retail,linkedin
9,2024-12-04,free,GB,Education,facebook
10,2024-07-13,paid,FR,Education,google
11,2024-04-17,FREE,IN,Finance,referral
12,2024-09-30,Paid,JP,Finance,linkedin
13,2024-11-23,paid,IN,Manufacturing,facebook
14,01/17/2024,free,US,Healthcare,google
15,10/17/2024,Paid,CA,Manufacturing,
16,2024-11-25,FREE,IN,Education,referral
17,2024-05-14,Paid,FR,Retail,linkedin
18,2024-03-11,free,CA,Retail,google
19,2024-03-22,Free,US,Manufacturing,facebook
20,2024-08-27,FREE,GB,Finance,organic
21,12/15/2024,paid,GB,Retail,organic
22,2024-03-21,PAID,AU,Finance,linkedin
23,16-09-2024,PAID,JP,Manufacturing,google
24,2024-04-11,FREE,CA,Retail,referral
25,2024-01-10,paid,JP,Finance,google
26,,free,AU,Education,organic
27,05-02-2024,free,FR,Finance,linkedin
28,2024-10-08,paid,AU,Education,facebook
29,2024-12-19,Paid,FR,Manufacturing,google
30,2024-08-19,paid,GB,Finance,organic
31,2024-04-27,,CA,Education,referral
32,2024-01-31,paid,CA,Education,linkedin
33,2024-05-22,FREE,US,Retail,
34,2024-10-19,Paid,GB,Tech,facebook
35,2024-02-19,Paid,DE,Education,google
36,2024-01-28,free,GB,Retail,referral
37,06/22/2024,free,AU,Education,facebook
38,2024-03-12,free,US,Retail,organic
39,2024-10-08,free,CA,Finance,organic
40,2024-05-01,Free,US,Tech,referral
41,2024-03-25,Paid,CA,Retail,organic
42,22-12-2024,paid,FR,Retail,linkedin
43,21-04-2024,FREE,IN,Tech,referral
44,2024-01-26,free,IN,Manufacturing,organic
45,02/11/2024,FREE,US,Retail,google
46,2024-07-25,FREE,DE,Healthcare,organic
47,2024-11-13,Paid,CA,Manufacturing,linkedin
48,2024-06-09,Paid,AU,Manufacturing,facebook
49,2024-02-07,free,DE,Retail,facebook
50,2024-09-16,free,JP,Manufacturing,organic
51,2024-03-21,PAID,AU,Tech,facebook
52,2024-11-30,PAID,GB,Manufacturing,organic
53,2024-03-09,Free,US,Manufacturing,linkedin
54,2024-04-17,PAID,CA,Healthcare,facebook
55,2024-01-27,paid,IN,Healthcare,google
56,,paid,JP,Education,organic
57,2024-10-09,free,IN,Healthcare,facebook
58,19-12-2024,PAID,FR,Tech,linkedin
59,2024-08-08,Free,FR,Education,linkedin
60,2024-05-07,PAID,FR,Retail,google
61,05/01/2024,Free,CA,Tech,linkedin
62,,Paid,DE,Manufacturing,linkedin
63,2024-05-07,Free,AU,Manufacturing,facebook
64,2024-08-28,Paid,IN,Finance,organic
65,2024-04-26,Paid,IN,Manufacturing,referral
66,05-02-2024,PAID,FR,Retail,linkedin
67,2024-10-01,paid,CA,Manufacturing,linkedin
68,2024-05-15,PAID,JP,Retail,referral
69,2024-08-11,PAID,AU,Manufacturing,linkedin
70,2024-01-23,,JP,Retail,facebook
71,2024-10-02,Free,AU,Education,facebook
72,06-12-2024,FREE,CA,Education,referral
73,2024-09-16,PAID,US,Retail,linkedin
74,2024-03-06,PAID,IN,Manufacturing,linkedin
75,2024-03-30,Free,AU,Education,organic
76,2024-08-08,Paid,DE,Retail,linkedin
77,2024-12-11,FREE,JP,Tech,facebook
78,2024-09-20,free,IN,Manufacturing,google
79,04/25/2024,free,CA,Finance,google
80,11/08/2024,PAID,CA,Healthcare,google
81,2024-12-22,FREE,DE,Healthcare,
82,2024-02-24,paid,AU,Manufacturing,google
83,2024-03-03,Paid,DE,Tech,linkedin
84,2024-09-15,paid,US,Finance,linkedin
85,2024-08-31,PAID,US,Healthcare,organic
86,2024-05-02,paid,CA,Finance,linkedin
87,06/12/2024,free,JP,Education,google
88,2024-03-19,Paid,JP,Education,referral
89,2024-07-31,PAID,JP,Retail,referral
90,01/11/2024,Paid,GB,Manufacturing,facebook
91,,Paid,GB,Finance,facebook
92,2024-10-06,paid,IN,Manufacturing,linkedin
93,2024-09-05,PAID,AU,Retail,referral
94,27-08-2024,Free,CA,Tech,google
95,2024-12-05,Free,US,Manufacturing,google
96,2024-05-13,Paid,CA,Education,google
97,2024-07-13,Paid,US,Healthcare,linkedin
98,2024-08-28,paid,AU,Finance,linkedin
99,2024-11-29,free,AU,Retail,organic
100,2024-11-14,FREE,FR,Healthcare,google
101,2024-08-26,FREE,DE,Healthcare,google
102,2024-02-28,paid,CA,Manufacturing,linkedin
103,2024-06-08,Paid,FR,Retail,linkedin
104,2024-04-11,free,GB,Retail,organic
105,06/03/2024,FREE,GB,Education,organic
106,2024-06-26,FREE,US,Education,facebook
107,01/07/2024,Free,DE,Tech,referral
108,11/21/2024,Free,AU,Healthcare,google
109,24-09-2024,Paid,FR,Education,google
110,2024-10-30,Free,AU,Manufacturing,organic
111,2024-05-04,Paid,US,Healthcare,organic
112,,Free,AU,Manufacturing,facebook
113,2024-05-12,PAID,DE,Education,referral
114,,free,JP,Manufacturing,facebook
115,2024-09-07,PAID,AU,Manufacturing,referral
116,2024-08-17,Free,CA,Healthcare,google
117,2024-06-05,Paid,JP,Education,facebook
118,2024-10-08,Paid,FR,Finance,organic
119,2024-03-02,free,AU,Education,facebook
120,2024-09-04,paid,GB,Tech,facebook
121,2024-05-31,FREE,DE,Retail,google
122,2024-05-20,PAID,CA,Manufacturing,organic
123,11/22/2024,FREE,GB,Tech,organic
124,2024-09-02,Free,GB,Finance,linkedin
125,2024-09-01,paid,FR,Tech,linkedin
126,2024-12-17,paid,IN,Education,linkedin
127,2024-03-01,FREE,IN,Education,google
128,2024-08-14,Paid,FR,Manufacturing,facebook
129,2024-01-31,FREE,DE,Education,organic
130,2024-12-04,free,FR,Manufacturing,organic
131,,Paid,CA,Manufacturing,facebook
132,,PAID,CA,Education,organic
133,2024-02-06,Free,CA,Finance,facebook
134,2024-04-25,free,FR,Retail,google
135,,Paid,JP,Retail,google
136,2024-12-18,PAID,IN,Tech,google
137,2024-08-12,PAID,AU,Healthcare,facebook
138,2024-05-08,FREE,AU,Tech,facebook
139,2024-10-22,PAID,FR,Manufacturing,referral
140,2024-05-22,paid,GB,Healthcare,organic
141,2024-07-28,Free,FR,Finance,organic
142,2024-09-10,Free,CA,Tech,
143,2024-05-09,PAID,GB,Manufacturing,referral
144,2024-01-01,paid,FR,Manufacturing,referral
145,2024-07-04,paid,US,Tech,google
146,2024-10-08,paid,FR,Tech,referral
147,,FREE,DE,Tech,facebook
148,2024-10-09,free,CA,Healthcare,linkedin
149,2024-03-01,PAID,JP,Tech,facebook
150,07/31/2024,Free,AU,Retail,referral
151,2024-07-15,free,FR,Tech,organic
152,2024-07-31,paid,JP,Healthcare,facebook
153,06/01/2024,paid,JP,Manufacturing,organic
154,2024-09-04,Paid,US,Healthcare,facebook
155,06-04-2024,paid,CA,Education,organic
156,2024-07-29,Paid,FR,Healthcare,facebook
157,29-11-2024,free,CA,Manufacturing,organic
158,2024-10-29,paid,CA,Manufacturing,linkedin
159,2024-08-21,free,FR,Education,google
160,2024-05-15,Free,IN,Education,facebook
161,2024-09-30,PAID,DE,Finance,linkedin
162,,paid,US,Healthcare,google
163,10-08-2024,Free,JP,Finance,facebook
164,02-06-2024,Free,US,Finance,linkedin
165,2024-08-08,free,GB,Finance,linkedin
166,11/08/2024,Free,US,Manufacturing,linkedin
167,2024-03-14,Paid,IN,Finance,referral
168,26-08-2024,free,IN,Manufacturing,organic
169,25-06-2024,PAID,AU,Tech,google
170,2024-06-03,paid,GB,Education,organic
171,2024-10-19,paid,CA,Manufacturing,organic
172,2024-12-03,,IN,Healthcare,organic
173,26-01-2024,paid,FR,Education,linkedin
174,2024-06-29,PAID,CA,Retail,organic
175,2024-12-03,FREE,AU,Retail,referral
176,2024-06-07,PAID,GB,Tech,facebook
177,2024-05-31,free,JP,Finance,linkedin
178,2024-07-06,Free,GB,Healthcare,google
179,03-09-2024,paid,US,Finance,facebook
180,2024-02-08,PAID,AU,Tech,facebook
181,2024-07-21,Paid,FR,Retail,facebook
182,2024-12-10,paid,JP,Manufacturing,organic
183,2024-08-29,PAID,CA,Education,organic
184,2024-02-02,PAID,FR,Education,linkedin
185,2024-03-12,paid,GB,Finance,organic
186,2024-10-02,PAID,AU,Retail,organic
187,03/20/2024,PAID,US,Manufacturing,organic
188,2024-05-23,Paid,US,Manufacturing,linkedin
189,2024-07-04,paid,CA,Finance,linkedin
190,07-04-2024,paid,GB,Finance,referral
191,2024-11-24,Free,FR,Finance,referral
192,2024-03-05,FREE,JP,Healthcare,referral
193,2024-04-29,Free,GB,Retail,referral
194,15-03-2024,free,CA,Education,facebook
195,2024-01-14,FREE,CA,Retail,facebook
196,2024-03-30,PAID,IN,Education,referral
197,2024-02-02,Free,GB,Tech,referral
198,2024-11-10,Paid,GB,Education,google
199,2024-01-16,Paid,CA,Manufacturing,facebook
200,2024-09-08,Free,JP,Tech,google
201,2024-02-03,Paid,AU,Retail,google
202,2024-09-28,paid,CA,Education,organic
203,02/28/2024,Free,US,Healthcare,linkedin
204,2024-04-26,Paid,US,Finance,facebook
205,2024-06-09,paid,JP,Education,referral
206,2024-08-30,Free,IN,Manufacturing,
207,07/09/2024,PAID,JP,Retail,referral
208,06/30/2024,PAID,US,Education,linkedin
209,,Paid,GB,Healthcare,facebook
210,2024-09-16,free,FR,Tech,referral
211,2024-10-11,Free,IN,Healthcare,referral
212,2024-11-14,FREE,AU,Finance,organic
213,2024-12-21,Paid,JP,Finance,google
214,04/02/2024,paid,US,Retail,referral
215,20-11-2024,Free,CA,Manufacturing,facebook
216,2024-06-23,PAID,US,Tech,linkedin
217,2024-01-27,FREE,IN,Manufacturing,organic
218,2024-08-14,Paid,CA,Healthcare,facebook
219,2024-09-19,PAID,DE,Manufacturing,organic
220,2024-09-06,Free,DE,Education,google
221,2024-01-29,free,GB,Education,
222,2024-05-28,,US,Manufacturing,referral
223,2024-03-30,FREE,GB,Healthcare,facebook
224,12/08/2024,Free,GB,Tech,linkedin
225,,PAID,JP,Finance,google
226,2024-07-26,Free,GB,Healthcare,google
227,,PAID,CA,Retail,organic
228,2024-02-15,PAID,JP,Retail,google
229,2024-02-10,paid,US,Manufacturing,facebook
230,2024-03-27,Free,JP,Tech,organic
231,11/26/2024,Free,CA,Manufacturing,google
232,2024-11-04,free,GB,Retail,linkedin
233,2024-11-17,PAID,US,Healthcare,facebook
234,2024-10-16,PAID,FR,Education,linkedin
235,2024-08-13,Paid,JP,Retail,linkedin
236,2024-06-29,paid,CA,Retail,organic
237,,FREE,FR,Retail,referral
238,2024-02-16,PAID,JP,Healthcare,organic
239,2024-01-22,Free,FR,Education,facebook
240,2024-09-13,Free,GB,Finance,facebook
241,2024-02-13,FREE,US,Education,organic
242,2024-08-12,Paid,IN,Finance,
243,2024-07-17,FREE,FR,Healthcare,referral
244,2024-02-03,Paid,IN,Retail,organic
245,02-12-2024,Free,IN,Finance,facebook
246,2024-12-05,paid,FR,Manufacturing,referral
247,2024-02-13,paid,GB,Healthcare,facebook
248,16-12-2024,PAID,JP,Healthcare,referral
249,2024-07-04,Paid,DE,Tech,referral
250,2024-03-11,FREE,CA,Finance,organic
251,2024-09-26,FREE,US,Education,organic
252,2024-03-24,FREE,FR,Retail,organic
253,2024-07-29,PAID,DE,Manufacturing,referral
254,2024-08-17,paid,JP,Tech,referral
255,19-10-2024,Paid,CA,Tech,facebook
256,02-08-2024,Free,JP,Tech,linkedin
257,,PAID,GB,Manufacturing,organic
258,12/30/2024,paid,US,Finance,facebook
259,2024-05-19,paid,JP,Finance,facebook
260,04/23/2024,Free,US,Tech,google
261,,Free,JP,Education,organic
262,2024-07-10,FREE,CA,Manufacturing,facebook
263,2024-03-15,PAID,GB,Manufacturing,google
264,2024-12-27,free,FR,Retail,organic
265,2024-03-17,paid,AU,Tech,referral
266,2024-05-01,PAID,FR,Finance,google
267,2024-08-22,PAID,FR,Education,referral
268,2024-11-19,Free,DE,Retail,linkedin
269,2024-11-10,FREE,GB,Retail,linkedin
270,25-09-2024,Free,FR,Manufacturing,linkedin
271,2024-01-23,PAID,GB,Tech,linkedin
272,,paid,IN,Education,facebook
273,2024-11-17,paid,FR,Tech,linkedin
274,,FREE,JP,Healthcare,facebook
275,2024-12-22,free,DE,Finance,facebook
276,2024-08-22,free,CA,Tech,organic
277,2024-06-07,Paid,JP,Manufacturing,facebook
278,,Paid,GB,Manufacturing,facebook
279,01/25/2024,Free,GB,Retail,linkedin
280,2024-07-23,Paid,US,Healthcare,facebook
281,2024-09-11,paid,US,Retail,referral
282,2024-02-10,FREE,CA,Healthcare,linkedin
283,2024-02-22,Paid,FR,Finance,google
284,2024-08-06,paid,DE,Tech,
285,2024-06-29,free,FR,Tech,linkedin
286,2024-07-26,free,DE,Tech,
287,2024-11-07,free,FR,Education,facebook
288,2024-11-26,FREE,DE,Education,referral
289,18-08-2024,FREE,JP,Finance,linkedin
290,2024-07-06,free,DE,Finance,referral
291,,PAID,FR,Finance,
292,2024-05-13,PAID,DE,Manufacturing,google
293,2024-09-08,Free,AU,Finance,google
294,2024-12-31,PAID,GB,Healthcare,organic
295,2024-02-03,paid,CA,Tech,
296,2024-12-24,free,CA,Healthcare,organic
297,2024-03-12,PAID,AU,Education,linkedin
298,08/27/2024,free,DE,Tech,organic
299,2024-09-02,free,DE,Retail,referral
300,2024-11-24,paid,JP,Retail,organic
301,2024-10-09,Free,US,Tech,referral
302,01/29/2024,paid,JP,Education,organic
303,2024-12-29,paid,GB,Retail,organic
304,21-11-2024,PAID,JP,Finance,organic
305,2024-09-14,free,IN,Retail,facebook
306,2024-11-05,free,US,Manufacturing,facebook
307,2024-11-24,FREE,IN,Tech,organic
308,2024-11-23,PAID,JP,Healthcare,referral
309,2024-09-04,Paid,FR,Finance,linkedin
310,2024-12-18,Paid,JP,Healthcare,google
311,2024-11-06,PAID,IN,Education,facebook
312,25-06-2024,PAID,AU,Manufacturing,organic
313,2024-06-12,paid,FR,Retail,google
314,2024-01-26,paid,AU,Education,facebook
315,03/22/2024,paid,IN,Healthcare,linkedin
316,12-09-2024,Paid,GB,Education,referral
317,,paid,IN,Retail,organic
318,2024-06-29,Paid,IN,Healthcare,linkedin
319,2024-02-25,Paid,IN,Retail,facebook
320,2024-07-24,PAID,US,Tech,organic
321,2024-07-16,PAID,JP,Education,google
322,2024-03-01,Paid,FR,Healthcare,referral
323,2024-07-06,PAID,AU,Healthcare,facebook
324,,Paid,IN,Retail,referral
325,2024-03-17,PAID,IN,Healthcare,organic
326,20-07-2024,PAID,JP,Tech,linkedin
327,2024-09-17,Paid,DE,Manufacturing,referral
328,2024-07-07,PAID,AU,Healthcare,
329,2024-12-18,PAID,CA,Retail,google
330,2024-10-23,paid,DE,Retail,facebook
331,2024-11-13,free,CA,Healthcare,google
332,2024-12-24,,US,Tech,referral
333,2024-03-18,PAID,JP,Healthcare,linkedin
334,2024-12-27,PAID,JP,Finance,linkedin
335,2024-07-11,PAID,FR,Finance,google
336,2024-12-14,paid,CA,Retail,organic
337,2024-05-22,Paid,AU,Finance,organic
338,2024-12-19,PAID,IN,Healthcare,linkedin
339,2024-05-20,Paid,AU,Manufacturing,google
340,2024-03-15,Free,AU,Retail,google
341,2024-12-01,FREE,FR,Healthcare,google
342,2024-10-14,free,GB,Retail,referral
343,,FREE,US,Retail,organic
344,2024-02-21,FREE,IN,Healthcare,organic
345,03-01-2024,Free,AU,Retail,referral
346,2024-08-31,Paid,FR,Retail,facebook
347,31-01-2024,FREE,DE,Tech,referral
348,20-01-2024,free,CA,Education,google
349,2024-07-22,paid,IN,Tech,referral
350,,Free,FR,Tech,google
351,2024-11-24,FREE,AU,Retail,linkedin
352,04/08/2024,PAID,CA,Retail,
353,2024-04-05,PAID,DE,Finance,google
354,2024-04-08,Paid,DE,Finance,organic
355,2024-02-14,Free,CA,Retail,referral
356,2024-05-07,Paid,DE,Healthcare,google
357,2024-06-03,PAID,FR,Education,facebook
358,2024-04-30,paid,DE,Education,linkedin
359,14-09-2024,PAID,JP,Tech,facebook
360,2024-05-31,Free,AU,Manufacturing,facebook
361,2024-11-06,PAID,DE,Tech,facebook
362,2024-04-21,FREE,IN,Finance,
363,2024-12-26,free,CA,Healthcare,linkedin
364,2024-09-15,Free,FR,Education,linkedin
365,2024-08-14,paid,GB,Manufacturing,linkedin
366,08/16/2024,Paid,US,Education,linkedin
367,2024-10-13,Free,JP,Retail,facebook
368,2024-01-02,Free,AU,Education,organic
369,2024-02-02,Free,CA,Healthcare,organic
370,,FREE,IN,Finance,linkedin
371,26-11-2024,Paid,DE,Healthcare,
372,2024-07-12,FREE,DE,Tech,referral
373,2024-03-01,FREE,AU,Education,google
374,2024-01-02,PAID,AU,Tech,referral
375,2024-08-05,Free,CA,Finance,referral
376,2024-05-21,free,DE,Finance,referral
377,2024-08-02,free,US,Education,organic
378,2024-02-21,free,IN,Education,google
379,2024-07-24,free,IN,Finance,referral
380,2024-05-28,PAID,US,Tech,linkedin
381,12/10/2024,FREE,IN,Manufacturing,organic
382,2024-07-30,FREE,JP,Tech,linkedin
383,2024-10-11,PAID,US,Healthcare,linkedin
384,2024-08-01,FREE,JP,Tech,referral
385,2024-04-25,paid,US,Retail,linkedin
386,2024-08-01,Free,JP,Tech,google
387,2024-11-27,paid,AU,Retail,linkedin
388,2024-04-07,free,JP,Retail,referral
389,2024-10-27,paid,AU,Education,linkedin
390,2024-06-19,free,DE,Education,organic
391,2024-03-01,FREE,AU,Tech,
392,2024-04-14,Paid,CA,Education,organic
393,2024-09-30,PAID,IN,Education,organic
394,2024-08-26,Paid,JP,Retail,facebook
395,2024-07-08,FREE,GB,Healthcare,organic
396,2024-05-13,Paid,US,Retail,organic
397,2024-06-17,Free,DE,Education,facebook
398,2024-12-16,PAID,FR,Manufacturing,organic
399,2024-09-08,paid,CA,Healthcare,referral
400,2024-10-06,FREE,AU,Education,organic
401,,free,FR,Education,organic
402,2024-11-18,free,CA,Manufacturing,facebook
403,2024-07-10,PAID,DE,Finance,referral
404,2024-01-04,FREE,JP,Education,linkedin
405,01-10-2024,,IN,Finance,google
406,2024-12-11,free,JP,Manufacturing,referral
407,2024-09-25,Paid,AU,Manufacturing,linkedin
408,2024-07-22,PAID,CA,Retail,referral
409,2024-12-22,FREE,FR,Healthcare,linkedin
410,2024-11-28,Paid,DE,Finance,linkedin
411,2024-01-29,Free,AU,Finance,referral
412,2024-11-26,FREE,IN,Manufacturing,facebook
413,2024-04-27,Paid,CA,Healthcare,referral
414,,PAID,GB,Tech,referral
415,2024-01-17,free,IN,Manufacturing,linkedin
416,12/30/2024,paid,JP,Healthcare,google
417,10/17/2024,Paid,US,Finance,linkedin
418,2024-03-12,FREE,JP,Retail,organic
419,2024-06-26,Free,DE,Manufacturing,referral
420,10-11-2024,paid,CA,Manufacturing,referral
421,2024-08-18,Paid,JP,Manufacturing,facebook
422,2024-10-26,paid,JP,Healthcare,linkedin
423,2024-02-12,FREE,JP,Education,facebook
424,2024-07-03,,US,Manufacturing,referral
425,2024-07-03,free,JP,Education,linkedin
426,2024-10-12,free,GB,Tech,linkedin
427,2024-02-17,paid,CA,Retail,organic
428,2024-07-17,FREE,JP,Tech,organic
429,2024-12-16,Paid,CA,Retail,google
430,2024-02-02,Paid,GB,Finance,organic
431,2024-07-03,PAID,CA,Manufacturing,linkedin
432,2024-08-22,Paid,US,Manufacturing,organic
433,07/13/2024,Paid,US,Education,google
434,29-11-2024,PAID,GB,Tech,referral
435,2024-04-12,Paid,GB,Manufacturing,organic
436,2024-12-21,Free,IN,Tech,linkedin
437,2024-07-20,FREE,GB,Retail,referral
438,2024-04-02,PAID,DE,Finance,linkedin
439,05/29/2024,PAID,DE,Healthcare,referral
440,2024-11-20,FREE,CA,Retail,linkedin
441,2024-07-12,PAID,FR,Retail,organic
442,16-09-2024,PAID,IN,Education,organic
443,,free,GB,Manufacturing,google
444,2024-12-02,FREE,IN,Retail,referral
445,2024-12-12,Paid,GB,Manufacturing,google
446,2024-02-20,Free,AU,Manufacturing,facebook
447,2024-08-25,Free,US,Finance,organic
448,2024-09-04,free,IN,Education,referral
449,2024-03-13,FREE,JP,Education,google
450,2024-08-31,Paid,IN,Finance,google
451,01/23/2024,PAID,FR,Finance,facebook
452,25-03-2024,FREE,IN,Retail,google
453,2024-10-13,PAID,GB,Tech,linkedin
454,2024-11-23,Free,US,Manufacturing,organic
455,2024-07-18,PAID,AU,Retail,google
456,2024-02-02,Free,CA,Retail,
457,2024-08-22,PAID,IN,Education,google
458,2024-06-09,Free,DE,Education,facebook
459,2024-08-22,PAID,GB,Education,linkedin
460,2024-12-10,paid,DE,Tech,google
461,2024-12-21,FREE,US,Retail,organic
462,2024-04-05,FREE,DE,Healthcare,organic
463,2024-05-27,PAID,US,Healthcare,google
464,,Free,CA,Healthcare,linkedin
465,15-07-2024,Paid,IN,Tech,organic
466,2024-07-31,free,US,Tech,organic
467,2024-04-22,paid,JP,Healthcare,linkedin
468,2024-10-16,FREE,GB,Healthcare,linkedin
469,10/05/2024,FREE,GB,Manufacturing,google
470,21-04-2024,Free,JP,Manufacturing,
471,2024-01-17,Free,CA,Manufacturing,referral
472,2024-03-01,PAID,JP,Tech,facebook
473,2024-08-07,free,JP,Tech,referral
474,2024-10-18,Free,DE,Healthcare,referral
475,2024-05-29,free,CA,Tech,organic
476,29-07-2024,FREE,US,Healthcare,linkedin
477,2024-05-07,FREE,AU,Education,organic
478,2024-03-13,Paid,AU,Finance,facebook
479,2024-11-20,PAID,GB,Education,google
480,21-12-2024,Paid,US,Manufacturing,facebook
481,2024-02-17,paid,US,Manufacturing,organic
482,2024-07-22,Free,CA,Healthcare,organic
483,2024-05-25,Paid,US,Education,organic
484,2024-01-25,paid,FR,Education,organic
485,2024-03-21,,DE,Education,referral
486,13-04-2024,paid,GB,Manufacturing,google
487,2024-05-20,Free,CA,Healthcare,referral
488,2024-11-28,PAID,CA,Manufacturing,organic
489,2024-04-29,free,US,Tech,linkedin
490,2024-02-09,paid,AU,Retail,referral
491,,Free,CA,Manufacturing,organic
492,2024-09-01,free,FR,Retail,organic
493,2024-06-02,FREE,AU,Education,google
494,2024-03-14,Free,GB,Education,facebook
495,2024-04-19,PAID,IN,Manufacturing,referral
496,2024-04-21,FREE,JP,Manufacturing,referral
497,28-06-2024,free,DE,Healthcare,referral
498,2024-02-13,PAID,DE,Retail,organic
499,,paid,CA,Tech,google
500,2024-09-17,free,GB,Manufacturing,organic
501,2024-02-27,FREE,DE,Finance,organic
502,07-01-2024,Free,AU,Education,linkedin
503,2024-10-18,Free,JP,Tech,google
504,2024-02-07,paid,US,Manufacturing,referral
505,,PAID,AU,Education,facebook
506,2024-12-30,paid,DE,Retail,referral
507,2024-10-02,paid,AU,Retail,organic
508,14-04-2024,Paid,AU,Education,google
509,2024-11-28,PAID,IN,Healthcare,google
510,2024-05-02,paid,DE,Tech,google
511,2024-11-07,free,DE,Tech,linkedin
512,,free,GB,Healthcare,referral
513,2024-06-26,paid,AU,Finance,linkedin
514,2024-05-17,Free,IN,Tech,facebook
515,2024-05-19,Free,CA,Finance,organic
516,2024-07-03,Free,DE,Manufacturing,linkedin
517,02/22/2024,free,FR,Education,linkedin
518,2024-01-02,free,AU,Retail,organic
519,15-07-2024,FREE,JP,Tech,google
520,2024-12-31,paid,IN,Healthcare,
521,2024-06-12,paid,IN,Healthcare,organic
522,2024-01-27,Free,IN,Education,referral
523,08/26/2024,Paid,DE,Education,organic
524,2024-08-21,PAID,DE,Tech,google
525,2024-08-25,FREE,GB,Manufacturing,organic
526,2024-05-05,free,JP,Retail,linkedin
527,11/21/2024,paid,DE,Manufacturing,facebook
528,07/11/2024,free,US,Tech,
529,2024-05-01,FREE,FR,Retail,linkedin
530,23-01-2024,PAID,CA,Manufacturing,facebook
531,22-08-2024,FREE,US,Manufacturing,organic
532,2024-07-20,PAID,AU,Tech,referral
533,2024-05-01,PAID,US,Manufacturing,organic
534,2024-06-16,free,DE,Healthcare,google
535,2024-10-26,Paid,CA,Education,organic
536,2024-03-02,Free,CA,Healthcare,facebook
537,05/15/2024,PAID,FR,Healthcare,linkedin
538,2024-01-21,free,AU,Tech,referral
539,2024-07-01,Paid,GB,Manufacturing,organic
540,2024-03-30,PAID,CA,Manufacturing,organic
541,2024-05-07,free,AU,Healthcare,linkedin
542,,free,GB,Manufacturing,referral
543,2024-07-24,FREE,IN,Finance,organic
544,2024-02-08,paid,GB,Finance,organic
545,2024-06-18,free,AU,Education,facebook
546,08/09/2024,Free,GB,Retail,facebook
547,2024-03-29,Paid,DE,Manufacturing,google
548,2024-03-17,FREE,DE,Finance,linkedin
549,07/29/2024,Free,IN,Retail,referral
550,2024-08-02,FREE,CA,Healthcare,organic
551,2024-10-05,Paid,FR,Retail,organic
552,2024-09-05,Paid,IN,Tech,google
553,2024-01-14,paid,JP,Education,organic
554,2024-08-29,free,DE,Manufacturing,linkedin
555,2024-12-02,free,AU,Finance,google
556,2024-07-17,free,US,Tech,linkedin
557,06/11/2024,FREE,AU,Retail,google
558,2024-10-17,Free,US,Finance,organic
559,2024-03-30,FREE,DE,Tech,google
560,2024-09-26,free,FR,Education,facebook
561,31-03-2024,paid,US,Tech,referral
562,,free,AU,Retail,organic
563,05-07-2024,PAID,CA,Manufacturing,referral
564,2024-06-03,PAID,US,Education,organic
565,2024-11-28,paid,JP,Manufacturing,referral
566,2024-03-30,paid,US,Healthcare,facebook
567,01-01-2024,PAID,FR,Finance,referral
568,,FREE,IN,Healthcare,google
569,2024-09-11,Free,CA,Tech,referral
570,2024-03-26,Paid,DE,Education,organic
571,,Free,DE,Healthcare,linkedin
572,2024-02-25,PAID,AU,Finance,referral
573,03/26/2024,Paid,JP,Manufacturing,referral
574,02/21/2024,free,FR,Healthcare,referral
575,2024-01-18,free,DE,Finance,organic
576,2024-07-11,Free,GB,Tech,referral
577,11/10/2024,PAID,CA,Retail,organic
578,2024-08-10,free,GB,Education,organic
579,2024-10-10,PAID,US,Tech,linkedin
580,2024-05-01,paid,US,Retail,google
581,,,US,Healthcare,organic
582,2024-12-04,free,AU,Healthcare,
583,2024-11-22,Free,US,Healthcare,facebook
584,2024-08-29,FREE,DE,Education,referral
585,2024-04-04,Free,FR,Finance,facebook
586,,paid,GB,Manufacturing,referral
587,2024-10-15,free,JP,Education,linkedin
588,2024-10-04,FREE,AU,Healthcare,organic
589,07/17/2024,PAID,IN,Healthcare,google
590,2024-08-31,FREE,JP,Education,organic
591,09/21/2024,free,JP,Healthcare,referral
592,2024-08-17,free,FR,Tech,google
593,2024-08-04,FREE,CA,Manufacturing,organic
594,2024-10-31,free,CA,Finance,google
595,2024-07-22,paid,DE,Tech,referral
596,2024-11-15,Free,IN,Retail,linkedin
597,2024-10-17,free,IN,Finance,linkedin
598,2024-02-21,Paid,JP,Retail,organic
599,2024-12-01,free,IN,Tech,facebook
600,2024-03-14,paid,CA,Education,referral
601,2024-06-18,Paid,CA,Manufacturing,organic
602,2024-01-11,Paid,DE,Healthcare,organic
603,2024-12-22,free,US,Retail,linkedin
604,2024-08-14,PAID,CA,Education,google
605,2024-04-06,PAID,JP,Finance,
606,09/21/2024,free,DE,Education,referral
607,2024-09-16,free,CA,Finance,google
608,04/12/2024,paid,DE,Education,referral
609,2024-12-26,PAID,DE,Healthcare,
610,2024-03-04,PAID,FR,Finance,facebook
611,2024-08-30,Free,DE,Finance,linkedin
612,2024-12-18,free,FR,Education,facebook
613,04/19/2024,Free,JP,Finance,organic
614,2024-09-19,Free,DE,Education,linkedin
615,2024-11-27,Free,AU,Education,organic
616,2024-06-05,Paid,US,Healthcare,facebook
617,2024-06-27,PAID,IN,Healthcare,referral
618,2024-11-15,PAID,JP,Tech,organic
619,2024-11-07,paid,FR,Healthcare,google
620,2024-05-21,PAID,DE,Healthcare,referral
621,2024-11-29,free,JP,Tech,referral
622,2024-11-03,FREE,US,Education,facebook
623,,Paid,FR,Tech,facebook
624,2024-07-26,Free,US,Education,linkedin
625,2024-04-23,PAID,IN,Manufacturing,linkedin
626,06/02/2024,Free,JP,Finance,google
627,2024-03-06,FREE,DE,Healthcare,referral
628,2024-12-01,Paid,AU,Retail,google
629,2024-06-18,paid,FR,Healthcare,google
630,2024-11-20,Free,US,Finance,facebook
631,2024-09-13,Paid,US,Tech,google
632,,free,IN,Tech,google
633,10/18/2024,Free,US,Retail,organic
634,2024-04-02,Free,AU,Manufacturing,
635,2024-01-03,FREE,US,Finance,linkedin
636,2024-09-07,FREE,DE,Education,linkedin
637,2024-08-07,paid,FR,Tech,referral
638,,paid,CA,Finance,linkedin
639,2024-09-28,free,US,Finance,referral
640,2024-06-25,paid,DE,Education,organic
641,2024-01-24,Paid,DE,Healthcare,linkedin
642,2024-03-09,paid,DE,Finance,organic
643,2024-07-25,free,DE,Education,linkedin
644,2024-10-28,Free,DE,Tech,linkedin
645,2024-05-10,FREE,IN,Tech,organic
646,2024-01-11,Paid,GB,Healthcare,google
647,2024-05-09,Free,US,Tech,google
648,2024-02-21,Free,GB,Finance,google
649,2024-02-23,paid,DE,Manufacturing,google
650,2024-09-11,PAID,DE,Healthcare,linkedin
651,2024-07-02,FREE,US,Education,facebook
652,2024-04-16,free,US,Tech,organic
653,,FREE,JP,Healthcare,facebook
654,17-03-2024,FREE,JP,Manufacturing,facebook
655,2024-05-11,Paid,IN,Finance,referral
656,02/21/2024,Paid,CA,Healthcare,google
657,2024-06-09,free,AU,Retail,linkedin
658,2024-12-05,PAID,IN,Education,google
659,2024-02-17,Free,IN,Retail,google
660,2024-08-21,Paid,FR,Healthcare,facebook
661,2024-03-26,free,FR,Retail,referral
662,2024-10-29,paid,GB,Manufacturing,google
663,2024-07-02,Free,GB,Retail,organic
664,02/27/2024,Free,CA,Tech,organic
665,2024-01-07,FREE,US,Healthcare,google
666,2024-09-22,Free,FR,Healthcare,facebook
667,2024-05-07,paid,CA,Manufacturing,facebook
668,10/12/2024,FREE,DE,Education,linkedin
669,09/15/2024,free,FR,Manufacturing,referral
670,2024-06-13,FREE,GB,Retail,facebook
671,2024-11-25,Free,US,Retail,linkedin
672,2024-10-20,Paid,JP,Finance,organic
673,2024-09-11,,AU,Tech,organic
674,2024-01-19,,AU,Finance,organic
675,05-11-2024,FREE,AU,Healthcare,google
676,2024-06-23,Free,DE,Education,referral
677,2024-11-13,PAID,FR,Retail,linkedin
678,2024-02-19,Paid,IN,Finance,referral
679,2024-05-29,free,GB,Tech,
680,2024-09-09,paid,GB,Retail,google
681,2024-04-10,paid,AU,Healthcare,linkedin
682,2024-04-07,paid,CA,Finance,
683,2024-12-10,Paid,IN,Finance,linkedin
684,2024-09-15,FREE,AU,Finance,facebook
685,2024-10-26,FREE,GB,Retail,referral
686,2024-03-06,PAID,AU,Manufacturing,referral
687,02-08-2024,Free,IN,Tech,facebook
688,24-06-2024,free,CA,Tech,organic
689,12/24/2024,PAID,US,Tech,google
690,2024-10-10,PAID,FR,Tech,referral
691,2024-12-10,FREE,AU,Education,facebook
692,2024-11-22,PAID,FR,Finance,linkedin
693,19-10-2024,Paid,AU,Healthcare,facebook
694,2024-09-24,FREE,IN,Manufacturing,organic
695,,Free,US,Finance,google
696,03/15/2024,paid,DE,Retail,organic
697,2024-01-17,FREE,DE,Manufacturing,linkedin
698,2024-07-18,PAID,IN,Education,linkedin
699,2024-07-14,PAID,US,Healthcare,linkedin
700,,FREE,US,Education,linkedin
701,08/14/2024,PAID,CA,Finance,facebook
702,2024-11-04,Free,JP,Manufacturing,linkedin
703,2024-12-15,Free,DE,Healthcare,linkedin
704,,paid,IN,Finance,facebook
705,2024-05-10,free,DE,Retail,linkedin
706,2024-06-14,Paid,GB,Manufacturing,organic
707,2024-10-08,PAID,GB,Finance,organic
708,2024-04-04,Free,JP,Education,referral
709,2024-07-25,FREE,GB,Healthcare,organic
710,2024-07-03,PAID,GB,Manufacturing,google
711,2024-11-28,paid,US,Retail,google
712,10-11-2024,FREE,FR,Manufacturing,google
713,14-07-2024,Paid,CA,Tech,
714,2024-05-24,PAID,JP,Healthcare,facebook
715,2024-08-16,Free,CA,Education,organic
716,2024-02-19,FREE,JP,Education,google
717,2024-12-09,paid,US,Retail,referral
718,12/25/2024,PAID,GB,Retail,facebook
719,2024-02-06,PAID,JP,Education,referral
720,2024-02-14,PAID,GB,Tech,organic
721,26-04-2024,PAID,GB,Tech,linkedin
722,2024-06-10,FREE,DE,Finance,referral
723,2024-02-02,Free,JP,Retail,linkedin
724,2024-02-24,Free,IN,Healthcare,facebook
725,2024-08-12,Free,DE,Healthcare,referral
726,2024-04-22,PAID,GB,Finance,referral
727,12/12/2024,paid,CA,Tech,facebook
728,2024-10-11,PAID,IN,Finance,facebook
729,2024-02-13,paid,DE,Healthcare,google
730,11/26/2024,free,CA,Tech,organic
731,2024-05-09,FREE,IN,Tech,referral
732,2024-10-08,paid,FR,Manufacturing,referral
733,2024-10-24,FREE,IN,Tech,facebook
734,2024-02-21,Free,US,Education,facebook
735,2024-06-17,FREE,IN,Education,organic
736,10-06-2024,paid,US,Tech,facebook
737,2024-12-30,paid,FR,Tech,linkedin
738,06/18/2024,Paid,AU,Manufacturing,linkedin
739,2024-02-25,paid,GB,Healthcare,
740,2024-04-10,FREE,AU,Manufacturing,linkedin
741,01/10/2024,PAID,JP,Manufacturing,linkedin
742,2024-01-19,PAID,DE,Education,organic
743,2024-07-06,paid,US,Finance,
744,2024-09-18,FREE,JP,Healthcare,referral
745,2024-11-10,Free,US,Manufacturing,linkedin
746,16-10-2024,FREE,DE,Tech,facebook
747,2024-07-02,free,AU,Healthcare,linkedin
748,2024-04-29,Paid,AU,Education,organic
749,08/20/2024,paid,AU,Manufacturing,facebook
750,2024-09-23,PAID,JP,Retail,linkedin
751,2024-03-30,FREE,FR,Manufacturing,referral
752,2024-04-24,Paid,FR,Finance,facebook
753,2024-11-05,paid,IN,Manufacturing,
754,2024-09-20,free,CA,Tech,facebook
755,2024-03-01,PAID,FR,Retail,referral
756,2024-12-11,FREE,JP,Finance,facebook
757,2024-01-12,free,DE,Healthcare,
758,01/21/2024,Free,FR,Healthcare,linkedin
759,21-09-2024,FREE,GB,Tech,
760,25-05-2024,Paid,AU,Retail,facebook
761,2024-07-29,FREE,AU,Manufacturing,linkedin
762,2024-05-15,PAID,FR,Retail,referral
763,2024-04-27,free,CA,Healthcare,google
764,2024-09-15,free,IN,Finance,referral
765,2024-11-10,free,GB,Finance,linkedin
766,07-03-2024,FREE,AU,Manufacturing,organic
767,2024-09-24,paid,DE,Tech,referral
768,2024-09-03,Free,CA,Education,organic
769,2024-09-01,Free,IN,Manufacturing,organic
770,2024-10-05,FREE,AU,Education,linkedin
771,2024-09-23,Paid,US,Manufacturing,linkedin
772,2024-03-20,PAID,US,Tech,google
773,2024-07-06,paid,FR,Finance,facebook
774,2024-10-12,Paid,US,Manufacturing,referral
775,2024-10-22,FREE,DE,Education,linkedin
776,2024-04-27,free,CA,Healthcare,referral
777,2024-07-24,free,CA,Finance,organic
778,2024-11-21,Free,GB,Education,facebook
779,2024-08-10,paid,US,Healthcare,google
780,15-07-2024,PAID,DE,Finance,referral
781,30-01-2024,Paid,IN,Retail,facebook
782,,paid,AU,Manufacturing,google
783,,FREE,AU,Retail,referral
784,2024-01-19,free,FR,Retail,facebook
785,2024-07-23,FREE,AU,Finance,linkedin
786,,FREE,JP,Education,referral
787,13-10-2024,paid,US,Education,
788,2024-04-09,Free,DE,Finance,facebook
789,2024-09-16,Paid,CA,Education,google
790,19-09-2024,PAID,IN,Manufacturing,facebook
791,2024-07-12,Paid,GB,Finance,linkedin
792,10/27/2024,paid,JP,Healthcare,referral
793,2024-04-22,Paid,GB,Manufacturing,referral
794,2024-09-21,paid,DE,Retail,referral
795,2024-07-23,FREE,DE,Tech,
796,2024-08-31,paid,US,Finance,linkedin
797,15-12-2024,free,US,Healthcare,google
798,2024-05-15,FREE,DE,Manufacturing,referral
799,2024-02-24,PAID,FR,Retail,google
800,,Free,DE,Tech,facebook
801,2024-06-10,Paid,FR,Manufacturing,google
802,2024-09-18,free,FR,Retail,google
803,2024-08-04,Paid,CA,Healthcare,referral
804,2024-03-30,Paid,FR,Healthcare,organic
805,2024-01-07,Free,FR,Retail,organic
806,2024-05-12,Paid,FR,Tech,linkedin
807,2024-06-24,Free,JP,Finance,linkedin
808,2024-07-09,paid,AU,Retail,organic
809,2024-10-21,paid,US,Education,facebook
810,2024-07-14,Free,AU,Education,referral
811,2024-03-31,Paid,GB,Manufacturing,referral
812,10/14/2024,FREE,AU,Tech,facebook
813,04/20/2024,Free,JP,Retail,facebook
814,2024-05-13,Paid,DE,Tech,organic
815,,FREE,CA,Education,linkedin
816,2024-11-28,Paid,JP,Education,facebook
817,2024-09-18,Free,FR,Healthcare,linkedin
818,2024-08-25,FREE,CA,Manufacturing,google
819,2024-06-21,paid,GB,Finance,referral
820,2024-06-24,PAID,CA,Tech,organic
821,2024-11-26,PAID,FR,Retail,referral
822,2024-08-18,free,FR,Healthcare,organic
823,2024-12-04,free,US,Tech,google
824,2024-02-22,PAID,JP,Finance,referral
825,,free,IN,Tech,google
826,2024-03-20,Paid,AU,Retail,organic
827,2024-05-25,free,GB,Manufacturing,facebook
828,,Paid,FR,Tech,referral
829,03-10-2024,FREE,GB,Tech,
830,2024-10-29,PAID,CA,Retail,google
831,2024-09-30,free,US,Manufacturing,referral
832,2024-07-06,free,CA,Finance,referral
833,2024-03-10,FREE,US,Finance,
834,2024-09-01,PAID,AU,Manufacturing,referral
835,2024-01-04,Paid,US,Finance,linkedin
836,2024-11-26,paid,FR,Manufacturing,google
837,2024-05-02,Paid,JP,Finance,google
838,09/29/2024,free,FR,Manufacturing,referral
839,2024-02-26,PAID,DE,Healthcare,facebook
840,2024-04-06,free,FR,Tech,referral
841,2024-05-24,free,GB,Healthcare,linkedin
842,2024-01-08,Paid,GB,Tech,organic
843,2024-08-25,free,US,Tech,linkedin
844,,FREE,FR,Manufacturing,facebook
845,04/08/2024,paid,IN,Tech,referral
846,2024-12-31,paid,JP,Finance,google
847,2024-01-18,FREE,IN,Tech,referral
848,2024-04-16,Paid,DE,Finance,facebook
849,2024-01-22,Free,IN,Manufacturing,google
850,2024-06-01,free,CA,Retail,linkedin
851,2024-08-10,PAID,DE,Manufacturing,organic
852,2024-05-04,PAID,IN,Education,organic
853,2024-07-09,paid,CA,Tech,referral
854,22-06-2024,free,US,Finance,
855,2024-03-19,Free,AU,Manufacturing,linkedin
856,2024-10-12,PAID,US,Finance,facebook
857,2024-12-18,paid,US,Tech,organic
858,2024-08-12,paid,US,Tech,linkedin
859,2024-10-05,PAID,GB,Retail,referral
860,2024-10-10,Paid,AU,Education,google
861,2024-10-04,,AU,Healthcare,referral
862,2024-07-13,PAID,GB,Tech,referral
863,2024-02-02,paid,FR,Finance,linkedin
864,2024-09-11,Paid,AU,Retail,organic
865,2024-06-13,free,DE,Tech,linkedin
866,2024-03-07,Free,CA,Finance,google
867,2024-01-17,PAID,CA,Healthcare,linkedin
868,2024-10-29,free,IN,Manufacturing,facebook
869,2024-04-16,Free,FR,Finance,referral
870,2024-02-01,Paid,DE,Manufacturing,organic
871,01/30/2024,FREE,JP,Retail,google
872,2024-06-04,free,GB,Retail,referral
873,2024-09-29,FREE,CA,Tech,linkedin
874,2024-04-01,FREE,GB,Healthcare,facebook
875,2024-12-11,free,US,Manufacturing,linkedin
876,2024-10-08,FREE,JP,Retail,referral
877,14-08-2024,Paid,FR,Education,google
878,2024-11-20,FREE,CA,Tech,organic
879,2024-07-11,Paid,GB,Education,referral
880,17-08-2024,,US,Tech,google
881,,FREE,DE,Healthcare,referral
882,2024-06-03,Free,GB,Education,facebook
883,,PAID,DE,Finance,linkedin
884,19-10-2024,Free,GB,Manufacturing,organic
885,2024-03-11,free,FR,Tech,google
886,2024-06-02,FREE,FR,Finance,organic
887,2024-06-15,FREE,CA,Finance,organic
888,2024-01-20,free,US,Education,organic
889,2024-06-20,paid,IN,Education,google
890,2024-04-26,FREE,US,Retail,google
891,2024-07-14,PAID,IN,Manufacturing,organic
892,2024-06-16,FREE,JP,Manufacturing,linkedin
893,20-07-2024,free,JP,Finance,referral
894,2024-07-20,PAID,AU,Healthcare,organic
895,2024-10-07,PAID,JP,Finance,facebook
896,2024-03-10,PAID,FR,Tech,
897,2024-10-14,free,GB,Retail,organic
898,2024-08-08,free,AU,Manufacturing,google
899,2024-08-04,PAID,AU,Education,referral
900,2024-06-05,PAID,US,Tech,facebook
901,23-01-2024,paid,US,Manufacturing,referral
902,2024-02-13,Free,US,Manufacturing,referral
903,,Free,US,Healthcare,
904,2024-01-12,free,AU,Healthcare,facebook
905,2024-05-12,FREE,AU,Manufacturing,organic
906,2024-01-10,Free,IN,Manufacturing,
907,2024-05-25,paid,FR,Healthcare,organic
908,2024-01-05,paid,DE,Finance,organic
909,,paid,JP,Healthcare,linkedin
910,17-09-2024,Paid,JP,Retail,organic
911,2024-09-29,PAID,GB,Tech,facebook
912,2024-01-12,Paid,AU,Education,linkedin
913,2024-03-21,PAID,GB,Healthcare,organic
914,2024-09-13,Paid,FR,Retail,linkedin
915,16-01-2024,free,GB,Manufacturing,facebook
916,2024-07-20,PAID,GB,Tech,organic
917,11/09/2024,paid,CA,Retail,google
918,06-08-2024,Paid,FR,Retail,facebook
919,2024-04-15,free,AU,Healthcare,referral
920,12/27/2024,paid,GB,Manufacturing,referral
921,16-10-2024,free,CA,Retail,facebook
922,2024-03-15,Paid,DE,Tech,referral
923,22-11-2024,free,FR,Healthcare,facebook
924,2024-01-14,PAID,US,Tech,google
925,2024-04-28,Free,DE,Tech,facebook
926,2024-09-01,PAID,AU,Retail,organic
927,04/04/2024,free,US,Healthcare,organic
928,2024-01-17,Paid,CA,Finance,linkedin
929,09-12-2024,free,FR,Healthcare,referral
930,08/12/2024,Paid,IN,Retail,referral
931,2024-08-06,PAID,DE,Healthcare,facebook
932,09-11-2024,FREE,IN,Manufacturing,referral
933,08/21/2024,FREE,US,Tech,organic
934,2024-01-21,free,FR,Finance,google
935,07/22/2024,Paid,AU,Finance,facebook
936,2024-05-30,Free,DE,Retail,referral
937,2024-08-19,FREE,JP,Education,organic
938,2024-12-22,Paid,DE,Tech,linkedin
939,,Free,CA,Manufacturing,referral
940,2024-06-14,FREE,CA,Finance,
941,2024-02-16,paid,DE,Education,google
942,2024-07-15,Free,IN,Healthcare,google
943,2024-01-23,free,AU,Manufacturing,referral
944,2024-04-01,Paid,GB,Education,referral
945,2024-08-16,free,CA,Education,
946,,Free,IN,Retail,organic
947,2024-09-12,,GB,Retail,referral
948,2024-05-01,Paid,DE,Finance,linkedin
949,2024-11-03,PAID,GB,Tech,organic
950,2024-04-16,paid,FR,Education,facebook
951,2024-01-17,Paid,JP,Tech,linkedin
952,2024-01-26,FREE,FR,Manufacturing,organic
953,2024-12-04,Free,FR,Healthcare,organic
954,03-07-2024,Paid,JP,Finance,google
955,07/13/2024,Free,AU,Education,
956,2024-03-03,PAID,IN,Healthcare,organic
957,2024-04-17,Free,FR,Finance,linkedin
958,05-11-2024,Paid,GB,Healthcare,referral
959,2024-06-11,paid,CA,Healthcare,linkedin
960,2024-09-11,paid,IN,Tech,facebook
961,2024-04-29,free,DE,Manufacturing,organic
962,,FREE,FR,Healthcare,organic
963,11-11-2024,Paid,IN,Finance,organic
964,2024-11-22,Paid,US,Manufacturing,organic
965,2024-06-06,free,JP,Finance,google
966,2024-06-23,free,CA,Retail,google
967,22-06-2024,paid,GB,Tech,referral
968,2024-09-03,Paid,CA,Healthcare,organic
969,30-07-2024,PAID,CA,Tech,facebook
970,2024-06-10,,JP,Manufacturing,referral
971,2024-06-18,paid,DE,Education,organic
972,05/23/2024,PAID,AU,Healthcare,google
973,2024-03-25,Free,IN,Tech,facebook
974,2024-06-10,Free,US,Retail,referral
975,2024-07-09,FREE,CA,Finance,facebook
976,2024-02-27,free,IN,Tech,organic
977,2024-01-13,free,GB,Tech,linkedin
978,2024-09-04,paid,FR,Education,facebook
979,02/20/2024,free,JP,Healthcare,facebook
980,2024-08-23,free,US,Retail,google
981,2024-01-23,Free,FR,Finance,organic
982,2024-01-24,paid,US,Retail,facebook
983,2024-06-08,free,FR,Tech,organic
984,2024-09-29,Free,DE,Retail,google
985,2024-05-20,free,IN,Healthcare,organic
986,2024-10-08,PAID,FR,Manufacturing,google
987,2024-02-06,paid,FR,Finance,google
988,29-08-2024,paid,AU,Retail,referral
989,2024-07-19,PAID,US,Tech,organic
990,06/19/2024,Free,US,Retail,linkedin
991,02/17/2024,paid,AU,Education,referral
992,2024-12-16,paid,FR,Manufacturing,google
993,03/14/2024,Paid,AU,Manufacturing,linkedin
994,2024-12-06,Paid,DE,Healthcare,facebook
995,2024-02-03,paid,AU,Education,facebook
996,2024-06-27,Free,DE,Finance,referral
997,2024-02-24,PAID,IN,Tech,
998,2024-10-29,Free,CA,Finance,linkedin
999,2024-06-23,Paid,DE,Retail,
1000,2024-06-24,FREE,AU,Finance,organic
1001,10/20/2024,Paid,US,Healthcare,
1002,2024-08-15,FREE,IN,Retail,linkedin
1003,2024-11-01,PAID,GB,Finance,referral
1004,2024-02-16,free,IN,Retail,organic
1005,2024-08-19,paid,IN,Tech,organic
1006,2024-06-11,Paid,GB,Healthcare,facebook
1007,25-06-2024,paid,IN,Tech,linkedin
1008,2024-02-01,free,US,Education,organic
1009,2024-07-02,free,GB,Healthcare,referral
1010,2024-10-29,Paid,CA,Retail,facebook
1011,2024-10-06,free,GB,Education,
1012,07/03/2024,free,FR,Healthcare,organic
1013,,FREE,JP,Retail,linkedin
1014,2024-12-02,free,US,Education,facebook
1015,07/31/2024,PAID,AU,Healthcare,linkedin
1016,2024-09-17,Paid,FR,Retail,linkedin
1017,2024-08-05,FREE,DE,Healthcare,linkedin
1018,29-07-2024,free,DE,Tech,facebook
1019,2024-12-26,free,AU,Finance,organic
1020,26-09-2024,Paid,FR,Retail,google
1021,09/24/2024,PAID,IN,Tech,organic
1022,2024-12-08,PAID,CA,Manufacturing,facebook
1023,,Free,US,Healthcare,google
1024,2024-08-28,Paid,AU,Tech,google
1025,2024-01-19,PAID,US,Retail,google
1026,2024-05-13,FREE,US,Tech,referral
1027,,Free,US,Retail,facebook
1028,2024-03-05,Paid,CA,Retail,referral
1029,2024-05-23,FREE,FR,Tech,google
1030,2024-10-29,paid,FR,Retail,referral
1031,2024-12-24,Free,DE,Tech,referral
1032,2024-03-15,Paid,AU,Retail,facebook
1033,2024-05-01,free,US,Finance,linkedin
1034,2024-06-25,free,JP,Retail,
1035,2024-07-23,Free,DE,Finance,referral
1036,2024-07-18,paid,FR,Education,referral
1037,2024-08-17,free,AU,Healthcare,google
1038,2024-11-22,Paid,GB,Healthcare,google
1039,2024-02-20,PAID,JP,Healthcare,google
1040,2024-12-10,PAID,GB,Tech,organic
1041,2024-04-02,,FR,Finance,referral
1042,,paid,JP,Retail,google
1043,2024-12-16,Paid,FR,Tech,facebook
1044,2024-01-13,FREE,DE,Manufacturing,organic
1045,28-12-2024,Free,US,Retail,linkedin
1046,2024-11-27,FREE,DE,Retail,referral
1047,2024-05-30,Paid,DE,Tech,
1048,20-12-2024,Paid,FR,Education,referral
1049,2024-02-07,Paid,JP,Education,facebook
1050,12-05-2024,paid,IN,Healthcare,linkedin
1051,2024-04-12,paid,US,Finance,linkedin
1052,2024-08-08,PAID,IN,Tech,organic
1053,2024-01-18,Paid,IN,Tech,referral
1054,,free,IN,Healthcare,
1055,2024-05-16,PAID,FR,Education,google
1056,,Paid,GB,Tech,facebook
1057,2024-02-05,,AU,Education,facebook
1058,2024-09-03,Paid,JP,Tech,facebook
1059,2024-07-24,Free,AU,Healthcare,
1060,2024-06-23,PAID,JP,Tech,
1061,2024-10-10,Free,IN,Finance,facebook
1062,2024-02-24,FREE,IN,Tech,google
1063,2024-04-07,Free,FR,Finance,google
1064,2024-10-03,paid,CA,Retail,organic
1065,,Free,US,Manufacturing,referral
1066,2024-11-30,FREE,AU,Tech,google
1067,2024-02-06,Free,JP,Education,organic
1068,2024-11-12,free,AU,Finance,linkedin
1069,26-01-2024,Free,JP,Tech,referral
1070,2024-10-29,Free,US,Tech,google
1071,2024-11-11,Paid,US,Tech,linkedin
1072,2024-12-13,Free,AU,Manufacturing,organic
1073,2024-04-19,paid,GB,Education,google
1074,2024-03-13,PAID,JP,Tech,google
1075,04-05-2024,FREE,AU,Tech,linkedin
1076,2024-03-21,free,DE,Manufacturing,google
1077,2024-02-15,Paid,CA,Tech,facebook
1078,2024-08-31,PAID,AU,Retail,google
1079,02-05-2024,FREE,JP,Manufacturing,referral
1080,2024-09-12,Paid,JP,Finance,linkedin
1081,2024-10-12,FREE,JP,Retail,referral
1082,2024-10-03,Free,GB,Retail,organic
1083,,FREE,JP,Tech,
1084,2024-08-30,free,CA,Tech,referral
1085,2024-05-25,paid,DE,Retail,facebook
1086,27-01-2024,Free,FR,Manufacturing,facebook
1087,02/06/2024,Paid,AU,Manufacturing,referral
1088,12/12/2024,Free,JP,Tech,organic
1089,2024-05-01,paid,IN,Education,google
1090,2024-10-26,free,AU,Manufacturing,facebook
1091,2024-08-20,PAID,AU,Finance,referral
1092,02-07-2024,free,DE,Finance,referral
1093,2024-01-31,Paid,GB,Education,referral
1094,2024-06-24,FREE,JP,Education,google
1095,2024-03-28,free,DE,Finance,linkedin
1096,2024-09-24,Paid,GB,Finance,organic
1097,2024-08-07,Paid,DE,Retail,linkedin
1098,29-10-2024,Free,IN,Finance,organic
1099,21-01-2024,Free,IN,Education,organic
1100,09/02/2024,Free,US,Finance,referral
1101,2024-02-12,,GB,Tech,facebook
1102,2024-04-21,free,IN,Tech,
1103,2024-06-05,Free,IN,Retail,referral
1104,03/11/2024,PAID,GB,Education,google
1105,2024-11-20,PAID,AU,Finance,organic
1106,2024-01-17,FREE,AU,Healthcare,facebook
1107,2024-06-20,paid,CA,Retail,organic
1108,2024-07-06,paid,CA,Education,organic
1109,2024-12-26,free,DE,Finance,referral
1110,2024-05-02,FREE,JP,Finance,facebook
1111,2024-06-13,Paid,IN,Manufacturing,facebook
1112,,Paid,FR,Retail,
1113,2024-03-03,Paid,CA,Manufacturing,organic
1114,10-12-2024,free,US,Finance,facebook
1115,2024-08-22,Free,IN,Retail,facebook
1116,2024-02-09,Free,JP,Finance,referral
1117,2024-04-14,Paid,GB,Manufacturing,linkedin
1118,04-10-2024,Paid,JP,Finance,google
1119,2024-01-11,FREE,JP,Manufacturing,linkedin
1120,2024-07-29,Paid,US,Manufacturing,facebook
1121,2024-12-22,Paid,IN,Finance,organic
1122,2024-06-05,Paid,GB,Retail,google
1123,2024-01-25,FREE,US,Manufacturing,google
1124,2024-12-30,FREE,FR,Retail,organic
1125,2024-12-07,free,US,Education,google
1126,2024-10-21,free,JP,Education,organic
1127,2024-01-18,Free,IN,Tech,google
1128,2024-03-24,Free,DE,Retail,linkedin
1129,15-03-2024,free,US,Healthcare,google
1130,06-10-2024,Paid,AU,Retail,referral
1131,2024-10-20,Paid,FR,Manufacturing,organic
1132,02-09-2024,Free,FR,Manufacturing,google
1133,,Free,CA,Manufacturing,organic
1134,2024-06-16,Free,IN,Healthcare,referral
1135,2024-02-12,FREE,DE,Retail,google
1136,2024-09-08,FREE,DE,Retail,google
1137,2024-03-16,Paid,IN,Healthcare,referral
1138,,Paid,AU,Retail,referral
1139,2024-02-14,Paid,DE,Education,referral
1140,2024-08-05,free,GB,Finance,organic
1141,31-08-2024,paid,JP,Finance,referral
1142,2024-10-29,PAID,DE,Manufacturing,organic
1143,2024-07-31,free,IN,Finance,linkedin
1144,2024-07-14,PAID,US,Retail,google
1145,2024-10-13,free,IN,Tech,google
1146,11/23/2024,Paid,CA,Healthcare,facebook
1147,2024-12-18,Paid,AU,Retail,linkedin
1148,2024-02-04,PAID,FR,Retail,referral
1149,2024-05-12,Free,DE,Finance,referral
1150,2024-10-21,free,GB,Manufacturing,linkedin
1151,2024-12-20,Paid,FR,Tech,referral
1152,2024-07-01,FREE,GB,Education,facebook
1153,2024-11-17,FREE,JP,Healthcare,organic
1154,06/10/2024,Paid,IN,Education,google
1155,2024-12-18,paid,AU,Retail,linkedin
1156,,Paid,IN,Tech,google
1157,2024-03-24,free,DE,Retail,organic
1158,2024-10-13,Free,US,Tech,linkedin
1159,2024-02-09,Free,IN,Tech,organic
1160,2024-12-19,paid,DE,Education,referral
1161,2024-01-15,FREE,FR,Tech,referral
1162,2024-04-26,Free,IN,Tech,referral
1163,2024-02-27,paid,FR,Tech,organic
1164,2024-01-17,Free,IN,Tech,organic
1165,2024-05-09,free,CA,Healthcare,organic
1166,2024-11-04,FREE,GB,Tech,google
1167,2024-02-16,PAID,US,Healthcare,organic
1168,03/23/2024,FREE,GB,Manufacturing,referral
1169,02/20/2024,FREE,DE,Retail,facebook
1170,2024-05-24,FREE,CA,Retail,organic
1171,19-04-2024,Paid,IN,Tech,facebook
1172,2024-04-04,Free,DE,Tech,referral
1173,2024-08-05,Free,DE,Education,organic
1174,2024-02-26,PAID,GB,Retail,google
1175,2024-01-21,Paid,GB,Manufacturing,google
1176,2024-06-08,FREE,US,Retail,facebook
1177,2024-08-07,PAID,GB,Retail,google
1178,07-01-2024,Free,AU,Tech,google
1179,2024-12-03,Paid,GB,Retail,google
1180,2024-02-22,free,FR,Manufacturing,referral
1181,2024-04-11,paid,IN,Tech,google
1182,2024-08-05,PAID,AU,Finance,linkedin
1183,2024-07-01,Paid,JP,Education,organic
1184,2024-03-16,Paid,FR,Healthcare,google
1185,17-11-2024,free,FR,Manufacturing,google
1186,14-01-2024,paid,IN,Healthcare,google
1187,2024-11-15,Paid,AU,Tech,linkedin
1188,2024-12-04,PAID,GB,Tech,google
1189,17-01-2024,Free,US,Tech,google
1190,2024-07-11,FREE,DE,Retail,organic
1191,06/04/2024,paid,IN,Retail,linkedin
1192,2024-07-18,PAID,IN,Finance,linkedin
1193,2024-10-03,FREE,DE,Finance,google
1194,,PAID,US,Manufacturing,linkedin
1195,2024-05-25,free,JP,Manufacturing,facebook
1196,06/27/2024,Paid,US,Tech,linkedin
1197,25-06-2024,FREE,DE,Tech,linkedin
1198,2024-04-30,Free,GB,Manufacturing,
1199,2024-03-27,PAID,JP,Manufacturing,linkedin
1200,2024-10-17,FREE,US,Manufacturing,referral
1201,12-01-2024,Paid,GB,Finance,referral
1202,2024-09-07,Paid,IN,Manufacturing,referral
1203,2024-12-07,Paid,DE,Manufacturing,linkedin
1204,11/21/2024,Free,CA,Education,facebook
1205,01-06-2024,FREE,CA,Healthcare,linkedin
1206,2024-02-17,Paid,GB,Healthcare,google
1207,2024-09-28,FREE,FR,Healthcare,facebook
1208,09/15/2024,paid,FR,Healthcare,referral
1209,2024-05-08,free,GB,Manufacturing,organic
1210,09/21/2024,FREE,DE,Tech,facebook
1211,2024-08-27,PAID,CA,Finance,referral
1212,2024-01-31,free,GB,Healthcare,facebook
1213,2024-12-16,Paid,DE,Finance,facebook
1214,2024-02-02,Paid,IN,Retail,linkedin
1215,2024-05-11,free,US,Education,
1216,2024-01-15,Paid,AU,Retail,google
1217,2024-08-11,free,CA,Finance,organic
1218,2024-01-15,FREE,FR,Retail,referral
1219,2024-09-05,Free,JP,Finance,facebook
1220,02-02-2024,PAID,JP,Healthcare,organic
1221,2024-02-16,free,GB,Finance,facebook
1222,13-09-2024,Paid,AU,Finance,google
1223,2024-05-01,Paid,DE,Tech,organic
1224,07/18/2024,paid,US,Retail,referral
1225,2024-03-30,Paid,AU,Retail,facebook
1226,2024-01-29,Free,FR,Retail,google
1227,2024-08-31,Free,FR,Healthcare,organic
1228,07/07/2024,FREE,AU,Finance,facebook
1229,2024-01-28,Free,GB,Tech,facebook
1230,2024-06-07,FREE,IN,Manufacturing,referral
1231,2024-08-14,Paid,US,Retail,google
1232,2024-04-30,Free,AU,Manufacturing,
1233,2024-11-25,Free,JP,Manufacturing,linkedin
1234,30-07-2024,paid,IN,Manufacturing,facebook
1235,2024-12-23,PAID,AU,Manufacturing,organic
1236,2024-10-07,free,US,Tech,
1237,2024-04-04,free,AU,Finance,referral
1238,2024-11-17,free,FR,Finance,referral
1239,31-12-2024,FREE,IN,Retail,facebook
1240,2024-06-12,Free,AU,Tech,facebook
1241,10/30/2024,free,FR,Education,facebook
1242,2024-04-03,free,AU,Retail,linkedin
1243,2024-10-12,Free,DE,Healthcare,facebook
1244,12/25/2024,PAID,US,Finance,google
1245,15-02-2024,free,GB,Tech,organic
1246,2024-08-10,paid,IN,Manufacturing,facebook
1247,2024-04-14,Paid,GB,Retail,linkedin
1248,2024-07-14,Free,AU,Finance,organic
1249,2024-04-06,free,DE,Healthcare,referral
1250,2024-05-14,Free,AU,Finance,facebook
1251,2024-11-27,,CA,Healthcare,organic
1252,14-06-2024,FREE,AU,Finance,referral
1253,2024-08-04,FREE,GB,Tech,linkedin
1254,,Free,IN,Tech,google
1255,06-11-2024,free,GB,Tech,facebook
1256,2024-11-13,paid,IN,Manufacturing,
1257,2024-10-13,FREE,AU,Manufacturing,google
1258,06/22/2024,PAID,AU,Retail,linkedin
1259,2024-03-13,Free,JP,Retail,organic
1260,2024-05-23,Paid,CA,Tech,organic
1261,2024-05-15,Free,GB,Tech,linkedin
1262,2024-09-08,paid,JP,Finance,linkedin
1263,2024-01-28,paid,AU,Education,facebook
1264,2024-08-11,paid,CA,Education,referral
1265,2024-12-29,FREE,AU,Manufacturing,google
1266,2024-03-04,paid,JP,Healthcare,google
1267,09/17/2024,FREE,CA,Finance,organic
1268,2024-01-03,paid,US,Education,organic
1269,2024-09-12,Free,IN,Tech,facebook
1270,2024-12-14,Free,JP,Retail,linkedin
1271,2024-02-11,Paid,DE,Retail,google
1272,2024-05-17,,CA,Manufacturing,facebook
1273,2024-12-01,free,IN,Manufacturing,organic
1274,2024-11-25,FREE,AU,Education,organic
1275,2024-07-14,Free,GB,Manufacturing,google
1276,2024-04-16,PAID,IN,Healthcare,organic
1277,2024-11-30,PAID,IN,Tech,organic
1278,07-06-2024,PAID,FR,Retail,referral
1279,2024-07-07,Paid,GB,Healthcare,linkedin
1280,2024-11-03,PAID,AU,Tech,organic
1281,2024-11-18,Paid,DE,Finance,referral
1282,2024-11-27,PAID,DE,Manufacturing,facebook
1283,2024-09-25,Free,GB,Finance,organic
1284,2024-03-06,FREE,FR,Tech,facebook
1285,2024-10-18,FREE,DE,Tech,organic
1286,2024-08-05,Paid,US,Retail,google
1287,2024-02-11,,DE,Manufacturing,referral
1288,2024-08-24,paid,FR,Education,referral
1289,2024-12-26,PAID,DE,Tech,google
1290,2024-05-15,free,CA,Finance,linkedin
1291,2024-11-05,PAID,US,Manufacturing,referral
1292,,free,JP,Tech,facebook
1293,2024-08-23,Paid,JP,Retail,referral
1294,2024-11-11,Paid,CA,Tech,
1295,2024-03-10,FREE,AU,Retail,linkedin
1296,2024-01-14,Free,US,Retail,facebook
1297,2024-10-02,paid,IN,Manufacturing,facebook
1298,2024-01-12,Paid,US,Finance,google
1299,2024-08-18,paid,AU,Tech,organic
1300,2024-02-22,Paid,CA,Education,google
1301,2024-11-01,Free,DE,Finance,organic
1302,2024-09-19,paid,US,Finance,google
1303,2024-09-27,Free,US,Tech,organic
1304,08/01/2024,Paid,GB,Healthcare,referral
1305,2024-01-11,Paid,DE,Manufacturing,
1306,2024-09-16,PAID,FR,Education,facebook
1307,2024-12-02,Paid,JP,Finance,organic
1308,2024-12-10,paid,IN,Healthcare,referral
1309,2024-05-24,paid,IN,Manufacturing,linkedin
1310,2024-03-21,Paid,DE,Manufacturing,google
1311,2024-04-17,Paid,JP,Tech,linkedin
1312,2024-03-22,free,US,Retail,referral
1313,2024-02-28,Free,US,Manufacturing,linkedin
1314,2024-06-23,paid,AU,Healthcare,linkedin
1315,2024-09-20,Free,CA,Manufacturing,referral
1316,26-02-2024,FREE,GB,Finance,facebook
1317,,free,IN,Retail,organic
1318,2024-03-21,PAID,DE,Retail,
1319,2024-03-19,free,DE,Finance,google
1320,12-08-2024,free,DE,Education,organic
1321,2024-08-30,Free,GB,Manufacturing,google
1322,2024-07-31,FREE,FR,Education,organic
1323,2024-04-26,Paid,AU,Healthcare,linkedin
1324,2024-09-21,Free,JP,Education,facebook
1325,2024-01-06,free,JP,Manufacturing,linkedin
1326,24-07-2024,Free,GB,Tech,facebook
1327,04-12-2024,FREE,DE,Tech,referral
1328,12/04/2024,Paid,CA,Retail,google
1329,2024-12-24,Paid,DE,Education,google
1330,,FREE,DE,Finance,referral
1331,2024-11-25,PAID,FR,Manufacturing,organic
1332,2024-11-28,paid,IN,Tech,referral
1333,,FREE,IN,Healthcare,referral
1334,2024-05-25,PAID,US,Finance,facebook
1335,2024-11-21,paid,IN,Education,referral
1336,2024-06-04,FREE,US,Retail,google
1337,,paid,US,Healthcare,linkedin
1338,,Free,IN,Retail,facebook
1339,2024-01-03,Free,FR,Manufacturing,facebook
1340,2024-12-07,FREE,DE,Education,organic
1341,2024-05-06,Free,FR,Education,linkedin
1342,2024-03-16,free,AU,Healthcare,facebook
1343,2024-03-07,PAID,US,Healthcare,referral
1344,2024-10-28,PAID,GB,Tech,facebook
1345,04-08-2024,PAID,IN,Tech,facebook
1346,2024-03-24,paid,DE,Education,facebook
1347,09/19/2024,Free,GB,Retail,organic
1348,21-03-2024,FREE,GB,Tech,facebook
1349,2024-02-26,FREE,IN,Tech,facebook
1350,2024-07-09,Paid,IN,Tech,organic
1351,,paid,FR,Manufacturing,linkedin
1352,06/05/2024,paid,GB,Tech,google
1353,2024-06-27,PAID,JP,Healthcare,organic
1354,19-08-2024,PAID,FR,Manufacturing,organic
1355,2024-03-08,Paid,DE,Finance,facebook
1356,03/17/2024,Paid,DE,Finance,facebook
1357,2024-07-21,PAID,AU,Tech,google
1358,02/15/2024,PAID,US,Retail,facebook
1359,2024-11-25,FREE,US,Manufacturing,referral
1360,2024-08-31,,CA,Retail,facebook
1361,2024-09-29,,FR,Retail,
1362,05/05/2024,paid,DE,Healthcare,facebook
1363,2024-11-06,paid,IN,Retail,referral
1364,2024-04-02,Paid,GB,Finance,google
1365,28-02-2024,paid,US,Retail,referral
1366,2024-02-15,free,GB,Manufacturing,organic
1367,2024-06-15,Paid,CA,Manufacturing,referral
1368,2024-03-13,paid,GB,Healthcare,linkedin
1369,,Free,CA,Education,organic
1370,2024-09-15,Free,IN,Retail,facebook
1371,2024-07-27,free,US,Finance,organic
1372,2024-10-27,Free,JP,Healthcare,google
1373,2024-08-16,free,US,Finance,google
1374,2024-03-27,PAID,GB,Healthcare,referral
1375,01/01/2024,PAID,GB,Retail,organic
1376,2024-01-01,PAID,JP,Manufacturing,facebook
1377,2024-12-14,FREE,AU,Retail,google
1378,2024-05-24,Free,FR,Retail,facebook
1379,2024-12-23,Paid,DE,Finance,linkedin
1380,15-09-2024,PAID,IN,Retail,google
1381,2024-12-28,Paid,FR,Education,referral
1382,2024-11-02,FREE,DE,Education,linkedin
1383,2024-11-07,Free,CA,Healthcare,organic
1384,2024-12-22,FREE,JP,Retail,facebook
1385,2024-10-02,PAID,DE,Manufacturing,google
1386,07/11/2024,FREE,CA,Education,linkedin
1387,2024-03-04,paid,DE,Manufacturing,linkedin
1388,2024-01-11,paid,US,Retail,google
1389,2024-11-10,free,JP,Tech,organic
1390,2024-07-04,free,DE,Education,organic
1391,2024-11-22,paid,FR,Education,referral
1392,2024-12-03,free,DE,Tech,organic
1393,2024-02-03,FREE,GB,Manufacturing,
1394,2024-05-20,PAID,IN,Education,referral
1395,2024-08-20,Free,JP,Finance,linkedin
1396,2024-07-27,Paid,JP,Manufacturing,google
1397,01/23/2024,Paid,GB,Manufacturing,organic
1398,2024-06-10,FREE,DE,Finance,
1399,25-04-2024,free,US,Manufacturing,referral
1400,2024-06-17,free,FR,Retail,linkedin
1401,2024-01-13,Paid,JP,Healthcare,organic
1402,2024-08-30,Free,JP,Finance,facebook
1403,01-05-2024,paid,JP,Retail,linkedin
1404,2024-10-23,Free,CA,Retail,organic
1405,2024-12-21,paid,US,Healthcare,linkedin
1406,2024-11-16,FREE,GB,Education,google
1407,,paid,DE,Healthcare,google
1408,2024-07-29,Free,DE,Tech,google
1409,08/07/2024,PAID,CA,Finance,facebook
1410,2024-01-14,free,AU,Tech,google
1411,2024-10-31,FREE,GB,Healthcare,facebook
1412,2024-09-17,paid,FR,Tech,google
1413,2024-01-23,PAID,CA,Retail,linkedin
1414,2024-07-02,free,DE,Tech,organic
1415,2024-11-04,FREE,IN,Manufacturing,organic
1416,2024-12-13,Free,US,Retail,google
1417,2024-04-12,Free,IN,Tech,organic
1418,2024-08-31,PAID,JP,Finance,google
1419,2024-06-20,free,DE,Retail,google
1420,2024-01-22,FREE,FR,Manufacturing,referral
1421,2024-11-15,PAID,AU,Manufacturing,referral
1422,2024-07-23,paid,AU,Healthcare,referral
1423,2024-01-16,paid,IN,Finance,facebook
1424,2024-07-03,Free,CA,Retail,referral
1425,2024-05-14,free,IN,Finance,google
1426,03/31/2024,FREE,DE,Retail,linkedin
1427,2024-12-01,Free,DE,Education,referral
1428,07/08/2024,PAID,CA,Finance,referral
1429,03/14/2024,free,AU,Finance,linkedin
1430,2024-12-21,free,IN,Tech,google
1431,2024-10-27,Free,FR,Tech,facebook
1432,2024-11-18,paid,GB,Retail,referral
1433,2024-08-28,FREE,US,Manufacturing,linkedin
1434,2024-11-26,paid,US,Tech,google
1435,2024-07-10,Paid,JP,Finance,organic
1436,2024-07-24,free,CA,Healthcare,facebook
1437,2024-04-13,Free,JP,Tech,linkedin
1438,2024-07-12,Paid,GB,Retail,linkedin
1439,2024-03-09,paid,JP,Healthcare,linkedin
1440,2024-08-26,Paid,GB,Finance,referral
1441,07/07/2024,paid,AU,Manufacturing,organic
1442,2024-04-29,Free,IN,Tech,
1443,2024-09-19,paid,JP,Manufacturing,facebook
1444,2024-02-06,paid,AU,Tech,google
1445,2024-05-08,paid,CA,Education,google
1446,11-03-2024,paid,CA,Healthcare,organic
1447,05/24/2024,Paid,AU,Tech,linkedin
1448,2024-12-01,Free,FR,Retail,linkedin
1449,2024-04-17,PAID,DE,Tech,linkedin
1450,2024-06-23,Free,FR,Healthcare,linkedin
1451,2024-12-23,Free,JP,Finance,linkedin
1452,2024-03-06,PAID,CA,Healthcare,organic
1453,2024-06-22,PAID,IN,Finance,referral
1454,2024-06-15,free,GB,Tech,facebook
1455,2024-06-18,Paid,US,Finance,linkedin
1456,2024-07-19,paid,FR,Manufacturing,referral
1457,2024-08-19,free,FR,Education,google
1458,2024-03-31,paid,US,Education,organic
1459,05-02-2024,free,FR,Retail,referral
1460,2024-09-25,free,IN,Manufacturing,linkedin
1461,2024-07-29,FREE,JP,Healthcare,linkedin
1462,2024-02-05,free,IN,Manufacturing,linkedin
1463,2024-06-07,paid,JP,Education,referral
1464,2024-06-07,Paid,AU,Healthcare,linkedin
1465,2024-03-14,FREE,DE,Manufacturing,referral
1466,10/18/2024,FREE,CA,Tech,linkedin
1467,11/26/2024,Paid,CA,Manufacturing,google
1468,2024-03-30,Paid,GB,Tech,
1469,2024-12-03,PAID,DE,Healthcare,google
1470,05/02/2024,PAID,CA,Healthcare,facebook
1471,2024-12-23,Paid,DE,Tech,linkedin
1472,2024-10-10,FREE,GB,Retail,linkedin
1473,2024-06-15,FREE,US,Healthcare,referral
1474,,Paid,JP,Tech,referral
1475,07/23/2024,Free,GB,Tech,linkedin
1476,2024-03-10,Paid,GB,Manufacturing,facebook
1477,2024-10-07,paid,IN,Healthcare,linkedin
1478,05/22/2024,FREE,IN,Manufacturing,referral
1479,2024-05-30,free,IN,Finance,linkedin
1480,2024-01-06,paid,FR,Retail,referral
1481,01/18/2024,PAID,IN,Tech,linkedin
1482,,Free,DE,Education,organic
1483,2024-08-15,,CA,Education,referral
1484,13-04-2024,free,AU,Retail,facebook
1485,2024-08-03,,AU,Manufacturing,organic
1486,2024-12-14,FREE,AU,Education,linkedin
1487,2024-03-26,Paid,DE,Finance,referral
1488,2024-04-07,Paid,DE,Retail,
1489,2024-04-19,Free,GB,Retail,organic
1490,2024-01-07,FREE,JP,Tech,facebook
1491,2024-11-28,Free,IN,Tech,
1492,2024-11-02,Free,CA,Healthcare,referral
1493,2024-11-03,PAID,FR,Finance,organic
1494,2024-12-21,PAID,GB,Finance,organic
1495,2024-06-20,Paid,GB,Retail,organic
1496,2024-04-29,free,US,Healthcare,google
1497,,Free,FR,Education,linkedin
1498,2024-08-07,free,JP,Education,referral
1499,2024-05-31,free,DE,Education,referral
1500,02-11-2024,paid,DE,Manufacturing,
1501,2024-11-25,PAID,DE,Tech,referral
1502,2024-01-13,paid,GB,Education,organic
1503,28-01-2024,FREE,CA,Education,linkedin
1504,2024-04-23,paid,GB,Tech,facebook
1505,2024-01-04,free,IN,Retail,
1506,13-03-2024,FREE,CA,Retail,referral
1507,2024-04-14,Paid,FR,Tech,linkedin
1508,2024-04-11,Free,AU,Manufacturing,
1509,17-08-2024,paid,IN,Tech,linkedin
1510,2024-07-03,Paid,DE,Finance,google
1511,2024-08-09,paid,JP,Education,referral
1512,08/06/2024,PAID,US,Retail,organic
1513,2024-10-10,Paid,US,Finance,linkedin
1514,2024-07-11,paid,JP,Healthcare,linkedin
1515,2024-04-10,FREE,IN,Healthcare,facebook
1516,2024-07-10,PAID,JP,Manufacturing,google
1517,2024-09-07,Free,GB,Finance,linkedin
1518,2024-03-04,Free,JP,Retail,linkedin
1519,2024-06-27,PAID,US,Tech,organic
1520,,PAID,DE,Tech,organic
1521,2024-09-01,FREE,DE,Manufacturing,facebook
1522,2024-03-16,Free,JP,Education,
1523,23-10-2024,free,AU,Finance,facebook
1524,2024-11-25,FREE,GB,Education,facebook
1525,2024-08-04,PAID,IN,Manufacturing,organic
1526,12/03/2024,PAID,DE,Retail,organic
1527,2024-02-25,paid,JP,Education,google
1528,17-04-2024,paid,DE,Manufacturing,referral
1529,2024-09-08,PAID,CA,Finance,referral
1530,2024-05-27,paid,IN,Retail,google
1531,2024-04-11,Free,GB,Education,referral
1532,2024-04-18,free,AU,Manufacturing,organic
1533,2024-07-28,FREE,US,Tech,referral
1534,2024-05-30,Free,FR,Tech,organic
1535,,PAID,US,Education,google
1536,2024-01-05,FREE,FR,Retail,facebook
1537,2024-01-22,Free,CA,Education,google
1538,16-05-2024,PAID,CA,Tech,referral
1539,2024-07-08,paid,US,Manufacturing,organic
1540,2024-12-06,Paid,US,Education,referral
1541,2024-01-02,free,DE,Education,referral
1542,2024-09-28,Free,IN,Manufacturing,facebook
1543,2024-12-17,PAID,JP,Education,referral
1544,22-11-2024,FREE,GB,Tech,
1545,24-01-2024,paid,DE,Tech,facebook
1546,2024-07-23,Paid,US,Tech,organic
1547,31-08-2024,FREE,JP,Finance,organic
1548,2024-11-06,free,DE,Healthcare,facebook
1549,2024-02-14,paid,IN,Finance,google
1550,2024-02-29,free,FR,Finance,organic
1551,2024-12-03,free,IN,Healthcare,google
1552,16-06-2024,FREE,FR,Tech,organic
1553,31-08-2024,FREE,AU,Education,organic
1554,2024-09-08,FREE,AU,Healthcare,linkedin
1555,2024-11-03,PAID,FR,Tech,referral
1556,14-10-2024,free,JP,Tech,referral
1557,2024-05-28,FREE,US,Manufacturing,
1558,2024-10-20,PAID,CA,Retail,google
1559,2024-06-08,Paid,FR,Tech,referral
1560,2024-07-05,FREE,US,Finance,google
1561,2024-10-29,Paid,GB,Healthcare,organic
1562,05/31/2024,paid,FR,Tech,
1563,2024-03-15,FREE,GB,Healthcare,linkedin
1564,14-09-2024,PAID,US,Education,linkedin
1565,2024-09-10,Free,US,Healthcare,organic
1566,04/17/2024,FREE,US,Manufacturing,facebook
1567,04/01/2024,PAID,FR,Education,facebook
1568,22-03-2024,Paid,JP,Finance,referral
1569,2024-06-27,Paid,US,Education,google
1570,2024-04-09,free,IN,Tech,linkedin
1571,10/24/2024,Paid,JP,Finance,referral
1572,2024-10-22,paid,IN,Healthcare,organic
1573,2024-04-10,,IN,Tech,linkedin
1574,2024-10-21,Free,US,Tech,google
1575,2024-08-06,free,DE,Retail,google
1576,2024-08-30,PAID,FR,Healthcare,facebook
1577,2024-03-17,free,FR,Manufacturing,referral
1578,2024-09-07,FREE,AU,Retail,organic
1579,20-12-2024,Free,IN,Education,
1580,2024-11-28,Paid,IN,Tech,linkedin
1581,,Free,FR,Manufacturing,google
1582,2024-09-17,Paid,IN,Tech,linkedin
1583,2024-02-18,PAID,AU,Finance,organic
1584,2024-06-01,FREE,IN,Manufacturing,linkedin
1585,2024-10-02,Free,IN,Tech,referral
1586,2024-10-01,FREE,AU,Manufacturing,facebook
1587,2024-10-02,free,CA,Healthcare,linkedin
1588,2024-03-01,free,JP,Manufacturing,facebook
1589,2024-06-09,FREE,DE,Tech,organic
1590,2024-10-14,free,GB,Retail,facebook
1591,05-07-2024,free,FR,Finance,linkedin
1592,22-09-2024,paid,US,Tech,linkedin
1593,2024-12-21,PAID,US,Education,google
1594,2024-04-17,free,AU,Education,linkedin
1595,,free,JP,Healthcare,facebook
1596,2024-04-20,paid,US,Education,google
1597,2024-05-13,Paid,CA,Retail,linkedin
1598,2024-05-10,FREE,JP,Finance,linkedin
1599,2024-11-18,FREE,IN,Tech,organic
1600,2024-12-02,Free,FR,Retail,google
1601,10-06-2024,FREE,CA,Finance,organic
1602,2024-05-18,paid,AU,Education,organic
1603,2024-02-15,paid,GB,Education,organic
1604,2024-04-25,Free,AU,Retail,referral
1605,2024-03-04,PAID,AU,Education,organic
1606,2024-09-07,PAID,GB,Finance,facebook
1607,02/20/2024,paid,JP,Healthcare,linkedin
1608,13-12-2024,Paid,CA,Tech,referral
1609,2024-05-12,FREE,FR,Healthcare,
1610,2024-07-12,PAID,IN,Retail,organic
1611,2024-12-13,Free,FR,Healthcare,linkedin
1612,2024-08-27,PAID,IN,Healthcare,google
1613,2024-04-27,Paid,AU,Education,
1614,2024-02-16,free,GB,Manufacturing,google
1615,2024-01-30,paid,US,Finance,linkedin
1616,2024-08-05,Free,IN,Tech,facebook
1617,16-12-2024,Free,FR,Education,linkedin
1618,,FREE,AU,Retail,linkedin
1619,2024-09-30,FREE,CA,Manufacturing,referral
1620,2024-03-27,free,DE,Finance,
1621,2024-03-09,Paid,US,Healthcare,google
1622,10-07-2024,FREE,GB,Finance,google
1623,2024-03-01,paid,IN,Retail,organic
1624,,paid,AU,Education,linkedin
1625,2024-11-25,PAID,FR,Healthcare,linkedin
1626,2024-01-30,Paid,CA,Tech,facebook
1627,2024-01-03,Paid,DE,Healthcare,google
1628,,free,JP,Retail,facebook
1629,2024-03-19,free,DE,Tech,referral
1630,2024-05-08,Paid,AU,Manufacturing,organic
1631,2024-04-03,PAID,DE,Retail,facebook
1632,2024-03-23,Free,AU,Finance,google
1633,2024-12-29,free,JP,Manufacturing,referral
1634,18-06-2024,Free,GB,Retail,linkedin
1635,2024-05-16,PAID,IN,Retail,referral
1636,2024-06-15,PAID,FR,Manufacturing,facebook
1637,2024-07-18,free,FR,Retail,google
1638,2024-09-13,FREE,DE,Healthcare,facebook
1639,07-08-2024,Paid,JP,Healthcare,linkedin
1640,2024-09-05,FREE,US,Retail,linkedin
1641,2024-05-07,PAID,GB,Finance,google
1642,2024-08-07,FREE,CA,Healthcare,organic
1643,2024-11-08,free,GB,Finance,referral
1644,2024-07-24,Free,GB,Education,referral
1645,,Free,DE,Manufacturing,linkedin
1646,2024-06-05,Free,US,Retail,facebook
1647,2024-02-01,paid,AU,Tech,facebook
1648,23-05-2024,Free,US,Finance,organic
1649,2024-04-03,paid,AU,Finance,facebook
1650,23-05-2024,Free,IN,Finance,referral
1651,2024-07-05,FREE,DE,Finance,facebook
1652,2024-03-07,PAID,JP,Tech,organic
1653,2024-09-27,paid,CA,Education,referral
1654,02/14/2024,free,CA,Manufacturing,facebook
1655,12/01/2024,paid,CA,Healthcare,referral
1656,2024-10-06,paid,CA,Healthcare,linkedin
1657,2024-03-19,PAID,FR,Healthcare,linkedin
1658,2024-07-06,paid,CA,Tech,linkedin
1659,25-09-2024,free,US,Education,facebook
1660,22-12-2024,FREE,JP,Finance,organic
1661,2024-07-22,free,IN,Manufacturing,referral
1662,2024-09-17,PAID,CA,Tech,google
1663,2024-04-04,FREE,IN,Manufacturing,linkedin
1664,2024-12-28,Free,AU,Education,linkedin
1665,2024-10-09,Free,IN,Retail,google
1666,,paid,CA,Manufacturing,google
1667,2024-01-27,FREE,FR,Healthcare,facebook
1668,2024-11-28,Paid,AU,Retail,
1669,12/27/2024,Free,IN,Manufacturing,referral
1670,2024-05-30,Free,GB,Healthcare,linkedin
1671,2024-05-23,FREE,GB,Manufacturing,organic
1672,14-07-2024,Free,IN,Manufacturing,facebook
1673,2024-05-17,paid,FR,Education,facebook
1674,2024-08-10,Free,DE,Education,organic
1675,04/04/2024,PAID,GB,Retail,organic
1676,2024-05-24,Free,IN,Healthcare,organic
1677,2024-04-06,Free,JP,Retail,google
1678,2024-07-25,FREE,AU,Tech,linkedin
1679,2024-07-15,free,GB,Healthcare,
1680,2024-02-12,free,IN,Manufacturing,google
1681,2024-02-24,free,JP,Retail,linkedin
1682,10/15/2024,Paid,CA,Manufacturing,google
1683,2024-05-04,free,FR,Tech,referral
1684,2024-02-22,paid,IN,Finance,linkedin
1685,,Free,CA,Education,facebook
1686,2024-06-29,PAID,FR,Tech,linkedin
1687,2024-02-27,free,IN,Education,linkedin
1688,2024-05-24,Free,AU,Education,linkedin
1689,02/13/2024,Free,DE,Retail,referral
1690,2024-11-03,PAID,FR,Manufacturing,google
1691,06/27/2024,PAID,DE,Manufacturing,facebook
1692,05/15/2024,free,US,Finance,google
1693,2024-03-17,Free,FR,Tech,google
1694,09/01/2024,PAID,FR,Education,organic
1695,2024-02-16,Paid,DE,Finance,referral
1696,2024-08-05,paid,AU,Healthcare,organic
1697,30-11-2024,PAID,FR,Retail,referral
1698,2024-09-29,FREE,JP,Retail,google
1699,2024-09-26,FREE,AU,Retail,google
1700,2024-07-04,Free,CA,Healthcare,referral
1701,09-03-2024,Paid,IN,Finance,google
1702,2024-03-12,paid,AU,Healthcare,google
1703,2024-04-24,Free,FR,Finance,facebook
1704,22-12-2024,FREE,US,Manufacturing,organic
1705,09/01/2024,free,GB,Retail,organic
1706,2024-02-10,,US,Manufacturing,organic
1707,2024-08-01,FREE,US,Tech,
1708,2024-06-02,PAID,CA,Education,linkedin
1709,2024-05-26,FREE,IN,Retail,facebook
1710,2024-09-14,PAID,DE,Tech,organic
1711,2024-08-20,PAID,DE,Tech,organic
1712,2024-03-21,paid,AU,Healthcare,facebook
1713,2024-07-24,FREE,CA,Retail,google
1714,11/05/2024,Paid,JP,Education,organic
1715,2024-11-24,Free,DE,Retail,google
1716,2024-04-09,PAID,AU,Manufacturing,organic
1717,2024-06-20,free,GB,Finance,referral
1718,2024-01-06,FREE,IN,Tech,linkedin
1719,2024-05-03,FREE,GB,Education,organic
1720,2024-09-04,paid,FR,Finance,referral
1721,24-05-2024,Paid,FR,Finance,facebook
1722,2024-03-07,PAID,JP,Education,referral
1723,09/14/2024,Paid,IN,Healthcare,facebook
1724,2024-01-20,paid,CA,Healthcare,organic
1725,17-02-2024,FREE,FR,Tech,facebook
1726,23-03-2024,Paid,US,Education,referral
1727,2024-06-22,paid,US,Manufacturing,linkedin
1728,2024-12-15,free,US,Finance,google
1729,2024-09-11,,JP,Finance,google
1730,2024-06-07,Free,CA,Finance,linkedin
1731,2024-06-09,Free,US,Healthcare,google
1732,2024-06-29,Paid,GB,Education,
1733,2024-05-11,free,AU,Education,
1734,2024-09-06,Paid,DE,Healthcare,organic
1735,2024-12-14,Paid,US,Education,organic
1736,2024-07-30,FREE,US,Tech,referral
1737,2024-01-30,free,JP,Tech,referral
1738,2024-05-28,free,CA,Retail,facebook
1739,2024-08-24,PAID,CA,Retail,referral
1740,2024-08-26,Free,AU,Manufacturing,organic
1741,2024-04-12,PAID,AU,Retail,referral
1742,2024-12-25,paid,FR,Education,google
1743,2024-08-28,FREE,CA,Education,facebook
1744,01-02-2024,Paid,GB,Manufacturing,facebook
1745,04/18/2024,Paid,DE,Tech,organic
1746,2024-03-31,paid,CA,Tech,referral
1747,2024-12-30,FREE,IN,Retail,google
1748,04/04/2024,Paid,FR,Tech,referral
1749,2024-06-01,Paid,US,Education,linkedin
1750,2024-12-18,Paid,DE,Retail,referral
1751,2024-10-19,,CA,Retail,organic
1752,2024-11-01,Free,IN,Finance,referral
1753,2024-06-11,Free,DE,Retail,facebook
1754,2024-02-28,PAID,GB,Education,google
1755,18-08-2024,PAID,FR,Healthcare,organic
1756,2024-02-19,Free,DE,Healthcare,linkedin
1757,2024-03-26,free,DE,Finance,google
1758,22-10-2024,paid,US,Education,google
1759,2024-06-06,PAID,FR,Education,facebook
1760,2024-07-30,PAID,CA,Manufacturing,facebook
1761,2024-06-20,Paid,IN,Education,facebook
1762,2024-10-31,PAID,CA,Finance,organic
1763,2024-08-11,free,DE,Education,referral
1764,2024-02-23,,IN,Healthcare,google
1765,2024-02-23,FREE,JP,Retail,referral
1766,10/24/2024,paid,FR,Tech,referral
1767,2024-08-20,paid,IN,Retail,facebook
1768,2024-08-25,paid,US,Finance,referral
1769,2024-04-24,Paid,DE,Finance,google
1770,2024-07-31,,US,Finance,google
1771,2024-01-17,PAID,IN,Retail,linkedin
1772,2024-11-03,paid,AU,Retail,organic
1773,2024-07-19,FREE,CA,Education,referral
1774,2024-11-21,Paid,CA,Manufacturing,organic
1775,2024-08-11,FREE,IN,Healthcare,organic
1776,2024-10-22,PAID,IN,Manufacturing,organic
1777,2024-06-14,paid,CA,Education,organic
1778,2024-10-30,FREE,AU,Tech,google
1779,07-03-2024,paid,IN,Retail,referral
1780,2024-04-23,FREE,DE,Healthcare,linkedin
1781,2024-07-12,paid,US,Education,organic
1782,2024-11-17,free,AU,Finance,linkedin
1783,2024-11-01,paid,JP,Manufacturing,google
1784,09/10/2024,Free,DE,Education,google
1785,2024-01-12,free,AU,Healthcare,facebook
1786,07/11/2024,paid,FR,Retail,organic
1787,06-01-2024,free,AU,Retail,facebook
1788,2024-06-26,free,IN,Finance,linkedin
1789,10-05-2024,FREE,GB,Manufacturing,referral
1790,,free,FR,Retail,facebook
1791,02/28/2024,free,IN,Healthcare,google
1792,20-12-2024,paid,JP,Manufacturing,organic
1793,2024-06-27,PAID,AU,Manufacturing,linkedin
1794,2024-08-11,Free,US,Tech,google
1795,12/17/2024,paid,CA,Finance,referral
1796,2024-10-27,Paid,GB,Retail,organic
1797,2024-08-04,PAID,JP,Tech,referral
1798,2024-07-15,PAID,US,Education,referral
1799,2024-08-18,PAID,FR,Finance,organic
1800,11/05/2024,Paid,US,Healthcare,organic
1801,,Paid,DE,Tech,referral
1802,2024-07-02,Paid,JP,Finance,linkedin
1803,2024-06-09,FREE,US,Retail,organic
1804,2024-08-26,FREE,IN,Finance,google
1805,2024-05-25,FREE,CA,Education,facebook
1806,07-11-2024,FREE,IN,Retail,linkedin
1807,2024-08-03,paid,JP,Education,organic
1808,2024-09-09,paid,AU,Tech,organic
1809,2024-03-28,FREE,US,Tech,
1810,,,JP,Manufacturing,linkedin
1811,21-10-2024,paid,US,Education,facebook
1812,2024-07-25,Free,DE,Tech,referral
1813,2024-02-05,PAID,AU,Retail,google
1814,2024-06-11,Paid,US,Tech,organic
1815,2024-07-20,PAID,CA,Finance,facebook
1816,03/03/2024,free,IN,Healthcare,google
1817,2024-01-06,paid,FR,Healthcare,
1818,2024-04-07,FREE,FR,Tech,linkedin
1819,05/12/2024,Free,CA,Manufacturing,organic
1820,2024-06-17,Paid,FR,Education,referral
1821,2024-03-11,paid,GB,Retail,linkedin
1822,2024-07-30,FREE,IN,Tech,organic
1823,07-09-2024,paid,US,Finance,facebook
1824,2024-05-31,FREE,GB,Healthcare,google
1825,2024-04-15,paid,DE,Finance,google
1826,2024-12-09,Free,US,Retail,organic
1827,04/16/2024,Paid,JP,Education,linkedin
1828,2024-12-01,free,FR,Education,referral
1829,16-07-2024,Free,AU,Retail,facebook
1830,2024-05-22,free,US,Retail,organic
1831,2024-02-24,paid,DE,Retail,facebook
1832,2024-08-31,paid,AU,Education,google
1833,2024-02-13,PAID,CA,Manufacturing,referral
1834,2024-06-19,free,IN,Education,facebook
1835,2024-08-04,FREE,AU,Healthcare,organic
1836,2024-11-07,FREE,AU,Tech,referral
1837,2024-02-26,FREE,DE,Healthcare,linkedin
1838,2024-02-03,Paid,GB,Tech,organic
1839,2024-04-22,Paid,CA,Retail,facebook
1840,2024-04-14,PAID,US,Education,referral
1841,,PAID,US,Healthcare,organic
1842,2024-12-18,free,JP,Finance,referral
1843,2024-08-21,,US,Tech,referral
1844,2024-06-20,free,GB,Healthcare,referral
1845,2024-01-05,Free,JP,Tech,facebook
1846,2024-08-29,paid,IN,Retail,organic
1847,2024-03-26,Free,IN,Retail,google
1848,2024-06-20,PAID,FR,Retail,google
1849,2024-07-05,PAID,US,Retail,
1850,2024-09-22,paid,GB,Education,facebook
1851,2024-09-22,paid,IN,Finance,facebook
1852,2024-03-13,Paid,JP,Retail,referral
1853,2024-02-15,Free,FR,Education,organic
1854,2024-12-13,Free,CA,Education,organic
1855,06/27/2024,Paid,IN,Manufacturing,
1856,2024-01-22,Free,US,Manufacturing,linkedin
1857,17-10-2024,paid,CA,Finance,
1858,12-09-2024,FREE,JP,Tech,linkedin
1859,2024-11-15,Paid,DE,Manufacturing,google
1860,2024-05-30,PAID,AU,Retail,linkedin
1861,2024-09-07,free,CA,Healthcare,linkedin
1862,06/28/2024,free,AU,Tech,google
1863,14-03-2024,Free,GB,Healthcare,google
1864,30-08-2024,Paid,JP,Finance,linkedin
1865,02/20/2024,paid,AU,Education,organic
1866,12/13/2024,FREE,IN,Healthcare,linkedin
1867,2024-05-08,Paid,CA,Retail,referral
1868,17-10-2024,Free,GB,Education,referral
1869,2024-08-11,PAID,DE,Retail,referral
1870,2024-12-30,Paid,DE,Education,facebook
1871,2024-08-24,paid,AU,Retail,referral
1872,10-11-2024,paid,AU,Education,organic
1873,10/16/2024,paid,JP,Retail,facebook
1874,2024-01-04,paid,AU,Manufacturing,facebook
1875,05/18/2024,PAID,DE,Education,referral
1876,2024-05-28,free,GB,Healthcare,linkedin
1877,2024-12-11,FREE,GB,Healthcare,google
1878,2024-09-10,Free,AU,Finance,linkedin
1879,01/04/2024,free,CA,Tech,linkedin
1880,2024-03-19,free,DE,Manufacturing,facebook
1881,2024-08-30,paid,DE,Healthcare,facebook
1882,2024-06-02,FREE,FR,Healthcare,facebook
1883,2024-11-09,Free,GB,Manufacturing,organic
1884,2024-01-12,free,CA,Retail,organic
1885,2024-12-24,Paid,DE,Education,google
1886,2024-10-28,Paid,CA,Education,facebook
1887,2024-02-24,free,FR,Education,referral
1888,2024-03-02,,GB,Manufacturing,facebook
1889,2024-11-26,paid,DE,Tech,organic
1890,30-06-2024,Paid,IN,Manufacturing,facebook
1891,,Free,IN,Manufacturing,organic
1892,2024-09-25,Free,IN,Finance,facebook
1893,2024-10-15,Free,US,Finance,referral
1894,2024-12-03,Paid,DE,Manufacturing,
1895,2024-11-06,paid,IN,Retail,google
1896,28-10-2024,paid,US,Retail,referral
1897,,free,FR,Healthcare,organic
1898,2024-02-24,paid,GB,Tech,linkedin
1899,2024-05-01,Paid,AU,Manufacturing,referral
1900,2024-02-01,Free,CA,Finance,facebook
1901,2024-11-06,Free,AU,Healthcare,google
1902,2024-08-18,free,JP,Healthcare,facebook
1903,2024-08-12,Free,DE,Finance,facebook
1904,2024-04-08,free,CA,Manufacturing,referral
1905,,Free,CA,Manufacturing,google
1906,2024-10-17,FREE,FR,Finance,linkedin
1907,2024-11-24,FREE,AU,Finance,facebook
1908,2024-09-13,free,FR,Healthcare,google
1909,2024-11-16,free,US,Retail,linkedin
1910,2024-06-01,FREE,DE,Education,facebook
1911,2024-01-12,Paid,GB,Healthcare,google
1912,02/04/2024,paid,DE,Tech,referral
1913,05/03/2024,Paid,CA,Finance,facebook
1914,2024-10-06,Paid,US,Finance,facebook
1915,2024-01-17,paid,IN,Manufacturing,google
1916,10/07/2024,free,US,Manufacturing,facebook
1917,15-10-2024,Free,IN,Healthcare,linkedin
1918,2024-08-01,FREE,IN,Education,
1919,2024-03-07,Free,DE,Manufacturing,facebook
1920,2024-11-28,free,JP,Finance,organic
1921,2024-01-14,PAID,JP,Manufacturing,linkedin
1922,2024-01-10,PAID,US,Finance,google
1923,2024-12-25,paid,IN,Retail,linkedin
1924,2024-07-07,free,GB,Tech,organic
1925,2024-10-28,free,DE,Education,organic
1926,05/07/2024,Free,IN,Education,facebook
1927,2024-01-23,Free,CA,Healthcare,facebook
1928,2024-07-22,free,IN,Healthcare,referral
1929,2024-10-05,paid,IN,Tech,linkedin
1930,03-06-2024,PAID,US,Retail,referral
1931,2024-05-16,free,AU,Education,organic
1932,2024-07-29,paid,DE,Finance,facebook
1933,03/11/2024,PAID,US,Education,facebook
1934,2024-03-03,free,GB,Education,facebook
1935,2024-12-23,free,CA,Education,google
1936,2024-01-18,paid,IN,Retail,
1937,,Paid,US,Finance,organic
1938,,paid,AU,Tech,facebook
1939,2024-07-13,FREE,FR,Healthcare,
1940,2024-10-04,Paid,JP,Education,organic
1941,2024-10-29,Paid,DE,Education,facebook
1942,01/30/2024,PAID,GB,Retail,
1943,2024-10-20,paid,CA,Finance,linkedin
1944,2024-08-27,free,GB,Tech,organic
1945,15-12-2024,FREE,IN,Finance,referral
1946,2024-10-19,Paid,US,Retail,google
1947,11/30/2024,Free,FR,Finance,referral
1948,06/13/2024,Paid,DE,Education,organic
1949,,,US,Tech,facebook
1950,,Free,IN,Tech,organic
1951,,PAID,JP,Manufacturing,
1952,2024-02-02,Paid,AU,Manufacturing,google
1953,2024-03-06,free,IN,Healthcare,organic
1954,2024-01-20,PAID,GB,Finance,facebook
1955,2024-10-10,Paid,IN,Tech,referral
1956,,PAID,US,Tech,linkedin
1957,2024-11-03,paid,JP,Finance,referral
1958,2024-05-01,paid,CA,Finance,facebook
1959,2024-05-24,Paid,FR,Tech,facebook
1960,2024-11-29,PAID,GB,Manufacturing,google
1961,,paid,IN,Retail,organic
1962,2024-01-14,PAID,FR,Education,organic
1963,2024-09-17,Free,IN,Manufacturing,referral
1964,2024-01-17,free,AU,Finance,linkedin
1965,2024-04-24,PAID,CA,Manufacturing,linkedin
1966,2024-09-27,Paid,JP,Tech,google
1967,2024-10-21,Free,US,Retail,facebook
1968,2024-06-10,Free,US,Manufacturing,google
1969,2024-07-28,Free,GB,Manufacturing,organic
1970,2024-11-05,FREE,US,Manufacturing,facebook
1971,05-03-2024,PAID,AU,Tech,google
1972,2024-03-11,Paid,CA,Education,referral
1973,2024-07-28,PAID,DE,Finance,organic
1974,04/11/2024,free,IN,Healthcare,linkedin
1975,2024-05-14,PAID,DE,Retail,google
1976,01/18/2024,free,CA,Tech,
1977,28-09-2024,paid,GB,Finance,organic
1978,2024-10-12,Paid,JP,Education,organic
1979,2024-11-11,FREE,JP,Tech,linkedin
1980,17-08-2024,Paid,JP,Tech,linkedin
1981,2024-12-24,free,IN,Tech,linkedin
1982,2024-10-30,Paid,GB,Retail,google
1983,2024-03-31,free,FR,Healthcare,linkedin
1984,2024-06-23,Paid,DE,Tech,referral
1985,2024-06-12,FREE,IN,Manufacturing,organic
1986,2024-04-17,paid,FR,Finance,linkedin
1987,2024-03-25,paid,AU,Retail,organic
1988,27-05-2024,free,IN,Manufacturing,facebook
1989,2024-03-13,free,FR,Tech,facebook
1990,21-01-2024,free,US,Healthcare,linkedin
1991,2024-01-14,PAID,GB,Education,organic
1992,03/05/2024,FREE,IN,Retail,facebook
1993,2024-03-02,paid,AU,Education,linkedin
1994,2024-05-22,paid,CA,Finance,organic
1995,2024-04-23,Paid,FR,Education,linkedin
1996,2024-09-19,paid,CA,Finance,organic
1997,2024-12-27,FREE,CA,Healthcare,facebook
1998,2024-05-05,FREE,DE,Manufacturing,linkedin
1999,2024-08-28,Paid,AU,Tech,facebook
2000,11/21/2024,free,AU,Manufacturing,
2001,2024-09-08,free,US,Education,linkedin
2002,2024-05-14,FREE,AU,Healthcare,google
2003,2024-09-28,paid,JP,Finance,facebook
2004,2024-12-08,PAID,IN,Manufacturing,facebook
2005,2024-09-03,Paid,FR,Education,referral
2006,2024-06-15,Free,US,Finance,facebook
2007,2024-12-04,Free,AU,Healthcare,organic
2008,2024-09-07,Free,JP,Retail,linkedin
2009,04/20/2024,FREE,CA,Tech,google
2010,2024-05-13,Paid,US,Finance,organic
2011,2024-01-28,PAID,CA,Tech,organic
2012,2024-06-06,FREE,JP,Retail,organic
2013,2024-11-16,paid,GB,Manufacturing,organic
2014,11-01-2024,paid,JP,Retail,google
2015,19-06-2024,FREE,DE,Finance,referral
2016,,free,CA,Retail,facebook
2017,07/21/2024,Free,FR,Manufacturing,
2018,2024-04-20,free,DE,Tech,organic
2019,2024-09-26,paid,JP,Tech,facebook
2020,2024-06-03,free,CA,Finance,facebook
2021,03/04/2024,paid,US,Tech,organic
2022,05/18/2024,paid,FR,Finance,referral
2023,,free,DE,Tech,facebook
2024,2024-07-19,Paid,FR,Education,linkedin
2025,2024-01-12,Free,JP,Tech,facebook
2026,2024-10-22,free,AU,Finance,organic
2027,2024-10-14,Free,JP,Finance,google
2028,,Paid,DE,Healthcare,facebook
2029,2024-12-31,Free,JP,Education,referral
2030,2024-08-16,Paid,CA,Tech,linkedin
2031,18-11-2024,free,CA,Education,linkedin
2032,2024-09-07,PAID,IN,Manufacturing,google
2033,2024-09-24,free,DE,Finance,google
2034,2024-05-09,free,FR,Tech,facebook
2035,2024-10-16,PAID,US,Education,organic
2036,2024-10-14,PAID,IN,Retail,referral
2037,2024-08-24,free,US,Manufacturing,linkedin
2038,2024-02-09,FREE,DE,Retail,google
2039,2024-03-26,free,IN,Education,referral
2040,2024-09-10,paid,US,Manufacturing,organic
2041,2024-10-07,,GB,Retail,linkedin
2042,2024-05-30,PAID,FR,Finance,linkedin
2043,2024-07-09,PAID,IN,Tech,organic
2044,10-11-2024,Paid,CA,Finance,linkedin
2045,18-06-2024,free,AU,Education,organic
2046,2024-08-30,Free,FR,Tech,linkedin
2047,2024-01-03,FREE,GB,Retail,facebook
2048,2024-02-18,free,FR,Finance,organic
2049,10/13/2024,free,AU,Tech,referral
2050,2024-08-06,Paid,FR,Healthcare,facebook
2051,2024-11-24,free,CA,Healthcare,referral
2052,2024-05-23,FREE,IN,Education,linkedin
2053,2024-07-15,PAID,CA,Manufacturing,referral
2054,08-12-2024,free,US,Retail,facebook
2055,16-02-2024,free,IN,Manufacturing,organic
2056,2024-01-01,free,FR,Healthcare,google
2057,2024-08-13,PAID,IN,Education,referral
2058,2024-05-03,PAID,GB,Manufacturing,google
2059,06/08/2024,FREE,FR,Finance,referral
2060,26-03-2024,Free,JP,Education,
2061,2024-09-07,FREE,IN,Healthcare,referral
2062,2024-11-29,Paid,FR,Healthcare,organic
2063,2024-06-26,Free,GB,Manufacturing,linkedin
2064,2024-01-06,free,JP,Manufacturing,facebook
2065,2024-06-17,PAID,US,Tech,
2066,2024-11-06,Paid,AU,Manufacturing,facebook
2067,,Paid,IN,Education,facebook
2068,10/19/2024,PAID,GB,Tech,linkedin
2069,2024-09-08,free,IN,Finance,
2070,11/09/2024,free,IN,Finance,google
2071,2024-03-02,Free,US,Retail,facebook
2072,2024-10-05,Free,CA,Finance,google
2073,06/11/2024,PAID,AU,Healthcare,linkedin
2074,,PAID,FR,Tech,linkedin
2075,2024-02-03,FREE,FR,Finance,organic
2076,2024-03-29,FREE,FR,Tech,facebook
2077,2024-03-29,Free,GB,Education,organic
2078,2024-06-28,FREE,GB,Manufacturing,facebook
2079,2024-02-15,free,US,Finance,linkedin
2080,16-11-2024,free,US,Finance,linkedin
2081,2024-08-23,Free,IN,Healthcare,referral
2082,24-11-2024,Free,DE,Finance,referral
2083,,Free,CA,Manufacturing,linkedin
2084,2024-06-10,paid,US,Retail,linkedin
2085,2024-05-31,Free,JP,Healthcare,google
2086,2024-07-05,PAID,JP,Manufacturing,google
2087,2024-03-28,paid,CA,Finance,organic
2088,17-04-2024,paid,DE,Healthcare,referral
2089,2024-09-14,paid,AU,Healthcare,referral
2090,2024-04-17,free,FR,Manufacturing,linkedin
2091,2024-11-19,Paid,CA,Healthcare,linkedin
2092,2024-12-03,FREE,DE,Retail,organic
2093,2024-01-05,PAID,AU,Healthcare,referral
2094,05-04-2024,PAID,FR,Manufacturing,google
2095,2024-01-12,PAID,JP,Finance,facebook
2096,2024-05-04,Paid,DE,Finance,organic
2097,2024-06-02,FREE,GB,Finance,facebook
2098,2024-08-06,PAID,FR,Tech,
2099,,PAID,IN,Finance,google
2100,2024-09-25,free,AU,Finance,google
2101,28-01-2024,Free,IN,Finance,facebook
2102,2024-03-25,free,IN,Healthcare,
2103,2024-02-11,paid,GB,Education,organic
2104,2024-03-19,paid,IN,Education,facebook
2105,2024-06-25,PAID,AU,Manufacturing,organic
2106,2024-08-29,free,US,Tech,organic
2107,2024-06-11,Paid,GB,Manufacturing,linkedin
2108,2024-08-05,Paid,US,Finance,referral
2109,2024-10-27,free,DE,Tech,referral
2110,2024-06-23,,CA,Finance,google
2111,22-07-2024,Free,FR,Manufacturing,linkedin
2112,2024-04-18,PAID,FR,Education,referral
2113,2024-03-18,paid,GB,Healthcare,organic
2114,2024-08-03,Free,JP,Healthcare,organic
2115,2024-06-26,paid,US,Finance,facebook
2116,2024-03-06,paid,AU,Manufacturing,facebook
2117,2024-12-09,Paid,DE,Tech,organic
2118,2024-11-20,PAID,AU,Finance,organic
2119,2024-08-30,paid,CA,Finance,facebook
2120,2024-08-05,free,CA,Finance,referral
2121,,paid,DE,Healthcare,google
2122,2024-11-10,Free,CA,Retail,facebook
2123,03/03/2024,FREE,CA,Healthcare,referral
2124,2024-05-09,FREE,CA,Manufacturing,referral
2125,2024-05-30,,FR,Manufacturing,referral
2126,2024-11-21,FREE,AU,Manufacturing,linkedin
2127,2024-05-07,FREE,DE,Healthcare,linkedin
2128,2024-09-09,PAID,JP,Finance,referral
2129,2024-09-25,Paid,DE,Finance,organic
2130,,Free,CA,Tech,
2131,2024-02-10,Paid,FR,Tech,linkedin
2132,04-04-2024,Free,FR,Tech,facebook
2133,2024-04-08,FREE,DE,Education,linkedin
2134,2024-07-10,Paid,FR,Tech,organic
2135,2024-04-05,paid,DE,Healthcare,google
2136,2024-05-19,PAID,FR,Tech,linkedin
2137,2024-05-16,paid,IN,Education,
2138,2024-01-10,PAID,FR,Education,
2139,2024-08-23,PAID,FR,Retail,referral
2140,2024-10-12,Paid,DE,Education,referral
2141,2024-09-12,Paid,DE,Healthcare,referral
2142,12/04/2024,PAID,DE,Finance,google
2143,2024-02-12,Paid,IN,Manufacturing,organic
2144,2024-06-10,FREE,IN,Finance,facebook
2145,2024-11-15,Free,IN,Retail,organic
2146,08-09-2024,Free,DE,Finance,google
2147,2024-03-04,FREE,JP,Retail,referral
2148,2024-03-22,PAID,CA,Manufacturing,organic
2149,2024-04-21,Paid,US,Finance,facebook
2150,12/06/2024,PAID,GB,Education,referral
2151,2024-07-19,Paid,US,Education,facebook
2152,2024-08-18,Paid,CA,Education,linkedin
2153,,PAID,GB,Education,facebook
2154,2024-02-20,Paid,AU,Healthcare,referral
2155,2024-01-15,FREE,CA,Finance,linkedin
2156,28-07-2024,free,AU,Retail,referral
2157,2024-08-29,FREE,DE,Tech,referral
2158,2024-11-30,free,FR,Education,linkedin
2159,2024-05-02,Free,IN,Healthcare,facebook
2160,02/03/2024,Paid,JP,Retail,google
2161,2024-11-04,Free,CA,Tech,google
2162,02/26/2024,free,IN,Tech,google
2163,2024-02-05,PAID,JP,Retail,google
2164,2024-07-16,PAID,DE,Finance,organic
2165,2024-11-06,Free,CA,Retail,google
2166,2024-01-31,Free,FR,Education,linkedin
2167,2024-09-18,free,IN,Finance,google
2168,2024-05-14,FREE,DE,Retail,referral
2169,2024-07-30,Free,US,Healthcare,google
2170,2024-02-19,PAID,US,Education,facebook
2171,2024-05-05,Paid,US,Manufacturing,linkedin
2172,2024-12-24,free,JP,Healthcare,linkedin
2173,2024-05-27,PAID,US,Manufacturing,organic
2174,2024-03-22,PAID,US,Retail,referral
2175,2024-12-21,Paid,CA,Manufacturing,linkedin
2176,01/15/2024,FREE,JP,Finance,facebook
2177,,Paid,US,Manufacturing,google
2178,28-03-2024,PAID,IN,Healthcare,linkedin
2179,2024-09-05,paid,IN,Retail,facebook
2180,2024-07-13,paid,JP,Finance,google
2181,2024-04-24,FREE,JP,Education,organic
2182,2024-09-12,FREE,DE,Tech,linkedin
2183,09/25/2024,PAID,GB,Education,linkedin
2184,,PAID,AU,Finance,facebook
2185,10-10-2024,free,IN,Finance,referral
2186,2024-09-24,FREE,JP,Retail,organic
2187,2024-05-05,free,GB,Finance,referral
2188,2024-05-16,FREE,JP,Tech,linkedin
2189,02-02-2024,paid,AU,Education,referral
2190,2024-05-04,paid,AU,Healthcare,google
2191,2024-01-27,Free,JP,Healthcare,organic
2192,2024-02-12,FREE,DE,Healthcare,referral
2193,2024-10-18,FREE,JP,Healthcare,google
2194,2024-11-25,paid,DE,Finance,facebook
2195,2024-07-27,Free,JP,Finance,referral
2196,2024-09-20,PAID,US,Healthcare,organic
2197,2024-05-20,paid,AU,Retail,google
2198,2024-04-03,Paid,US,Retail,referral
2199,2024-02-03,Free,GB,Manufacturing,facebook
2200,2024-12-17,free,JP,Manufacturing,referral
2201,2024-09-13,paid,JP,Tech,google
2202,2024-11-08,paid,US,Healthcare,
2203,2024-07-21,Free,DE,Education,referral
2204,2024-08-30,paid,CA,Education,organic
2205,29-08-2024,paid,JP,Tech,linkedin
2206,06/30/2024,Paid,IN,Manufacturing,google
2207,2024-08-01,Free,AU,Healthcare,google
2208,12-03-2024,FREE,FR,Education,google
2209,2024-12-04,paid,GB,Retail,
2210,2024-07-14,free,CA,Manufacturing,google
2211,08/13/2024,free,AU,Manufacturing,referral
2212,02-09-2024,FREE,GB,Manufacturing,organic
2213,2024-12-27,paid,GB,Tech,facebook
2214,2024-11-23,Paid,GB,Tech,organic
2215,03/09/2024,paid,IN,Education,google
2216,2024-10-28,Free,DE,Education,referral
2217,2024-10-20,PAID,FR,Retail,referral
2218,,FREE,JP,Healthcare,google
2219,09-06-2024,PAID,JP,Tech,referral
2220,2024-04-04,Paid,FR,Retail,google
2221,2024-12-26,free,AU,Finance,organic
2222,2024-07-29,FREE,CA,Tech,linkedin
2223,2024-09-19,FREE,AU,Manufacturing,
2224,2024-06-16,PAID,JP,Manufacturing,referral
2225,2024-02-08,FREE,JP,Healthcare,google
2226,09/19/2024,PAID,JP,Tech,google
2227,2024-04-07,Paid,US,Manufacturing,referral
2228,2024-03-18,Paid,IN,Finance,facebook
2229,2024-12-20,Free,IN,Healthcare,google
2230,2024-01-04,free,GB,Retail,referral
2231,2024-03-18,PAID,US,Retail,google
2232,2024-12-06,PAID,CA,Tech,facebook
2233,2024-03-19,paid,FR,Finance,linkedin
2234,2024-09-30,FREE,US,Manufacturing,facebook
2235,2024-02-05,FREE,US,Retail,organic
2236,2024-06-04,free,US,Manufacturing,referral
2237,2024-01-14,paid,IN,Finance,facebook
2238,2024-07-11,Free,AU,Healthcare,linkedin
2239,,free,FR,Retail,google
2240,10/29/2024,FREE,IN,Tech,referral
2241,2024-09-21,Free,DE,Manufacturing,facebook
2242,2024-07-02,free,CA,Manufacturing,linkedin
2243,2024-09-16,Free,CA,Manufacturing,facebook
2244,,Paid,IN,Retail,organic
2245,2024-02-21,Free,FR,Finance,referral
2246,2024-11-29,FREE,DE,Education,google
2247,07/18/2024,,DE,Finance,linkedin
2248,11/27/2024,free,JP,Tech,facebook
2249,2024-03-06,paid,JP,Retail,referral
2250,04/17/2024,PAID,JP,Manufacturing,facebook
2251,2024-03-21,FREE,GB,Finance,referral
2252,2024-12-08,free,IN,Healthcare,organic
2253,,PAID,AU,Retail,facebook
2254,2024-05-15,Free,US,Tech,organic
2255,,Free,JP,Tech,linkedin
2256,,free,AU,Healthcare,organic
2257,06/27/2024,free,US,Finance,referral
2258,25-08-2024,paid,JP,Tech,linkedin
2259,2024-11-22,paid,FR,Education,facebook
2260,2024-10-03,Free,IN,Education,facebook
2261,2024-10-19,free,FR,Healthcare,referral
2262,2024-02-12,PAID,CA,Tech,google
2263,2024-04-25,Paid,FR,Retail,google
2264,2024-08-24,paid,CA,Retail,
2265,2024-07-10,FREE,JP,Education,facebook
2266,2024-07-16,free,FR,Retail,referral
2267,01/18/2024,Paid,US,Retail,google
2268,,paid,DE,Healthcare,organic
2269,2024-10-22,PAID,GB,Finance,facebook
2270,2024-08-13,Paid,JP,Tech,organic
2271,2024-04-05,PAID,AU,Retail,referral
2272,2024-02-19,paid,US,Manufacturing,organic
2273,2024-08-06,free,CA,Education,google
2274,08/22/2024,paid,US,Finance,
2275,2024-06-06,FREE,AU,Tech,google
2276,2024-09-18,free,DE,Tech,linkedin
2277,2024-06-30,FREE,DE,Manufacturing,facebook
2278,2024-04-27,Free,DE,Tech,referral
2279,2024-12-14,FREE,FR,Education,facebook
2280,2024-11-08,Free,AU,Education,organic
2281,24-09-2024,Paid,AU,Education,referral
2282,2024-06-02,paid,JP,Tech,referral
2283,2024-11-09,paid,JP,Education,google
2284,2024-03-23,Free,FR,Tech,organic
2285,2024-11-26,Free,FR,Retail,google
2286,2024-05-21,free,GB,Tech,google
2287,2024-12-10,FREE,US,Healthcare,linkedin
2288,2024-02-22,FREE,FR,Healthcare,google
2289,2024-03-04,free,DE,Healthcare,facebook
2290,06/23/2024,Free,IN,Healthcare,referral
2291,2024-05-10,FREE,IN,Healthcare,google
2292,2024-09-06,free,DE,Finance,facebook
2293,04-11-2024,FREE,AU,Finance,organic
2294,25-12-2024,Free,GB,Education,
2295,21-05-2024,Paid,AU,Healthcare,referral
2296,08-05-2024,FREE,AU,Retail,organic
2297,2024-05-04,PAID,GB,Education,facebook
2298,2024-12-28,PAID,JP,Manufacturing,organic
2299,2024-12-07,FREE,DE,Healthcare,organic
2300,2024-05-02,Paid,FR,Manufacturing,organic
2301,2024-01-21,PAID,GB,Tech,google
2302,20-01-2024,PAID,DE,Healthcare,google
2303,2024-04-20,paid,DE,Education,google
2304,07/30/2024,Paid,US,Manufacturing,referral
2305,2024-06-25,Paid,JP,Healthcare,facebook
2306,2024-06-15,paid,GB,Manufacturing,google
2307,2024-10-07,paid,AU,Education,organic
2308,2024-02-15,Free,FR,Finance,organic
2309,21-02-2024,Paid,GB,Retail,organic
2310,2024-11-23,PAID,AU,Healthcare,organic
2311,06/21/2024,free,DE,Retail,linkedin
2312,2024-02-27,PAID,US,Manufacturing,referral
2313,2024-07-22,free,DE,Education,facebook
2314,2024-12-05,PAID,IN,Education,facebook
2315,09-03-2024,PAID,JP,Tech,google
2316,2024-02-12,free,DE,Manufacturing,linkedin
2317,07-12-2024,FREE,GB,Finance,facebook
2318,05/05/2024,free,US,Manufacturing,referral
2319,,FREE,JP,Healthcare,organic
2320,2024-08-12,Free,IN,Finance,google
2321,2024-09-22,PAID,GB,Tech,referral
2322,07/05/2024,Paid,US,Retail,facebook
2323,2024-04-30,Free,IN,Healthcare,linkedin
2324,2024-12-25,free,DE,Healthcare,google
2325,2024-09-16,FREE,JP,Tech,facebook
2326,2024-06-27,Free,GB,Education,google
2327,2024-01-28,paid,IN,Education,facebook
2328,2024-03-28,Free,JP,Retail,organic
2329,2024-12-27,FREE,CA,Healthcare,linkedin
2330,09-05-2024,Paid,CA,Manufacturing,organic
2331,09-03-2024,Paid,IN,Retail,facebook
2332,2024-12-11,paid,IN,Finance,referral
2333,2024-12-14,FREE,IN,Retail,organic
2334,2024-10-27,FREE,FR,Healthcare,referral
2335,2024-03-23,free,CA,Healthcare,facebook
2336,,Free,US,Education,linkedin
2337,2024-07-25,Paid,FR,Education,referral
2338,2024-08-30,Free,IN,Manufacturing,facebook
2339,2024-12-28,free,GB,Retail,referral
2340,2024-04-12,Free,JP,Retail,organic
2341,2024-02-18,FREE,GB,Healthcare,facebook
2342,,free,JP,Retail,organic
2343,2024-09-27,paid,DE,Tech,google
2344,2024-10-17,free,IN,Finance,facebook
2345,2024-09-12,paid,CA,Retail,referral
2346,2024-03-20,PAID,DE,Finance,google
2347,2024-03-31,paid,CA,Tech,organic
2348,10/02/2024,Free,IN,Finance,organic
2349,2024-02-25,free,FR,Education,referral
2350,2024-11-04,Paid,GB,Healthcare,google
2351,10/07/2024,FREE,DE,Education,
2352,2024-06-22,paid,FR,Tech,linkedin
2353,2024-01-22,PAID,JP,Education,referral
2354,2024-10-29,PAID,AU,Retail,organic
2355,2024-12-25,Free,DE,Healthcare,facebook
2356,2024-08-17,Paid,FR,Tech,google
2357,2024-02-12,PAID,CA,Manufacturing,linkedin
2358,2024-07-18,PAID,US,Tech,facebook
2359,09/27/2024,Free,US,Healthcare,google
2360,2024-10-19,FREE,AU,Retail,referral
2361,,paid,AU,Education,referral
2362,2024-10-02,PAID,CA,Healthcare,google
2363,2024-04-01,free,DE,Healthcare,linkedin
2364,04/05/2024,FREE,FR,Tech,google
2365,2024-04-15,Free,GB,Healthcare,facebook
2366,2024-12-18,FREE,JP,Education,facebook
2367,18-06-2024,Free,CA,Healthcare,referral
2368,2024-07-24,FREE,JP,Retail,google
2369,2024-08-04,paid,FR,Education,referral
2370,2024-11-30,Free,JP,Education,linkedin
2371,2024-07-12,Paid,IN,Education,facebook
2372,2024-11-16,paid,IN,Manufacturing,organic
2373,2024-04-24,Free,CA,Manufacturing,organic
2374,2024-10-01,PAID,CA,Manufacturing,google
2375,2024-12-21,PAID,GB,Tech,google
2376,2024-03-02,free,US,Finance,
2377,2024-09-11,Free,AU,Tech,organic
2378,2024-02-27,free,FR,Manufacturing,google
2379,2024-02-04,PAID,JP,Manufacturing,facebook
2380,2024-11-01,free,DE,Retail,linkedin
2381,2024-01-23,Paid,FR,Tech,linkedin
2382,2024-06-28,Free,AU,Tech,referral
2383,2024-05-29,Free,CA,Healthcare,facebook
2384,2024-08-12,FREE,GB,Healthcare,google
2385,2024-10-12,paid,JP,Tech,google
2386,2024-02-03,FREE,CA,Finance,referral
2387,2024-07-08,free,AU,Healthcare,referral
2388,2024-10-15,free,AU,Tech,google
2389,2024-01-19,PAID,US,Tech,google
2390,2024-05-24,FREE,IN,Tech,facebook
2391,2024-05-08,Paid,AU,Manufacturing,referral
2392,2024-03-19,free,CA,Finance,facebook
2393,30-03-2024,paid,US,Education,google
2394,2024-01-11,Free,GB,Education,organic
2395,10/04/2024,FREE,CA,Education,organic
2396,2024-07-26,Paid,GB,Tech,google
2397,2024-08-25,paid,AU,Finance,referral
2398,2024-04-15,FREE,CA,Education,organic
2399,2024-11-12,Paid,DE,Tech,referral
2400,2024-04-19,Paid,US,Retail,organic
2401,2024-11-15,PAID,US,Finance,referral
2402,2024-12-03,Free,FR,Manufacturing,organic
2403,,Free,CA,Finance,referral
2404,2024-12-14,PAID,CA,Finance,facebook
2405,2024-04-11,FREE,GB,Finance,referral
2406,2024-09-06,FREE,AU,Retail,facebook
2407,2024-02-03,,FR,Finance,facebook
2408,2024-01-28,paid,FR,Education,google
2409,2024-04-19,PAID,CA,Manufacturing,facebook
2410,2024-08-16,Paid,GB,Finance,
2411,2024-10-14,Free,IN,Finance,linkedin
2412,2024-11-12,PAID,JP,Tech,facebook
2413,12/19/2024,FREE,DE,Retail,referral
2414,2024-08-15,Paid,CA,Tech,facebook
2415,2024-03-28,Paid,IN,Finance,referral
2416,2024-04-03,,IN,Manufacturing,referral
2417,2024-12-09,Free,US,Finance,linkedin
2418,2024-03-10,free,FR,Healthcare,facebook
2419,2024-12-08,PAID,FR,Manufacturing,facebook
2420,2024-02-12,paid,US,Tech,organic
2421,2024-10-29,paid,DE,Finance,organic
2422,23-09-2024,paid,GB,Education,google
2423,,Paid,GB,Manufacturing,referral
2424,2024-08-09,PAID,IN,Manufacturing,linkedin
2425,2024-10-09,FREE,GB,Retail,organic
2426,2024-06-03,Paid,DE,Manufacturing,facebook
2427,,Paid,CA,Tech,google
2428,09/19/2024,PAID,US,Retail,linkedin
2429,2024-06-26,Paid,JP,Manufacturing,facebook
2430,18-08-2024,PAID,CA,Education,facebook
2431,01/12/2024,free,IN,Retail,referral
2432,2024-07-10,free,CA,Healthcare,referral
2433,2024-01-05,PAID,FR,Tech,organic
2434,2024-10-25,PAID,GB,Tech,
2435,2024-12-06,free,US,Education,organic
2436,2024-02-11,free,JP,Education,facebook
2437,2024-12-17,Free,US,Healthcare,facebook
2438,2024-09-28,PAID,CA,Finance,organic
2439,2024-08-28,Free,FR,Retail,organic
2440,2024-01-04,paid,US,Healthcare,facebook
2441,21-10-2024,free,FR,Retail,linkedin
2442,2024-06-13,PAID,CA,Manufacturing,facebook
2443,2024-05-31,paid,CA,Retail,linkedin
2444,2024-06-25,Paid,CA,Education,linkedin
2445,2024-02-03,FREE,JP,Education,facebook
2446,2024-08-08,paid,CA,Finance,google
2447,2024-12-11,PAID,IN,Manufacturing,organic
2448,13-12-2024,Paid,FR,Tech,referral
2449,2024-09-02,Paid,FR,Tech,facebook
2450,2024-04-07,Paid,CA,Manufacturing,
2451,2024-08-24,Paid,AU,Education,linkedin
2452,2024-08-25,Paid,GB,Tech,facebook
2453,2024-03-12,Free,AU,Finance,organic
2454,2024-08-10,free,CA,Finance,linkedin
2455,2024-04-04,,FR,Finance,referral
2456,2024-05-18,paid,JP,Manufacturing,referral
2457,2024-10-08,Paid,IN,Tech,referral
2458,2024-03-22,paid,JP,Tech,google
2459,2024-06-14,free,FR,Tech,linkedin
2460,09/10/2024,Free,AU,Retail,linkedin
2461,2024-06-22,PAID,IN,Education,google
2462,2024-03-07,PAID,DE,Education,linkedin
2463,2024-07-08,Free,FR,Finance,google
2464,2024-05-06,Free,US,Education,facebook
2465,2024-08-31,PAID,JP,Manufacturing,organic
2466,06-03-2024,FREE,CA,Manufacturing,referral
2467,05/01/2024,paid,IN,Finance,google
2468,2024-02-18,paid,GB,Manufacturing,google
2469,2024-08-24,paid,IN,Manufacturing,google
2470,2024-04-08,Free,US,Tech,facebook
2471,2024-01-31,Free,FR,Healthcare,google
2472,2024-11-13,Paid,AU,Education,organic
2473,2024-06-09,FREE,JP,Manufacturing,organic
2474,2024-05-31,FREE,CA,Finance,referral
2475,2024-05-24,Free,AU,Healthcare,facebook
2476,2024-03-14,paid,JP,Retail,organic
2477,2024-03-16,FREE,IN,Manufacturing,linkedin
2478,2024-06-09,paid,IN,Retail,linkedin
2479,2024-08-20,paid,CA,Retail,linkedin
2480,2024-06-16,PAID,JP,Education,
2481,2024-01-14,paid,JP,Retail,google
2482,2024-01-18,FREE,DE,Healthcare,
2483,,Free,IN,Education,google
2484,2024-02-04,FREE,DE,Education,linkedin
2485,03-07-2024,Paid,AU,Manufacturing,referral
2486,2024-09-09,PAID,IN,Education,referral
2487,2024-12-21,Free,US,Education,google
2488,2024-05-13,free,GB,Healthcare,linkedin
2489,2024-12-23,free,GB,Retail,referral
2490,2024-03-11,paid,DE,Education,google
2491,2024-05-28,PAID,JP,Manufacturing,linkedin
2492,2024-04-12,paid,CA,Healthcare,facebook
2493,2024-02-11,Free,US,Healthcare,linkedin
2494,2024-10-01,Paid,DE,Healthcare,linkedin
2495,2024-09-18,Paid,AU,Education,organic
2496,2024-05-13,paid,FR,Finance,organic
2497,2024-11-29,free,AU,Healthcare,facebook
2498,07/17/2024,free,US,Education,facebook
2499,06/01/2024,Paid,US,Manufacturing,linkedin
2500,2024-11-27,paid,JP,Finance,referral
2501,2024-06-07,paid,DE,Finance,facebook
2502,2024-07-17,PAID,GB,Manufacturing,linkedin
2503,2024-09-08,free,FR,Finance,google
2504,01/01/2024,Free,US,Retail,organic
2505,2024-06-04,free,US,Retail,referral
2506,,Free,IN,Tech,linkedin
2507,2024-07-09,Free,FR,Tech,google
2508,2024-03-02,free,FR,Healthcare,organic
2509,2024-12-15,paid,IN,Finance,google
2510,,Free,US,Finance,linkedin
2511,2024-10-23,FREE,DE,Tech,facebook
2512,2024-02-02,Free,DE,Manufacturing,organic
2513,2024-01-16,Paid,IN,Education,google
2514,2024-01-07,Free,IN,Manufacturing,facebook
2515,2024-09-02,paid,IN,Manufacturing,referral
2516,08/17/2024,FREE,JP,Retail,linkedin
2517,2024-08-10,FREE,GB,Education,linkedin
2518,2024-01-25,Paid,DE,Tech,organic
2519,2024-10-05,PAID,AU,Retail,google
2520,2024-03-15,paid,FR,Education,referral
2521,2024-07-09,paid,CA,Healthcare,organic
2522,2024-09-10,paid,JP,Tech,organic
2523,2024-03-11,Paid,GB,Education,google
2524,2024-12-14,FREE,GB,Retail,referral
2525,11/19/2024,free,JP,Healthcare,google
2526,2024-07-21,FREE,GB,Manufacturing,linkedin
2527,2024-09-23,,AU,Healthcare,facebook
2528,06-12-2024,Paid,US,Manufacturing,linkedin
2529,2024-07-10,paid,JP,Education,linkedin
2530,2024-07-27,FREE,DE,Education,organic
2531,03/20/2024,FREE,CA,Healthcare,linkedin
2532,,Free,IN,Education,referral
2533,2024-02-06,Paid,CA,Tech,linkedin
2534,2024-10-04,free,CA,Healthcare,referral
2535,,free,JP,Education,google
2536,2024-12-14,Free,FR,Manufacturing,organic
2537,2024-12-04,Paid,CA,Tech,referral
2538,2024-04-16,PAID,FR,Retail,linkedin
2539,2024-01-22,Paid,US,Retail,organic
2540,2024-05-10,PAID,IN,Retail,organic
2541,2024-08-04,PAID,CA,Education,referral
2542,2024-01-14,Free,US,Manufacturing,
2543,2024-02-17,Free,AU,Finance,referral
2544,2024-06-21,Free,IN,Retail,facebook
2545,12/26/2024,paid,GB,Retail,facebook
2546,,FREE,JP,Education,organic
2547,2024-09-14,PAID,CA,Education,facebook
2548,2024-01-25,paid,IN,Healthcare,linkedin
2549,05/30/2024,Paid,CA,Tech,google
2550,20-03-2024,Paid,GB,Finance,organic
2551,2024-07-17,Free,FR,Retail,google
2552,,PAID,AU,Healthcare,facebook
2553,2024-09-09,free,GB,Manufacturing,referral
2554,2024-03-08,Free,GB,Healthcare,organic
2555,2024-12-23,PAID,GB,Education,facebook
2556,2024-08-02,paid,JP,Tech,linkedin
2557,05/14/2024,Paid,IN,Retail,organic
2558,04-05-2024,free,JP,Healthcare,organic
2559,2024-10-19,PAID,CA,Retail,
2560,04-02-2024,paid,CA,Retail,referral
2561,2024-04-28,paid,CA,Retail,organic
2562,2024-09-18,PAID,DE,Education,referral
2563,06/04/2024,Free,AU,Healthcare,facebook
2564,2024-04-06,free,FR,Healthcare,linkedin
2565,2024-10-10,free,CA,Education,linkedin
2566,2024-09-18,PAID,FR,Finance,organic
2567,2024-02-07,PAID,CA,Retail,organic
2568,04/25/2024,paid,AU,Tech,facebook
2569,2024-07-21,Paid,JP,Education,referral
2570,2024-04-25,PAID,DE,Healthcare,linkedin
2571,2024-11-21,Paid,GB,Tech,referral
2572,2024-08-09,FREE,GB,Healthcare,facebook
2573,2024-03-15,Paid,GB,Healthcare,linkedin
2574,11/28/2024,PAID,JP,Tech,linkedin
2575,06/06/2024,Paid,US,Manufacturing,google
2576,2024-12-18,Free,CA,Manufacturing,facebook
2577,2024-12-20,Free,US,Retail,
2578,05/18/2024,Free,DE,Manufacturing,facebook
2579,14-06-2024,Paid,JP,Manufacturing,google
2580,2024-06-20,PAID,GB,Education,referral
2581,2024-12-03,FREE,DE,Tech,google
2582,2024-12-17,paid,CA,Tech,facebook
2583,2024-10-24,PAID,FR,Manufacturing,referral
2584,2024-11-02,FREE,FR,Finance,linkedin
2585,2024-07-10,PAID,JP,Manufacturing,google
2586,2024-06-23,paid,US,Manufacturing,referral
2587,08-10-2024,,AU,Education,referral
2588,10-05-2024,PAID,AU,Healthcare,referral
2589,2024-04-11,PAID,AU,Healthcare,google
2590,2024-08-11,free,DE,Education,
2591,2024-01-28,FREE,FR,Healthcare,linkedin
2592,2024-03-06,paid,DE,Education,referral
2593,,free,CA,Manufacturing,google
2594,2024-11-15,free,CA,Education,facebook
2595,2024-11-05,paid,FR,Education,google
2596,2024-10-10,Free,IN,Manufacturing,google
2597,2024-11-11,Paid,GB,Manufacturing,google
2598,05/06/2024,PAID,AU,Manufacturing,referral
2599,29-03-2024,free,JP,Healthcare,
2600,2024-08-10,Paid,US,Retail,google
2601,02/21/2024,Paid,US,Retail,facebook
2602,07/15/2024,FREE,CA,Manufacturing,referral
2603,04/15/2024,Paid,US,Retail,facebook
2604,,Paid,CA,Finance,organic
2605,2024-07-09,paid,FR,Tech,google
2606,2024-04-16,paid,GB,Education,referral
2607,2024-04-28,FREE,CA,Healthcare,referral
2608,2024-05-04,Free,US,Tech,google
2609,2024-07-03,Paid,CA,Tech,linkedin
2610,2024-05-10,Paid,FR,Finance,linkedin
2611,04/22/2024,free,FR,Retail,facebook
2612,2024-07-05,free,AU,Manufacturing,google
2613,2024-10-10,Paid,CA,Manufacturing,
2614,03/13/2024,free,US,Manufacturing,google
2615,2024-03-26,FREE,DE,Retail,organic
2616,,Free,GB,Manufacturing,linkedin
2617,08/04/2024,FREE,CA,Manufacturing,linkedin
2618,2024-02-04,FREE,CA,Tech,google
2619,2024-08-24,free,FR,Manufacturing,facebook
2620,2024-04-05,,IN,Retail,google
2621,2024-05-19,Free,JP,Manufacturing,facebook
2622,2024-01-25,FREE,DE,Healthcare,
2623,2024-10-20,paid,JP,Healthcare,linkedin
2624,2024-12-31,free,IN,Education,organic
2625,2024-03-10,PAID,FR,Retail,referral
2626,2024-10-08,PAID,DE,Finance,linkedin
2627,2024-06-30,Paid,GB,Manufacturing,facebook
2628,2024-07-27,free,CA,Healthcare,google
2629,03-11-2024,FREE,IN,Manufacturing,linkedin
2630,2024-07-14,Paid,US,Retail,organic
2631,2024-01-09,Free,IN,Finance,facebook
2632,2024-03-12,free,GB,Tech,google
2633,,Paid,AU,Manufacturing,referral
2634,2024-08-26,Free,JP,Manufacturing,facebook
2635,2024-01-27,Free,JP,Retail,google
2636,2024-06-28,paid,GB,Tech,referral
2637,06/30/2024,Free,FR,Education,google
2638,2024-06-18,free,GB,Manufacturing,referral
2639,2024-03-15,free,US,Tech,referral
2640,2024-11-18,Paid,CA,Retail,referral
2641,2024-08-23,paid,DE,Retail,google
2642,2024-10-26,Paid,IN,Healthcare,referral
2643,2024-01-19,free,GB,Finance,facebook
2644,2024-07-12,paid,JP,Manufacturing,organic
2645,2024-04-10,paid,JP,Manufacturing,organic
2646,,free,CA,Manufacturing,referral
2647,2024-04-09,Free,AU,Manufacturing,organic
2648,10-05-2024,free,AU,Manufacturing,organic
2649,2024-05-15,Free,FR,Healthcare,referral
2650,25-03-2024,FREE,CA,Healthcare,referral
2651,2024-06-24,Paid,AU,Retail,facebook
2652,10/07/2024,PAID,AU,Finance,linkedin
2653,2024-09-26,PAID,JP,Tech,google
2654,2024-05-05,Paid,AU,Tech,referral
2655,2024-09-17,paid,GB,Retail,referral
2656,06/02/2024,FREE,IN,Retail,organic
2657,04/22/2024,free,DE,Tech,facebook
2658,2024-09-15,PAID,US,Education,organic
2659,2024-02-11,Free,DE,Finance,referral
2660,2024-01-30,Free,DE,Retail,referral
2661,2024-01-16,paid,FR,Tech,organic
2662,08-09-2024,Free,CA,Retail,referral
2663,2024-04-30,Free,AU,Tech,linkedin
2664,2024-06-16,free,US,Retail,google
2665,2024-01-05,FREE,GB,Finance,google
2666,2024-01-27,Free,CA,Retail,google
2667,2024-07-06,PAID,DE,Finance,linkedin
2668,2024-01-21,free,IN,Retail,referral
2669,12-02-2024,free,GB,Education,organic
2670,2024-09-08,FREE,US,Finance,facebook
2671,2024-02-03,FREE,FR,Manufacturing,referral
2672,2024-09-20,paid,AU,Healthcare,linkedin
2673,2024-06-22,Paid,GB,Education,linkedin
2674,2024-06-05,Paid,GB,Retail,google
2675,2024-04-30,paid,IN,Healthcare,referral
2676,2024-03-17,FREE,FR,Healthcare,google
2677,2024-03-16,FREE,FR,Finance,facebook
2678,2024-06-19,Paid,CA,Education,google
2679,2024-11-25,PAID,DE,Retail,facebook
2680,2024-08-30,paid,JP,Finance,linkedin
2681,2024-01-26,Paid,GB,Tech,google
2682,2024-09-11,Paid,FR,Healthcare,google
2683,2024-06-16,PAID,CA,Tech,organic
2684,2024-04-04,Paid,US,Healthcare,linkedin
2685,2024-06-20,FREE,US,Finance,organic
2686,22-05-2024,paid,JP,Manufacturing,facebook
2687,2024-11-19,Paid,FR,Education,facebook
2688,,free,IN,Manufacturing,linkedin
2689,2024-12-14,PAID,AU,Tech,facebook
2690,27-09-2024,Free,FR,Education,linkedin
2691,2024-01-21,PAID,JP,Manufacturing,facebook
2692,2024-08-21,PAID,US,Healthcare,referral
2693,2024-02-02,PAID,GB,Retail,google
2694,06/10/2024,Paid,GB,Tech,referral
2695,01/20/2024,Paid,IN,Manufacturing,linkedin
2696,2024-09-28,paid,CA,Tech,linkedin
2697,2024-08-08,PAID,DE,Healthcare,referral
2698,06-10-2024,,FR,Tech,google
2699,2024-11-23,Free,GB,Education,google
2700,2024-04-19,free,US,Retail,organic
2701,2024-07-18,free,CA,Healthcare,facebook
2702,2024-02-10,paid,GB,Retail,organic
2703,2024-05-12,Paid,AU,Finance,google
2704,2024-08-06,Free,FR,Healthcare,referral
2705,2024-10-04,free,JP,Healthcare,facebook
2706,02-01-2024,paid,FR,Education,referral
2707,2024-08-19,PAID,DE,Manufacturing,organic
2708,2024-12-08,paid,CA,Finance,linkedin
2709,07/17/2024,PAID,US,Education,referral
2710,,free,FR,Tech,organic
2711,2024-06-24,Free,US,Healthcare,
2712,2024-11-19,Paid,JP,Manufacturing,organic
2713,2024-09-19,free,JP,Manufacturing,organic
2714,2024-09-04,FREE,DE,Manufacturing,linkedin
2715,02-12-2024,Paid,GB,Tech,linkedin
2716,2024-07-07,paid,US,Education,linkedin
2717,,PAID,FR,Tech,facebook
2718,04-01-2024,free,FR,Manufacturing,linkedin
2719,2024-10-31,Free,US,Manufacturing,linkedin
2720,2024-10-09,FREE,CA,Healthcare,linkedin
2721,2024-06-08,free,CA,Tech,referral
2722,,FREE,US,Healthcare,linkedin
2723,13-07-2024,paid,AU,Manufacturing,facebook
2724,2024-07-05,Paid,AU,Finance,organic
2725,,paid,DE,Tech,referral
2726,11-03-2024,Free,FR,Retail,google
2727,2024-05-15,free,JP,Education,linkedin
2728,10/25/2024,Paid,FR,Healthcare,organic
2729,2024-10-08,FREE,CA,Manufacturing,organic
2730,10/22/2024,paid,GB,Education,referral
2731,2024-01-21,FREE,FR,Healthcare,google
2732,2024-01-27,free,IN,Manufacturing,facebook
2733,2024-01-22,Free,DE,Manufacturing,
2734,10/14/2024,paid,DE,Manufacturing,organic
2735,2024-10-18,Free,DE,Healthcare,organic
2736,2024-12-28,Free,CA,Finance,organic
2737,,PAID,DE,Healthcare,organic
2738,2024-04-06,paid,GB,Education,referral
2739,2024-07-17,paid,DE,Finance,google
2740,2024-10-29,paid,DE,Education,organic
2741,2024-03-04,paid,GB,Finance,facebook
2742,2024-07-26,FREE,US,Finance,facebook
2743,2024-11-24,free,IN,Healthcare,linkedin
2744,28-04-2024,FREE,JP,Manufacturing,organic
2745,2024-04-21,FREE,JP,Manufacturing,organic
2746,02/26/2024,,US,Finance,organic
2747,2024-04-15,Free,AU,Finance,organic
2748,2024-07-29,Paid,JP,Manufacturing,organic
2749,2024-11-21,FREE,CA,Manufacturing,facebook
2750,2024-12-05,Paid,CA,Healthcare,google
2751,,,AU,Finance,google
2752,2024-02-01,PAID,US,Healthcare,linkedin
2753,2024-07-30,Paid,GB,Education,facebook
2754,2024-01-08,FREE,IN,Education,organic
2755,2024-06-04,Paid,CA,Tech,google
2756,2024-05-18,free,FR,Manufacturing,referral
2757,2024-11-26,free,FR,Manufacturing,referral
2758,2024-07-08,PAID,US,Finance,
2759,2024-06-07,free,DE,Finance,referral
2760,05/09/2024,FREE,GB,Education,organic
2761,2024-09-27,PAID,CA,Tech,organic
2762,2024-08-02,,AU,Manufacturing,linkedin
2763,2024-02-25,Paid,AU,Finance,linkedin
2764,2024-05-19,paid,CA,Retail,linkedin
2765,2024-11-15,Free,CA,Manufacturing,referral
2766,2024-05-03,PAID,GB,Education,organic
2767,,free,FR,Education,referral
2768,2024-01-23,free,IN,Healthcare,
2769,2024-10-07,free,JP,Retail,linkedin
2770,2024-01-19,paid,IN,Manufacturing,organic
2771,2024-11-25,free,GB,Healthcare,facebook
2772,2024-05-01,PAID,AU,Tech,google
2773,18-11-2024,PAID,US,Finance,google
2774,2024-03-26,Free,AU,Education,linkedin
2775,2024-04-20,free,FR,Healthcare,referral
2776,27-04-2024,PAID,FR,Manufacturing,facebook
2777,2024-07-01,free,US,Manufacturing,organic
2778,2024-11-17,free,IN,Manufacturing,referral
2779,2024-04-29,free,US,Education,linkedin
2780,2024-05-31,FREE,CA,Tech,referral
2781,2024-03-01,PAID,FR,Education,linkedin
2782,06/02/2024,free,IN,Retail,google
2783,2024-01-04,FREE,GB,Tech,
2784,2024-08-03,free,CA,Manufacturing,google
2785,2024-02-25,Free,IN,Manufacturing,referral
2786,2024-12-31,Paid,US,Healthcare,facebook
2787,2024-10-31,Paid,DE,Healthcare,organic
2788,2024-08-15,FREE,DE,Education,linkedin
2789,2024-01-11,paid,US,Education,organic
2790,2024-02-29,free,GB,Manufacturing,google
2791,30-09-2024,Paid,FR,Healthcare,facebook
2792,2024-10-24,FREE,JP,Education,facebook
2793,2024-04-28,FREE,DE,Tech,organic
2794,10/05/2024,Free,US,Manufacturing,google
2795,2024-02-17,free,FR,Retail,organic
2796,,free,US,Manufacturing,referral
2797,2024-04-22,FREE,FR,Education,facebook
2798,2024-08-04,Paid,JP,Tech,facebook
2799,21-05-2024,free,GB,Retail,referral
2800,2024-12-06,free,CA,Retail,google
2801,2024-11-22,Free,CA,Finance,facebook
2802,2024-02-20,paid,IN,Manufacturing,linkedin
2803,2024-11-05,Paid,DE,Manufacturing,
2804,2024-02-28,Paid,DE,Finance,linkedin
2805,2024-02-13,Paid,US,Manufacturing,google
2806,2024-02-09,PAID,JP,Manufacturing,referral
2807,2024-01-22,Paid,FR,Tech,organic
2808,,FREE,FR,Tech,google
2809,2024-05-05,Free,US,Retail,organic
2810,2024-05-20,free,US,Tech,google
2811,2024-05-17,PAID,US,Education,linkedin
2812,,FREE,JP,Retail,referral
2813,2024-01-22,paid,DE,Education,linkedin
2814,2024-05-03,PAID,GB,Retail,referral
2815,2024-01-09,free,GB,Tech,organic
2816,05/17/2024,Paid,AU,Healthcare,google
2817,03/04/2024,Free,US,Healthcare,
2818,12-05-2024,Paid,DE,Manufacturing,facebook
2819,2024-05-07,FREE,FR,Manufacturing,facebook
2820,2024-07-23,free,DE,Manufacturing,referral
2821,2024-11-12,Paid,AU,Tech,referral
2822,2024-01-11,Free,FR,Tech,linkedin
2823,2024-09-27,paid,DE,Retail,
2824,01/21/2024,paid,US,Manufacturing,facebook
2825,2024-07-10,free,JP,Retail,linkedin
2826,2024-04-27,Free,CA,Manufacturing,organic
2827,2024-01-12,Paid,GB,Manufacturing,facebook
2828,2024-05-28,free,CA,Tech,organic
2829,2024-07-07,Free,JP,Tech,google
2830,2024-03-09,FREE,JP,Retail,linkedin
2831,2024-01-20,paid,DE,Healthcare,referral
2832,2024-04-20,paid,DE,Education,facebook
2833,2024-05-11,Free,CA,Healthcare,linkedin
2834,03/13/2024,PAID,JP,Manufacturing,referral
2835,2024-03-04,free,DE,Tech,google
2836,2024-11-19,Free,CA,Healthcare,facebook
2837,2024-04-25,FREE,IN,Tech,organic
2838,12-02-2024,Paid,JP,Finance,google
2839,2024-02-18,PAID,GB,Manufacturing,referral
2840,09/25/2024,,FR,Manufacturing,facebook
2841,14-01-2024,Free,FR,Education,facebook
2842,2024-02-27,free,DE,Education,google
2843,2024-06-19,PAID,AU,Tech,facebook
2844,2024-11-01,paid,US,Manufacturing,referral
2845,2024-12-14,paid,CA,Tech,google
2846,2024-02-09,FREE,IN,Healthcare,organic
2847,2024-10-21,free,FR,Manufacturing,google
2848,2024-09-01,Free,US,Healthcare,google
2849,21-03-2024,free,AU,Finance,organic
2850,2024-05-20,Free,CA,Retail,referral
2851,2024-12-22,FREE,IN,Education,linkedin
2852,01/22/2024,paid,AU,Tech,linkedin
2853,2024-07-21,FREE,CA,Tech,organic
2854,2024-02-29,free,JP,Healthcare,referral
2855,2024-01-29,Paid,US,Education,facebook
2856,02/15/2024,paid,CA,Education,organic
2857,2024-02-07,free,IN,Tech,linkedin
2858,05/10/2024,PAID,AU,Tech,referral
2859,2024-08-11,Paid,AU,Finance,google
2860,25-11-2024,Paid,DE,Healthcare,referral
2861,2024-01-21,FREE,US,Finance,referral
2862,2024-04-09,Free,IN,Education,linkedin
2863,,PAID,IN,Healthcare,
2864,2024-01-28,FREE,GB,Healthcare,linkedin
2865,2024-09-16,Free,GB,Healthcare,facebook
2866,03-04-2024,Paid,DE,Finance,facebook
2867,2024-03-25,PAID,FR,Healthcare,organic
2868,07/11/2024,paid,IN,Manufacturing,google
2869,2024-05-31,PAID,GB,Education,facebook
2870,2024-05-07,paid,FR,Education,linkedin
2871,2024-06-07,free,GB,Healthcare,referral
2872,2024-02-25,Free,CA,Education,organic
2873,2024-08-08,Free,FR,Retail,facebook
2874,12-01-2024,PAID,GB,Finance,referral
2875,01-08-2024,paid,DE,Finance,referral
2876,2024-06-07,FREE,IN,Education,
2877,2024-06-15,PAID,DE,Healthcare,facebook
2878,2024-09-23,Free,GB,Manufacturing,google
2879,25-06-2024,free,FR,Retail,google
2880,2024-10-16,Free,US,Tech,
2881,2024-07-02,paid,FR,Finance,
2882,2024-07-14,free,CA,Finance,organic
2883,,paid,GB,Healthcare,google
2884,12/17/2024,PAID,GB,Tech,organic
2885,2024-03-02,Paid,US,Finance,
2886,2024-05-03,PAID,AU,Healthcare,linkedin
2887,01/16/2024,free,DE,Manufacturing,facebook
2888,,PAID,FR,Finance,referral
2889,2024-07-18,PAID,US,Manufacturing,organic
2890,2024-02-11,paid,AU,Manufacturing,
2891,,FREE,AU,Finance,google
2892,2024-02-11,paid,JP,Finance,organic
2893,03/31/2024,PAID,CA,Education,organic
2894,2024-03-14,Paid,DE,Healthcare,google
2895,,PAID,GB,Manufacturing,google
2896,2024-03-24,FREE,GB,Healthcare,facebook
2897,2024-07-29,paid,DE,Finance,referral
2898,2024-02-17,Paid,AU,Manufacturing,facebook
2899,2024-03-23,Free,US,Finance,facebook
2900,,paid,DE,Healthcare,google
2901,2024-04-11,Free,FR,Tech,google
2902,2024-03-28,paid,IN,Healthcare,referral
2903,2024-02-10,FREE,CA,Finance,organic
2904,2024-11-04,Free,CA,Manufacturing,facebook
2905,19-09-2024,Paid,IN,Retail,referral
2906,2024-06-25,paid,JP,Tech,facebook
2907,2024-10-06,FREE,GB,Manufacturing,organic
2908,2024-10-23,Paid,GB,Healthcare,facebook
2909,2024-02-18,free,CA,Finance,linkedin
2910,2024-12-15,PAID,AU,Manufacturing,referral
2911,13-03-2024,PAID,AU,Finance,google
2912,2024-04-05,Free,JP,Tech,facebook
2913,2024-10-28,Free,IN,Manufacturing,referral
2914,2024-08-02,PAID,FR,Tech,referral
2915,2024-08-12,FREE,CA,Retail,facebook
2916,02/28/2024,Paid,US,Retail,google
2917,,PAID,JP,Manufacturing,google
2918,,Paid,AU,Retail,facebook
2919,2024-03-01,Paid,IN,Education,referral
2920,2024-07-26,Free,DE,Manufacturing,google
2921,2024-07-11,free,AU,Finance,facebook
2922,2024-06-27,PAID,CA,Education,facebook
2923,2024-07-06,paid,JP,Retail,facebook
2924,2024-07-26,free,US,Finance,referral
2925,2024-03-12,PAID,US,Manufacturing,google
2926,2024-10-12,paid,AU,Education,referral
2927,2024-11-07,free,CA,Retail,linkedin
2928,01/20/2024,FREE,IN,Retail,google
2929,09-08-2024,PAID,IN,Tech,referral
2930,2024-11-27,PAID,CA,Retail,google
2931,2024-10-10,Paid,GB,Manufacturing,linkedin
2932,2024-10-06,FREE,AU,Finance,organic
2933,2024-02-16,Paid,GB,Tech,facebook
2934,2024-04-10,free,FR,Tech,referral
2935,2024-08-19,FREE,US,Finance,linkedin
2936,2024-08-24,PAID,US,Healthcare,linkedin
2937,2024-11-15,PAID,FR,Tech,
2938,2024-03-07,PAID,JP,Retail,google
2939,,PAID,IN,Finance,google
2940,2024-07-23,Free,JP,Manufacturing,facebook
2941,,FREE,CA,Finance,google
2942,2024-07-03,PAID,JP,Retail,referral
2943,2024-01-20,PAID,CA,Healthcare,referral
2944,06/24/2024,FREE,US,Finance,referral
2945,2024-10-30,paid,AU,Tech,organic
2946,20-11-2024,Paid,DE,Healthcare,referral
2947,04/23/2024,Free,IN,Manufacturing,google
2948,2024-05-13,paid,JP,Finance,google
2949,2024-06-21,Free,JP,Manufacturing,referral
2950,2024-10-21,FREE,GB,Tech,linkedin
2951,2024-09-28,free,GB,Healthcare,linkedin
2952,2024-09-15,Paid,DE,Manufacturing,
2953,,Paid,GB,Finance,linkedin
2954,2024-10-13,PAID,GB,Retail,facebook
2955,2024-05-13,FREE,IN,Tech,organic
2956,2024-10-22,PAID,GB,Finance,referral
2957,2024-01-25,PAID,IN,Finance,facebook
2958,2024-01-20,Paid,FR,Manufacturing,linkedin
2959,2024-05-30,paid,AU,Retail,referral
2960,2024-03-29,Paid,DE,Tech,facebook
2961,2024-09-25,Paid,FR,Education,google
2962,,paid,IN,Tech,linkedin
2963,11/25/2024,free,IN,Finance,facebook
2964,2024-03-31,FREE,DE,Manufacturing,google
2965,2024-08-30,Free,CA,Manufacturing,linkedin
2966,,FREE,AU,Finance,organic
2967,2024-06-27,PAID,IN,Manufacturing,linkedin
2968,2024-08-07,Paid,US,Education,organic
2969,2024-05-23,PAID,DE,Education,organic
2970,21-06-2024,PAID,DE,Manufacturing,organic
2971,2024-10-28,PAID,GB,Finance,referral
2972,2024-05-27,free,US,Education,referral
2973,07-08-2024,free,DE,Manufacturing,organic
2974,,PAID,JP,Healthcare,google
2975,11/27/2024,free,FR,Finance,organic
2976,2024-02-29,free,CA,Education,facebook
2977,,FREE,DE,Education,organic
2978,2024-11-20,Free,DE,Education,referral
2979,2024-09-23,paid,US,Healthcare,referral
2980,19-12-2024,PAID,DE,Healthcare,facebook
2981,2024-05-29,free,IN,Retail,facebook
2982,20-09-2024,Paid,DE,Tech,linkedin
2983,2024-02-05,FREE,DE,Retail,google
2984,2024-02-24,free,AU,Healthcare,
2985,03/14/2024,PAID,GB,Finance,google
2986,2024-07-12,Free,IN,Healthcare,google
2987,2024-03-22,paid,JP,Manufacturing,referral
2988,2024-08-29,paid,DE,Finance,google
2989,2024-06-28,PAID,IN,Manufacturing,linkedin
2990,2024-09-04,Free,DE,Retail,linkedin
2991,2024-02-16,Paid,FR,Education,google
2992,2024-10-10,FREE,AU,Healthcare,facebook
2993,13-08-2024,free,DE,Finance,linkedin
2994,2024-04-20,FREE,CA,Healthcare,facebook
2995,05-04-2024,paid,GB,Finance,referral
2996,22-10-2024,FREE,AU,Healthcare,linkedin
2997,28-03-2024,PAID,CA,Education,facebook
2998,2024-02-08,free,GB,Finance,google
2999,2024-06-15,FREE,US,Finance,referral
3000,2024-10-03,Paid,CA,Retail,organic
3001,2024-09-07,paid,JP,Tech,organic
3002,2024-07-20,Paid,AU,Education,google
3003,10/22/2024,free,GB,Manufacturing,referral
3004,11/05/2024,paid,GB,Healthcare,referral
3005,2024-03-30,paid,CA,Finance,referral
3006,2024-11-01,PAID,JP,Healthcare,referral
3007,2024-09-08,FREE,FR,Manufacturing,organic
3008,2024-09-22,free,JP,Healthcare,facebook
3009,2024-07-22,FREE,GB,Finance,referral
3010,01/20/2024,PAID,DE,Healthcare,facebook
3011,12/17/2024,Paid,AU,Healthcare,referral
3012,2024-12-20,PAID,JP,Education,linkedin
3013,2024-04-04,free,CA,Retail,
3014,22-05-2024,PAID,US,Education,linkedin
3015,10/20/2024,Free,DE,Education,linkedin
3016,24-03-2024,free,CA,Finance,referral
3017,2024-11-25,PAID,FR,Manufacturing,facebook
3018,,Paid,GB,Healthcare,organic
3019,2024-09-18,free,AU,Healthcare,google
3020,2024-08-28,paid,GB,Education,organic
3021,2024-02-28,FREE,DE,Manufacturing,referral
3022,2024-04-16,Paid,GB,Tech,linkedin
3023,2024-12-04,free,FR,Education,linkedin
3024,2024-07-25,free,DE,Education,facebook
3025,2024-01-17,paid,AU,Tech,referral
3026,2024-11-14,PAID,CA,Finance,organic
3027,2024-07-13,Free,FR,Manufacturing,referral
3028,12/06/2024,free,DE,Education,referral
3029,2024-05-24,FREE,FR,Education,linkedin
3030,2024-11-16,FREE,AU,Tech,organic
3031,2024-03-09,free,CA,Finance,google
3032,2024-10-29,PAID,US,Manufacturing,linkedin
3033,02/03/2024,free,JP,Retail,organic
3034,2024-10-18,paid,US,Education,facebook
3035,27-04-2024,paid,FR,Tech,linkedin
3036,2024-07-02,Paid,GB,Education,facebook
3037,2024-03-07,FREE,GB,Education,linkedin
3038,2024-01-14,Free,IN,Healthcare,referral
3039,2024-11-10,Paid,CA,Education,organic
3040,2024-11-02,Free,JP,Manufacturing,facebook
3041,2024-10-29,Free,FR,Manufacturing,linkedin
3042,2024-02-24,FREE,AU,Retail,
3043,2024-01-04,paid,GB,Healthcare,facebook
3044,2024-03-04,Paid,US,Healthcare,linkedin
3045,2024-11-23,PAID,AU,Education,
3046,2024-08-14,Paid,AU,Education,linkedin
3047,29-03-2024,free,GB,Healthcare,google
3048,2024-05-08,,GB,Tech,google
3049,,FREE,JP,Tech,google
3050,2024-04-16,PAID,US,Retail,facebook
3051,2024-08-18,Free,IN,Education,referral
3052,2024-09-21,,US,Manufacturing,linkedin
3053,2024-12-09,FREE,GB,Tech,organic
3054,2024-06-24,FREE,IN,Education,google
3055,,free,CA,Retail,facebook
3056,2024-04-27,Paid,GB,Tech,facebook
3057,2024-05-21,paid,AU,Manufacturing,facebook
3058,2024-04-10,Free,CA,Tech,
3059,2024-09-27,PAID,AU,Education,organic
3060,2024-01-16,paid,DE,Manufacturing,organic
3061,2024-04-12,Paid,GB,Healthcare,google
3062,2024-07-20,PAID,JP,Finance,organic
3063,05/03/2024,paid,AU,Healthcare,google
3064,,Paid,JP,Manufacturing,organic
3065,08-06-2024,free,CA,Healthcare,organic
3066,2024-01-26,paid,US,Manufacturing,
3067,2024-01-20,FREE,US,Healthcare,organic
3068,2024-10-09,PAID,JP,Healthcare,google
3069,,Free,JP,Healthcare,linkedin
3070,2024-01-22,FREE,GB,Tech,google
3071,11/02/2024,PAID,AU,Finance,linkedin
3072,2024-09-09,Free,DE,Healthcare,facebook
3073,2024-12-16,paid,AU,Education,facebook
3074,14-07-2024,Paid,JP,Retail,google
3075,2024-09-05,free,IN,Finance,linkedin
3076,2024-08-11,PAID,JP,Manufacturing,linkedin
3077,28-02-2024,free,FR,Manufacturing,linkedin
3078,2024-05-15,free,DE,Tech,facebook
3079,2024-01-27,free,GB,Healthcare,google
3080,01/29/2024,FREE,GB,Tech,referral
3081,2024-11-17,free,FR,Tech,linkedin
3082,2024-12-25,paid,IN,Finance,linkedin
3083,12-02-2024,PAID,JP,Tech,referral
3084,06-02-2024,Paid,FR,Education,google
3085,2024-03-23,PAID,DE,Tech,linkedin
3086,2024-04-29,Paid,JP,Education,google
3087,2024-10-03,PAID,CA,Manufacturing,linkedin
3088,,PAID,US,Retail,organic
3089,04/02/2024,Free,JP,Finance,linkedin
3090,2024-02-16,FREE,JP,Education,organic
3091,12/11/2024,FREE,FR,Tech,google
3092,13-10-2024,PAID,US,Tech,
3093,09-12-2024,Free,GB,Finance,
3094,,Free,GB,Finance,linkedin
3095,2024-02-15,Paid,JP,Manufacturing,facebook
3096,,free,IN,Tech,facebook
3097,12/11/2024,Free,US,Education,referral
3098,2024-06-30,paid,JP,Finance,facebook
3099,01/24/2024,PAID,AU,Education,organic
3100,2024-10-06,paid,FR,Retail,facebook
3101,2024-09-18,free,AU,Healthcare,facebook
3102,2024-02-22,PAID,GB,Retail,facebook
3103,2024-11-18,free,US,Healthcare,linkedin
3104,20-10-2024,PAID,CA,Retail,referral
3105,2024-12-22,paid,US,Manufacturing,google
3106,2024-07-21,PAID,DE,Tech,referral
3107,2024-08-05,Free,AU,Retail,organic
3108,2024-02-27,Free,DE,Finance,linkedin
3109,2024-11-03,FREE,JP,Retail,linkedin
3110,2024-04-29,Free,JP,Manufacturing,facebook
3111,2024-05-07,Free,CA,Healthcare,facebook
3112,2024-12-24,Paid,US,Tech,organic
3113,2024-05-14,PAID,AU,Manufacturing,linkedin
3114,,Paid,US,Tech,google
3115,,paid,CA,Manufacturing,referral
3116,09/04/2024,FREE,GB,Manufacturing,linkedin
3117,2024-05-12,FREE,IN,Education,google
3118,01/02/2024,free,JP,Finance,google
3119,2024-08-14,free,AU,Manufacturing,referral
3120,2024-11-14,Paid,US,Finance,
3121,2024-11-11,FREE,IN,Healthcare,google
3122,2024-07-21,PAID,FR,Retail,
3123,2024-06-08,Paid,AU,Retail,organic
3124,06/09/2024,FREE,FR,Education,google
3125,2024-11-02,Paid,GB,Tech,organic
3126,07/14/2024,free,GB,Education,google
3127,2024-08-04,paid,JP,Retail,facebook
3128,2024-05-07,free,FR,Retail,google
3129,2024-05-13,Paid,CA,Manufacturing,organic
3130,,paid,DE,Finance,google
3131,2024-10-24,Paid,DE,Education,google
3132,2024-05-20,Paid,JP,Finance,google
3133,2024-01-26,free,DE,Tech,organic
3134,2024-06-08,Paid,DE,Healthcare,google
3135,2024-01-15,Paid,GB,Retail,referral
3136,2024-04-08,Free,FR,Education,referral
3137,2024-07-08,paid,AU,Tech,organic
3138,2024-04-04,paid,IN,Tech,facebook
3139,2024-11-19,free,IN,Healthcare,referral
3140,,paid,IN,Retail,linkedin
3141,2024-03-01,Paid,AU,Education,referral
3142,2024-09-01,paid,CA,Education,linkedin
3143,2024-11-09,free,AU,Finance,organic
3144,2024-02-21,PAID,JP,Tech,facebook
3145,2024-11-23,free,AU,Education,linkedin
3146,21-09-2024,PAID,FR,Education,linkedin
3147,2024-02-10,Paid,JP,Manufacturing,referral
3148,07-01-2024,FREE,FR,Education,linkedin
3149,05/14/2024,paid,GB,Education,organic
3150,26-02-2024,paid,FR,Healthcare,organic
3151,2024-09-02,PAID,DE,Retail,organic
3152,,Free,DE,Finance,referral
3153,2024-09-20,FREE,AU,Healthcare,facebook
3154,2024-05-09,paid,US,Tech,referral
3155,,Paid,DE,Retail,organic
3156,2024-05-26,free,DE,Finance,referral
3157,2024-02-09,FREE,DE,Retail,organic
3158,2024-05-26,PAID,GB,Education,google
3159,2024-02-13,paid,US,Finance,google
3160,2024-05-30,Free,US,Retail,linkedin
3161,04/08/2024,PAID,AU,Education,facebook
3162,02/07/2024,FREE,FR,Tech,google
3163,2024-02-04,free,CA,Education,organic
3164,2024-12-31,Free,CA,Tech,referral
3165,09/14/2024,Free,JP,Retail,referral
3166,2024-06-05,FREE,IN,Education,linkedin
3167,2024-07-21,Free,CA,Education,referral
3168,2024-03-29,Paid,DE,Tech,google
3169,01/28/2024,PAID,CA,Finance,referral
3170,2024-11-04,free,DE,Tech,google
3171,2024-11-29,paid,CA,Finance,google
3172,2024-03-04,PAID,AU,Finance,facebook
3173,2024-11-14,FREE,FR,Tech,linkedin
3174,05-06-2024,Free,IN,Manufacturing,organic
3175,2024-08-18,free,IN,Education,google
3176,2024-11-02,paid,US,Finance,linkedin
3177,04/14/2024,paid,DE,Education,organic
3178,2024-05-01,FREE,IN,Finance,referral
3179,2024-09-12,FREE,JP,Tech,linkedin
3180,2024-03-29,FREE,FR,Education,linkedin
3181,2024-04-18,free,FR,Finance,linkedin
3182,03/30/2024,,AU,Tech,referral
3183,2024-07-16,free,IN,Finance,
3184,2024-11-19,PAID,FR,Retail,referral
3185,2024-01-06,Free,US,Retail,linkedin
3186,2024-02-17,FREE,CA,Retail,facebook
3187,2024-06-12,FREE,US,Finance,google
3188,2024-01-25,free,US,Retail,referral
3189,07/28/2024,free,US,Education,facebook
3190,,Free,CA,Retail,referral
3191,25-07-2024,,GB,Education,linkedin
3192,22-05-2024,Paid,DE,Finance,facebook
3193,2024-06-18,Paid,GB,Education,organic
3194,2024-12-08,free,US,Manufacturing,google
3195,20-07-2024,FREE,FR,Finance,google
3196,25-04-2024,,JP,Education,referral
3197,2024-06-14,PAID,DE,Retail,google
3198,2024-09-24,Free,US,Education,organic
3199,2024-04-13,paid,AU,Retail,facebook
3200,2024-08-23,PAID,DE,Retail,facebook
3201,2024-11-21,PAID,CA,Finance,linkedin
3202,2024-01-16,Free,GB,Tech,facebook
3203,2024-02-09,FREE,US,Tech,referral
3204,2024-03-05,PAID,AU,Education,organic
3205,2024-07-02,Free,DE,Healthcare,linkedin
3206,,FREE,DE,Retail,referral
3207,12-03-2024,Paid,GB,Education,referral
3208,2024-03-01,FREE,US,Manufacturing,referral
3209,2024-09-06,free,JP,Education,google
3210,2024-11-26,paid,GB,Finance,referral
3211,2024-03-31,Paid,CA,Retail,google
3212,2024-02-08,PAID,AU,Finance,facebook
3213,16-05-2024,PAID,US,Retail,google
3214,09/05/2024,PAID,FR,Finance,referral
3215,2024-10-22,Paid,DE,Retail,organic
3216,2024-12-29,free,DE,Retail,organic
3217,22-04-2024,Paid,IN,Education,facebook
3218,2024-08-23,Paid,DE,Manufacturing,referral
3219,2024-09-14,PAID,CA,Retail,google
3220,2024-05-23,free,JP,Education,organic
3221,2024-08-19,paid,GB,Tech,linkedin
3222,04-10-2024,paid,AU,Finance,referral
3223,2024-01-31,free,JP,Retail,referral
3224,09-07-2024,paid,GB,Healthcare,linkedin
3225,2024-12-02,FREE,US,Manufacturing,organic
3226,2024-07-04,paid,CA,Education,linkedin
3227,2024-03-10,Free,US,Tech,facebook
3228,2024-12-14,PAID,IN,Retail,google
3229,2024-11-30,PAID,DE,Healthcare,google
3230,2024-12-23,FREE,DE,Tech,
3231,2024-07-30,Paid,AU,Tech,organic
3232,2024-05-11,Free,US,Finance,linkedin
3233,15-02-2024,Free,US,Retail,referral
3234,06/08/2024,free,FR,Finance,referral
3235,2024-01-24,paid,FR,Retail,referral
3236,2024-02-05,Paid,FR,Healthcare,facebook
3237,2024-05-03,PAID,US,Finance,facebook
3238,19-05-2024,Paid,CA,Tech,referral
3239,2024-10-07,Paid,DE,Manufacturing,
3240,2024-09-14,Free,AU,Retail,organic
3241,14-07-2024,Paid,DE,Healthcare,facebook
3242,2024-10-03,Paid,DE,Tech,facebook
3243,2024-12-26,Paid,IN,Manufacturing,google
3244,2024-07-22,FREE,US,Retail,google
3245,,paid,JP,Education,organic
3246,,PAID,JP,Finance,facebook
3247,,free,CA,Healthcare,facebook
3248,12-02-2024,paid,DE,Manufacturing,linkedin
3249,2024-12-17,PAID,CA,Finance,organic
3250,2024-12-15,free,FR,Finance,organic
3251,2024-07-26,Free,FR,Retail,linkedin
3252,2024-05-17,free,CA,Education,linkedin
3253,2024-12-07,PAID,DE,Education,google
3254,2024-01-31,free,CA,Education,organic
3255,2024-06-21,Free,GB,Education,organic
3256,2024-12-01,PAID,DE,Education,linkedin
3257,2024-06-22,paid,US,Tech,referral
3258,2024-12-26,Free,FR,Retail,referral
3259,2024-10-29,FREE,FR,Tech,google
3260,2024-02-03,PAID,IN,Education,referral
3261,2024-06-04,,DE,Healthcare,referral
3262,2024-10-23,free,IN,Retail,
3263,2024-08-07,paid,FR,Tech,
3264,2024-06-02,FREE,DE,Manufacturing,referral
3265,2024-11-11,Paid,DE,Retail,facebook
3266,04-05-2024,paid,FR,Retail,google
3267,,free,JP,Retail,linkedin
3268,2024-09-06,Free,IN,Manufacturing,referral
3269,2024-10-07,Paid,FR,Education,facebook
3270,12/22/2024,PAID,FR,Education,referral
3271,2024-04-21,Paid,GB,Finance,facebook
3272,07/10/2024,Paid,GB,Tech,google
3273,2024-03-21,,AU,Retail,referral
3274,06/27/2024,Free,FR,Retail,facebook
3275,03/07/2024,Free,US,Retail,
3276,2024-04-04,free,CA,Finance,organic
3277,2024-06-06,FREE,FR,Education,organic
3278,2024-10-19,PAID,CA,Tech,facebook
3279,,PAID,DE,Finance,referral
3280,2024-01-08,Free,GB,Healthcare,referral
3281,2024-04-22,Free,CA,Healthcare,google
3282,20-06-2024,Paid,IN,Finance,google
3283,2024-10-15,Paid,CA,Finance,linkedin
3284,2024-04-05,Paid,FR,Healthcare,google
3285,2024-01-24,PAID,US,Finance,referral
3286,2024-04-01,Free,CA,Finance,linkedin
3287,2024-09-23,paid,AU,Retail,google
3288,2024-03-05,Free,CA,Education,facebook
3289,2024-04-25,free,JP,Healthcare,organic
3290,2024-03-27,free,AU,Finance,google
3291,2024-09-25,PAID,US,Finance,google
3292,,Free,JP,Retail,facebook
3293,2024-02-27,Paid,CA,Retail,referral
3294,2024-02-11,PAID,IN,Education,facebook
3295,2024-03-26,FREE,GB,Education,google
3296,,paid,DE,Retail,referral
3297,2024-12-24,PAID,AU,Manufacturing,linkedin
3298,17-09-2024,FREE,US,Tech,google
3299,06/08/2024,free,IN,Retail,facebook
3300,2024-09-01,FREE,AU,Retail,linkedin
3301,2024-03-06,free,JP,Tech,organic
3302,2024-03-20,Paid,DE,Education,linkedin
3303,2024-12-01,free,US,Tech,facebook
3304,2024-07-03,FREE,US,Retail,linkedin
3305,2024-11-17,free,IN,Education,facebook
3306,2024-12-31,free,AU,Education,google
3307,2024-09-11,free,CA,Retail,referral
3308,2024-04-09,FREE,US,Finance,organic
3309,06/20/2024,paid,FR,Manufacturing,referral
3310,,Free,JP,Manufacturing,referral
3311,2024-10-31,Paid,CA,Healthcare,referral
3312,2024-10-26,free,DE,Healthcare,facebook
3313,2024-11-29,PAID,AU,Finance,facebook
3314,17-12-2024,Paid,GB,Retail,organic
3315,01/21/2024,free,US,Education,facebook
3316,2024-01-15,paid,JP,Finance,facebook
3317,2024-07-19,free,GB,Tech,facebook
3318,2024-01-08,Paid,US,Healthcare,facebook
3319,2024-07-20,Free,AU,Manufacturing,google
3320,20-07-2024,Paid,JP,Retail,organic
3321,2024-06-04,Paid,DE,Manufacturing,facebook
3322,13-08-2024,FREE,FR,Education,organic
3323,2024-04-06,paid,CA,Retail,linkedin
3324,2024-11-05,free,JP,Tech,google
3325,08/10/2024,paid,GB,Education,facebook
3326,2024-07-29,PAID,DE,Retail,google
3327,2024-06-13,FREE,US,Education,google
3328,31-10-2024,paid,DE,Finance,linkedin
3329,08-06-2024,Paid,IN,Tech,organic
3330,2024-10-13,FREE,DE,Healthcare,google
3331,24-05-2024,Free,AU,Tech,
3332,2024-07-05,paid,IN,Finance,referral
3333,01/18/2024,FREE,CA,Education,linkedin
3334,2024-12-08,PAID,US,Education,referral
3335,2024-08-27,Paid,AU,Tech,linkedin
3336,2024-08-20,PAID,DE,Education,referral
3337,2024-11-21,Free,JP,Finance,referral
3338,29-08-2024,PAID,JP,Healthcare,google
3339,2024-09-14,paid,CA,Healthcare,google
3340,2024-03-05,paid,IN,Manufacturing,linkedin
3341,2024-01-05,PAID,GB,Finance,organic
3342,2024-06-23,Free,JP,Retail,google
3343,2024-07-09,paid,FR,Education,google
3344,2024-05-02,paid,US,Finance,facebook
3345,28-10-2024,paid,US,Manufacturing,google
3346,2024-05-26,PAID,AU,Healthcare,organic
3347,2024-04-10,paid,IN,Education,facebook
3348,06/11/2024,Free,US,Education,referral
3349,2024-04-22,FREE,IN,Finance,referral
3350,2024-01-16,Free,DE,Retail,facebook
3351,01-07-2024,free,DE,Education,facebook
3352,2024-10-08,Paid,JP,Finance,facebook
3353,07/04/2024,Free,CA,Education,linkedin
3354,2024-09-15,paid,GB,Tech,organic
3355,2024-04-09,FREE,GB,Manufacturing,organic
3356,06/23/2024,Free,US,Retail,referral
3357,2024-03-08,Paid,FR,Education,referral
3358,2024-08-27,FREE,JP,Finance,referral
3359,2024-11-18,PAID,CA,Tech,google
3360,2024-07-07,free,US,Finance,referral
3361,,FREE,AU,Manufacturing,facebook
3362,2024-06-07,free,AU,Retail,referral
3363,2024-11-05,free,FR,Healthcare,facebook
3364,09/27/2024,paid,IN,Finance,linkedin
3365,2024-04-11,Paid,IN,Retail,google
3366,2024-09-22,FREE,US,Manufacturing,google
3367,2024-10-21,Free,DE,Manufacturing,organic
3368,10-07-2024,free,JP,Retail,linkedin
3369,2024-03-18,paid,US,Finance,facebook
3370,04/07/2024,free,IN,Manufacturing,linkedin
3371,2024-08-30,Free,FR,Manufacturing,google
3372,2024-04-26,paid,GB,Healthcare,facebook
3373,16-02-2024,paid,IN,Retail,linkedin
3374,2024-07-18,FREE,JP,Healthcare,google
3375,2024-04-12,paid,DE,Finance,facebook
3376,2024-02-21,FREE,DE,Finance,facebook
3377,19-11-2024,PAID,FR,Education,google
3378,2024-11-18,PAID,FR,Retail,facebook
3379,2024-07-25,paid,FR,Healthcare,google
3380,20-04-2024,free,DE,Education,referral
3381,2024-09-17,Paid,AU,Tech,
3382,2024-06-26,FREE,FR,Finance,referral
3383,2024-12-16,Paid,DE,Manufacturing,facebook
3384,,paid,JP,Education,facebook
3385,26-01-2024,paid,CA,Retail,google
3386,2024-11-27,PAID,DE,Manufacturing,facebook
3387,2024-05-21,PAID,GB,Education,organic
3388,13-10-2024,paid,CA,Finance,referral
3389,,Free,US,Healthcare,facebook
3390,2024-12-04,paid,JP,Tech,facebook
3391,2024-08-30,PAID,DE,Manufacturing,linkedin
3392,2024-08-31,free,GB,Retail,facebook
3393,2024-12-03,paid,AU,Retail,
3394,2024-12-10,FREE,CA,Tech,organic
3395,2024-02-16,FREE,FR,Finance,
3396,2024-10-07,Free,US,Healthcare,referral
3397,2024-03-11,FREE,CA,Manufacturing,linkedin
3398,,paid,GB,Education,google
3399,2024-12-04,FREE,CA,Education,google
3400,08-08-2024,PAID,JP,Education,referral
3401,2024-08-20,paid,FR,Finance,google
3402,2024-08-06,FREE,DE,Education,organic
3403,2024-04-04,Free,FR,Healthcare,facebook
3404,2024-12-22,PAID,FR,Retail,referral
3405,2024-06-29,FREE,IN,Retail,linkedin
3406,2024-12-23,FREE,CA,Education,facebook
3407,2024-06-17,paid,CA,Education,google
3408,2024-03-15,Free,GB,Finance,google
3409,2024-06-27,PAID,DE,Healthcare,linkedin
3410,2024-05-25,free,GB,Retail,organic
3411,2024-10-14,Paid,IN,Education,linkedin
3412,2024-10-20,paid,US,Tech,referral
3413,2024-04-13,Free,GB,Healthcare,linkedin
3414,2024-01-17,PAID,DE,Education,google
3415,2024-04-11,PAID,JP,Education,organic
3416,05-04-2024,FREE,IN,Finance,organic
3417,2024-07-02,Free,JP,Manufacturing,linkedin
3418,2024-12-21,free,DE,Healthcare,referral
3419,2024-02-26,PAID,IN,Education,google
3420,2024-06-02,PAID,JP,Manufacturing,facebook
3421,2024-09-25,PAID,FR,Finance,organic
3422,2024-05-24,Paid,JP,Tech,linkedin
3423,2024-05-29,paid,CA,Healthcare,referral
3424,2024-06-05,FREE,AU,Retail,
3425,27-12-2024,Paid,GB,Retail,referral
3426,05/18/2024,free,CA,Finance,google
3427,2024-10-30,PAID,JP,Retail,organic
3428,2024-10-21,paid,IN,Tech,google
3429,23-02-2024,paid,FR,Finance,facebook
3430,2024-03-29,Free,CA,Finance,facebook
3431,2024-09-22,Paid,US,Retail,facebook
3432,2024-10-26,free,DE,Finance,referral
3433,,Paid,CA,Finance,organic
3434,2024-02-02,free,DE,Finance,google
3435,2024-07-01,FREE,JP,Finance,google
3436,06/19/2024,paid,IN,Finance,facebook
3437,2024-06-21,FREE,AU,Education,organic
3438,10-02-2024,Free,GB,Finance,organic
3439,2024-10-09,Paid,IN,Retail,linkedin
3440,2024-02-13,paid,JP,Manufacturing,organic
3441,05/31/2024,paid,IN,Manufacturing,organic
3442,2024-03-10,Paid,AU,Manufacturing,google
3443,2024-05-15,Free,JP,Education,organic
3444,2024-08-18,PAID,JP,Education,organic
3445,2024-01-17,PAID,FR,Education,google
3446,2024-03-13,free,DE,Manufacturing,organic
3447,2024-11-30,Paid,US,Finance,google
3448,2024-02-02,Free,DE,Healthcare,linkedin
3449,2024-06-12,paid,CA,Finance,referral
3450,2024-10-13,Paid,DE,Retail,google
3451,2024-06-21,free,DE,Retail,google
3452,23-09-2024,free,IN,Manufacturing,organic
3453,2024-03-09,free,CA,Healthcare,google
3454,2024-01-06,Paid,FR,Finance,facebook
3455,2024-02-04,Paid,AU,Education,
3456,2024-01-06,PAID,GB,Manufacturing,facebook
3457,2024-06-10,Free,US,Finance,linkedin
3458,2024-04-17,free,JP,Healthcare,google
3459,2024-10-11,free,US,Finance,organic
3460,,free,DE,Finance,organic
3461,2024-05-31,free,AU,Healthcare,referral
3462,24-03-2024,Free,US,Education,linkedin
3463,,PAID,GB,Tech,organic
3464,2024-05-12,Free,CA,Tech,referral
3465,2024-12-19,paid,CA,Finance,
3466,03-11-2024,paid,DE,Tech,organic
3467,2024-11-23,paid,FR,Retail,referral
3468,2024-08-28,free,US,Finance,facebook
3469,2024-11-02,Paid,AU,Tech,facebook
3470,2024-09-30,free,GB,Tech,organic
3471,2024-11-17,free,IN,Finance,linkedin
3472,2024-02-13,PAID,FR,Healthcare,google
3473,,PAID,IN,Tech,linkedin
3474,08-12-2024,Free,DE,Healthcare,linkedin
3475,2024-09-05,FREE,CA,Tech,google
3476,2024-02-23,PAID,DE,Tech,facebook
3477,2024-11-02,Free,CA,Finance,
3478,2024-03-30,PAID,DE,Finance,facebook
3479,2024-04-22,Free,GB,Finance,google
3480,2024-03-17,PAID,IN,Education,referral
3481,2024-05-13,free,US,Healthcare,linkedin
3482,2024-01-01,Free,IN,Tech,organic
3483,08/14/2024,PAID,IN,Healthcare,facebook
3484,2024-09-12,paid,CA,Healthcare,organic
3485,01/11/2024,,GB,Retail,google
3486,2024-12-15,paid,GB,Retail,organic
3487,2024-06-09,Paid,US,Finance,organic
3488,2024-04-03,free,US,Healthcare,linkedin
3489,2024-11-02,paid,IN,Tech,google
3490,2024-09-11,Free,US,Retail,organic
3491,2024-01-09,PAID,IN,Finance,facebook
3492,2024-11-05,free,DE,Manufacturing,google
3493,2024-02-29,paid,US,Retail,facebook
3494,,PAID,DE,Manufacturing,referral
3495,2024-07-24,FREE,DE,Education,organic
3496,2024-11-14,free,GB,Tech,google
3497,2024-02-08,FREE,JP,Healthcare,facebook
3498,2024-06-22,free,DE,Manufacturing,
3499,2024-01-21,FREE,CA,Healthcare,organic
3500,02/02/2024,free,IN,Retail,linkedin
3501,2024-03-29,PAID,GB,Tech,facebook
3502,2024-02-27,PAID,GB,Finance,facebook
3503,12-09-2024,free,DE,Finance,referral
3504,2024-02-26,Free,CA,Tech,linkedin
3505,2024-06-05,free,AU,Finance,referral
3506,2024-03-31,Paid,JP,Retail,linkedin
3507,2024-09-02,PAID,DE,Retail,facebook
3508,2024-11-22,PAID,FR,Retail,referral
3509,2024-03-01,Free,CA,Manufacturing,organic
3510,2024-02-27,paid,AU,Education,linkedin
3511,2024-04-08,free,IN,Retail,facebook
3512,2024-11-09,Free,CA,Manufacturing,google
3513,18-09-2024,free,AU,Tech,linkedin
3514,2024-11-10,PAID,CA,Finance,linkedin
3515,2024-11-09,FREE,DE,Finance,organic
3516,2024-12-23,free,DE,Retail,linkedin
3517,2024-08-09,FREE,JP,Finance,linkedin
3518,,,JP,Retail,organic
3519,2024-03-23,paid,GB,Retail,organic
3520,2024-01-02,Free,JP,Education,referral
3521,09/28/2024,Free,AU,Education,facebook
3522,23-03-2024,FREE,CA,Tech,facebook
3523,2024-11-09,paid,FR,Tech,referral
3524,11-08-2024,FREE,US,Manufacturing,facebook
3525,04/15/2024,PAID,GB,Tech,linkedin
3526,2024-04-14,FREE,AU,Healthcare,referral
3527,02/28/2024,paid,GB,Manufacturing,referral
3528,2024-02-23,free,DE,Manufacturing,
3529,2024-04-07,free,AU,Retail,facebook
3530,2024-11-07,Free,GB,Education,google
3531,2024-08-24,FREE,JP,Tech,
3532,28-12-2024,Free,JP,Finance,facebook
3533,2024-09-03,Free,JP,Retail,google
3534,07/08/2024,FREE,IN,Education,referral
3535,2024-05-06,PAID,CA,Healthcare,google
3536,2024-07-28,Free,GB,Healthcare,linkedin
3537,2024-08-02,FREE,IN,Finance,organic
3538,2024-06-28,FREE,US,Education,google
3539,2024-03-18,PAID,DE,Manufacturing,organic
3540,2024-03-28,free,AU,Tech,linkedin
3541,2024-04-14,Free,DE,Finance,organic
3542,2024-11-04,Free,DE,Manufacturing,linkedin
3543,2024-03-10,Paid,AU,Manufacturing,organic
3544,2024-03-14,paid,FR,Retail,organic
3545,2024-10-20,FREE,DE,Manufacturing,facebook
3546,2024-08-22,PAID,US,Manufacturing,google
3547,11/12/2024,paid,US,Manufacturing,organic
3548,04/09/2024,paid,US,Education,referral
3549,2024-05-04,paid,CA,Retail,facebook
3550,2024-10-24,Paid,DE,Retail,google
3551,2024-09-30,FREE,US,Education,facebook
3552,2024-11-23,Free,IN,Tech,google
3553,03/01/2024,Free,JP,Manufacturing,linkedin
3554,2024-08-22,free,DE,Education,organic
3555,2024-04-01,PAID,DE,Manufacturing,referral
3556,2024-04-23,FREE,CA,Manufacturing,
3557,2024-06-17,FREE,JP,Finance,
3558,2024-08-30,FREE,FR,Retail,facebook
3559,2024-05-01,Paid,CA,Education,facebook
3560,2024-01-25,PAID,CA,Manufacturing,facebook
3561,2024-12-13,PAID,CA,Education,facebook
3562,2024-07-02,PAID,FR,Education,organic
3563,12-08-2024,Paid,GB,Education,google
3564,2024-01-27,FREE,CA,Finance,organic
3565,2024-08-29,free,AU,Finance,linkedin
3566,2024-04-14,free,US,Education,organic
3567,2024-05-31,FREE,DE,Retail,organic
3568,2024-01-23,Paid,AU,Retail,linkedin
3569,07/24/2024,paid,IN,Finance,organic
3570,2024-03-05,Paid,IN,Retail,google
3571,2024-08-05,free,FR,Education,referral
3572,2024-06-18,Paid,FR,Retail,linkedin
3573,2024-05-12,Paid,DE,Education,facebook
3574,2024-12-16,FREE,JP,Manufacturing,google
3575,2024-03-28,FREE,FR,Healthcare,referral
3576,2024-01-04,Free,JP,Healthcare,google
3577,2024-06-27,free,GB,Retail,google
3578,2024-07-20,free,CA,Manufacturing,facebook
3579,2024-08-29,FREE,AU,Tech,referral
3580,2024-09-10,FREE,JP,Manufacturing,google
3581,2024-06-13,paid,JP,Education,facebook
3582,2024-12-08,paid,DE,Healthcare,
3583,2024-06-09,Paid,FR,Retail,linkedin
3584,2024-02-13,FREE,DE,Finance,facebook
3585,2024-01-25,Paid,JP,Healthcare,organic
3586,2024-05-17,Free,JP,Tech,facebook
3587,2024-06-01,paid,GB,Finance,facebook
3588,2024-08-24,paid,AU,Education,facebook
3589,2024-11-04,PAID,AU,Manufacturing,google
3590,2024-04-23,paid,IN,Education,referral
3591,2024-02-05,Free,GB,Education,facebook
3592,2024-09-19,FREE,FR,Retail,facebook
3593,2024-03-30,Free,US,Healthcare,organic
3594,2024-08-10,paid,US,Education,organic
3595,2024-12-20,Free,GB,Education,linkedin
3596,09/04/2024,free,JP,Retail,linkedin
3597,2024-02-24,Free,IN,Healthcare,organic
3598,2024-07-14,PAID,FR,Finance,referral
3599,2024-03-24,Free,US,Finance,linkedin
3600,2024-07-21,Paid,US,Manufacturing,referral
3601,2024-08-08,FREE,CA,Healthcare,organic
3602,2024-10-26,free,US,Finance,linkedin
3603,2024-10-10,FREE,DE,Retail,facebook
3604,2024-12-16,FREE,DE,Education,organic
3605,2024-12-05,FREE,US,Retail,linkedin
3606,2024-05-21,PAID,US,Tech,referral
3607,2024-12-09,Paid,GB,Retail,referral
3608,07/08/2024,PAID,CA,Finance,linkedin
3609,2024-06-27,FREE,US,Manufacturing,referral
3610,,PAID,US,Finance,linkedin
3611,2024-10-02,free,AU,Manufacturing,linkedin
3612,2024-10-03,paid,JP,Retail,
3613,2024-06-17,Paid,AU,Education,referral
3614,2024-05-16,paid,AU,Retail,google
3615,19-07-2024,FREE,GB,Healthcare,facebook
3616,2024-01-16,PAID,US,Retail,organic
3617,2024-02-11,PAID,AU,Tech,facebook
3618,2024-06-21,FREE,AU,Retail,organic
3619,02-12-2024,free,AU,Finance,organic
3620,2024-10-22,Paid,DE,Education,facebook
3621,04/23/2024,PAID,FR,Manufacturing,linkedin
3622,2024-01-11,FREE,US,Finance,referral
3623,2024-03-05,,IN,Healthcare,google
3624,2024-03-03,free,GB,Tech,google
3625,2024-09-29,Paid,US,Education,google
3626,2024-06-10,paid,DE,Tech,facebook
3627,2024-12-19,FREE,US,Tech,facebook
3628,2024-01-22,Free,FR,Education,linkedin
3629,2024-08-24,PAID,FR,Finance,
3630,2024-09-28,paid,CA,Finance,google
3631,2024-02-10,PAID,CA,Healthcare,linkedin
3632,2024-06-29,FREE,DE,Education,google
3633,13-06-2024,paid,GB,Education,facebook
3634,2024-05-29,Paid,US,Retail,referral
3635,2024-05-02,Paid,US,Healthcare,referral
3636,2024-02-29,PAID,CA,Finance,referral
3637,2024-12-03,Free,JP,Finance,referral
3638,2024-08-21,PAID,AU,Manufacturing,organic
3639,2024-01-03,FREE,DE,Tech,google
3640,2024-05-10,paid,AU,Finance,referral
3641,,Paid,JP,Retail,organic
3642,2024-04-14,Paid,US,Education,organic
3643,22-01-2024,free,US,Education,organic
3644,2024-10-06,free,IN,Tech,linkedin
3645,2024-09-06,Free,AU,Education,linkedin
3646,2024-12-12,FREE,CA,Education,organic
3647,18-04-2024,Free,JP,Tech,referral
3648,2024-05-13,FREE,JP,Tech,google
3649,2024-09-15,Paid,US,Finance,facebook
3650,2024-06-28,PAID,GB,Healthcare,linkedin
3651,2024-08-20,Paid,GB,Education,referral
3652,2024-01-11,free,CA,Tech,referral
3653,2024-05-18,free,GB,Education,facebook
3654,2024-04-16,FREE,JP,Tech,facebook
3655,2024-10-07,PAID,FR,Finance,referral
3656,2024-04-29,Paid,IN,Finance,facebook
3657,,FREE,US,Retail,referral
3658,,,FR,Education,facebook
3659,2024-06-27,paid,IN,Healthcare,facebook
3660,2024-03-06,free,DE,Healthcare,referral
3661,2024-02-04,free,AU,Manufacturing,
3662,2024-11-30,Free,GB,Finance,organic
3663,2024-02-03,PAID,DE,Education,referral
3664,2024-12-26,Free,GB,Healthcare,google
3665,05/02/2024,FREE,FR,Healthcare,facebook
3666,2024-11-11,free,US,Retail,
3667,05-10-2024,paid,GB,Tech,linkedin
3668,05/10/2024,free,US,Tech,facebook
3669,10-02-2024,free,DE,Retail,google
3670,05/15/2024,free,JP,Manufacturing,linkedin
3671,2024-02-25,free,FR,Manufacturing,linkedin
3672,2024-09-26,free,JP,Healthcare,referral
3673,2024-03-17,free,DE,Healthcare,organic
3674,2024-03-18,paid,JP,Education,referral
3675,2024-07-31,paid,GB,Healthcare,linkedin
3676,2024-10-05,,CA,Education,linkedin
3677,2024-11-05,paid,JP,Finance,organic
3678,15-10-2024,paid,GB,Manufacturing,facebook
3679,2024-02-15,paid,IN,Tech,organic
3680,2024-02-25,FREE,CA,Finance,referral
3681,2024-02-08,free,CA,Manufacturing,facebook
3682,,PAID,CA,Retail,referral
3683,2024-07-27,FREE,AU,Education,organic
3684,2024-02-05,,IN,Manufacturing,facebook
3685,2024-05-05,free,FR,Finance,organic
3686,05/30/2024,free,GB,Manufacturing,google
3687,2024-02-17,,US,Tech,linkedin
3688,19-04-2024,free,DE,Healthcare,facebook
3689,2024-12-06,PAID,JP,Manufacturing,linkedin
3690,08/30/2024,free,AU,Finance,google
3691,2024-08-03,free,FR,Education,facebook
3692,2024-08-28,PAID,AU,Manufacturing,linkedin
3693,2024-12-12,PAID,GB,Retail,linkedin
3694,2024-02-27,FREE,IN,Retail,
3695,12-06-2024,free,AU,Retail,facebook
3696,10/03/2024,PAID,GB,Healthcare,linkedin
3697,10/01/2024,PAID,GB,Manufacturing,linkedin
3698,2024-03-05,free,CA,Healthcare,facebook
3699,2024-05-17,Free,JP,Healthcare,linkedin
3700,12-10-2024,FREE,US,Healthcare,linkedin
3701,,free,FR,Healthcare,referral
3702,2024-01-23,Free,GB,Healthcare,referral
3703,2024-11-16,paid,DE,Retail,google
3704,2024-05-17,FREE,CA,Tech,
3705,2024-04-24,Paid,US,Healthcare,referral
3706,2024-03-16,,FR,Education,referral
3707,2024-03-26,free,US,Healthcare,google
3708,2024-06-17,free,DE,Healthcare,
3709,2024-01-10,PAID,US,Retail,linkedin
3710,2024-07-25,free,JP,Manufacturing,linkedin
3711,2024-10-19,free,US,Tech,referral
3712,2024-07-26,Free,IN,Manufacturing,google
3713,2024-11-17,paid,JP,Finance,linkedin
3714,2024-10-24,PAID,US,Education,organic
3715,2024-01-23,Paid,GB,Manufacturing,facebook
3716,12-02-2024,Paid,FR,Finance,facebook
3717,2024-07-17,PAID,IN,Retail,
3718,2024-08-10,Free,FR,Healthcare,facebook
3719,2024-02-19,FREE,AU,Finance,referral
3720,2024-11-26,FREE,CA,Manufacturing,facebook
3721,2024-06-07,,FR,Retail,facebook
3722,2024-12-06,paid,AU,Healthcare,organic
3723,2024-07-29,Paid,AU,Finance,linkedin
3724,2024-12-26,paid,FR,Healthcare,organic
3725,2024-02-18,free,GB,Retail,referral
3726,03-10-2024,free,JP,Retail,facebook
3727,2024-09-19,paid,JP,Education,linkedin
3728,2024-07-19,Free,IN,Retail,facebook
3729,15-06-2024,PAID,US,Healthcare,facebook
3730,2024-07-29,Free,US,Education,referral
3731,2024-01-09,FREE,JP,Retail,facebook
3732,2024-10-09,FREE,IN,Tech,google
3733,2024-02-05,Paid,IN,Retail,linkedin
3734,2024-05-26,free,FR,Tech,linkedin
3735,2024-11-04,Paid,FR,Manufacturing,google
3736,,FREE,US,Tech,referral
3737,2024-02-14,free,DE,Manufacturing,facebook
3738,2024-03-06,paid,IN,Finance,facebook
3739,2024-03-05,paid,US,Healthcare,linkedin
3740,2024-08-07,Paid,GB,Finance,referral
3741,24-01-2024,free,CA,Tech,referral
3742,02-08-2024,Paid,AU,Manufacturing,referral
3743,2024-01-13,free,GB,Healthcare,facebook
3744,16-11-2024,Paid,IN,Retail,referral
3745,2024-05-12,paid,JP,Retail,google
3746,2024-07-28,paid,IN,Manufacturing,organic
3747,03/05/2024,Free,FR,Healthcare,referral
3748,2024-01-02,Paid,IN,Tech,organic
3749,23-07-2024,paid,AU,Manufacturing,
3750,11/14/2024,PAID,GB,Finance,
3751,2024-05-18,paid,DE,Manufacturing,facebook
3752,2024-10-23,free,AU,Education,referral
3753,02/25/2024,Paid,US,Retail,linkedin
3754,2024-03-05,Free,CA,Finance,facebook
3755,,PAID,GB,Education,google
3756,2024-02-26,Paid,CA,Tech,google
3757,2024-07-01,free,GB,Manufacturing,organic
3758,2024-12-03,free,AU,Retail,organic
3759,2024-12-29,FREE,IN,Tech,linkedin
3760,2024-05-07,Free,AU,Finance,linkedin
3761,2024-12-12,FREE,GB,Education,google
3762,2024-09-21,Free,IN,Finance,referral
3763,2024-01-10,free,US,Tech,google
3764,03/23/2024,FREE,US,Healthcare,google
3765,02/12/2024,free,JP,Manufacturing,linkedin
3766,2024-01-27,paid,US,Finance,organic
3767,2024-05-02,paid,CA,Retail,linkedin
3768,2024-04-13,free,CA,Healthcare,linkedin
3769,10/08/2024,free,IN,Finance,linkedin
3770,2024-05-21,,DE,Manufacturing,google
3771,08/31/2024,PAID,US,Manufacturing,referral
3772,2024-08-26,FREE,GB,Retail,google
3773,2024-11-18,Free,IN,Education,facebook
3774,11-11-2024,paid,DE,Tech,linkedin
3775,05/25/2024,Paid,FR,Retail,
3776,2024-11-17,Paid,GB,Healthcare,linkedin
3777,2024-09-28,paid,JP,Retail,facebook
3778,12/12/2024,Free,DE,Education,linkedin
3779,2024-08-27,Free,JP,Education,
3780,2024-07-31,FREE,FR,Manufacturing,linkedin
3781,2024-03-20,Paid,CA,Tech,linkedin
3782,2024-03-02,free,IN,Tech,facebook
3783,2024-08-02,free,FR,Healthcare,google
3784,2024-10-07,Paid,US,Tech,linkedin
3785,2024-09-13,PAID,CA,Healthcare,referral
3786,2024-04-09,paid,US,Finance,facebook
3787,2024-03-03,PAID,DE,Education,organic
3788,2024-07-14,Paid,CA,Education,facebook
3789,2024-01-11,paid,US,Finance,google
3790,2024-12-19,PAID,GB,Finance,facebook
3791,2024-03-13,Free,US,Healthcare,organic
3792,2024-03-15,,CA,Tech,referral
3793,2024-04-21,paid,US,Healthcare,organic
3794,2024-04-18,FREE,FR,Manufacturing,facebook
3795,10/04/2024,free,IN,Retail,organic
3796,,PAID,JP,Finance,facebook
3797,02/08/2024,free,US,Retail,referral
3798,07-07-2024,PAID,IN,Healthcare,referral
3799,2024-07-17,free,IN,Finance,google
3800,11/10/2024,free,GB,Healthcare,referral
3801,,,FR,Healthcare,linkedin
3802,21-05-2024,Free,IN,Tech,organic
3803,2024-10-26,Free,GB,Manufacturing,organic
3804,2024-10-09,free,CA,Education,facebook
3805,09-02-2024,paid,DE,Manufacturing,referral
3806,2024-10-30,Free,AU,Manufacturing,google
3807,2024-03-20,FREE,AU,Retail,google
3808,2024-08-24,free,CA,Education,google
3809,2024-05-29,Paid,DE,Tech,linkedin
3810,2024-08-24,Free,GB,Education,referral
3811,2024-08-23,paid,US,Manufacturing,google
3812,2024-05-14,Free,GB,Tech,
3813,2024-02-01,paid,CA,Tech,linkedin
3814,04/05/2024,Free,US,Education,organic
3815,2024-06-15,paid,GB,Tech,facebook
3816,2024-03-29,PAID,US,Manufacturing,referral
3817,03/16/2024,paid,US,Retail,referral
3818,2024-08-07,,IN,Tech,organic
3819,2024-07-12,FREE,IN,Education,referral
3820,2024-06-22,Paid,CA,Manufacturing,referral
3821,2024-03-11,PAID,JP,Manufacturing,referral
3822,2024-08-31,Free,AU,Retail,referral
3823,24-09-2024,free,US,Healthcare,linkedin
3824,,paid,DE,Education,linkedin
3825,2024-06-26,Free,AU,Finance,facebook
3826,2024-08-02,PAID,AU,Tech,referral
3827,07-08-2024,paid,US,Education,organic
3828,2024-06-13,PAID,DE,Retail,google
3829,2024-08-25,paid,GB,Finance,facebook
3830,2024-02-09,FREE,IN,Retail,google
3831,2024-04-02,Free,GB,Retail,google
3832,2024-04-02,Free,DE,Education,referral
3833,02/08/2024,Paid,GB,Finance,organic
3834,2024-09-08,paid,FR,Tech,google
3835,2024-10-05,PAID,IN,Retail,google
3836,2024-01-17,PAID,US,Education,facebook
3837,,free,GB,Retail,organic
3838,,PAID,JP,Finance,organic
3839,2024-01-08,paid,IN,Manufacturing,google
3840,2024-05-17,PAID,FR,Finance,organic
3841,,paid,JP,Retail,facebook
3842,2024-02-11,Free,AU,Healthcare,facebook
3843,2024-01-17,Free,IN,Education,facebook
3844,2024-04-03,free,IN,Manufacturing,referral
3845,2024-08-13,Paid,FR,Healthcare,google
3846,2024-10-11,FREE,AU,Healthcare,organic
3847,2024-06-15,PAID,GB,Manufacturing,facebook
3848,2024-10-08,FREE,AU,Healthcare,google
3849,2024-03-06,paid,FR,Manufacturing,google
3850,2024-02-14,paid,GB,Manufacturing,referral
3851,2024-01-25,paid,IN,Finance,organic
3852,2024-08-08,paid,FR,Education,organic
3853,2024-03-26,FREE,AU,Tech,facebook
3854,2024-11-15,Free,JP,Finance,facebook
3855,09/15/2024,Free,GB,Tech,
3856,2024-07-05,free,FR,Tech,google
3857,,,GB,Education,organic
3858,2024-02-22,FREE,FR,Healthcare,organic
3859,,Free,IN,Retail,facebook
3860,06/02/2024,Free,DE,Tech,linkedin
3861,20-10-2024,free,FR,Retail,google
3862,2024-04-08,free,AU,Retail,organic
3863,2024-01-21,Paid,CA,Manufacturing,referral
3864,2024-01-31,Free,CA,Finance,
3865,12/15/2024,PAID,US,Retail,referral
3866,10/10/2024,FREE,FR,Tech,linkedin
3867,2024-05-05,Free,DE,Finance,facebook
3868,2024-10-30,,US,Education,
3869,2024-06-26,free,IN,Tech,facebook
3870,2024-05-17,Free,JP,Retail,facebook
3871,2024-11-02,free,GB,Finance,referral
3872,04-05-2024,Free,IN,Tech,facebook
3873,2024-10-28,Free,DE,Healthcare,referral
3874,2024-05-17,Paid,IN,Retail,linkedin
3875,2024-02-20,paid,GB,Education,google
3876,2024-02-21,paid,FR,Manufacturing,organic
3877,2024-05-20,Paid,IN,Manufacturing,linkedin
3878,2024-03-13,paid,JP,Retail,referral
3879,2024-04-27,FREE,CA,Tech,linkedin
3880,29-09-2024,Free,IN,Healthcare,organic
3881,2024-03-26,Free,AU,Finance,
3882,2024-06-11,free,AU,Healthcare,google
3883,2024-02-23,FREE,JP,Tech,organic
3884,05-09-2024,Free,IN,Education,referral
3885,2024-03-05,free,JP,Healthcare,organic
3886,2024-09-13,PAID,AU,Tech,linkedin
3887,2024-06-13,FREE,DE,Finance,facebook
3888,2024-01-04,paid,GB,Retail,
3889,2024-11-20,free,FR,Finance,linkedin
3890,2024-10-28,paid,JP,Tech,referral
3891,12-11-2024,PAID,AU,Healthcare,google
3892,28-05-2024,PAID,AU,Healthcare,organic
3893,2024-07-02,Free,GB,Tech,google
3894,2024-12-29,free,FR,Tech,referral
3895,2024-05-16,Free,US,Retail,organic
3896,04/20/2024,PAID,FR,Tech,linkedin
3897,2024-10-26,free,DE,Education,linkedin
3898,2024-01-05,PAID,DE,Healthcare,referral
3899,2024-11-21,Paid,US,Healthcare,organic
3900,2024-07-29,FREE,IN,Retail,linkedin
3901,,free,DE,Healthcare,referral
3902,2024-05-20,FREE,IN,Retail,referral
3903,,,DE,Finance,google
3904,2024-08-01,paid,GB,Finance,linkedin
3905,2024-07-23,paid,DE,Manufacturing,organic
3906,2024-07-03,Paid,CA,Healthcare,
3907,2024-01-10,FREE,CA,Tech,linkedin
3908,2024-10-21,FREE,CA,Healthcare,linkedin
3909,2024-03-09,free,GB,Tech,linkedin
3910,2024-04-23,,JP,Manufacturing,referral
3911,,Free,IN,Tech,facebook
3912,2024-01-20,FREE,AU,Healthcare,facebook
3913,2024-01-29,Free,DE,Education,google
3914,2024-12-28,free,DE,Education,linkedin
3915,2024-04-26,paid,AU,Retail,facebook
3916,2024-08-05,free,IN,Education,google
3917,2024-04-11,Paid,JP,Tech,referral
3918,2024-08-10,Free,JP,Education,linkedin
3919,2024-05-27,paid,AU,Manufacturing,organic
3920,12/03/2024,Paid,JP,Finance,referral
3921,2024-01-17,PAID,CA,Finance,google
3922,15-11-2024,paid,FR,Manufacturing,
3923,2024-06-23,free,US,Healthcare,referral
3924,2024-09-10,Free,IN,Finance,organic
3925,01/22/2024,Free,AU,Retail,referral
3926,2024-05-16,Free,JP,Tech,google
3927,2024-06-20,PAID,DE,Finance,organic
3928,2024-10-18,,US,Manufacturing,organic
3929,2024-05-30,Free,FR,Retail,referral
3930,2024-03-11,PAID,DE,Retail,organic
3931,2024-04-11,paid,GB,Manufacturing,referral
3932,2024-01-02,PAID,FR,Finance,linkedin
3933,2024-09-03,Free,US,Finance,organic
3934,2024-04-30,free,FR,Manufacturing,referral
3935,2024-04-22,paid,DE,Education,linkedin
3936,2024-11-27,paid,AU,Retail,organic
3937,2024-09-24,Free,US,Tech,linkedin
3938,2024-02-12,Paid,AU,Tech,organic
3939,07/31/2024,paid,FR,Tech,google
3940,2024-02-04,FREE,US,Healthcare,google
3941,2024-09-21,free,AU,Retail,referral
3942,2024-12-22,FREE,DE,Education,facebook
3943,2024-01-21,paid,AU,Manufacturing,google
3944,2024-04-30,paid,DE,Healthcare,facebook
3945,2024-01-19,Paid,FR,Tech,linkedin
3946,2024-05-05,PAID,AU,Finance,linkedin
3947,2024-07-26,FREE,JP,Tech,facebook
3948,2024-04-03,PAID,AU,Retail,referral
3949,2024-02-11,PAID,JP,Tech,organic
3950,2024-08-08,PAID,DE,Finance,facebook
3951,2024-01-24,paid,IN,Manufacturing,facebook
3952,2024-03-27,Paid,DE,Tech,facebook
3953,,paid,FR,Tech,facebook
3954,2024-11-22,FREE,IN,Tech,facebook
3955,2024-05-14,FREE,FR,Education,referral
3956,2024-12-15,paid,FR,Finance,google
3957,2024-02-01,FREE,US,Education,organic
3958,12/12/2024,,US,Retail,google
3959,2024-10-24,FREE,FR,Finance,facebook
3960,01-10-2024,Free,GB,Education,google
3961,2024-04-14,Free,IN,Retail,referral
3962,2024-01-04,PAID,IN,Retail,linkedin
3963,2024-07-26,FREE,CA,Education,google
3964,2024-10-01,FREE,GB,Manufacturing,
3965,2024-06-16,free,CA,Retail,organic
3966,2024-10-16,Free,IN,Finance,referral
3967,2024-02-02,paid,US,Education,linkedin
3968,,Free,CA,Finance,referral
3969,2024-09-19,free,FR,Retail,facebook
3970,2024-12-21,PAID,AU,Finance,linkedin
3971,2024-07-31,Free,AU,Finance,organic
3972,2024-11-24,Free,GB,Retail,linkedin
3973,2024-09-27,free,AU,Finance,organic
3974,05/09/2024,FREE,FR,Manufacturing,facebook
3975,2024-06-17,free,CA,Retail,organic
3976,02-11-2024,paid,GB,Education,referral
3977,2024-01-25,FREE,US,Education,google
3978,2024-02-03,FREE,US,Tech,
3979,2024-10-08,Paid,FR,Finance,referral
3980,2024-06-16,Free,US,Healthcare,referral
3981,2024-09-16,FREE,GB,Manufacturing,linkedin
3982,2024-11-19,Free,GB,Education,facebook
3983,2024-12-16,paid,US,Tech,google
3984,2024-08-29,FREE,DE,Healthcare,organic
3985,2024-01-09,FREE,IN,Healthcare,linkedin
3986,30-03-2024,Paid,DE,Healthcare,facebook
3987,06/15/2024,FREE,US,Retail,google
3988,2024-09-24,free,IN,Tech,referral
3989,05/31/2024,Free,DE,Manufacturing,facebook
3990,2024-07-10,free,JP,Manufacturing,
3991,2024-08-22,,AU,Finance,facebook
3992,2024-05-16,free,DE,Manufacturing,facebook
3993,2024-11-28,,JP,Healthcare,referral
3994,2024-05-30,paid,DE,Education,organic
3995,2024-04-23,FREE,JP,Manufacturing,linkedin
3996,2024-08-13,PAID,DE,Retail,organic
3997,,PAID,DE,Tech,google
3998,2024-09-18,Paid,AU,Healthcare,linkedin
3999,2024-07-08,paid,JP,Healthcare,google
4000,2024-03-06,Paid,JP,Finance,referral
4001,15-11-2024,free,AU,Tech,organic
4002,2024-06-07,free,DE,Manufacturing,facebook
4003,2024-05-11,free,US,Tech,linkedin
4004,2024-10-15,,US,Finance,facebook
4005,07-02-2024,paid,DE,Tech,google
4006,2024-06-25,FREE,US,Retail,facebook
4007,2024-11-04,free,US,Retail,facebook
4008,2024-10-10,PAID,FR,Education,
4009,2024-12-29,Paid,US,Tech,referral
4010,,PAID,GB,Finance,referral
4011,24-09-2024,free,DE,Manufacturing,organic
4012,2024-11-04,free,DE,Manufacturing,google
4013,2024-07-25,,JP,Education,referral
4014,2024-06-01,Paid,JP,Education,referral
4015,2024-11-11,PAID,FR,Retail,organic
4016,04/26/2024,free,US,Manufacturing,linkedin
4017,2024-01-09,Paid,JP,Tech,organic
4018,11/21/2024,FREE,JP,Tech,facebook
4019,2024-08-10,Paid,US,Manufacturing,facebook
4020,07-12-2024,Free,US,Tech,referral
4021,2024-12-29,free,FR,Retail,
4022,2024-04-28,Paid,US,Manufacturing,referral
4023,2024-02-22,paid,GB,Manufacturing,organic
4024,18-10-2024,FREE,CA,Tech,organic
4025,2024-07-08,free,GB,Finance,google
4026,2024-07-05,PAID,US,Retail,facebook
4027,21-02-2024,Paid,FR,Retail,organic
4028,29-11-2024,paid,DE,Healthcare,linkedin
4029,2024-06-06,Free,GB,Finance,google
4030,2024-02-07,Paid,GB,Retail,organic
4031,2024-01-27,free,US,Education,referral
4032,2024-06-28,free,DE,Education,organic
4033,06/19/2024,FREE,GB,Healthcare,referral
4034,2024-09-04,Free,GB,Healthcare,referral
4035,05/30/2024,Paid,DE,Tech,facebook
4036,2024-01-01,Free,FR,Finance,facebook
4037,2024-09-30,Free,FR,Healthcare,organic
4038,2024-01-03,paid,US,Manufacturing,organic
4039,2024-11-07,FREE,JP,Healthcare,linkedin
4040,2024-07-01,FREE,GB,Tech,google
4041,2024-02-10,paid,JP,Finance,google
4042,2024-02-07,Free,JP,Tech,organic
4043,2024-02-10,Paid,IN,Tech,facebook
4044,2024-11-13,Free,JP,Tech,linkedin
4045,,paid,JP,Tech,google
4046,,,FR,Finance,organic
4047,2024-01-07,paid,FR,Healthcare,facebook
4048,10-01-2024,free,CA,Education,facebook
4049,2024-10-03,Paid,AU,Healthcare,facebook
4050,2024-01-21,PAID,CA,Finance,referral
4051,17-11-2024,PAID,AU,Finance,facebook
4052,2024-03-18,paid,CA,Retail,organic
4053,2024-07-14,free,US,Finance,linkedin
4054,2024-06-24,free,US,Retail,organic
4055,2024-08-27,Free,DE,Education,facebook
4056,2024-09-15,paid,IN,Healthcare,linkedin
4057,22-01-2024,FREE,DE,Education,google
4058,2024-12-20,free,AU,Tech,google
4059,12/14/2024,Paid,CA,Tech,organic
4060,2024-06-20,Free,DE,Retail,linkedin
4061,2024-07-23,FREE,GB,Tech,organic
4062,2024-01-17,free,IN,Tech,linkedin
4063,,PAID,DE,Retail,linkedin
4064,,Paid,GB,Healthcare,organic
4065,2024-05-31,FREE,GB,Tech,linkedin
4066,2024-12-13,free,FR,Education,facebook
4067,2024-02-02,PAID,JP,Manufacturing,linkedin
4068,2024-05-19,Paid,FR,Retail,linkedin
4069,2024-07-27,paid,CA,Retail,organic
4070,2024-01-07,paid,GB,Manufacturing,google
4071,09/05/2024,free,IN,Tech,referral
4072,2024-09-21,Free,GB,Finance,linkedin
4073,2024-07-21,Free,GB,Tech,referral
4074,,FREE,IN,Manufacturing,linkedin
4075,05/16/2024,free,FR,Healthcare,organic
4076,2024-10-27,free,JP,Healthcare,organic
4077,2024-05-01,free,AU,Retail,linkedin
4078,2024-06-22,Paid,IN,Education,organic
4079,2024-12-22,FREE,JP,Manufacturing,organic
4080,05-04-2024,paid,AU,Retail,linkedin
4081,2024-08-25,Paid,CA,Finance,google
4082,05/11/2024,free,IN,Tech,linkedin
4083,12-10-2024,Paid,DE,Finance,google
4084,2024-02-16,,JP,Tech,organic
4085,2024-10-07,PAID,FR,Education,google
4086,2024-05-24,paid,AU,Finance,organic
4087,2024-11-01,Free,JP,Finance,
4088,2024-01-27,free,IN,Healthcare,
4089,2024-07-28,Free,CA,Tech,google
4090,2024-01-16,Free,US,Manufacturing,google
4091,2024-07-26,Free,GB,Manufacturing,linkedin
4092,2024-01-14,free,CA,Manufacturing,google
4093,2024-12-13,Paid,DE,Manufacturing,organic
4094,2024-06-10,PAID,GB,Manufacturing,linkedin
4095,2024-03-07,free,AU,Retail,google
4096,2024-06-06,Paid,CA,Manufacturing,linkedin
4097,2024-07-06,PAID,US,Tech,referral
4098,2024-08-27,paid,AU,Healthcare,linkedin
4099,2024-02-10,Paid,CA,Tech,referral
4100,06/02/2024,Free,FR,Retail,referral
4101,2024-03-04,PAID,DE,Healthcare,
4102,2024-05-15,PAID,IN,Healthcare,linkedin
4103,2024-07-10,free,US,Education,organic
4104,2024-12-21,FREE,JP,Education,organic
4105,01/04/2024,free,AU,Healthcare,organic
4106,,paid,AU,Tech,facebook
4107,2024-03-14,paid,GB,Finance,referral
4108,2024-03-09,Paid,DE,Education,linkedin
4109,04/05/2024,paid,IN,Tech,organic
4110,21-07-2024,Paid,CA,Manufacturing,organic
4111,2024-10-30,Paid,IN,Retail,linkedin
4112,14-11-2024,PAID,DE,Healthcare,referral
4113,2024-03-10,Free,FR,Retail,linkedin
4114,2024-01-01,free,FR,Finance,facebook
4115,2024-05-30,PAID,CA,Tech,facebook
4116,2024-10-29,FREE,IN,Retail,linkedin
4117,06/13/2024,PAID,DE,Retail,referral
4118,2024-07-18,Paid,DE,Healthcare,organic
4119,2024-11-07,free,FR,Tech,facebook
4120,,Paid,JP,Finance,facebook
4121,2024-04-19,PAID,JP,Retail,referral
4122,18-03-2024,Paid,JP,Finance,facebook
4123,2024-02-08,Free,GB,Healthcare,facebook
4124,2024-06-01,paid,IN,Education,
4125,2024-07-04,Free,FR,Healthcare,referral
4126,2024-03-27,FREE,FR,Finance,linkedin
4127,2024-01-20,PAID,IN,Tech,organic
4128,,paid,CA,Retail,organic
4129,2024-08-10,Free,GB,Education,facebook
4130,2024-03-11,paid,AU,Tech,organic
4131,,paid,US,Tech,linkedin
4132,05-12-2024,Paid,IN,Healthcare,facebook
4133,2024-02-06,PAID,IN,Healthcare,organic
4134,2024-10-27,FREE,IN,Finance,google
4135,2024-10-19,PAID,GB,Education,google
4136,2024-05-11,paid,IN,Healthcare,google
4137,11/13/2024,Free,AU,Manufacturing,google
4138,2024-12-04,Paid,IN,Manufacturing,google
4139,2024-03-08,Paid,JP,Finance,facebook
4140,2024-02-21,FREE,FR,Retail,referral
4141,2024-02-23,paid,US,Healthcare,referral
4142,2024-01-03,Paid,AU,Healthcare,facebook
4143,2024-03-24,Paid,GB,Tech,facebook
4144,2024-11-22,PAID,FR,Retail,linkedin
4145,2024-09-08,free,GB,Healthcare,referral
4146,2024-09-26,Free,FR,Education,google
4147,2024-05-28,PAID,CA,Finance,facebook
4148,2024-04-12,Paid,DE,Tech,google
4149,2024-10-21,Paid,GB,Tech,referral
4150,,PAID,CA,Retail,organic
4151,2024-05-17,FREE,AU,Manufacturing,organic
4152,01/02/2024,paid,AU,Tech,facebook
4153,2024-03-02,Free,AU,Manufacturing,linkedin
4154,2024-07-24,Paid,AU,Tech,google
4155,2024-08-18,Paid,CA,Education,facebook
4156,24-09-2024,Paid,AU,Manufacturing,linkedin
4157,2024-03-29,free,AU,Retail,google
4158,,PAID,FR,Finance,referral
4159,07/31/2024,PAID,CA,Manufacturing,organic
4160,,Paid,DE,Education,linkedin
4161,2024-02-24,Paid,CA,Tech,google
4162,2024-09-19,paid,US,Finance,facebook
4163,2024-04-13,paid,JP,Tech,google
4164,04/29/2024,FREE,US,Tech,facebook
4165,11-01-2024,FREE,DE,Manufacturing,organic
4166,2024-05-17,paid,FR,Tech,organic
4167,2024-12-21,free,FR,Tech,google
4168,2024-05-22,FREE,DE,Manufacturing,google
4169,2024-11-22,PAID,JP,Manufacturing,facebook
4170,03/10/2024,FREE,DE,Healthcare,facebook
4171,2024-04-17,Free,CA,Education,linkedin
4172,2024-01-22,PAID,JP,Education,linkedin
4173,17-09-2024,,FR,Finance,linkedin
4174,2024-11-23,PAID,IN,Healthcare,google
4175,,free,JP,Finance,linkedin
4176,2024-08-09,Paid,FR,Healthcare,google
4177,01/23/2024,PAID,JP,Finance,organic
4178,2024-03-12,Free,FR,Tech,referral
4179,2024-06-08,PAID,JP,Tech,organic
4180,2024-05-26,paid,AU,Education,google
4181,2024-02-04,PAID,JP,Tech,google
4182,2024-03-22,FREE,DE,Tech,referral
4183,2024-11-24,paid,FR,Education,facebook
4184,2024-03-22,Free,GB,Retail,facebook
4185,,PAID,FR,Finance,facebook
4186,2024-05-23,Paid,DE,Healthcare,linkedin
4187,2024-04-17,FREE,JP,Education,facebook
4188,,FREE,JP,Retail,linkedin
4189,2024-12-14,Free,CA,Tech,linkedin
4190,2024-03-17,Paid,CA,Tech,facebook
4191,2024-10-15,Free,GB,Tech,facebook
4192,2024-04-30,FREE,DE,Finance,
4193,2024-08-18,free,GB,Healthcare,referral
4194,2024-04-26,free,IN,Tech,referral
4195,2024-08-07,paid,GB,Tech,linkedin
4196,2024-10-09,PAID,DE,Manufacturing,referral
4197,2024-05-12,Paid,AU,Healthcare,linkedin
4198,2024-04-13,Free,AU,Retail,google
4199,2024-08-24,Free,JP,Healthcare,linkedin
4200,2024-01-30,paid,DE,Healthcare,linkedin
4201,2024-10-08,Paid,GB,Tech,referral
4202,01/12/2024,Paid,GB,Education,google
4203,2024-05-01,free,GB,Retail,organic
4204,2024-12-07,PAID,DE,Tech,organic
4205,2024-10-06,PAID,GB,Retail,organic
4206,2024-02-20,FREE,FR,Healthcare,google
4207,04-01-2024,free,CA,Finance,facebook
4208,,Free,GB,Healthcare,google
4209,2024-10-28,free,FR,Manufacturing,referral
4210,2024-12-27,PAID,AU,Manufacturing,linkedin
4211,20-08-2024,paid,FR,Retail,linkedin
4212,2024-06-16,free,JP,Tech,referral
4213,2024-12-19,paid,IN,Tech,referral
4214,03/28/2024,free,US,Retail,linkedin
4215,2024-06-23,Paid,JP,Education,
4216,2024-01-17,PAID,JP,Education,
4217,2024-04-23,Paid,GB,Finance,facebook
4218,,free,GB,Tech,facebook
4219,2024-06-08,FREE,GB,Tech,facebook
4220,2024-02-22,paid,DE,Tech,referral
4221,01-10-2024,PAID,DE,Tech,linkedin
4222,2024-01-20,PAID,GB,Manufacturing,
4223,01/28/2024,PAID,US,Tech,linkedin
4224,2024-08-06,PAID,CA,Retail,linkedin
4225,13-01-2024,PAID,DE,Healthcare,google
4226,06/01/2024,free,AU,Education,google
4227,2024-09-02,free,GB,Tech,organic
4228,2024-09-12,FREE,GB,Healthcare,google
4229,2024-12-08,FREE,IN,Retail,facebook
4230,2024-10-13,free,DE,Retail,facebook
4231,2024-02-15,PAID,GB,Manufacturing,facebook
4232,2024-04-26,PAID,AU,Tech,facebook
4233,2024-10-08,FREE,GB,Retail,organic
4234,2024-07-18,Free,CA,Healthcare,facebook
4235,07/15/2024,paid,AU,Education,referral
4236,2024-06-25,PAID,GB,Finance,referral
4237,2024-11-17,Free,DE,Tech,referral
4238,2024-01-02,free,GB,Tech,google
4239,2024-02-18,paid,CA,Manufacturing,linkedin
4240,06/02/2024,PAID,IN,Tech,organic
4241,2024-12-27,FREE,CA,Healthcare,referral
4242,2024-08-18,FREE,FR,Healthcare,referral
4243,2024-03-05,free,JP,Finance,facebook
4244,01/15/2024,PAID,GB,Healthcare,referral
4245,,PAID,IN,Finance,facebook
4246,2024-02-29,Paid,GB,Manufacturing,facebook
4247,2024-11-03,Paid,GB,Tech,linkedin
4248,2024-01-01,paid,DE,Tech,
4249,2024-01-17,free,CA,Finance,google
4250,2024-04-22,free,DE,Education,facebook
4251,2024-04-16,Free,AU,Manufacturing,facebook
4252,2024-11-12,PAID,US,Retail,linkedin
4253,2024-03-17,paid,GB,Manufacturing,facebook
4254,2024-01-14,paid,US,Tech,organic
4255,21-07-2024,paid,IN,Manufacturing,google
4256,07/11/2024,paid,FR,Finance,organic
4257,2024-03-06,PAID,GB,Education,referral
4258,07/14/2024,PAID,US,Manufacturing,google
4259,2024-11-23,Paid,AU,Healthcare,
4260,2024-06-01,paid,JP,Tech,referral
4261,2024-06-20,Free,FR,Manufacturing,facebook
4262,2024-12-15,paid,FR,Manufacturing,linkedin
4263,2024-10-01,,IN,Education,organic
4264,03-05-2024,Paid,DE,Education,referral
4265,2024-12-22,PAID,FR,Education,facebook
4266,2024-03-17,PAID,FR,Finance,organic
4267,10/28/2024,FREE,IN,Healthcare,organic
4268,,,CA,Manufacturing,referral
4269,2024-05-04,paid,IN,Finance,facebook
4270,2024-01-27,free,JP,Tech,linkedin
4271,2024-12-22,Free,US,Manufacturing,referral
4272,2024-02-13,paid,AU,Retail,organic
4273,2024-09-30,Free,AU,Healthcare,organic
4274,2024-02-09,PAID,CA,Healthcare,google
4275,2024-08-04,paid,JP,Healthcare,facebook
4276,2024-10-07,,FR,Manufacturing,google
4277,2024-10-23,Free,CA,Manufacturing,linkedin
4278,2024-04-01,paid,GB,Tech,referral
4279,,FREE,JP,Manufacturing,organic
4280,20-06-2024,PAID,IN,Finance,
4281,,free,DE,Retail,facebook
4282,2024-02-18,Free,DE,Finance,organic
4283,2024-01-19,PAID,IN,Education,google
4284,2024-03-13,Paid,DE,Healthcare,google
4285,04/15/2024,free,US,Finance,referral
4286,2024-05-22,FREE,FR,Healthcare,
4287,2024-12-06,FREE,CA,Retail,facebook
4288,,free,GB,Tech,facebook
4289,2024-04-16,FREE,CA,Retail,referral
4290,2024-04-26,paid,GB,Healthcare,google
4291,2024-03-22,Paid,FR,Manufacturing,google
4292,2024-06-19,Paid,JP,Education,google
4293,2024-06-01,free,JP,Tech,organic
4294,2024-09-19,FREE,CA,Finance,linkedin
4295,,paid,CA,Finance,google
4296,2024-08-20,Free,FR,Education,linkedin
4297,2024-10-08,paid,FR,Healthcare,linkedin
4298,2024-02-17,Paid,AU,Finance,facebook
4299,2024-06-19,Paid,JP,Finance,referral
4300,2024-07-08,FREE,GB,Retail,organic
4301,2024-08-01,paid,AU,Manufacturing,linkedin
4302,2024-10-24,Paid,JP,Healthcare,organic
4303,2024-07-20,Free,GB,Healthcare,facebook
4304,2024-10-24,paid,JP,Retail,google
4305,2024-10-22,free,GB,Healthcare,linkedin
4306,2024-12-28,Free,CA,Retail,referral
4307,2024-08-31,paid,DE,Retail,facebook
4308,07-10-2024,FREE,IN,Tech,organic
4309,2024-10-07,FREE,US,Education,google
4310,2024-07-30,Free,AU,Retail,organic
4311,2024-10-29,Free,AU,Healthcare,referral
4312,2024-04-24,Free,AU,Retail,linkedin
4313,2024-09-20,free,DE,Healthcare,referral
4314,09/11/2024,paid,FR,Manufacturing,organic
4315,2024-03-26,Free,US,Retail,organic
4316,08/04/2024,FREE,JP,Tech,referral
4317,2024-07-16,free,DE,Education,referral
4318,2024-05-26,Paid,FR,Healthcare,referral
4319,2024-06-14,Free,GB,Manufacturing,google
4320,2024-05-31,FREE,AU,Education,organic
4321,2024-03-12,paid,CA,Healthcare,facebook
4322,2024-10-20,FREE,IN,Healthcare,google
4323,2024-11-24,PAID,GB,Healthcare,google
4324,2024-11-13,Free,CA,Healthcare,google
4325,2024-10-08,free,IN,Healthcare,facebook
4326,2024-07-18,free,JP,Finance,referral
4327,2024-05-06,free,CA,Retail,organic
4328,2024-04-28,PAID,AU,Finance,linkedin
4329,2024-09-03,PAID,CA,Manufacturing,linkedin
4330,2024-05-24,paid,GB,Finance,organic
4331,02/06/2024,free,US,Finance,facebook
4332,08-05-2024,paid,JP,Healthcare,linkedin
4333,2024-10-23,free,CA,Healthcare,google
4334,,free,JP,Education,linkedin
4335,10/14/2024,paid,AU,Healthcare,organic
4336,05-10-2024,FREE,JP,Education,google
4337,2024-05-06,Free,FR,Retail,linkedin
4338,2024-06-17,free,JP,Healthcare,organic
4339,2024-04-11,PAID,JP,Finance,
4340,2024-02-19,free,FR,Manufacturing,facebook
4341,2024-07-14,paid,CA,Finance,organic
4342,2024-02-14,FREE,IN,Finance,facebook
4343,2024-12-15,free,AU,Retail,google
4344,2024-08-25,,CA,Finance,
4345,2024-09-23,paid,DE,Finance,organic
4346,2024-09-30,paid,DE,Education,referral
4347,2024-12-22,Free,CA,Retail,referral
4348,2024-09-18,paid,DE,Retail,referral
4349,2024-05-02,FREE,IN,Finance,referral
4350,10-11-2024,paid,FR,Retail,referral
4351,2024-05-26,Free,CA,Manufacturing,facebook
4352,2024-01-25,paid,AU,Manufacturing,organic
4353,2024-07-29,Free,FR,Finance,google
4354,2024-10-07,Free,AU,Healthcare,referral
4355,2024-12-01,free,JP,Education,referral
4356,2024-07-05,FREE,AU,Retail,google
4357,2024-10-04,Paid,IN,Tech,google
4358,2024-05-24,free,AU,Tech,referral
4359,,Paid,GB,Healthcare,facebook
4360,05-12-2024,PAID,CA,Tech,google
4361,03/15/2024,Free,FR,Tech,organic
4362,2024-07-25,Paid,JP,Tech,organic
4363,,Free,DE,Manufacturing,facebook
4364,,PAID,FR,Healthcare,linkedin
4365,02/26/2024,,IN,Healthcare,facebook
4366,2024-09-17,Free,JP,Manufacturing,referral
4367,,paid,JP,Retail,linkedin
4368,02-01-2024,Paid,JP,Manufacturing,referral
4369,2024-01-31,Free,JP,Tech,
4370,2024-03-13,FREE,US,Retail,organic
4371,2024-03-03,free,US,Healthcare,google
4372,2024-10-09,Free,AU,Education,referral
4373,,paid,AU,Healthcare,organic
4374,02-07-2024,paid,AU,Education,facebook
4375,,Paid,US,Retail,referral
4376,2024-02-29,FREE,IN,Tech,organic
4377,2024-05-06,paid,IN,Finance,google
4378,14-08-2024,free,US,Healthcare,referral
4379,2024-08-11,Paid,FR,Finance,organic
4380,2024-01-21,free,JP,Retail,referral
4381,2024-10-03,paid,IN,Healthcare,google
4382,30-12-2024,FREE,GB,Manufacturing,referral
4383,2024-03-05,FREE,IN,Tech,referral
4384,2024-08-28,PAID,AU,Finance,organic
4385,2024-03-06,free,AU,Manufacturing,linkedin
4386,2024-06-25,FREE,AU,Manufacturing,referral
4387,2024-08-25,free,US,Healthcare,linkedin
4388,2024-12-04,Paid,JP,Education,
4389,05/02/2024,Free,US,Finance,facebook
4390,2024-10-09,Paid,JP,Tech,referral
4391,2024-06-05,paid,GB,Education,linkedin
4392,01/01/2024,PAID,DE,Manufacturing,facebook
4393,2024-12-19,paid,AU,Tech,organic
4394,2024-01-25,free,CA,Tech,referral
4395,2024-05-19,Free,FR,Tech,organic
4396,2024-08-15,PAID,GB,Finance,facebook
4397,2024-06-02,Free,GB,Retail,organic
4398,2024-01-11,PAID,JP,Manufacturing,organic
4399,2024-11-23,Paid,JP,Manufacturing,google
4400,09/12/2024,FREE,AU,Finance,facebook
4401,2024-04-04,paid,CA,Finance,organic
4402,2024-09-19,Free,GB,Healthcare,linkedin
4403,2024-06-06,Free,FR,Healthcare,facebook
4404,2024-06-16,PAID,JP,Education,google
4405,2024-07-15,paid,DE,Manufacturing,referral
4406,2024-03-25,free,DE,Healthcare,organic
4407,2024-11-13,Paid,US,Finance,linkedin
4408,04/23/2024,FREE,US,Education,google
4409,2024-01-24,FREE,DE,Healthcare,facebook
4410,04-04-2024,Free,IN,Retail,organic
4411,2024-09-05,free,FR,Finance,
4412,,PAID,AU,Manufacturing,google
4413,31-03-2024,FREE,FR,Education,google
4414,2024-07-26,Free,CA,Tech,linkedin
4415,03/05/2024,free,AU,Manufacturing,referral
4416,2024-10-27,paid,DE,Education,referral
4417,2024-01-24,free,JP,Education,referral
4418,2024-11-25,Free,GB,Healthcare,facebook
4419,2024-02-13,,AU,Finance,google
4420,2024-04-04,paid,FR,Manufacturing,facebook
4421,04/04/2024,PAID,CA,Manufacturing,google
4422,2024-09-20,paid,DE,Healthcare,
4423,23-10-2024,free,FR,Retail,linkedin
4424,,PAID,GB,Education,linkedin
4425,2024-04-21,PAID,IN,Healthcare,facebook
4426,26-08-2024,Free,JP,Education,facebook
4427,2024-05-28,Free,FR,Manufacturing,linkedin
4428,,Paid,AU,Retail,organic
4429,2024-11-10,FREE,JP,Tech,referral
4430,2024-09-12,Paid,FR,Retail,referral
4431,,PAID,FR,Education,linkedin
4432,2024-08-02,FREE,JP,Education,referral
4433,2024-12-24,Free,GB,Healthcare,organic
4434,2024-11-15,FREE,IN,Retail,organic
4435,2024-09-01,paid,GB,Tech,google
4436,2024-09-01,free,GB,Manufacturing,facebook
4437,2024-12-16,free,GB,Retail,referral
4438,07/12/2024,PAID,DE,Retail,organic
4439,2024-07-31,Free,DE,Retail,facebook
4440,2024-11-06,FREE,CA,Tech,facebook
4441,2024-06-21,free,US,Healthcare,google
4442,2024-02-07,PAID,AU,Healthcare,facebook
4443,09/14/2024,free,FR,Retail,facebook
4444,2024-10-01,FREE,DE,Healthcare,linkedin
4445,2024-06-24,paid,IN,Tech,google
4446,2024-03-12,PAID,AU,Manufacturing,google
4447,07/17/2024,Paid,AU,Tech,referral
4448,2024-08-08,Free,FR,Healthcare,facebook
4449,2024-03-14,Paid,DE,Finance,referral
4450,2024-05-07,Paid,AU,Education,organic
4451,2024-07-16,PAID,IN,Healthcare,facebook
4452,2024-05-30,PAID,CA,Retail,organic
4453,07/07/2024,PAID,CA,Manufacturing,linkedin
4454,03-01-2024,Paid,DE,Retail,facebook
4455,06/19/2024,Free,US,Healthcare,referral
4456,08/17/2024,FREE,FR,Retail,referral
4457,2024-06-12,Free,CA,Tech,facebook
4458,05/17/2024,Free,US,Finance,referral
4459,2024-12-02,,US,Finance,facebook
4460,2024-04-10,Free,AU,Tech,google
4461,2024-09-09,Free,DE,Education,referral
4462,2024-09-23,paid,IN,Manufacturing,facebook
4463,2024-11-28,Paid,DE,Healthcare,facebook
4464,2024-03-14,FREE,FR,Tech,referral
4465,,Paid,JP,Finance,google
4466,2024-07-21,paid,JP,Finance,referral
4467,2024-07-27,paid,GB,Education,facebook
4468,,free,IN,Manufacturing,google
4469,,FREE,AU,Manufacturing,organic
4470,2024-05-29,Paid,GB,Retail,linkedin
4471,2024-10-05,Free,DE,Manufacturing,referral
4472,2024-12-11,FREE,US,Tech,facebook
4473,2024-07-26,FREE,CA,Education,google
4474,01/05/2024,PAID,DE,Tech,google
4475,08/10/2024,FREE,JP,Education,organic
4476,2024-08-02,free,AU,Tech,referral
4477,2024-03-15,FREE,IN,Education,
4478,2024-07-10,free,FR,Education,google
4479,2024-06-18,PAID,IN,Tech,organic
4480,2024-12-28,free,US,Education,facebook
4481,2024-09-17,Free,FR,Retail,organic
4482,2024-02-04,free,AU,Healthcare,referral
4483,07/16/2024,Free,DE,Tech,organic
4484,2024-11-20,Free,IN,Healthcare,
4485,2024-06-12,FREE,DE,Finance,google
4486,22-02-2024,Paid,FR,Education,google
4487,2024-02-26,paid,IN,Retail,linkedin
4488,2024-11-07,Free,DE,Education,organic
4489,2024-09-26,Free,JP,Tech,facebook
4490,2024-08-11,Paid,JP,Retail,referral
4491,21-09-2024,Paid,AU,Finance,linkedin
4492,2024-10-23,free,IN,Healthcare,organic
4493,08/31/2024,Free,CA,Healthcare,
4494,2024-10-01,PAID,DE,Manufacturing,facebook
4495,2024-10-28,FREE,JP,Education,linkedin
4496,05-07-2024,Free,US,Healthcare,google
4497,2024-07-23,Paid,US,Tech,referral
4498,2024-02-04,Paid,US,Tech,
4499,2024-09-05,free,FR,Healthcare,organic
4500,2024-09-20,paid,US,Retail,facebook
4501,2024-07-15,Free,CA,Manufacturing,google
4502,2024-11-22,free,GB,Finance,linkedin
4503,2024-09-22,free,JP,Education,referral
4504,,free,US,Finance,linkedin
4505,15-10-2024,FREE,JP,Healthcare,linkedin
4506,2024-04-24,Free,AU,Tech,facebook
4507,2024-08-28,free,US,Tech,google
4508,2024-09-13,PAID,DE,Tech,organic
4509,2024-07-18,free,JP,Education,facebook
4510,2024-02-12,FREE,JP,Finance,referral
4511,2024-03-13,paid,GB,Finance,linkedin
4512,2024-01-27,Paid,US,Tech,referral
4513,11/12/2024,paid,JP,Education,
4514,2024-10-25,PAID,IN,Tech,facebook
4515,2024-06-28,Paid,GB,Manufacturing,facebook
4516,2024-11-06,free,GB,Retail,
4517,2024-05-16,paid,AU,Finance,organic
4518,24-05-2024,PAID,US,Healthcare,linkedin
4519,2024-04-10,free,JP,Education,facebook
4520,2024-10-23,Free,IN,Healthcare,referral
4521,,PAID,DE,Healthcare,organic
4522,2024-01-26,free,DE,Healthcare,
4523,2024-06-17,free,DE,Education,referral
4524,2024-03-18,free,JP,Finance,linkedin
4525,2024-10-13,Paid,AU,Retail,organic
4526,2024-11-02,free,JP,Manufacturing,organic
4527,2024-09-16,paid,FR,Healthcare,organic
4528,2024-02-25,Free,FR,Healthcare,google
4529,2024-12-29,Paid,FR,Tech,
4530,05/02/2024,free,DE,Education,organic
4531,2024-09-10,Paid,JP,Education,referral
4532,2024-09-22,Paid,GB,Education,referral
4533,30-10-2024,PAID,FR,Retail,linkedin
4534,2024-01-02,free,US,Education,facebook
4535,2024-12-06,paid,US,Finance,facebook
4536,2024-10-28,paid,GB,Retail,google
4537,09/10/2024,FREE,GB,Finance,organic
4538,,free,US,Finance,google
4539,08/03/2024,PAID,DE,Tech,linkedin
4540,04/12/2024,free,IN,Healthcare,linkedin
4541,2024-10-28,free,AU,Manufacturing,facebook
4542,2024-09-23,,JP,Finance,linkedin
4543,29-09-2024,Free,GB,Healthcare,organic
4544,2024-05-22,FREE,AU,Finance,referral
4545,2024-11-14,PAID,CA,Healthcare,linkedin
4546,2024-08-15,Paid,GB,Tech,google
4547,2024-11-25,free,US,Manufacturing,
4548,2024-12-11,PAID,FR,Retail,organic
4549,08/22/2024,paid,GB,Retail,linkedin
4550,2024-04-22,free,FR,Manufacturing,linkedin
4551,2024-12-14,free,CA,Retail,organic
4552,2024-08-09,PAID,IN,Education,linkedin
4553,2024-03-12,FREE,FR,Manufacturing,referral
4554,2024-12-07,PAID,AU,Education,facebook
4555,2024-11-27,Paid,DE,Education,organic
4556,12/19/2024,Paid,FR,Retail,google
4557,2024-03-05,Free,IN,Education,linkedin
4558,2024-08-09,paid,CA,Retail,facebook
4559,2024-12-01,Free,IN,Education,google
4560,2024-03-29,Paid,CA,Manufacturing,google
4561,2024-12-19,Free,JP,Tech,referral
4562,13-02-2024,paid,US,Manufacturing,facebook
4563,2024-11-24,Free,CA,Manufacturing,organic
4564,2024-10-25,free,CA,Manufacturing,facebook
4565,2024-11-14,Paid,FR,Tech,facebook
4566,2024-09-10,FREE,GB,Tech,
4567,2024-09-29,FREE,CA,Retail,google
4568,2024-05-28,Paid,US,Tech,referral
4569,2024-10-25,FREE,IN,Healthcare,referral
4570,06/29/2024,FREE,IN,Finance,facebook
4571,2024-02-11,PAID,JP,Education,facebook
4572,01/29/2024,free,US,Manufacturing,linkedin
4573,2024-04-04,FREE,AU,Retail,google
4574,10/14/2024,paid,JP,Education,organic
4575,2024-11-24,free,FR,Finance,organic
4576,2024-03-17,,CA,Healthcare,referral
4577,07/19/2024,paid,GB,Education,google
4578,2024-01-12,paid,US,Education,referral
4579,2024-03-23,free,AU,Finance,organic
4580,2024-01-09,Free,JP,Education,facebook
4581,11-01-2024,Free,JP,Tech,google
4582,2024-08-04,Paid,AU,Finance,google
4583,2024-11-21,Paid,AU,Healthcare,linkedin
4584,2024-12-19,Paid,DE,Education,facebook
4585,05-12-2024,PAID,US,Healthcare,facebook
4586,2024-09-10,paid,IN,Tech,referral
4587,2024-06-04,Paid,JP,Manufacturing,google
4588,2024-05-23,Paid,IN,Healthcare,referral
4589,2024-09-20,PAID,US,Education,facebook
4590,2024-05-31,PAID,IN,Education,linkedin
4591,2024-08-07,paid,CA,Finance,
4592,07/19/2024,free,IN,Tech,google
4593,,Paid,JP,Manufacturing,facebook
4594,2024-08-29,paid,DE,Education,linkedin
4595,2024-11-29,FREE,IN,Manufacturing,organic
4596,2024-05-08,PAID,GB,Tech,facebook
4597,2024-10-01,Paid,JP,Tech,
4598,03-07-2024,FREE,AU,Retail,organic
4599,2024-08-25,Free,GB,Finance,
4600,29-03-2024,FREE,CA,Manufacturing,referral
4601,,FREE,US,Manufacturing,organic
4602,03/13/2024,PAID,DE,Tech,facebook
4603,2024-06-25,free,AU,Finance,organic
4604,2024-01-15,paid,IN,Manufacturing,google
4605,2024-12-12,Free,CA,Education,facebook
4606,2024-01-12,Free,AU,Finance,linkedin
4607,04/26/2024,PAID,JP,Manufacturing,organic
4608,2024-12-16,Free,AU,Education,google
4609,2024-06-18,free,US,Finance,referral
4610,2024-12-02,Free,FR,Education,referral
4611,08/23/2024,PAID,US,Healthcare,organic
4612,04/03/2024,FREE,IN,Tech,referral
4613,2024-04-24,Paid,FR,Tech,linkedin
4614,2024-02-11,FREE,GB,Manufacturing,facebook
4615,2024-11-16,free,DE,Healthcare,google
4616,2024-06-04,FREE,CA,Manufacturing,organic
4617,17-01-2024,paid,CA,Manufacturing,referral
4618,2024-02-25,Paid,FR,Healthcare,facebook
4619,03/12/2024,Paid,DE,Tech,linkedin
4620,2024-03-26,free,US,Manufacturing,referral
4621,2024-01-15,Paid,CA,Retail,referral
4622,2024-10-28,free,FR,Retail,google
4623,2024-08-08,FREE,AU,Tech,linkedin
4624,2024-02-07,Free,IN,Healthcare,linkedin
4625,2024-12-30,free,FR,Education,organic
4626,2024-12-26,free,AU,Retail,google
4627,2024-04-20,Free,FR,Tech,organic
4628,2024-02-16,free,JP,Education,google
4629,2024-05-04,FREE,US,Healthcare,linkedin
4630,2024-05-01,Paid,IN,Healthcare,
4631,2024-08-14,free,FR,Manufacturing,google
4632,2024-05-29,paid,US,Manufacturing,google
4633,09/23/2024,paid,GB,Manufacturing,google
4634,2024-11-10,free,AU,Finance,facebook
4635,2024-03-21,paid,AU,Education,facebook
4636,2024-02-24,FREE,CA,Tech,
4637,2024-11-05,paid,GB,Education,linkedin
4638,04/19/2024,paid,IN,Healthcare,google
4639,2024-02-12,paid,DE,Tech,linkedin
4640,2024-03-20,Free,CA,Retail,facebook
4641,2024-02-08,Paid,GB,Tech,
4642,2024-02-28,Paid,FR,Education,google
4643,,PAID,JP,Retail,
4644,2024-02-11,Paid,AU,Education,
4645,01/06/2024,FREE,JP,Healthcare,organic
4646,2024-09-23,free,GB,Retail,facebook
4647,2024-06-07,FREE,JP,Education,facebook
4648,2024-07-23,FREE,IN,Education,facebook
4649,2024-05-19,Free,US,Education,google
4650,2024-12-19,FREE,US,Manufacturing,referral
4651,2024-03-15,free,JP,Retail,organic
4652,05/04/2024,paid,GB,Education,organic
4653,2024-06-09,paid,DE,Retail,
4654,2024-06-07,,JP,Finance,linkedin
4655,2024-12-02,free,DE,Healthcare,google
4656,,FREE,DE,Finance,facebook
4657,2024-12-10,paid,DE,Manufacturing,referral
4658,2024-01-05,FREE,AU,Education,google
4659,02-09-2024,Free,GB,Education,google
4660,2024-10-30,Paid,DE,Healthcare,referral
4661,2024-01-22,PAID,FR,Finance,facebook
4662,26-01-2024,paid,DE,Tech,google
4663,2024-05-17,FREE,DE,Manufacturing,organic
4664,2024-11-06,paid,US,Tech,organic
4665,2024-02-11,FREE,JP,Manufacturing,referral
4666,2024-11-25,Paid,JP,Finance,facebook
4667,2024-03-13,paid,GB,Retail,referral
4668,2024-08-20,Paid,CA,Retail,google
4669,2024-02-29,paid,CA,Finance,organic
4670,2024-05-03,FREE,AU,Education,linkedin
4671,14-07-2024,free,IN,Education,referral
4672,2024-09-10,PAID,DE,Finance,linkedin
4673,2024-01-24,PAID,GB,Retail,linkedin
4674,2024-02-05,paid,CA,Finance,organic
4675,2024-04-14,,IN,Finance,referral
4676,2024-02-26,FREE,FR,Education,linkedin
4677,2024-11-16,PAID,US,Healthcare,google
4678,2024-11-03,paid,AU,Retail,facebook
4679,2024-07-31,Paid,AU,Retail,facebook
4680,02-10-2024,paid,JP,Healthcare,organic
4681,2024-10-09,free,IN,Finance,referral
4682,2024-04-22,Free,CA,Finance,referral
4683,12/19/2024,FREE,CA,Manufacturing,facebook
4684,27-12-2024,Free,US,Tech,google
4685,2024-07-15,free,FR,Healthcare,facebook
4686,2024-01-26,FREE,JP,Finance,facebook
4687,2024-10-05,Free,DE,Finance,referral
4688,2024-09-22,Free,AU,Education,linkedin
4689,2024-07-24,Paid,US,Tech,google
4690,2024-09-26,PAID,US,Manufacturing,referral
4691,2024-05-25,Free,US,Tech,
4692,2024-03-10,PAID,AU,Tech,facebook
4693,20-06-2024,FREE,IN,Finance,linkedin
4694,2024-12-05,Free,DE,Manufacturing,
4695,2024-04-18,Paid,US,Manufacturing,google
4696,18-02-2024,free,FR,Tech,organic
4697,07/06/2024,FREE,FR,Finance,
4698,2024-07-31,paid,GB,Tech,google
4699,2024-10-14,FREE,DE,Tech,google
4700,2024-12-29,Free,AU,Finance,facebook
4701,2024-03-26,FREE,US,Finance,facebook
4702,2024-09-12,paid,FR,Finance,organic
4703,2024-12-22,Free,IN,Retail,organic
4704,2024-05-03,Paid,US,Finance,organic
4705,2024-01-24,free,FR,Manufacturing,referral
4706,2024-03-24,PAID,US,Finance,referral
4707,2024-09-14,FREE,JP,Finance,facebook
4708,2024-10-27,Free,FR,Finance,facebook
4709,2024-04-21,Paid,DE,Healthcare,organic
4710,2024-05-19,Free,FR,Tech,referral
4711,2024-02-04,Paid,GB,Education,linkedin
4712,01-04-2024,FREE,AU,Education,referral
4713,2024-01-20,FREE,JP,Finance,facebook
4714,2024-07-02,Paid,DE,Retail,referral
4715,2024-06-09,free,AU,Tech,facebook
4716,2024-08-28,PAID,DE,Finance,organic
4717,,Paid,DE,Retail,organic
4718,2024-10-23,PAID,US,Finance,organic
4719,,FREE,AU,Education,linkedin
4720,2024-09-04,PAID,DE,Education,
4721,2024-02-17,free,JP,Manufacturing,linkedin
4722,2024-11-14,paid,GB,Manufacturing,facebook
4723,2024-03-10,paid,CA,Tech,google
4724,2024-04-02,FREE,FR,Education,linkedin
4725,2024-05-18,free,AU,Retail,facebook
4726,2024-05-05,Paid,DE,Healthcare,referral
4727,02/18/2024,Paid,IN,Manufacturing,organic
4728,2024-05-31,paid,CA,Tech,organic
4729,2024-12-08,Free,FR,Healthcare,organic
4730,,Paid,FR,Finance,facebook
4731,2024-02-16,PAID,GB,Manufacturing,organic
4732,2024-06-21,paid,IN,Tech,linkedin
4733,2024-06-28,free,CA,Education,referral
4734,2024-06-12,Paid,FR,Healthcare,organic
4735,2024-12-16,Free,FR,Education,facebook
4736,07-12-2024,FREE,AU,Finance,referral
4737,2024-07-15,free,CA,Tech,organic
4738,2024-03-30,Paid,AU,Retail,google
4739,2024-08-04,paid,GB,Retail,
4740,2024-07-15,FREE,AU,Tech,organic
4741,2024-04-08,,CA,Tech,linkedin
4742,2024-04-28,PAID,GB,Healthcare,referral
4743,2024-03-17,FREE,GB,Tech,linkedin
4744,2024-05-18,PAID,GB,Healthcare,
4745,2024-11-05,Free,CA,Education,google
4746,2024-09-26,PAID,CA,Healthcare,google
4747,,Paid,GB,Tech,linkedin
4748,2024-05-07,FREE,JP,Education,referral
4749,2024-01-11,FREE,CA,Tech,google
4750,24-03-2024,PAID,JP,Healthcare,google
4751,09/02/2024,FREE,US,Education,organic
4752,11/05/2024,paid,AU,Finance,facebook
4753,02/19/2024,paid,IN,Healthcare,
4754,03/04/2024,free,GB,Tech,google
4755,2024-10-28,paid,JP,Healthcare,referral
4756,2024-05-25,PAID,DE,Education,referral
4757,2024-08-10,Paid,FR,Education,organic
4758,,PAID,JP,Tech,referral
4759,2024-11-24,PAID,FR,Education,organic
4760,,paid,DE,Healthcare,google
4761,2024-04-20,paid,AU,Retail,google
4762,09/02/2024,paid,CA,Tech,google
4763,2024-02-09,FREE,JP,Healthcare,google
4764,2024-09-08,free,GB,Education,facebook
4765,16-04-2024,PAID,CA,Tech,facebook
4766,01/10/2024,Paid,DE,Manufacturing,google
4767,2024-01-09,PAID,CA,Finance,referral
4768,2024-04-27,FREE,DE,Retail,organic
4769,15-05-2024,paid,GB,Education,linkedin
4770,2024-12-25,Paid,FR,Healthcare,organic
4771,01/18/2024,FREE,JP,Finance,linkedin
4772,27-12-2024,Free,JP,Tech,linkedin
4773,2024-06-03,paid,AU,Education,google
4774,2024-05-27,PAID,GB,Tech,linkedin
4775,2024-12-09,paid,AU,Tech,google
4776,,free,AU,Finance,facebook
4777,2024-03-13,paid,DE,Tech,referral
4778,2024-11-08,,IN,Manufacturing,linkedin
4779,09/14/2024,Paid,JP,Tech,referral
4780,2024-07-11,Free,JP,Manufacturing,google
4781,2024-03-16,paid,CA,Finance,linkedin
4782,2024-12-14,Paid,GB,Tech,organic
4783,2024-11-02,free,AU,Tech,facebook
4784,2024-02-06,Free,IN,Education,facebook
4785,2024-08-03,Free,US,Tech,linkedin
4786,03/04/2024,Paid,GB,Tech,facebook
4787,2024-08-07,Free,FR,Manufacturing,organic
4788,2024-07-19,FREE,IN,Education,referral
4789,10-10-2024,Paid,FR,Finance,organic
4790,2024-07-10,Free,IN,Healthcare,facebook
4791,2024-12-30,Free,DE,Finance,referral
4792,05/09/2024,Free,AU,Retail,organic
4793,2024-08-02,paid,IN,Healthcare,google
4794,,Paid,GB,Tech,google
4795,2024-06-06,paid,AU,Tech,referral
4796,2024-08-29,free,DE,Tech,referral
4797,2024-01-30,FREE,FR,Education,
4798,2024-01-18,PAID,JP,Manufacturing,referral
4799,2024-05-03,paid,IN,Manufacturing,google
4800,2024-06-19,Free,FR,Finance,organic
4801,04/12/2024,Paid,CA,Finance,referral
4802,2024-11-19,free,DE,Education,google
4803,01/15/2024,free,AU,Tech,referral
4804,,PAID,FR,Manufacturing,referral
4805,2024-12-06,FREE,JP,Manufacturing,referral
4806,2024-11-02,Paid,IN,Education,google
4807,2024-02-14,PAID,AU,Retail,organic
4808,2024-08-17,paid,JP,Education,google
4809,2024-06-05,FREE,JP,Retail,google
4810,2024-11-27,Free,US,Tech,referral
4811,2024-10-25,PAID,DE,Tech,linkedin
4812,2024-12-28,Free,IN,Retail,linkedin
4813,2024-11-03,,CA,Finance,linkedin
4814,2024-02-04,FREE,FR,Healthcare,google
4815,2024-04-02,Paid,JP,Manufacturing,referral
4816,2024-06-10,FREE,GB,Tech,linkedin
4817,30-03-2024,Free,AU,Retail,facebook
4818,2024-02-15,Paid,GB,Manufacturing,facebook
4819,2024-05-04,Free,IN,Retail,facebook
4820,2024-09-13,Paid,GB,Manufacturing,organic
4821,2024-01-02,paid,GB,Tech,referral
4822,,FREE,CA,Manufacturing,google
4823,2024-09-15,paid,US,Finance,google
4824,2024-12-15,Paid,US,Manufacturing,referral
4825,2024-09-11,free,GB,Education,organic
4826,2024-02-09,Free,JP,Education,referral
4827,2024-04-10,Paid,FR,Education,organic
4828,2024-02-10,PAID,FR,Retail,linkedin
4829,2024-03-01,PAID,GB,Finance,linkedin
4830,01/30/2024,free,US,Tech,organic
4831,10-10-2024,Free,CA,Retail,referral
4832,2024-11-13,FREE,FR,Healthcare,linkedin
4833,2024-09-29,FREE,AU,Manufacturing,referral
4834,,Free,GB,Tech,linkedin
4835,2024-04-06,Free,DE,Tech,referral
4836,2024-02-22,PAID,GB,Education,referral
4837,01/27/2024,free,CA,Manufacturing,facebook
4838,2024-06-09,paid,AU,Healthcare,organic
4839,2024-05-31,free,FR,Healthcare,google
4840,2024-11-24,free,US,Education,organic
4841,2024-01-20,paid,US,Education,referral
4842,2024-09-29,FREE,AU,Healthcare,referral
4843,2024-07-27,Paid,IN,Retail,organic
4844,2024-12-28,Paid,GB,Healthcare,referral
4845,2024-06-04,FREE,DE,Retail,linkedin
4846,2024-03-13,Paid,AU,Healthcare,referral
4847,2024-08-01,free,CA,Tech,organic
4848,23-02-2024,PAID,FR,Education,organic
4849,2024-01-09,free,CA,Finance,organic
4850,03/09/2024,Free,IN,Manufacturing,facebook
4851,2024-03-05,Paid,JP,Finance,facebook
4852,2024-07-24,paid,AU,Manufacturing,facebook
4853,,Paid,US,Finance,facebook
4854,2024-12-28,,IN,Tech,facebook
4855,2024-04-27,Paid,FR,Healthcare,facebook
4856,2024-03-08,free,IN,Retail,facebook
4857,24-01-2024,PAID,US,Tech,organic
4858,2024-09-09,FREE,FR,Healthcare,google
4859,2024-03-03,Paid,FR,Tech,facebook
4860,2024-01-23,FREE,AU,Tech,
4861,19-11-2024,paid,US,Finance,organic
4862,2024-01-15,Free,US,Retail,google
4863,,Paid,FR,Manufacturing,facebook
4864,2024-07-23,paid,GB,Retail,google
4865,2024-01-12,Paid,CA,Education,google
4866,2024-12-18,Paid,JP,Manufacturing,linkedin
4867,2024-06-30,PAID,IN,Tech,referral
4868,2024-09-18,Paid,GB,Retail,linkedin
4869,2024-11-10,Free,DE,Healthcare,google
4870,2024-01-27,FREE,DE,Healthcare,organic
4871,,FREE,AU,Retail,facebook
4872,2024-10-11,PAID,US,Finance,referral
4873,16-08-2024,free,FR,Healthcare,facebook
4874,2024-04-16,PAID,IN,Finance,organic
4875,2024-06-14,Paid,IN,Tech,referral
4876,2024-12-30,Free,GB,Tech,linkedin
4877,2024-08-13,paid,JP,Manufacturing,google
4878,2024-07-28,PAID,US,Manufacturing,organic
4879,2024-12-02,PAID,IN,Retail,google
4880,07/25/2024,Paid,GB,Education,google
4881,2024-12-04,PAID,DE,Retail,facebook
4882,2024-09-30,FREE,GB,Education,organic
4883,01-10-2024,FREE,IN,Finance,google
4884,2024-05-05,Paid,GB,Education,linkedin
4885,2024-06-01,Paid,AU,Education,referral
4886,2024-09-14,Paid,AU,Retail,organic
4887,2024-04-22,PAID,IN,Education,facebook
4888,2024-10-21,Free,CA,Manufacturing,organic
4889,11-02-2024,PAID,DE,Tech,
4890,2024-06-17,Paid,GB,Retail,facebook
4891,22-08-2024,FREE,GB,Manufacturing,referral
4892,2024-09-26,Free,AU,Retail,linkedin
4893,03/02/2024,Paid,AU,Healthcare,google
4894,2024-04-24,paid,FR,Tech,organic
4895,2024-11-24,Paid,AU,Education,facebook
4896,2024-08-06,FREE,CA,Manufacturing,referral
4897,2024-06-28,free,CA,Manufacturing,google
4898,04/08/2024,PAID,DE,Education,referral
4899,2024-11-23,free,FR,Manufacturing,linkedin
4900,2024-10-04,Free,GB,Tech,google
4901,2024-10-10,Paid,US,Finance,google
4902,26-01-2024,Free,DE,Tech,google
4903,,PAID,US,Manufacturing,facebook
4904,,paid,JP,Education,google
4905,2024-05-03,Paid,CA,Education,referral
4906,2024-09-05,Paid,DE,Education,facebook
4907,2024-01-09,paid,JP,Education,google
4908,2024-08-11,PAID,IN,Finance,referral
4909,2024-09-10,Free,JP,Retail,referral
4910,2024-06-02,FREE,CA,Tech,organic
4911,2024-06-27,FREE,CA,Tech,referral
4912,2024-01-22,Paid,FR,Manufacturing,linkedin
4913,11/28/2024,free,DE,Healthcare,google
4914,2024-08-20,free,CA,Manufacturing,google
4915,2024-07-16,Paid,FR,Manufacturing,google
4916,2024-09-19,Free,AU,Finance,referral
4917,01/12/2024,FREE,IN,Tech,referral
4918,2024-10-15,Free,AU,Manufacturing,google
4919,2024-07-08,Paid,CA,Education,facebook
4920,2024-06-06,FREE,DE,Education,facebook
4921,2024-05-21,FREE,DE,Manufacturing,linkedin
4922,2024-06-21,Paid,GB,Finance,organic
4923,2024-07-13,Free,AU,Education,linkedin
4924,,PAID,CA,Tech,google
4925,2024-04-17,PAID,FR,Manufacturing,google
4926,2024-09-09,free,DE,Tech,google
4927,2024-10-25,Free,IN,Manufacturing,organic
4928,2024-12-21,paid,DE,Education,referral
4929,2024-08-25,free,JP,Retail,organic
4930,2024-06-19,Free,GB,Healthcare,linkedin
4931,2024-05-14,PAID,DE,Tech,referral
4932,2024-03-09,PAID,FR,Finance,referral
4933,2024-05-10,Paid,AU,Education,
4934,2024-09-30,paid,CA,Manufacturing,linkedin
4935,2024-06-09,Paid,IN,Manufacturing,referral
4936,01/10/2024,Paid,FR,Tech,facebook
4937,06/03/2024,FREE,JP,Manufacturing,linkedin
4938,2024-01-23,PAID,JP,Retail,linkedin
4939,2024-04-09,Paid,FR,Education,facebook
4940,,,CA,Healthcare,organic
4941,07/24/2024,PAID,DE,Healthcare,organic
4942,2024-05-10,PAID,GB,Healthcare,organic
4943,2024-12-21,PAID,AU,Manufacturing,referral
4944,23-06-2024,Free,IN,Education,facebook
4945,2024-07-09,Free,GB,Education,linkedin
4946,,paid,FR,Finance,linkedin
4947,,FREE,FR,Tech,linkedin
4948,2024-02-23,Paid,FR,Retail,referral
4949,2024-11-26,PAID,CA,Healthcare,referral
4950,2024-09-27,PAID,CA,Retail,organic
4951,2024-07-05,Paid,CA,Healthcare,referral
4952,2024-05-07,Paid,US,Finance,organic
4953,07/07/2024,paid,AU,Finance,organic
4954,2024-08-20,Free,CA,Manufacturing,linkedin
4955,2024-04-19,free,US,Education,referral
4956,2024-02-08,Paid,JP,Tech,organic
4957,2024-11-21,Paid,CA,Retail,facebook
4958,2024-04-25,Paid,IN,Manufacturing,facebook
4959,02-02-2024,free,IN,Finance,referral
4960,2024-12-07,PAID,DE,Retail,linkedin
4961,2024-07-05,PAID,CA,Education,linkedin
4962,07/18/2024,paid,AU,Healthcare,organic
4963,2024-12-08,PAID,DE,Tech,referral
4964,2024-12-28,Paid,FR,Education,facebook
4965,2024-02-23,free,IN,Healthcare,
4966,2024-03-26,Free,CA,Finance,organic
4967,2024-07-12,PAID,DE,Tech,organic
4968,03/16/2024,Paid,CA,Finance,google
4969,2024-06-12,Paid,IN,Manufacturing,referral
4970,2024-12-24,Paid,AU,Manufacturing,organic
4971,2024-02-09,paid,CA,Finance,facebook
4972,2024-08-18,paid,GB,Education,google
4973,,FREE,IN,Education,facebook
4974,08/15/2024,paid,FR,Finance,
4975,05/23/2024,Paid,AU,Finance,linkedin
4976,2024-03-25,free,JP,Retail,
4977,16-05-2024,free,GB,Manufacturing,google
4978,2024-10-04,free,US,Manufacturing,google
4979,21-07-2024,paid,DE,Retail,organic
4980,06-01-2024,Paid,AU,Education,linkedin
4981,2024-10-05,FREE,AU,Finance,organic
4982,2024-01-02,FREE,JP,Healthcare,referral
4983,2024-02-18,PAID,GB,Finance,facebook
4984,,PAID,CA,Manufacturing,facebook
4985,04/25/2024,Paid,IN,Tech,organic
4986,2024-07-24,paid,IN,Healthcare,
4987,2024-02-12,FREE,CA,Finance,facebook
4988,2024-07-17,FREE,JP,Finance,facebook
4989,2024-09-06,Free,JP,Education,referral
4990,2024-02-28,free,DE,Manufacturing,linkedin
4991,2024-07-10,PAID,AU,Retail,google
4992,2024-07-19,,GB,Healthcare,organic
4993,01-03-2024,FREE,US,Finance,organic
4994,2024-07-22,paid,AU,Manufacturing,referral
4995,2024-01-02,FREE,DE,Finance,referral
4996,2024-08-21,free,CA,Manufacturing,google
4997,2024-11-04,PAID,AU,Manufacturing,linkedin
4998,09/14/2024,free,AU,Healthcare,organic
4999,2024-08-17,Free,IN,Education,referral
5000,2024-05-09,paid,CA,Manufacturing,organic
